"Age","SmoothedValue","ModeName"
8,65.1346560396434,"Mode1"
8.13131313131313,65.1430193922645,"Mode1"
8.26262626262626,65.1522833974037,"Mode1"
8.39393939393939,65.163348707579,"Mode1"
8.52525252525253,65.1771159753085,"Mode1"
8.65656565656566,65.1944858531102,"Mode1"
8.78787878787879,65.2163589935023,"Mode1"
8.91919191919192,65.2436360490026,"Mode1"
9.05050505050505,65.2772017173383,"Mode1"
9.18181818181818,65.3172601286693,"Mode1"
9.31313131313131,65.3630947578923,"Mode1"
9.44444444444444,65.4139237290802,"Mode1"
9.57575757575758,65.4689651663057,"Mode1"
9.70707070707071,65.5274371936415,"Mode1"
9.83838383838384,65.5885579351605,"Mode1"
9.96969696969697,65.6515455149353,"Mode1"
10.1010101010101,65.7156299391404,"Mode1"
10.2323232323232,65.7801382550747,"Mode1"
10.3636363636364,65.8444448958584,"Mode1"
10.4949494949495,65.9079246154288,"Mode1"
10.6262626262626,65.969952167723,"Mode1"
10.7575757575758,66.029902306678,"Mode1"
10.8888888888889,66.0871497862309,"Mode1"
11.020202020202,66.1410702038017,"Mode1"
11.1515151515152,66.191391627153,"Mode1"
11.2828282828283,66.2387383244412,"Mode1"
11.4141414141414,66.2838748982607,"Mode1"
11.5454545454545,66.3275659512057,"Mode1"
11.6767676767677,66.3705760858707,"Mode1"
11.8080808080808,66.4136699048499,"Mode1"
11.9393939393939,66.4576120107377,"Mode1"
12.0707070707071,66.5031647884193,"Mode1"
12.2020202020202,66.5510477686208,"Mode1"
12.3333333333333,66.6019417206495,"Mode1"
12.4646464646465,66.656526017238,"Mode1"
12.5959595959596,66.7154800311187,"Mode1"
12.7272727272727,66.7794831350241,"Mode1"
12.8585858585859,66.8492147016867,"Mode1"
12.989898989899,66.925354103839,"Mode1"
13.1212121212121,67.0085086308831,"Mode1"
13.2525252525253,67.0989221103826,"Mode1"
13.3838383838384,67.1967240711019,"Mode1"
13.5151515151515,67.3020440000905,"Mode1"
13.6464646464646,67.4150113843977,"Mode1"
13.7777777777778,67.5357557110731,"Mode1"
13.9090909090909,67.6644064671662,"Mode1"
14.040404040404,67.801090780538,"Mode1"
14.1717171717172,67.9457641112289,"Mode1"
14.3030303030303,68.0980968998274,"Mode1"
14.4343434343434,68.2577327142912,"Mode1"
14.5656565656566,68.424315122578,"Mode1"
14.6969696969697,68.5974876926454,"Mode1"
14.8282828282828,68.7768939924513,"Mode1"
14.959595959596,68.9621775899533,"Mode1"
15.0909090909091,69.1529217584522,"Mode1"
15.2222222222222,69.3480702674244,"Mode1"
15.3535353535354,69.5461817118368,"Mode1"
15.4848484848485,69.7458093932982,"Mode1"
15.6161616161616,69.9455066134173,"Mode1"
15.7474747474747,70.1438266738027,"Mode1"
15.8787878787879,70.3393228760634,"Mode1"
16.010101010101,70.5305485264648,"Mode1"
16.1414141414141,70.7160696909447,"Mode1"
16.2727272727273,70.8944930102681,"Mode1"
16.4040404040404,71.0644331721754,"Mode1"
16.5353535353535,71.2245048644072,"Mode1"
16.6666666666667,71.3733227747042,"Mode1"
16.7979797979798,71.5095015908068,"Mode1"
16.9292929292929,71.6316560004557,"Mode1"
17.0606060606061,71.7384266782691,"Mode1"
17.1919191919192,71.8291755550315,"Mode1"
17.3232323232323,71.904061973682,"Mode1"
17.4545454545455,71.9632865433592,"Mode1"
17.5858585858586,72.0070498732017,"Mode1"
17.7171717171717,72.0355525723481,"Mode1"
17.8484848484849,72.0489952499369,"Mode1"
17.979797979798,72.0475785151068,"Mode1"
18.1111111111111,72.0315674690441,"Mode1"
18.2424242424242,72.0016390704912,"Mode1"
18.3737373737374,71.9586322593446,"Mode1"
18.5050505050505,71.9033863631313,"Mode1"
18.6363636363636,71.8367407093783,"Mode1"
18.7676767676768,71.7595346256128,"Mode1"
18.8989898989899,71.6726074393617,"Mode1"
19.030303030303,71.576797865482,"Mode1"
19.1616161616162,71.4728541251812,"Mode1"
19.2929292929293,71.3613391182945,"Mode1"
19.4242424242424,71.2427930531699,"Mode1"
19.5555555555556,71.1177561381557,"Mode1"
19.6868686868687,70.9867685816002,"Mode1"
19.8181818181818,70.8503705918514,"Mode1"
19.9494949494949,70.7091023772577,"Mode1"
20.0808080808081,70.5635041887534,"Mode1"
20.2121212121212,70.4141168772217,"Mode1"
20.3434343434343,70.2614817370405,"Mode1"
20.4747474747475,70.1061400729846,"Mode1"
20.6060606060606,69.9486331898292,"Mode1"
20.7373737373737,69.7895023923489,"Mode1"
20.8686868686869,69.6292889853189,"Mode1"
21,69.4685342735139,"Mode1"
8,55.4657397356509,"Mode2"
8.13131313131313,55.0463760798153,"Mode2"
8.26262626262626,54.637889699902,"Mode2"
8.39393939393939,54.2511578718326,"Mode2"
8.52525252525253,53.8970578715297,"Mode2"
8.65656565656566,53.5864669749151,"Mode2"
8.78787878787879,53.3302624579111,"Mode2"
8.91919191919192,53.1393215964396,"Mode2"
9.05050505050505,53.0243317933393,"Mode2"
9.18181818181818,52.9878812251905,"Mode2"
9.31313131313131,53.0216016321529,"Mode2"
9.44444444444444,53.1163470342351,"Mode2"
9.57575757575758,53.2629714514459,"Mode2"
9.70707070707071,53.4523289037942,"Mode2"
9.83838383838384,53.6752734112885,"Mode2"
9.96969696969697,53.9226589939376,"Mode2"
10.1010101010101,54.1853173239101,"Mode2"
10.2323232323232,54.4538975585641,"Mode2"
10.3636363636364,54.7189597320715,"Mode2"
10.4949494949495,54.971063275212,"Mode2"
10.6262626262626,55.2007676187659,"Mode2"
10.7575757575758,55.398632193513,"Mode2"
10.8888888888889,55.5552164302336,"Mode2"
11.020202020202,55.6610899033263,"Mode2"
11.1515151515152,55.7110609519736,"Mode2"
11.2828282828283,55.7107155105294,"Mode2"
11.4141414141414,55.6673271579556,"Mode2"
11.5454545454545,55.5881694732149,"Mode2"
11.6767676767677,55.4805160352694,"Mode2"
11.8080808080808,55.3516404230816,"Mode2"
11.9393939393939,55.2088162156136,"Mode2"
12.0707070707071,55.0592716825587,"Mode2"
12.2020202020202,54.9093595547273,"Mode2"
12.3333333333333,54.7646406414454,"Mode2"
12.4646464646465,54.6306472190881,"Mode2"
12.5959595959596,54.5129115640304,"Mode2"
12.7272727272727,54.4169659526473,"Mode2"
12.8585858585859,54.3483426613139,"Mode2"
12.989898989899,54.3125739664052,"Mode2"
13.1212121212121,54.3137870130154,"Mode2"
13.2525252525253,54.349023929543,"Mode2"
13.3838383838384,54.4130988005731,"Mode2"
13.5151515151515,54.5008248975363,"Mode2"
13.6464646464646,54.6070154918629,"Mode2"
13.7777777777778,54.7264838549835,"Mode2"
13.9090909090909,54.8540432583286,"Mode2"
14.040404040404,54.9845236067566,"Mode2"
14.1717171717172,55.113965146921,"Mode2"
14.3030303030303,55.2404176515129,"Mode2"
14.4343434343434,55.3621203583657,"Mode2"
14.5656565656566,55.4773125053128,"Mode2"
14.6969696969697,55.5842333301879,"Mode2"
14.8282828282828,55.6811220708242,"Mode2"
14.959595959596,55.7662179650554,"Mode2"
15.0909090909091,55.8380365714021,"Mode2"
15.2222222222222,55.8980241912564,"Mode2"
15.3535353535354,55.9493923186589,"Mode2"
15.4848484848485,55.9953767062556,"Mode2"
15.6161616161616,56.039213106693,"Mode2"
15.7474747474747,56.0841372726177,"Mode2"
15.8787878787879,56.133384956676,"Mode2"
16.010101010101,56.1901915480718,"Mode2"
16.1414141414141,56.256796603384,"Mode2"
16.2727272727273,56.3322730041325,"Mode2"
16.4040404040404,56.4150656030868,"Mode2"
16.5353535353535,56.5036192530164,"Mode2"
16.6666666666667,56.5963788066908,"Mode2"
16.7979797979798,56.6917891168797,"Mode2"
16.9292929292929,56.7882950363526,"Mode2"
17.0606060606061,56.884315096518,"Mode2"
17.1919191919192,56.9775372891598,"Mode2"
17.3232323232323,57.0648419302261,"Mode2"
17.4545454545455,57.1430675383191,"Mode2"
17.5858585858586,57.2090526320407,"Mode2"
17.7171717171717,57.2596357299931,"Mode2"
17.8484848484849,57.2916553507779,"Mode2"
17.979797979798,57.3019500129977,"Mode2"
18.1111111111111,57.2879100452277,"Mode2"
18.2424242424242,57.2504497315479,"Mode2"
18.3737373737374,57.1918693070095,"Mode2"
18.5050505050505,57.1144723233268,"Mode2"
18.6363636363636,57.0205623322152,"Mode2"
18.7676767676768,56.9124428853886,"Mode2"
18.8989898989899,56.7924175345626,"Mode2"
19.030303030303,56.6627914250294,"Mode2"
19.1616161616162,56.5261050794536,"Mode2"
19.2929292929293,56.3853810483312,"Mode2"
19.4242424242424,56.2437009035659,"Mode2"
19.5555555555556,56.1041462170608,"Mode2"
19.6868686868687,55.9697985607197,"Mode2"
19.8181818181818,55.8437395064456,"Mode2"
19.9494949494949,55.7290506261417,"Mode2"
20.0808080808081,55.6286140474428,"Mode2"
20.2121212121212,55.5425021489329,"Mode2"
20.3434343434343,55.4687102841129,"Mode2"
20.4747474747475,55.4051851140336,"Mode2"
20.6060606060606,55.3498732997475,"Mode2"
20.7373737373737,55.3007215023061,"Mode2"
20.8686868686869,55.2556763827616,"Mode2"
21,55.2126846021646,"Mode2"
8,130.480329956543,"Mode3"
8.13131313131313,130.59425784512,"Mode3"
8.26262626262626,130.708185770325,"Mode3"
8.39393939393939,130.822113768786,"Mode3"
8.52525252525253,130.936041877131,"Mode3"
8.65656565656566,131.049970131986,"Mode3"
8.78787878787879,131.163898569982,"Mode3"
8.91919191919192,131.277827227744,"Mode3"
9.05050505050505,131.391756141776,"Mode3"
9.18181818181818,131.505685343213,"Mode3"
9.31313131313131,131.619614855933,"Mode3"
9.44444444444444,131.733544703296,"Mode3"
9.57575757575758,131.847474908664,"Mode3"
9.70707070707071,131.9614054954,"Mode3"
9.83838383838384,132.075336486864,"Mode3"
9.96969696969697,132.189267906419,"Mode3"
10.1010101010101,132.303199775433,"Mode3"
10.2323232323232,132.417132098997,"Mode3"
10.3636363636364,132.531064874253,"Mode3"
10.4949494949495,132.644998098291,"Mode3"
10.6262626262626,132.7589317682,"Mode3"
10.7575757575758,132.872865881069,"Mode3"
10.8888888888889,132.986800433986,"Mode3"
11.020202020202,133.100735424041,"Mode3"
11.1515151515152,133.214670848945,"Mode3"
11.2828282828283,133.32860670798,"Mode3"
11.4141414141414,133.442543000674,"Mode3"
11.5454545454545,133.556479726556,"Mode3"
11.6767676767677,133.670416885157,"Mode3"
11.8080808080808,133.784354476004,"Mode3"
11.9393939393939,133.898292498626,"Mode3"
12.0707070707071,134.012230952721,"Mode3"
12.2020202020202,134.126169841245,"Mode3"
12.3333333333333,134.240109170098,"Mode3"
12.4646464646465,134.354048945288,"Mode3"
12.5959595959596,134.467989172823,"Mode3"
12.7272727272727,134.58192985871,"Mode3"
12.8585858585859,134.695871008956,"Mode3"
12.989898989899,134.809812629569,"Mode3"
13.1212121212121,134.923754722921,"Mode3"
13.2525252525253,135.037697273047,"Mode3"
13.3838383838384,135.151640258218,"Mode3"
13.5151515151515,135.265583656701,"Mode3"
13.6464646464646,135.379527446765,"Mode3"
13.7777777777778,135.493471606676,"Mode3"
13.9090909090909,135.607416114704,"Mode3"
14.040404040404,135.721360949024,"Mode3"
14.1717171717172,135.835306081056,"Mode3"
14.3030303030303,135.949251471007,"Mode3"
14.4343434343434,136.063197078028,"Mode3"
14.5656565656566,136.177142861267,"Mode3"
14.6969696969697,136.291088779875,"Mode3"
14.8282828282828,136.405034793001,"Mode3"
14.959595959596,136.518980859795,"Mode3"
15.0909090909091,136.632926939169,"Mode3"
15.2222222222222,136.746872987514,"Mode3"
15.3535353535354,136.860818959702,"Mode3"
15.4848484848485,136.974764810585,"Mode3"
15.6161616161616,137.088710495015,"Mode3"
15.7474747474747,137.202655967843,"Mode3"
15.8787878787879,137.316601183921,"Mode3"
16.010101010101,137.430546098098,"Mode3"
16.1414141414141,137.544490657625,"Mode3"
16.2727272727273,137.658434785596,"Mode3"
16.4040404040404,137.772378400311,"Mode3"
16.5353535353535,137.886321420073,"Mode3"
16.6666666666667,138.000263763183,"Mode3"
16.7979797979798,138.114205347942,"Mode3"
16.9292929292929,138.228146092653,"Mode3"
17.0606060606061,138.342085915722,"Mode3"
17.1919191919192,138.456024738471,"Mode3"
17.3232323232323,138.569962485448,"Mode3"
17.4545454545455,138.683899081366,"Mode3"
17.5858585858586,138.797834450937,"Mode3"
17.7171717171717,138.911768518876,"Mode3"
17.8484848484849,139.025701209896,"Mode3"
17.979797979798,139.13963244871,"Mode3"
18.1111111111111,139.253562171376,"Mode3"
18.2424242424242,139.367490386398,"Mode3"
18.3737373737374,139.48141713077,"Mode3"
18.5050505050505,139.595342441558,"Mode3"
18.6363636363636,139.709266355826,"Mode3"
18.7676767676768,139.823188910637,"Mode3"
18.8989898989899,139.937110143056,"Mode3"
19.030303030303,140.051030090295,"Mode3"
19.1616161616162,140.164948811375,"Mode3"
19.2929292929293,140.278866409987,"Mode3"
19.4242424242424,140.392782995286,"Mode3"
19.5555555555556,140.506698676432,"Mode3"
19.6868686868687,140.620613562582,"Mode3"
19.8181818181818,140.734527762892,"Mode3"
19.9494949494949,140.848441386522,"Mode3"
20.0808080808081,140.962354540559,"Mode3"
20.2121212121212,141.076267302939,"Mode3"
20.3434343434343,141.190179730045,"Mode3"
20.4747474747475,141.304091877756,"Mode3"
20.6060606060606,141.418003801951,"Mode3"
20.7373737373737,141.53191555851,"Mode3"
20.8686868686869,141.645827203311,"Mode3"
21,141.759738792233,"Mode3"
8,45.6195636535001,"Mode4"
8.13131313131313,45.5610913159899,"Mode4"
8.26262626262626,45.5029612290871,"Mode4"
8.39393939393939,45.445515643399,"Mode4"
8.52525252525253,45.389096809533,"Mode4"
8.65656565656566,45.3340469780966,"Mode4"
8.78787878787879,45.280708399697,"Mode4"
8.91919191919192,45.2294233249416,"Mode4"
9.05050505050505,45.1805306672577,"Mode4"
9.18181818181818,45.1342269893183,"Mode4"
9.31313131313131,45.0905162851561,"Mode4"
9.44444444444444,45.049388879714,"Mode4"
9.57575757575758,45.0108350979349,"Mode4"
9.70707070707071,44.9748452647618,"Mode4"
9.83838383838384,44.9414097051376,"Mode4"
9.96969696969697,44.9105187440053,"Mode4"
10.1010101010101,44.882154242952,"Mode4"
10.2323232323232,44.8562289433373,"Mode4"
10.3636363636364,44.8326218346579,"Mode4"
10.4949494949495,44.8112116778994,"Mode4"
10.6262626262626,44.7918772340479,"Mode4"
10.7575757575758,44.7744972640893,"Mode4"
10.8888888888889,44.7589505290093,"Mode4"
11.020202020202,44.7451159090293,"Mode4"
11.1515151515152,44.7329221098264,"Mode4"
11.2828282828283,44.7224245245963,"Mode4"
11.4141414141414,44.71369838431,"Mode4"
11.5454545454545,44.7068189199385,"Mode4"
11.6767676767677,44.7018613624525,"Mode4"
11.8080808080808,44.698900942823,"Mode4"
11.9393939393939,44.6980128920208,"Mode4"
12.0707070707071,44.6992717284936,"Mode4"
12.2020202020202,44.7027382021646,"Mode4"
12.3333333333333,44.7084606093804,"Mode4"
12.4646464646465,44.7164867977851,"Mode4"
12.5959595959596,44.7268646150228,"Mode4"
12.7272727272727,44.7396419087374,"Mode4"
12.8585858585859,44.754866526573,"Mode4"
12.989898989899,44.7725863161737,"Mode4"
13.1212121212121,44.7928252167018,"Mode4"
13.2525252525253,44.815486614888,"Mode4"
13.3838383838384,44.8404359870236,"Mode4"
13.5151515151515,44.8675387955636,"Mode4"
13.6464646464646,44.8966605029632,"Mode4"
13.7777777777778,44.9276665716776,"Mode4"
13.9090909090909,44.9604224641619,"Mode4"
14.040404040404,44.9947933740869,"Mode4"
14.1717171717172,45.0306249368645,"Mode4"
14.3030303030303,45.0677303154014,"Mode4"
14.4343434343434,45.1059196109827,"Mode4"
14.5656565656566,45.1450029248935,"Mode4"
14.6969696969697,45.1847903584189,"Mode4"
14.8282828282828,45.2250920128443,"Mode4"
14.959595959596,45.2657179894546,"Mode4"
15.0909090909091,45.306479248902,"Mode4"
15.2222222222222,45.3471958665499,"Mode4"
15.3535353535354,45.3876934075714,"Mode4"
15.4848484848485,45.4277975125852,"Mode4"
15.6161616161616,45.4673338222095,"Mode4"
15.7474747474747,45.506127977063,"Mode4"
15.8787878787879,45.5440056177639,"Mode4"
16.010101010101,45.5807923906026,"Mode4"
16.1414141414141,45.6163294826417,"Mode4"
16.2727272727273,45.6505074994654,"Mode4"
16.4040404040404,45.6832268475536,"Mode4"
16.5353535353535,45.7143879333865,"Mode4"
16.6666666666667,45.7438911634442,"Mode4"
16.7979797979798,45.7716369442066,"Mode4"
16.9292929292929,45.7975256821538,"Mode4"
17.0606060606061,45.8214602098718,"Mode4"
17.1919191919192,45.8434106956208,"Mode4"
17.3232323232323,45.8634217531733,"Mode4"
17.4545454545455,45.8815418488682,"Mode4"
17.5858585858586,45.8978194490445,"Mode4"
17.7171717171717,45.9123030200413,"Mode4"
17.8484848484849,45.9250410281977,"Mode4"
17.979797979798,45.9360819398525,"Mode4"
18.1111111111111,45.9454807204032,"Mode4"
18.2424242424242,45.9533338393758,"Mode4"
18.3737373737374,45.9597540896263,"Mode4"
18.5050505050505,45.9648543030733,"Mode4"
18.6363636363636,45.9687473116354,"Mode4"
18.7676767676768,45.9715459472313,"Mode4"
18.8989898989899,45.9733630417795,"Mode4"
19.030303030303,45.9743113467731,"Mode4"
19.1616161616162,45.9744917345472,"Mode4"
19.2929292929293,45.9739807501846,"Mode4"
19.4242424242424,45.9728519600426,"Mode4"
19.5555555555556,45.9711789304783,"Mode4"
19.6868686868687,45.969035227849,"Mode4"
19.8181818181818,45.9664944185118,"Mode4"
19.9494949494949,45.9636300688239,"Mode4"
20.0808080808081,45.9605140183966,"Mode4"
20.2121212121212,45.9571937806337,"Mode4"
20.3434343434343,45.9536988864994,"Mode4"
20.4747474747475,45.9500584453888,"Mode4"
20.6060606060606,45.9463015666973,"Mode4"
20.7373737373737,45.94245735982,"Mode4"
20.8686868686869,45.9385549341522,"Mode4"
21,45.9346233990891,"Mode4"
8,76.6439651402449,"Mode5"
8.13131313131313,76.3710574410809,"Mode5"
8.26262626262626,76.1032667267711,"Mode5"
8.39393939393939,75.8457099821691,"Mode5"
8.52525252525253,75.6035041921292,"Mode5"
8.65656565656566,75.3817663415052,"Mode5"
8.78787878787879,75.1856134151515,"Mode5"
8.91919191919192,75.0201623979217,"Mode5"
9.05050505050505,74.8904587247774,"Mode5"
9.18181818181818,74.7984957984569,"Mode5"
9.31313131313131,74.7421383066911,"Mode5"
9.44444444444444,74.7189578688498,"Mode5"
9.57575757575758,74.7265261043032,"Mode5"
9.70707070707071,74.7624146324215,"Mode5"
9.83838383838384,74.8241950725747,"Mode5"
9.96969696969697,74.9094390441329,"Mode5"
10.1010101010101,75.0155279009331,"Mode5"
10.2323232323232,75.1382890982036,"Mode5"
10.3636363636364,75.2727913122272,"Mode5"
10.4949494949495,75.4140980821165,"Mode5"
10.6262626262626,75.5572729469848,"Mode5"
10.7575757575758,75.6973794459449,"Mode5"
10.8888888888889,75.8294811181102,"Mode5"
11.020202020202,75.9486452662927,"Mode5"
11.1515151515152,76.051511949111,"Mode5"
11.2828282828283,76.1387201555917,"Mode5"
11.4141414141414,76.2115350602167,"Mode5"
11.5454545454545,76.2712218374682,"Mode5"
11.6767676767677,76.3190456618282,"Mode5"
11.8080808080808,76.3562717077789,"Mode5"
11.9393939393939,76.3841651498023,"Mode5"
12.0707070707071,76.4040437433813,"Mode5"
12.2020202020202,76.4182412990228,"Mode5"
12.3333333333333,76.4300106450171,"Mode5"
12.4646464646465,76.4426377218883,"Mode5"
12.5959595959596,76.4594084701604,"Mode5"
12.7272727272727,76.4836088303575,"Mode5"
12.8585858585859,76.5185247430038,"Mode5"
12.989898989899,76.5674421486232,"Mode5"
13.1212121212121,76.6330439426161,"Mode5"
13.2525252525253,76.7149723188997,"Mode5"
13.3838383838384,76.8119132540076,"Mode5"
13.5151515151515,76.9225523754888,"Mode5"
13.6464646464646,77.0455753108923,"Mode5"
13.7777777777778,77.1796676877672,"Mode5"
13.9090909090909,77.3235151336627,"Mode5"
14.040404040404,77.4758048981238,"Mode5"
14.1717171717172,77.6353422562522,"Mode5"
14.3030303030303,77.8011284405479,"Mode5"
14.4343434343434,77.9721831590593,"Mode5"
14.5656565656566,78.1475261198353,"Mode5"
14.6969696969697,78.3261770309246,"Mode5"
14.8282828282828,78.5071556003756,"Mode5"
14.959595959596,78.6894815362372,"Mode5"
15.0909090909091,78.8723308400198,"Mode5"
15.2222222222222,79.0565372101438,"Mode5"
15.3535353535354,79.2439327793944,"Mode5"
15.4848484848485,79.4363634017932,"Mode5"
15.6161616161616,79.6356749313624,"Mode5"
15.7474747474747,79.8437132221236,"Mode5"
15.8787878787879,80.0623241280987,"Mode5"
16.010101010101,80.2933531451554,"Mode5"
16.1414141414141,80.5376644266548,"Mode5"
16.2727272727273,80.7930015284179,"Mode5"
16.4040404040404,81.0564891158091,"Mode5"
16.5353535353535,81.3252518541927,"Mode5"
16.6666666666667,81.5964144089331,"Mode5"
16.7979797979798,81.8671014453946,"Mode5"
16.9292929292929,82.1344376289417,"Mode5"
17.0606060606061,82.3955155844477,"Mode5"
17.1919191919192,82.6465386648253,"Mode5"
17.3232323232323,82.8827270545881,"Mode5"
17.4545454545455,83.0992500591365,"Mode5"
17.5858585858586,83.2912769838708,"Mode5"
17.7171717171717,83.4539771341916,"Mode5"
17.8484848484849,83.5825198154992,"Mode5"
17.979797979798,83.672074333194,"Mode5"
18.1111111111111,83.7187011272798,"Mode5"
18.2424242424242,83.7241515800047,"Mode5"
18.3737373737374,83.6924152877258,"Mode5"
18.5050505050505,83.6274872029811,"Mode5"
18.6363636363636,83.5333622783085,"Mode5"
18.7676767676768,83.4140354662458,"Mode5"
18.8989898989899,83.2735017193311,"Mode5"
19.030303030303,83.1157595945436,"Mode5"
19.1616161616162,82.9453400382162,"Mode5"
19.2929292929293,82.7678642734735,"Mode5"
19.4242424242424,82.5890870212727,"Mode5"
19.5555555555556,82.4147630025703,"Mode5"
19.6868686868687,82.2506469383233,"Mode5"
19.8181818181818,82.1024935494885,"Mode5"
19.9494949494949,81.9760575570226,"Mode5"
20.0808080808081,81.8767187584758,"Mode5"
20.2121212121212,81.8045750714509,"Mode5"
20.3434343434343,81.7558199377606,"Mode5"
20.4747474747475,81.7265552651823,"Mode5"
20.6060606060606,81.7128829614937,"Mode5"
20.7373737373737,81.7109049344722,"Mode5"
20.8686868686869,81.7167230918957,"Mode5"
21,81.7264393415414,"Mode5"
8,41.9048143682171,"Mode6"
8.13131313131313,41.8782775981436,"Mode6"
8.26262626262626,41.8520837078569,"Mode6"
8.39393939393939,41.8265755771442,"Mode6"
8.52525252525253,41.8020960857923,"Mode6"
8.65656565656566,41.7789881135882,"Mode6"
8.78787878787879,41.7575945403189,"Mode6"
8.91919191919192,41.7382582457714,"Mode6"
9.05050505050505,41.721315475008,"Mode6"
9.18181818181818,41.7068194622838,"Mode6"
9.31313131313131,41.6944405917123,"Mode6"
9.44444444444444,41.6838220715755,"Mode6"
9.57575757575758,41.6746071101556,"Mode6"
9.70707070707071,41.6664389157346,"Mode6"
9.83838383838384,41.6589606965944,"Mode6"
9.96969696969697,41.6518156610173,"Mode6"
10.1010101010101,41.6446498060535,"Mode6"
10.2323232323232,41.6371319046244,"Mode6"
10.3636363636364,41.6289418512593,"Mode6"
10.4949494949495,41.6197596157845,"Mode6"
10.6262626262626,41.609265168026,"Mode6"
10.7575757575758,41.5971384778101,"Mode6"
10.8888888888889,41.5830595149629,"Mode6"
11.020202020202,41.5667086780203,"Mode6"
11.1515151515152,41.5479455126389,"Mode6"
11.2828282828283,41.5270850686704,"Mode6"
11.4141414141414,41.5045137225644,"Mode6"
11.5454545454545,41.4806178507707,"Mode6"
11.6767676767677,41.4557838297391,"Mode6"
11.8080808080808,41.4303980359192,"Mode6"
11.9393939393939,41.404846845761,"Mode6"
12.0707070707071,41.3795183668539,"Mode6"
12.2020202020202,41.3548341586679,"Mode6"
12.3333333333333,41.3312460377678,"Mode6"
12.4646464646465,41.3092069108819,"Mode6"
12.5959595959596,41.2891696847387,"Mode6"
12.7272727272727,41.2715872660667,"Mode6"
12.8585858585859,41.2569125615944,"Mode6"
12.989898989899,41.2455984780503,"Mode6"
13.1212121212121,41.238038465397,"Mode6"
13.2525252525253,41.2343261779955,"Mode6"
13.3838383838384,41.2344609926962,"Mode6"
13.5151515151515,41.2384422519416,"Mode6"
13.6464646464646,41.2462692981742,"Mode6"
13.7777777777778,41.2579414738365,"Mode6"
13.9090909090909,41.2734581213711,"Mode6"
14.040404040404,41.2928172848367,"Mode6"
14.1717171717172,41.3159225305881,"Mode6"
14.3030303030303,41.3425205639948,"Mode6"
14.4343434343434,41.3723433010243,"Mode6"
14.5656565656566,41.4051226576437,"Mode6"
14.6969696969697,41.4405905498205,"Mode6"
14.8282828282828,41.478478893522,"Mode6"
14.959595959596,41.5185196047154,"Mode6"
15.0909090909091,41.5604388861247,"Mode6"
15.2222222222222,41.6039023440424,"Mode6"
15.3535353535354,41.6485390874021,"Mode6"
15.4848484848485,41.693977723563,"Mode6"
15.6161616161616,41.7398468598845,"Mode6"
15.7474747474747,41.7857751037258,"Mode6"
15.8787878787879,41.8313910624462,"Mode6"
16.010101010101,41.8763233450396,"Mode6"
16.1414141414141,41.9202050388456,"Mode6"
16.2727272727273,41.9626834720176,"Mode6"
16.4040404040404,42.003408797009,"Mode6"
16.5353535353535,42.042031166273,"Mode6"
16.6666666666667,42.0782007322631,"Mode6"
16.7979797979798,42.1115676474326,"Mode6"
16.9292929292929,42.1417820642348,"Mode6"
17.0606060606061,42.1684967942274,"Mode6"
17.1919191919192,42.1914384514261,"Mode6"
17.3232323232323,42.2104152449581,"Mode6"
17.4545454545455,42.2252396065093,"Mode6"
17.5858585858586,42.2357239677662,"Mode6"
17.7171717171717,42.241680760415,"Mode6"
17.8484848484849,42.2429224161419,"Mode6"
17.979797979798,42.2392613666332,"Mode6"
18.1111111111111,42.2305258189917,"Mode6"
18.2424242424242,42.216644724905,"Mode6"
18.3737373737374,42.1975866583127,"Mode6"
18.5050505050505,42.1733202879732,"Mode6"
18.6363636363636,42.1438142826446,"Mode6"
18.7676767676768,42.1090373110853,"Mode6"
18.8989898989899,42.0689580420534,"Mode6"
19.030303030303,42.0235456940936,"Mode6"
19.1616161616162,41.9728506912375,"Mode6"
19.2929292929293,41.9170897577198,"Mode6"
19.4242424242424,41.8564999802348,"Mode6"
19.5555555555556,41.7913184454763,"Mode6"
19.6868686868687,41.7217822401385,"Mode6"
19.8181818181818,41.6481284509153,"Mode6"
19.9494949494949,41.5705941645009,"Mode6"
20.0808080808081,41.4894253763919,"Mode6"
20.2121212121212,41.4049935883244,"Mode6"
20.3434343434343,41.3177630788634,"Mode6"
20.4747474747475,41.2282003015743,"Mode6"
20.6060606060606,41.1367717100229,"Mode6"
20.7373737373737,41.0439437577746,"Mode6"
20.8686868686869,40.9501828983952,"Mode6"
21,40.8559555854501,"Mode6"
8,54.0175485141171,"Mode7"
8.13131313131313,54.0664472931305,"Mode7"
8.26262626262626,54.1153460721439,"Mode7"
8.39393939393939,54.1642448511574,"Mode7"
8.52525252525253,54.2131436301708,"Mode7"
8.65656565656566,54.2620424091843,"Mode7"
8.78787878787879,54.3109411881977,"Mode7"
8.91919191919192,54.3598399672112,"Mode7"
9.05050505050505,54.4087387462247,"Mode7"
9.18181818181818,54.4576375252381,"Mode7"
9.31313131313131,54.5065363042516,"Mode7"
9.44444444444444,54.555435083265,"Mode7"
9.57575757575758,54.6043338622785,"Mode7"
9.70707070707071,54.653232641292,"Mode7"
9.83838383838384,54.7021314203054,"Mode7"
9.96969696969697,54.7510301993189,"Mode7"
10.1010101010101,54.7999289783324,"Mode7"
10.2323232323232,54.8488277573459,"Mode7"
10.3636363636364,54.8977265363594,"Mode7"
10.4949494949495,54.9466253153728,"Mode7"
10.6262626262626,54.9955240943863,"Mode7"
10.7575757575758,55.0444228733998,"Mode7"
10.8888888888889,55.0933216524133,"Mode7"
11.020202020202,55.1422204314267,"Mode7"
11.1515151515152,55.1911192104402,"Mode7"
11.2828282828283,55.2400179894537,"Mode7"
11.4141414141414,55.2889167684671,"Mode7"
11.5454545454545,55.3378155474806,"Mode7"
11.6767676767677,55.3867143264941,"Mode7"
11.8080808080808,55.4356131055075,"Mode7"
11.9393939393939,55.484511884521,"Mode7"
12.0707070707071,55.5334106635345,"Mode7"
12.2020202020202,55.5823094425479,"Mode7"
12.3333333333333,55.6312082215613,"Mode7"
12.4646464646465,55.6801070005748,"Mode7"
12.5959595959596,55.7290057795882,"Mode7"
12.7272727272727,55.7779045586016,"Mode7"
12.8585858585859,55.8268033376151,"Mode7"
12.989898989899,55.8757021166285,"Mode7"
13.1212121212121,55.9246008956419,"Mode7"
13.2525252525253,55.9734996746554,"Mode7"
13.3838383838384,56.0223984536688,"Mode7"
13.5151515151515,56.0712972326822,"Mode7"
13.6464646464646,56.1201960116956,"Mode7"
13.7777777777778,56.169094790709,"Mode7"
13.9090909090909,56.2179935697224,"Mode7"
14.040404040404,56.2668923487358,"Mode7"
14.1717171717172,56.3157911277492,"Mode7"
14.3030303030303,56.3646899067626,"Mode7"
14.4343434343434,56.413588685776,"Mode7"
14.5656565656566,56.4624874647894,"Mode7"
14.6969696969697,56.5113862438028,"Mode7"
14.8282828282828,56.5602850228162,"Mode7"
14.959595959596,56.6091838018296,"Mode7"
15.0909090909091,56.658082580843,"Mode7"
15.2222222222222,56.7069813598564,"Mode7"
15.3535353535354,56.7558801388697,"Mode7"
15.4848484848485,56.8047789178831,"Mode7"
15.6161616161616,56.8536776968965,"Mode7"
15.7474747474747,56.9025764759098,"Mode7"
15.8787878787879,56.9514752549232,"Mode7"
16.010101010101,57.0003740339366,"Mode7"
16.1414141414141,57.0492728129499,"Mode7"
16.2727272727273,57.0981715919632,"Mode7"
16.4040404040404,57.1470703709766,"Mode7"
16.5353535353535,57.1959691499899,"Mode7"
16.6666666666667,57.2448679290032,"Mode7"
16.7979797979798,57.2937667080165,"Mode7"
16.9292929292929,57.3426654870299,"Mode7"
17.0606060606061,57.3915642660432,"Mode7"
17.1919191919192,57.4404630450565,"Mode7"
17.3232323232323,57.4893618240698,"Mode7"
17.4545454545455,57.5382606030831,"Mode7"
17.5858585858586,57.5871593820964,"Mode7"
17.7171717171717,57.6360581611096,"Mode7"
17.8484848484849,57.6849569401229,"Mode7"
17.979797979798,57.7338557191362,"Mode7"
18.1111111111111,57.7827544981494,"Mode7"
18.2424242424242,57.8316532771627,"Mode7"
18.3737373737374,57.8805520561759,"Mode7"
18.5050505050505,57.9294508351891,"Mode7"
18.6363636363636,57.9783496142023,"Mode7"
18.7676767676768,58.0272483932155,"Mode7"
18.8989898989899,58.0761471722287,"Mode7"
19.030303030303,58.1250459512419,"Mode7"
19.1616161616162,58.1739447302551,"Mode7"
19.2929292929293,58.2228435092683,"Mode7"
19.4242424242424,58.2717422882814,"Mode7"
19.5555555555556,58.3206410672946,"Mode7"
19.6868686868687,58.3695398463078,"Mode7"
19.8181818181818,58.4184386253209,"Mode7"
19.9494949494949,58.467337404334,"Mode7"
20.0808080808081,58.5162361833472,"Mode7"
20.2121212121212,58.5651349623603,"Mode7"
20.3434343434343,58.6140337413734,"Mode7"
20.4747474747475,58.6629325203865,"Mode7"
20.6060606060606,58.7118312993996,"Mode7"
20.7373737373737,58.7607300784128,"Mode7"
20.8686868686869,58.8096288574259,"Mode7"
21,58.858527636439,"Mode7"
8,112.413116802509,"Mode8"
8.13131313131313,112.436295065454,"Mode8"
8.26262626262626,112.460236985986,"Mode8"
8.39393939393939,112.485706221693,"Mode8"
8.52525252525253,112.513466430163,"Mode8"
8.65656565656566,112.544281268983,"Mode8"
8.78787878787879,112.578914395741,"Mode8"
8.91919191919192,112.618129468024,"Mode8"
9.05050505050505,112.662679702915,"Mode8"
9.18181818181818,112.712872967342,"Mode8"
9.31313131313131,112.768414669366,"Mode8"
9.44444444444444,112.828967452743,"Mode8"
9.57575757575758,112.894193961228,"Mode8"
9.70707070707071,112.963756838577,"Mode8"
9.83838383838384,113.037318728545,"Mode8"
9.96969696969697,113.114542274888,"Mode8"
10.1010101010101,113.195074016886,"Mode8"
10.2323232323232,113.278428968579,"Mode8"
10.3636363636364,113.364057919358,"Mode8"
10.4949494949495,113.451411223798,"Mode8"
10.6262626262626,113.539939236472,"Mode8"
10.7575757575758,113.629092311952,"Mode8"
10.8888888888889,113.718320804812,"Mode8"
11.020202020202,113.807075568772,"Mode8"
11.1515151515152,113.89501603911,"Mode8"
11.2828282828283,113.982331996069,"Mode8"
11.4141414141414,114.069296265675,"Mode8"
11.5454545454545,114.156181673955,"Mode8"
11.6767676767677,114.243261046934,"Mode8"
11.8080808080808,114.330807210639,"Mode8"
11.9393939393939,114.419092991095,"Mode8"
12.0707070707071,114.508393453119,"Mode8"
12.2020202020202,114.599026923027,"Mode8"
12.3333333333333,114.691350856999,"Mode8"
12.4646464646465,114.78572412106,"Mode8"
12.5959595959596,114.882505581239,"Mode8"
12.7272727272727,114.982054103563,"Mode8"
12.8585858585859,115.08472855406,"Mode8"
12.989898989899,115.190887798756,"Mode8"
13.1212121212121,115.300823581908,"Mode8"
13.2525252525253,115.414489203334,"Mode8"
13.3838383838384,115.531731531341,"Mode8"
13.5151515151515,115.65239739539,"Mode8"
13.6464646464646,115.776333624945,"Mode8"
13.7777777777778,115.903387049467,"Mode8"
13.9090909090909,116.03340449842,"Mode8"
14.040404040404,116.166232077221,"Mode8"
14.1717171717172,116.301663205726,"Mode8"
14.3030303030303,116.439403830147,"Mode8"
14.4343434343434,116.579151649375,"Mode8"
14.5656565656566,116.720604362298,"Mode8"
14.6969696969697,116.863459667809,"Mode8"
14.8282828282828,117.007415264796,"Mode8"
14.959595959596,117.152168852152,"Mode8"
15.0909090909091,117.297410416271,"Mode8"
15.2222222222222,117.442748142448,"Mode8"
15.3535353535354,117.587740947001,"Mode8"
15.4848484848485,117.731947069155,"Mode8"
15.6161616161616,117.874924748135,"Mode8"
15.7474747474747,118.016232223168,"Mode8"
15.8787878787879,118.155427733479,"Mode8"
16.010101010101,118.292069496367,"Mode8"
16.1414141414141,118.425655652422,"Mode8"
16.2727272727273,118.55549330267,"Mode8"
16.4040404040404,118.680851660348,"Mode8"
16.5353535353535,118.800999938688,"Mode8"
16.6666666666667,118.915207350923,"Mode8"
16.7979797979798,119.02274311029,"Mode8"
16.9292929292929,119.122876430019,"Mode8"
17.0606060606061,119.214881154685,"Mode8"
17.1919191919192,119.298159669908,"Mode8"
17.3232323232323,119.372256474755,"Mode8"
17.4545454545455,119.436723422685,"Mode8"
17.5858585858586,119.491112367154,"Mode8"
17.7171717171717,119.534975161623,"Mode8"
17.8484848484849,119.567863659547,"Mode8"
17.979797979798,119.589329714387,"Mode8"
18.1111111111111,119.599005203973,"Mode8"
18.2424242424242,119.597033055861,"Mode8"
18.3737373737374,119.583757190455,"Mode8"
18.5050505050505,119.559522009147,"Mode8"
18.6363636363636,119.524671913329,"Mode8"
18.7676767676768,119.479551304393,"Mode8"
18.8989898989899,119.424504583732,"Mode8"
19.030303030303,119.359876983131,"Mode8"
19.1616161616162,119.286136386624,"Mode8"
19.2929292929293,119.204001857005,"Mode8"
19.4242424242424,119.114223212395,"Mode8"
19.5555555555556,119.017550270917,"Mode8"
19.6868686868687,118.914732850693,"Mode8"
19.8181818181818,118.806520769843,"Mode8"
19.9494949494949,118.693663846491,"Mode8"
20.0808080808081,118.576901170145,"Mode8"
20.2121212121212,118.456820686788,"Mode8"
20.3434343434343,118.333898613955,"Mode8"
20.4747474747475,118.208608549893,"Mode8"
20.6060606060606,118.081424092847,"Mode8"
20.7373737373737,117.952818841064,"Mode8"
20.8686868686869,117.823266392789,"Mode8"
21,117.693240346268,"Mode8"
8,64.6322013573029,"Mode9"
8.13131313131313,64.6393512313147,"Mode9"
8.26262626262626,64.6465011053264,"Mode9"
8.39393939393939,64.6536509793382,"Mode9"
8.52525252525253,64.66080085335,"Mode9"
8.65656565656566,64.6679507273618,"Mode9"
8.78787878787879,64.6751006013737,"Mode9"
8.91919191919192,64.6822504753856,"Mode9"
9.05050505050505,64.6894003493975,"Mode9"
9.18181818181818,64.6965502234095,"Mode9"
9.31313131313131,64.7037000974216,"Mode9"
9.44444444444444,64.7108499714337,"Mode9"
9.57575757575758,64.7179998454459,"Mode9"
9.70707070707071,64.7251497194581,"Mode9"
9.83838383838384,64.7322995934705,"Mode9"
9.96969696969697,64.7394494674829,"Mode9"
10.1010101010101,64.7465993414954,"Mode9"
10.2323232323232,64.753749215508,"Mode9"
10.3636363636364,64.7608990895207,"Mode9"
10.4949494949495,64.7680489635335,"Mode9"
10.6262626262626,64.7751988375465,"Mode9"
10.7575757575758,64.7823487115595,"Mode9"
10.8888888888889,64.7894985855727,"Mode9"
11.020202020202,64.7966484595859,"Mode9"
11.1515151515152,64.8037983335993,"Mode9"
11.2828282828283,64.8109482076128,"Mode9"
11.4141414141414,64.8180980816264,"Mode9"
11.5454545454545,64.8252479556402,"Mode9"
11.6767676767677,64.8323978296541,"Mode9"
11.8080808080808,64.8395477036681,"Mode9"
11.9393939393939,64.8466975776822,"Mode9"
12.0707070707071,64.8538474516965,"Mode9"
12.2020202020202,64.8609973257109,"Mode9"
12.3333333333333,64.8681471997255,"Mode9"
12.4646464646465,64.8752970737402,"Mode9"
12.5959595959596,64.8824469477551,"Mode9"
12.7272727272727,64.8895968217701,"Mode9"
12.8585858585859,64.8967466957852,"Mode9"
12.989898989899,64.9038965698006,"Mode9"
13.1212121212121,64.911046443816,"Mode9"
13.2525252525253,64.9181963178316,"Mode9"
13.3838383838384,64.9253461918474,"Mode9"
13.5151515151515,64.9324960658633,"Mode9"
13.6464646464646,64.9396459398793,"Mode9"
13.7777777777778,64.9467958138955,"Mode9"
13.9090909090909,64.9539456879119,"Mode9"
14.040404040404,64.9610955619283,"Mode9"
14.1717171717172,64.9682454359449,"Mode9"
14.3030303030303,64.9753953099616,"Mode9"
14.4343434343434,64.9825451839784,"Mode9"
14.5656565656566,64.9896950579954,"Mode9"
14.6969696969697,64.9968449320124,"Mode9"
14.8282828282828,65.0039948060296,"Mode9"
14.959595959596,65.0111446800469,"Mode9"
15.0909090909091,65.0182945540643,"Mode9"
15.2222222222222,65.0254444280818,"Mode9"
15.3535353535354,65.0325943020993,"Mode9"
15.4848484848485,65.0397441761169,"Mode9"
15.6161616161616,65.0468940501346,"Mode9"
15.7474747474747,65.0540439241524,"Mode9"
15.8787878787879,65.0611937981703,"Mode9"
16.010101010101,65.0683436721882,"Mode9"
16.1414141414141,65.0754935462062,"Mode9"
16.2727272727273,65.0826434202243,"Mode9"
16.4040404040404,65.0897932942423,"Mode9"
16.5353535353535,65.0969431682605,"Mode9"
16.6666666666667,65.1040930422787,"Mode9"
16.7979797979798,65.1112429162969,"Mode9"
16.9292929292929,65.1183927903151,"Mode9"
17.0606060606061,65.1255426643334,"Mode9"
17.1919191919192,65.1326925383516,"Mode9"
17.3232323232323,65.1398424123699,"Mode9"
17.4545454545455,65.1469922863882,"Mode9"
17.5858585858586,65.1541421604064,"Mode9"
17.7171717171717,65.1612920344247,"Mode9"
17.8484848484849,65.168441908443,"Mode9"
17.979797979798,65.1755917824611,"Mode9"
18.1111111111111,65.1827416564793,"Mode9"
18.2424242424242,65.1898915304975,"Mode9"
18.3737373737374,65.1970414045156,"Mode9"
18.5050505050505,65.2041912785337,"Mode9"
18.6363636363636,65.2113411525518,"Mode9"
18.7676767676768,65.2184910265698,"Mode9"
18.8989898989899,65.2256409005877,"Mode9"
19.030303030303,65.2327907746057,"Mode9"
19.1616161616162,65.2399406486235,"Mode9"
19.2929292929293,65.2470905226414,"Mode9"
19.4242424242424,65.2542403966592,"Mode9"
19.5555555555556,65.261390270677,"Mode9"
19.6868686868687,65.2685401446948,"Mode9"
19.8181818181818,65.2756900187125,"Mode9"
19.9494949494949,65.2828398927302,"Mode9"
20.0808080808081,65.2899897667479,"Mode9"
20.2121212121212,65.2971396407656,"Mode9"
20.3434343434343,65.3042895147832,"Mode9"
20.4747474747475,65.3114393888008,"Mode9"
20.6060606060606,65.3185892628185,"Mode9"
20.7373737373737,65.3257391368361,"Mode9"
20.8686868686869,65.3328890108537,"Mode9"
21,65.3400388848714,"Mode9"
8,47.5205162410244,"Mode10"
8.13131313131313,47.4545000037674,"Mode10"
8.26262626262626,47.3887535411256,"Mode10"
8.39393939393939,47.3235466277142,"Mode10"
8.52525252525253,47.2591490381483,"Mode10"
8.65656565656566,47.1958305470432,"Mode10"
8.78787878787879,47.1338609290139,"Mode10"
8.91919191919192,47.0735099586757,"Mode10"
9.05050505050505,47.0150458271908,"Mode10"
9.18181818181818,46.9586691819492,"Mode10"
9.31313131313131,46.904489298768,"Mode10"
9.44444444444444,46.8526089676404,"Mode10"
9.57575757575758,46.80313097856,"Mode10"
9.70707070707071,46.7561581215201,"Mode10"
9.83838383838384,46.7117931865141,"Mode10"
9.96969696969697,46.6701389635355,"Mode10"
10.1010101010101,46.6312829488993,"Mode10"
10.2323232323232,46.5951877354514,"Mode10"
10.3636363636364,46.5617549248486,"Mode10"
10.4949494949495,46.5308857058187,"Mode10"
10.6262626262626,46.5024812670893,"Mode10"
10.7575757575758,46.4764427973883,"Mode10"
10.8888888888889,46.4526714854433,"Mode10"
11.020202020202,46.4310685394379,"Mode10"
11.1515151515152,46.4115432977053,"Mode10"
11.2828282828283,46.3940257705104,"Mode10"
11.4141414141414,46.3784492051,"Mode10"
11.5454545454545,46.3647468487205,"Mode10"
11.6767676767677,46.3528519486185,"Mode10"
11.8080808080808,46.3426977520406,"Mode10"
11.9393939393939,46.3342175062333,"Mode10"
12.0707070707071,46.327345937433,"Mode10"
12.2020202020202,46.3220463513037,"Mode10"
12.3333333333333,46.3183079034903,"Mode10"
12.4646464646465,46.3161206810127,"Mode10"
12.5959595959596,46.3154747708911,"Mode10"
12.7272727272727,46.3163602601456,"Mode10"
12.8585858585859,46.3187672357964,"Mode10"
12.989898989899,46.3226857848634,"Mode10"
13.1212121212121,46.3280910841793,"Mode10"
13.2525252525253,46.3348831297527,"Mode10"
13.3838383838384,46.342938275281,"Mode10"
13.5151515151515,46.3521328658329,"Mode10"
13.6464646464646,46.3623432464772,"Mode10"
13.7777777777778,46.3734457622827,"Mode10"
13.9090909090909,46.3853167583183,"Mode10"
14.040404040404,46.3978325955806,"Mode10"
14.1717171717172,46.4108707940801,"Mode10"
14.3030303030303,46.4243107981334,"Mode10"
14.4343434343434,46.4380322334871,"Mode10"
14.5656565656566,46.451914725888,"Mode10"
14.6969696969697,46.4658379010828,"Mode10"
14.8282828282828,46.4796813848183,"Mode10"
14.959595959596,46.4933248028413,"Mode10"
15.0909090909091,46.506657807887,"Mode10"
15.2222222222222,46.5196764020389,"Mode10"
15.3535353535354,46.5324406418185,"Mode10"
15.4848484848485,46.5450114640318,"Mode10"
15.6161616161616,46.5574498054847,"Mode10"
15.7474747474747,46.5698166029831,"Mode10"
15.8787878787879,46.5821727933328,"Mode10"
16.010101010101,46.594579310705,"Mode10"
16.1414141414141,46.6070898703937,"Mode10"
16.2727272727273,46.6197352321892,"Mode10"
16.4040404040404,46.6325416032468,"Mode10"
16.5353535353535,46.6455351907218,"Mode10"
16.6666666666667,46.6587422017695,"Mode10"
16.7979797979798,46.6721888435452,"Mode10"
16.9292929292929,46.6859013232042,"Mode10"
17.0606060606061,46.6999032105564,"Mode10"
17.1919191919192,46.7141448768724,"Mode10"
17.3232323232323,46.7284957659959,"Mode10"
17.4545454545455,46.7428211337643,"Mode10"
17.5858585858586,46.756986236015,"Mode10"
17.7171717171717,46.7708563285853,"Mode10"
17.8484848484849,46.7842966673127,"Mode10"
17.979797979798,46.7971725080344,"Mode10"
18.1111111111111,46.8093597584532,"Mode10"
18.2424242424242,46.8208023509561,"Mode10"
18.3737373737374,46.8314709716387,"Mode10"
18.5050505050505,46.8413363706195,"Mode10"
18.6363636363636,46.8503692980171,"Mode10"
18.7676767676768,46.8585405039503,"Mode10"
18.8989898989899,46.8658207385376,"Mode10"
19.030303030303,46.872181036499,"Mode10"
19.1616161616162,46.8776344692294,"Mode10"
19.2929292929293,46.8822801947642,"Mode10"
19.4242424242424,46.8862279119302,"Mode10"
19.5555555555556,46.8895873195539,"Mode10"
19.6868686868687,46.892468116462,"Mode10"
19.8181818181818,46.8949800014811,"Mode10"
19.9494949494949,46.8972326734378,"Mode10"
20.0808080808081,46.8993321177415,"Mode10"
20.2121212121212,46.9013320055854,"Mode10"
20.3434343434343,46.903247336403,"Mode10"
20.4747474747475,46.9050922030322,"Mode10"
20.6060606060606,46.9068806983106,"Mode10"
20.7373737373737,46.9086269150759,"Mode10"
20.8686868686869,46.9103449461659,"Mode10"
21,46.9120488844181,"Mode10"
8,57.2646763408573,"Mode11"
8.13131313131313,57.2848097745288,"Mode11"
8.26262626262626,57.3051250250142,"Mode11"
8.39393939393939,57.3258039091273,"Mode11"
8.52525252525253,57.3470282436821,"Mode11"
8.65656565656566,57.3689798454924,"Mode11"
8.78787878787879,57.3918405313722,"Mode11"
8.91919191919192,57.4157921181353,"Mode11"
9.05050505050505,57.4410156369513,"Mode11"
9.18181818181818,57.4676586065513,"Mode11"
9.31313131313131,57.4958232108535,"Mode11"
9.44444444444444,57.5256084157777,"Mode11"
9.57575757575758,57.5571131872435,"Mode11"
9.70707070707071,57.5904364911707,"Mode11"
9.83838383838384,57.6256772934789,"Mode11"
9.96969696969697,57.6629345600879,"Mode11"
10.1010101010101,57.7022917285255,"Mode11"
10.2323232323232,57.743705415943,"Mode11"
10.3636363636364,57.787070312265,"Mode11"
10.4949494949495,57.8322806881493,"Mode11"
10.6262626262626,57.879230814254,"Mode11"
10.7575757575758,57.927814961237,"Mode11"
10.8888888888889,57.9779273997562,"Mode11"
11.020202020202,58.0294623962512,"Mode11"
11.1515151515152,58.082312454396,"Mode11"
11.2828282828283,58.136365595811,"Mode11"
11.4141414141414,58.1915091402792,"Mode11"
11.5454545454545,58.2476304075842,"Mode11"
11.6767676767677,58.304616717509,"Mode11"
11.8080808080808,58.3623553898371,"Mode11"
11.9393939393939,58.4207337443518,"Mode11"
12.0707070707071,58.4796427445634,"Mode11"
12.2020202020202,58.5390437639659,"Mode11"
12.3333333333333,58.5989618616062,"Mode11"
12.4646464646465,58.6594243911238,"Mode11"
12.5959595959596,58.7204587061579,"Mode11"
12.7272727272727,58.7820921603477,"Mode11"
12.8585858585859,58.8443521073327,"Mode11"
12.989898989899,58.9072659007521,"Mode11"
13.1212121212121,58.9708507552793,"Mode11"
13.2525252525253,59.0350727624348,"Mode11"
13.3838383838384,59.0998819369064,"Mode11"
13.5151515151515,59.1652282875149,"Mode11"
13.6464646464646,59.2310618230806,"Mode11"
13.7777777777778,59.2973325524242,"Mode11"
13.9090909090909,59.3639904843662,"Mode11"
14.040404040404,59.4309849616661,"Mode11"
14.1717171717172,59.4982168607312,"Mode11"
14.3030303030303,59.5655065894622,"Mode11"
14.4343434343434,59.6326669689078,"Mode11"
14.5656565656566,59.6995108201166,"Mode11"
14.6969696969697,59.7658509641373,"Mode11"
14.8282828282828,59.8315002220183,"Mode11"
14.959595959596,59.8962714148084,"Mode11"
15.0909090909091,59.9599812468025,"Mode11"
15.2222222222222,60.0224876092114,"Mode11"
15.3535353535354,60.0836732002126,"Mode11"
15.4848484848485,60.1434210588993,"Mode11"
15.6161616161616,60.201614224365,"Mode11"
15.7474747474747,60.2581357357031,"Mode11"
15.8787878787879,60.3128686320071,"Mode11"
16.010101010101,60.3656959560741,"Mode11"
16.1414141414141,60.4165108994595,"Mode11"
16.2727272727273,60.4652389260274,"Mode11"
16.4040404040404,60.5118119000267,"Mode11"
16.5353535353535,60.556161685706,"Mode11"
16.6666666666667,60.5982201473142,"Mode11"
16.7979797979798,60.6379191491,"Mode11"
16.9292929292929,60.6751905553122,"Mode11"
17.0606060606061,60.7099665864775,"Mode11"
17.1919191919192,60.7421893514821,"Mode11"
17.3232323232323,60.7718118916642,"Mode11"
17.4545454545455,60.798787814118,"Mode11"
17.5858585858586,60.8230707259376,"Mode11"
17.7171717171717,60.8446142342173,"Mode11"
17.8484848484849,60.8633719460512,"Mode11"
17.979797979798,60.8792974685335,"Mode11"
18.1111111111111,60.8923653080388,"Mode11"
18.2424242424242,60.9026834374212,"Mode11"
18.3737373737374,60.9104123211159,"Mode11"
18.5050505050505,60.9157125491735,"Mode11"
18.6363636363636,60.918744711645,"Mode11"
18.7676767676768,60.9196693985809,"Mode11"
18.8989898989899,60.9186472000321,"Mode11"
19.030303030303,60.915838838789,"Mode11"
19.1616161616162,60.9114246437778,"Mode11"
19.2929292929293,60.9056250952064,"Mode11"
19.4242424242424,60.8986655895658,"Mode11"
19.5555555555556,60.8907715233468,"Mode11"
19.6868686868687,60.8821682930401,"Mode11"
19.8181818181818,60.8730812951367,"Mode11"
19.9494949494949,60.8637359261272,"Mode11"
20.0808080808081,60.8543485539427,"Mode11"
20.2121212121212,60.8450083531481,"Mode11"
20.3434343434343,60.8357104743207,"Mode11"
20.4747474747475,60.8264478637992,"Mode11"
20.6060606060606,60.8172134679224,"Mode11"
20.7373737373737,60.8080002330292,"Mode11"
20.8686868686869,60.7988011054584,"Mode11"
21,60.7896090315487,"Mode11"
8,71.2739354823807,"Mode12"
8.13131313131313,71.1792834175254,"Mode12"
8.26262626262626,71.0853086024484,"Mode12"
8.39393939393939,70.9926882869277,"Mode12"
8.52525252525253,70.9020997207416,"Mode12"
8.65656565656566,70.8142201536682,"Mode12"
8.78787878787879,70.7297268354857,"Mode12"
8.91919191919192,70.6492970159724,"Mode12"
9.05050505050505,70.5736024013309,"Mode12"
9.18181818181818,70.5030782310137,"Mode12"
9.31313131313131,70.4378398580003,"Mode12"
9.44444444444444,70.3779799287857,"Mode12"
9.57575757575758,70.3235910898649,"Mode12"
9.70707070707071,70.2747659877329,"Mode12"
9.83838383838384,70.2315972688847,"Mode12"
9.96969696969697,70.1941775798152,"Mode12"
10.1010101010101,70.1625577069133,"Mode12"
10.2323232323232,70.136446565081,"Mode12"
10.3636363636364,70.1153861311168,"Mode12"
10.4949494949495,70.0989172515966,"Mode12"
10.6262626262626,70.0865807730962,"Mode12"
10.7575757575758,70.0779175421913,"Mode12"
10.8888888888889,70.0724684054577,"Mode12"
11.020202020202,70.0697745385057,"Mode12"
11.1515151515152,70.0695146122276,"Mode12"
11.2828282828283,70.0717168966479,"Mode12"
11.4141414141414,70.0764644049017,"Mode12"
11.5454545454545,70.0838401501246,"Mode12"
11.6767676767677,70.0939271454519,"Mode12"
11.8080808080808,70.106808404019,"Mode12"
11.9393939393939,70.1225669389613,"Mode12"
12.0707070707071,70.1412997669758,"Mode12"
12.2020202020202,70.1633745041919,"Mode12"
12.3333333333333,70.1894035228645,"Mode12"
12.4646464646465,70.2200080138178,"Mode12"
12.5959595959596,70.2558091678761,"Mode12"
12.7272727272727,70.2974281758636,"Mode12"
12.8585858585859,70.3454862286045,"Mode12"
12.989898989899,70.4006045169229,"Mode12"
13.1212121212121,70.4632971365385,"Mode12"
13.2525252525253,70.5335381833747,"Mode12"
13.3838383838384,70.6111319382006,"Mode12"
13.5151515151515,70.695882619809,"Mode12"
13.6464646464646,70.7875944469925,"Mode12"
13.7777777777778,70.8860716385438,"Mode12"
13.9090909090909,70.9911184132558,"Mode12"
14.040404040404,71.1025354107713,"Mode12"
14.1717171717172,71.2198628316565,"Mode12"
14.3030303030303,71.3422084704352,"Mode12"
14.4343434343434,71.4686393528772,"Mode12"
14.5656565656566,71.5982225047524,"Mode12"
14.6969696969697,71.7300249518306,"Mode12"
14.8282828282828,71.8631137198816,"Mode12"
14.959595959596,71.9965558346752,"Mode12"
15.0909090909091,72.1294445960085,"Mode12"
15.2222222222222,72.2611519741555,"Mode12"
15.3535353535354,72.39121778321,"Mode12"
15.4848484848485,72.5191841439016,"Mode12"
15.6161616161616,72.6445931769601,"Mode12"
15.7474747474747,72.7669870031153,"Mode12"
15.8787878787879,72.8859077430969,"Mode12"
16.010101010101,73.0008975336437,"Mode12"
16.1414141414141,73.111542376448,"Mode12"
16.2727272727273,73.2175677605522,"Mode12"
16.4040404040404,73.3187268387357,"Mode12"
16.5353535353535,73.4147727637777,"Mode12"
16.6666666666667,73.5054586884577,"Mode12"
16.7979797979798,73.590537765555,"Mode12"
16.9292929292929,73.6697631478491,"Mode12"
17.0606060606061,73.7428846208407,"Mode12"
17.1919191919192,73.8095585124634,"Mode12"
17.3232323232323,73.8693378250863,"Mode12"
17.4545454545455,73.9217702139652,"Mode12"
17.5858585858586,73.9664033343559,"Mode12"
17.7171717171717,74.0027848415139,"Mode12"
17.8484848484849,74.030462390695,"Mode12"
17.979797979798,74.0489836371551,"Mode12"
18.1111111111111,74.0579656989709,"Mode12"
18.2424242424242,74.0574692960075,"Mode12"
18.3737373737374,74.047729614104,"Mode12"
18.5050505050505,74.0289822566071,"Mode12"
18.6363636363636,74.0014628268631,"Mode12"
18.7676767676768,73.9654069282188,"Mode12"
18.8989898989899,73.9210501640207,"Mode12"
19.030303030303,73.8686293016447,"Mode12"
19.1616161616162,73.8085530398989,"Mode12"
19.2929292929293,73.7415821748856,"Mode12"
19.4242424242424,73.6685206149016,"Mode12"
19.5555555555556,73.590172268244,"Mode12"
19.6868686868687,73.5073410432095,"Mode12"
19.8181818181818,73.420830848095,"Mode12"
19.9494949494949,73.3314455911975,"Mode12"
20.0808080808081,73.2399669428743,"Mode12"
20.2121212121212,73.1468632878227,"Mode12"
20.3434343434343,73.0523714234477,"Mode12"
20.4747474747475,72.9567227179699,"Mode12"
20.6060606060606,72.8601485396099,"Mode12"
20.7373737373737,72.7628802565882,"Mode12"
20.8686868686869,72.6651492371253,"Mode12"
21,72.5671868494419,"Mode12"
8,79.3749798309584,"Mode13"
8.13131313131313,79.4489708610789,"Mode13"
8.26262626262626,79.5229618911994,"Mode13"
8.39393939393939,79.59695292132,"Mode13"
8.52525252525253,79.6709439514405,"Mode13"
8.65656565656566,79.7449349815612,"Mode13"
8.78787878787879,79.8189260116819,"Mode13"
8.91919191919192,79.8929170418026,"Mode13"
9.05050505050505,79.9669080719234,"Mode13"
9.18181818181818,80.0408991020443,"Mode13"
9.31313131313131,80.1148901321653,"Mode13"
9.44444444444444,80.1888811622863,"Mode13"
9.57575757575758,80.2628721924073,"Mode13"
9.70707070707071,80.3368632225284,"Mode13"
9.83838383838384,80.4108542526495,"Mode13"
9.96969696969697,80.4848452827705,"Mode13"
10.1010101010101,80.5588363128915,"Mode13"
10.2323232323232,80.6328273430125,"Mode13"
10.3636363636364,80.7068183731333,"Mode13"
10.4949494949495,80.780809403254,"Mode13"
10.6262626262626,80.8548004333745,"Mode13"
10.7575757575758,80.9287914634948,"Mode13"
10.8888888888889,81.0027824936149,"Mode13"
11.020202020202,81.0767735237345,"Mode13"
11.1515151515152,81.1507645538539,"Mode13"
11.2828282828283,81.2247555839729,"Mode13"
11.4141414141414,81.2987466140914,"Mode13"
11.5454545454545,81.3727376442095,"Mode13"
11.6767676767677,81.4467286743272,"Mode13"
11.8080808080808,81.5207197044443,"Mode13"
11.9393939393939,81.5947107345609,"Mode13"
12.0707070707071,81.668701764677,"Mode13"
12.2020202020202,81.7426927947924,"Mode13"
12.3333333333333,81.8166838249073,"Mode13"
12.4646464646465,81.8906748550216,"Mode13"
12.5959595959596,81.9646658851353,"Mode13"
12.7272727272727,82.0386569152485,"Mode13"
12.8585858585859,82.112647945361,"Mode13"
12.989898989899,82.1866389754729,"Mode13"
13.1212121212121,82.2606300055843,"Mode13"
13.2525252525253,82.334621035695,"Mode13"
13.3838383838384,82.4086120658052,"Mode13"
13.5151515151515,82.4826030959147,"Mode13"
13.6464646464646,82.5565941260236,"Mode13"
13.7777777777778,82.6305851561319,"Mode13"
13.9090909090909,82.7045761862395,"Mode13"
14.040404040404,82.7785672163466,"Mode13"
14.1717171717172,82.8525582464529,"Mode13"
14.3030303030303,82.9265492765586,"Mode13"
14.4343434343434,83.0005403066637,"Mode13"
14.5656565656566,83.074531336768,"Mode13"
14.6969696969697,83.1485223668716,"Mode13"
14.8282828282828,83.2225133969744,"Mode13"
14.959595959596,83.2965044270765,"Mode13"
15.0909090909091,83.3704954571777,"Mode13"
15.2222222222222,83.4444864872782,"Mode13"
15.3535353535354,83.5184775173778,"Mode13"
15.4848484848485,83.5924685474765,"Mode13"
15.6161616161616,83.6664595775744,"Mode13"
15.7474747474747,83.7404506076714,"Mode13"
15.8787878787879,83.8144416377675,"Mode13"
16.010101010101,83.8884326678627,"Mode13"
16.1414141414141,83.962423697957,"Mode13"
16.2727272727273,84.0364147280503,"Mode13"
16.4040404040404,84.1104057581428,"Mode13"
16.5353535353535,84.1843967882343,"Mode13"
16.6666666666667,84.2583878183249,"Mode13"
16.7979797979798,84.3323788484146,"Mode13"
16.9292929292929,84.4063698785033,"Mode13"
17.0606060606061,84.4803609085912,"Mode13"
17.1919191919192,84.5543519386782,"Mode13"
17.3232323232323,84.6283429687643,"Mode13"
17.4545454545455,84.7023339988494,"Mode13"
17.5858585858586,84.7763250289337,"Mode13"
17.7171717171717,84.8503160590171,"Mode13"
17.8484848484849,84.9243070890996,"Mode13"
17.979797979798,84.9982981191813,"Mode13"
18.1111111111111,85.0722891492621,"Mode13"
18.2424242424242,85.1462801793421,"Mode13"
18.3737373737374,85.2202712094212,"Mode13"
18.5050505050505,85.2942622394995,"Mode13"
18.6363636363636,85.368253269577,"Mode13"
18.7676767676768,85.4422442996537,"Mode13"
18.8989898989899,85.5162353297296,"Mode13"
19.030303030303,85.5902263598047,"Mode13"
19.1616161616162,85.6642173898791,"Mode13"
19.2929292929293,85.7382084199528,"Mode13"
19.4242424242424,85.8121994500258,"Mode13"
19.5555555555556,85.8861904800983,"Mode13"
19.6868686868687,85.9601815101701,"Mode13"
19.8181818181818,86.0341725402413,"Mode13"
19.9494949494949,86.1081635703121,"Mode13"
20.0808080808081,86.1821546003825,"Mode13"
20.2121212121212,86.2561456304524,"Mode13"
20.3434343434343,86.330136660522,"Mode13"
20.4747474747475,86.4041276905914,"Mode13"
20.6060606060606,86.4781187206605,"Mode13"
20.7373737373737,86.5521097507294,"Mode13"
20.8686868686869,86.6261007807982,"Mode13"
21,86.7000918108669,"Mode13"
8,59.9133917908834,"Mode14"
8.13131313131313,59.9242034540637,"Mode14"
8.26262626262626,59.9352715090391,"Mode14"
8.39393939393939,59.9468523476046,"Mode14"
8.52525252525253,59.9592023615553,"Mode14"
8.65656565656566,59.9725779426863,"Mode14"
8.78787878787879,59.9872354827926,"Mode14"
8.91919191919192,60.0034313736693,"Mode14"
9.05050505050505,60.021419904412,"Mode14"
9.18181818181818,60.0413656713652,"Mode14"
9.31313131313131,60.0633119366999,"Mode14"
9.44444444444444,60.08729334993,"Mode14"
9.57575757575758,60.1133445605691,"Mode14"
9.70707070707071,60.1415002181312,"Mode14"
9.83838383838384,60.1717949721299,"Mode14"
9.96969696969697,60.2042634720791,"Mode14"
10.1010101010101,60.2389324727653,"Mode14"
10.2323232323232,60.2757642527359,"Mode14"
10.3636363636364,60.3146896063658,"Mode14"
10.4949494949495,60.3556391148723,"Mode14"
10.6262626262626,60.3985433594723,"Mode14"
10.7575757575758,60.443332921383,"Mode14"
10.8888888888889,60.4899383818217,"Mode14"
11.020202020202,60.5382903197949,"Mode14"
11.1515151515152,60.5883183906508,"Mode14"
11.2828282828283,60.6399499012182,"Mode14"
11.4141414141414,60.6931117905753,"Mode14"
11.5454545454545,60.7477309978004,"Mode14"
11.6767676767677,60.8037344619718,"Mode14"
11.8080808080808,60.8610491221679,"Mode14"
11.9393939393939,60.919601917467,"Mode14"
12.0707070707071,60.9793172482781,"Mode14"
12.2020202020202,61.0400704587442,"Mode14"
12.3333333333333,61.1016925218073,"Mode14"
12.4646464646465,61.1640128117145,"Mode14"
12.5959595959596,61.2268607027125,"Mode14"
12.7272727272727,61.2900655690481,"Mode14"
12.8585858585859,61.3534567849682,"Mode14"
12.989898989899,61.4168637247195,"Mode14"
13.1212121212121,61.4801204979021,"Mode14"
13.2525252525253,61.5430850909274,"Mode14"
13.3838383838384,61.6056229988111,"Mode14"
13.5151515151515,61.6675997193087,"Mode14"
13.6464646464646,61.7288807501762,"Mode14"
13.7777777777778,61.7893315891694,"Mode14"
13.9090909090909,61.8488177340439,"Mode14"
14.040404040404,61.9072051834169,"Mode14"
14.1717171717172,61.9643963813932,"Mode14"
14.3030303030303,62.0203542823867,"Mode14"
14.4343434343434,62.0750475459348,"Mode14"
14.5656565656566,62.128444831575,"Mode14"
14.6969696969697,62.1805147988447,"Mode14"
14.8282828282828,62.2312261072816,"Mode14"
14.959595959596,62.280547416423,"Mode14"
15.0909090909091,62.3284427617658,"Mode14"
15.2222222222222,62.3748271347981,"Mode14"
15.3535353535354,62.4195859876976,"Mode14"
15.4848484848485,62.4626043666903,"Mode14"
15.6161616161616,62.5037673180026,"Mode14"
15.7474747474747,62.5429598878605,"Mode14"
15.8787878787879,62.5800671224904,"Mode14"
16.010101010101,62.6149740673517,"Mode14"
16.1414141414141,62.6475636673387,"Mode14"
16.2727272727273,62.6777121877016,"Mode14"
16.4040404040404,62.7052945689545,"Mode14"
16.5353535353535,62.7301857516114,"Mode14"
16.6666666666667,62.7522606761864,"Mode14"
16.7979797979798,62.7713942831936,"Mode14"
16.9292929292929,62.7874615131471,"Mode14"
17.0606060606061,62.8003405365576,"Mode14"
17.1919191919192,62.8099991712978,"Mode14"
17.3232323232323,62.8165043482871,"Mode14"
17.4545454545455,62.8199281275599,"Mode14"
17.5858585858586,62.8203425691506,"Mode14"
17.7171717171717,62.8178197330938,"Mode14"
17.8484848484849,62.8124316794239,"Mode14"
17.979797979798,62.8042504681753,"Mode14"
18.1111111111111,62.793356016286,"Mode14"
18.2424242424242,62.7798784162613,"Mode14"
18.3737373737374,62.763967494362,"Mode14"
18.5050505050505,62.745773124073,"Mode14"
18.6363636363636,62.7254451788791,"Mode14"
18.7676767676768,62.7031335322651,"Mode14"
18.8989898989899,62.6789880577159,"Mode14"
19.030303030303,62.6531585358776,"Mode14"
19.1616161616162,62.6257810347823,"Mode14"
19.2929292929293,62.5969635404863,"Mode14"
19.4242424242424,62.5668106005768,"Mode14"
19.5555555555556,62.5354267626413,"Mode14"
19.6868686868687,62.502916574267,"Mode14"
19.8181818181818,62.4693845830413,"Mode14"
19.9494949494949,62.4349353365514,"Mode14"
20.0808080808081,62.399673261645,"Mode14"
20.2121212121212,62.3637010842002,"Mode14"
20.3434343434343,62.3271202727031,"Mode14"
20.4747474747475,62.2900322661625,"Mode14"
20.6060606060606,62.2525385035872,"Mode14"
20.7373737373737,62.2147404239857,"Mode14"
20.8686868686869,62.1767394663668,"Mode14"
21,62.1386370697392,"Mode14"
8,114.697629202376,"Mode15"
8.13131313131313,114.081210598763,"Mode15"
8.26262626262626,113.485622607917,"Mode15"
8.39393939393939,112.931695842603,"Mode15"
8.52525252525253,112.440260915589,"Mode15"
8.65656565656566,112.032148439641,"Mode15"
8.78787878787879,111.728189027524,"Mode15"
8.91919191919192,111.549213292007,"Mode15"
9.05050505050505,111.515648078499,"Mode15"
9.18181818181818,111.63069713212,"Mode15"
9.31313131313131,111.874265206539,"Mode15"
9.44444444444444,112.224603224338,"Mode15"
9.57575757575758,112.659962108101,"Mode15"
9.70707070707071,113.15859278041,"Mode15"
9.83838383838384,113.69874616385,"Mode15"
9.96969696969697,114.258673181002,"Mode15"
10.1010101010101,114.817095057386,"Mode15"
10.2323232323232,115.356573982614,"Mode15"
10.3636363636364,115.861547714409,"Mode15"
10.4949494949495,116.316466708674,"Mode15"
10.6262626262626,116.705781421312,"Mode15"
10.7575757575758,117.013942308227,"Mode15"
10.8888888888889,117.225399825323,"Mode15"
11.020202020202,117.324626264258,"Mode15"
11.1515151515152,117.305218533567,"Mode15"
11.2828282828283,117.183974033382,"Mode15"
11.4141414141414,116.981323087871,"Mode15"
11.5454545454545,116.717696021205,"Mode15"
11.6767676767677,116.413523157553,"Mode15"
11.8080808080808,116.089234821086,"Mode15"
11.9393939393939,115.765261335972,"Mode15"
12.0707070707071,115.461702078232,"Mode15"
12.2020202020202,115.192261309196,"Mode15"
12.3333333333333,114.964858934042,"Mode15"
12.4646464646465,114.787206447453,"Mode15"
12.5959595959596,114.667015344113,"Mode15"
12.7272727272727,114.611997118702,"Mode15"
12.8585858585859,114.629863265905,"Mode15"
12.989898989899,114.728325280403,"Mode15"
13.1212121212121,114.912134879506,"Mode15"
13.2525252525253,115.171119856769,"Mode15"
13.3838383838384,115.490414840237,"Mode15"
13.5151515151515,115.855152745121,"Mode15"
13.6464646464646,116.25046648663,"Mode15"
13.7777777777778,116.661488979976,"Mode15"
13.9090909090909,117.07335314037,"Mode15"
14.040404040404,117.471258290624,"Mode15"
14.1717171717172,117.845235944285,"Mode15"
14.3030303030303,118.193340483424,"Mode15"
14.4343434343434,118.514382714218,"Mode15"
14.5656565656566,118.807173442841,"Mode15"
14.6969696969697,119.070523475468,"Mode15"
14.8282828282828,119.303243618275,"Mode15"
14.959595959596,119.504144677437,"Mode15"
15.0909090909091,119.672536500807,"Mode15"
15.2222222222222,119.813021926972,"Mode15"
15.3535353535354,119.93339177407,"Mode15"
15.4848484848485,120.041480671853,"Mode15"
15.6161616161616,120.145123250072,"Mode15"
15.7474747474747,120.252154138478,"Mode15"
15.8787878787879,120.370407966824,"Mode15"
16.010101010101,120.507718521972,"Mode15"
16.1414141414141,120.669610075885,"Mode15"
16.2727272727273,120.854262811722,"Mode15"
16.4040404040404,121.058400401053,"Mode15"
16.5353535353535,121.278746515451,"Mode15"
16.6666666666667,121.512024826486,"Mode15"
16.7979797979798,121.754959005731,"Mode15"
16.9292929292929,122.004272724757,"Mode15"
17.0606060606061,122.256659897317,"Mode15"
17.1919191919192,122.507988519918,"Mode15"
17.3232323232323,122.75321346488,"Mode15"
17.4545454545455,122.987242350211,"Mode15"
17.5858585858586,123.204982793916,"Mode15"
17.7171717171717,123.401342414002,"Mode15"
17.8484848484849,123.571228828474,"Mode15"
17.979797979798,123.70954965534,"Mode15"
18.1111111111111,123.811822134691,"Mode15"
18.2424242424242,123.877456660434,"Mode15"
18.3737373737374,123.907394780974,"Mode15"
18.5050505050505,123.902581708856,"Mode15"
18.6363636363636,123.863962656629,"Mode15"
18.7676767676768,123.792482836838,"Mode15"
18.8989898989899,123.689087462033,"Mode15"
19.030303030303,123.554724841064,"Mode15"
19.1616161616162,123.390800618433,"Mode15"
19.2929292929293,123.199657013422,"Mode15"
19.4242424242424,122.983750923263,"Mode15"
19.5555555555556,122.745539245186,"Mode15"
19.6868686868687,122.487478876421,"Mode15"
19.8181818181818,122.212026714198,"Mode15"
19.9494949494949,121.921639655748,"Mode15"
20.0808080808081,121.618737992444,"Mode15"
20.2121212121212,121.305226316348,"Mode15"
20.3434343434343,120.98262800384,"Mode15"
20.4747474747475,120.652457494321,"Mode15"
20.6060606060606,120.316229227193,"Mode15"
20.7373737373737,119.975457641859,"Mode15"
20.8686868686869,119.631657177721,"Mode15"
21,119.28634227418,"Mode15"
8,43.3682160338534,"Mode16"
8.13131313131313,43.1605314092342,"Mode16"
8.26262626262626,42.9584135658493,"Mode16"
8.39393939393939,42.7674292849331,"Mode16"
8.52525252525253,42.59314534772,"Mode16"
8.65656565656566,42.4411285354442,"Mode16"
8.78787878787879,42.3169456293402,"Mode16"
8.91919191919192,42.2261634106423,"Mode16"
9.05050505050505,42.1742454734204,"Mode16"
9.18181818181818,42.1622538600632,"Mode16"
9.31313131313131,42.1852963008286,"Mode16"
9.44444444444444,42.2380578713498,"Mode16"
9.57575757575758,42.3152236472599,"Mode16"
9.70707070707071,42.4114787041918,"Mode16"
9.83838383838384,42.5215081177787,"Mode16"
9.96969696969697,42.6399969636535,"Mode16"
10.1010101010101,42.7617121502621,"Mode16"
10.2323232323232,42.882088914632,"Mode16"
10.3636363636364,42.9968888430479,"Mode16"
10.4949494949495,43.1018757312803,"Mode16"
10.6262626262626,43.1928133751001,"Mode16"
10.7575757575758,43.2654655702777,"Mode16"
10.8888888888889,43.3155961125838,"Mode16"
11.020202020202,43.3389740379971,"Mode16"
11.1515151515152,43.3335581343643,"Mode16"
11.2828282828283,43.3028749104059,"Mode16"
11.4141414141414,43.2513227144287,"Mode16"
11.5454545454545,43.1832998947395,"Mode16"
11.6767676767677,43.103204799645,"Mode16"
11.8080808080808,43.0154357774519,"Mode16"
11.9393939393939,42.9243911764671,"Mode16"
12.0707070707071,42.8344096476285,"Mode16"
12.2020202020202,42.7486762728968,"Mode16"
12.3333333333333,42.6693327356173,"Mode16"
12.4646464646465,42.5984831254573,"Mode16"
12.5959595959596,42.538231532084,"Mode16"
12.7272727272727,42.4906820451645,"Mode16"
12.8585858585859,42.4579387543662,"Mode16"
12.989898989899,42.4421057493562,"Mode16"
13.1212121212121,42.4447303870787,"Mode16"
13.2525252525253,42.464552841483,"Mode16"
13.3838383838384,42.4994305043072,"Mode16"
13.5151515151515,42.5472204451061,"Mode16"
13.6464646464646,42.6057797334345,"Mode16"
13.7777777777778,42.6729654388471,"Mode16"
13.9090909090909,42.7466346308987,"Mode16"
14.040404040404,42.8246539118923,"Mode16"
14.1717171717172,42.9055835405118,"Mode16"
14.3030303030303,42.9891354505835,"Mode16"
14.4343434343434,43.0751301598935,"Mode16"
14.5656565656566,43.1633881862279,"Mode16"
14.6969696969697,43.2537300473731,"Mode16"
14.8282828282828,43.3459762611152,"Mode16"
14.959595959596,43.4399473452403,"Mode16"
15.0909090909091,43.5354549300591,"Mode16"
15.2222222222222,43.6322163825605,"Mode16"
15.3535353535354,43.7298922947348,"Mode16"
15.4848484848485,43.8281424783275,"Mode16"
15.6161616161616,43.9266267450843,"Mode16"
15.7474747474747,44.0250049067507,"Mode16"
15.8787878787879,44.1229367750722,"Mode16"
16.010101010101,44.2200820852194,"Mode16"
16.1414141414141,44.3158907567664,"Mode16"
16.2727272727273,44.4091455110056,"Mode16"
16.4040404040404,44.4984967475685,"Mode16"
16.5353535353535,44.5825948660865,"Mode16"
16.6666666666667,44.6600902661913,"Mode16"
16.7979797979798,44.7296333475145,"Mode16"
16.9292929292929,44.7898745096875,"Mode16"
17.0606060606061,44.8394979424532,"Mode16"
17.1919191919192,44.8781256675787,"Mode16"
17.3232323232323,44.906416562653,"Mode16"
17.4545454545455,44.9250831627112,"Mode16"
17.5858585858586,44.9348380027878,"Mode16"
17.7171717171717,44.9363936179174,"Mode16"
17.8484848484849,44.9304625431348,"Mode16"
17.979797979798,44.9177573134746,"Mode16"
18.1111111111111,44.8989511797788,"Mode16"
18.2424242424242,44.8744665171279,"Mode16"
18.3737373737374,44.8446270326417,"Mode16"
18.5050505050505,44.8097561973212,"Mode16"
18.6363636363636,44.7701774821676,"Mode16"
18.7676767676768,44.7262143581818,"Mode16"
18.8989898989899,44.6781902963654,"Mode16"
19.030303030303,44.6264266685127,"Mode16"
19.1616161616162,44.57093478583,"Mode16"
19.2929292929293,44.5110909884043,"Mode16"
19.4242424242424,44.4461938679302,"Mode16"
19.5555555555556,44.3755420161026,"Mode16"
19.6868686868687,44.2984340246161,"Mode16"
19.8181818181818,44.2141684851653,"Mode16"
19.9494949494949,44.1220439894449,"Mode16"
20.0808080808081,44.0214314089007,"Mode16"
20.2121212121212,43.9127198842043,"Mode16"
20.3434343434343,43.7970512818718,"Mode16"
20.4747474747475,43.675585114842,"Mode16"
20.6060606060606,43.5494808960548,"Mode16"
20.7373737373737,43.4198981384494,"Mode16"
20.8686868686869,43.2879963549653,"Mode16"
21,43.1549350585415,"Mode16"
8,51.2437085942743,"Mode17"
8.13131313131313,51.2489097873041,"Mode17"
8.26262626262626,51.2541109803338,"Mode17"
8.39393939393939,51.2593121733636,"Mode17"
8.52525252525253,51.2645133663933,"Mode17"
8.65656565656566,51.2697145594231,"Mode17"
8.78787878787879,51.2749157524529,"Mode17"
8.91919191919192,51.2801169454826,"Mode17"
9.05050505050505,51.2853181385124,"Mode17"
9.18181818181818,51.2905193315422,"Mode17"
9.31313131313131,51.295720524572,"Mode17"
9.44444444444444,51.3009217176018,"Mode17"
9.57575757575758,51.3061229106316,"Mode17"
9.70707070707071,51.3113241036614,"Mode17"
9.83838383838384,51.3165252966912,"Mode17"
9.96969696969697,51.3217264897211,"Mode17"
10.1010101010101,51.3269276827509,"Mode17"
10.2323232323232,51.3321288757807,"Mode17"
10.3636363636364,51.3373300688106,"Mode17"
10.4949494949495,51.3425312618404,"Mode17"
10.6262626262626,51.3477324548703,"Mode17"
10.7575757575758,51.3529336479001,"Mode17"
10.8888888888889,51.35813484093,"Mode17"
11.020202020202,51.3633360339599,"Mode17"
11.1515151515152,51.3685372269898,"Mode17"
11.2828282828283,51.3737384200197,"Mode17"
11.4141414141414,51.3789396130496,"Mode17"
11.5454545454545,51.3841408060795,"Mode17"
11.6767676767677,51.3893419991094,"Mode17"
11.8080808080808,51.3945431921393,"Mode17"
11.9393939393939,51.3997443851692,"Mode17"
12.0707070707071,51.4049455781992,"Mode17"
12.2020202020202,51.4101467712292,"Mode17"
12.3333333333333,51.4153479642591,"Mode17"
12.4646464646465,51.4205491572891,"Mode17"
12.5959595959596,51.4257503503191,"Mode17"
12.7272727272727,51.4309515433491,"Mode17"
12.8585858585859,51.4361527363792,"Mode17"
12.989898989899,51.4413539294092,"Mode17"
13.1212121212121,51.4465551224393,"Mode17"
13.2525252525253,51.4517563154694,"Mode17"
13.3838383838384,51.4569575084996,"Mode17"
13.5151515151515,51.4621587015297,"Mode17"
13.6464646464646,51.4673598945599,"Mode17"
13.7777777777778,51.4725610875901,"Mode17"
13.9090909090909,51.4777622806203,"Mode17"
14.040404040404,51.4829634736505,"Mode17"
14.1717171717172,51.4881646666808,"Mode17"
14.3030303030303,51.4933658597111,"Mode17"
14.4343434343434,51.4985670527414,"Mode17"
14.5656565656566,51.5037682457717,"Mode17"
14.6969696969697,51.508969438802,"Mode17"
14.8282828282828,51.5141706318324,"Mode17"
14.959595959596,51.5193718248628,"Mode17"
15.0909090909091,51.5245730178931,"Mode17"
15.2222222222222,51.5297742109235,"Mode17"
15.3535353535354,51.5349754039539,"Mode17"
15.4848484848485,51.5401765969843,"Mode17"
15.6161616161616,51.5453777900147,"Mode17"
15.7474747474747,51.5505789830451,"Mode17"
15.8787878787879,51.5557801760756,"Mode17"
16.010101010101,51.560981369106,"Mode17"
16.1414141414141,51.5661825621364,"Mode17"
16.2727272727273,51.5713837551668,"Mode17"
16.4040404040404,51.5765849481973,"Mode17"
16.5353535353535,51.5817861412277,"Mode17"
16.6666666666667,51.5869873342581,"Mode17"
16.7979797979798,51.5921885272885,"Mode17"
16.9292929292929,51.5973897203189,"Mode17"
17.0606060606061,51.6025909133493,"Mode17"
17.1919191919192,51.6077921063797,"Mode17"
17.3232323232323,51.6129932994101,"Mode17"
17.4545454545455,51.6181944924405,"Mode17"
17.5858585858586,51.6233956854708,"Mode17"
17.7171717171717,51.6285968785012,"Mode17"
17.8484848484849,51.6337980715315,"Mode17"
17.979797979798,51.6389992645619,"Mode17"
18.1111111111111,51.6442004575922,"Mode17"
18.2424242424242,51.6494016506225,"Mode17"
18.3737373737374,51.6546028436528,"Mode17"
18.5050505050505,51.6598040366831,"Mode17"
18.6363636363636,51.6650052297134,"Mode17"
18.7676767676768,51.6702064227437,"Mode17"
18.8989898989899,51.675407615774,"Mode17"
19.030303030303,51.6806088088042,"Mode17"
19.1616161616162,51.6858100018345,"Mode17"
19.2929292929293,51.6910111948647,"Mode17"
19.4242424242424,51.696212387895,"Mode17"
19.5555555555556,51.7014135809252,"Mode17"
19.6868686868687,51.7066147739554,"Mode17"
19.8181818181818,51.7118159669856,"Mode17"
19.9494949494949,51.7170171600158,"Mode17"
20.0808080808081,51.722218353046,"Mode17"
20.2121212121212,51.7274195460762,"Mode17"
20.3434343434343,51.7326207391065,"Mode17"
20.4747474747475,51.7378219321367,"Mode17"
20.6060606060606,51.7430231251669,"Mode17"
20.7373737373737,51.7482243181971,"Mode17"
20.8686868686869,51.7534255112273,"Mode17"
21,51.7586267042575,"Mode17"
8,47.2619673038622,"Mode18"
8.13131313131313,47.2780527430738,"Mode18"
8.26262626262626,47.2941381864108,"Mode18"
8.39393939393939,47.3102236379985,"Mode18"
8.52525252525253,47.3263091019624,"Mode18"
8.65656565656566,47.3423945824277,"Mode18"
8.78787878787879,47.3584800835198,"Mode18"
8.91919191919192,47.3745656093641,"Mode18"
9.05050505050505,47.3906511640412,"Mode18"
9.18181818181818,47.4067367497209,"Mode18"
9.31313131313131,47.4228223659879,"Mode18"
9.44444444444444,47.4389080122439,"Mode18"
9.57575757575758,47.4549936878902,"Mode18"
9.70707070707071,47.4710793923282,"Mode18"
9.83838383838384,47.4871651249593,"Mode18"
9.96969696969697,47.503250885185,"Mode18"
10.1010101010101,47.5193366722549,"Mode18"
10.2323232323232,47.5354224841792,"Mode18"
10.3636363636364,47.551508318363,"Mode18"
10.4949494949495,47.5675941722073,"Mode18"
10.6262626262626,47.5836800431128,"Mode18"
10.7575757575758,47.5997659284806,"Mode18"
10.8888888888889,47.6158518257116,"Mode18"
11.020202020202,47.6319377322078,"Mode18"
11.1515151515152,47.6480236458576,"Mode18"
11.2828282828283,47.6641095657856,"Mode18"
11.4141414141414,47.6801954913101,"Mode18"
11.5454545454545,47.6962814217493,"Mode18"
11.6767676767677,47.7123673564215,"Mode18"
11.8080808080808,47.728453294645,"Mode18"
11.9393939393939,47.744539235738,"Mode18"
12.0707070707071,47.7606251789976,"Mode18"
12.2020202020202,47.7767111233149,"Mode18"
12.3333333333333,47.7927970672132,"Mode18"
12.4646464646465,47.8088830092024,"Mode18"
12.5959595959596,47.8249689477928,"Mode18"
12.7272727272727,47.8410548814945,"Mode18"
12.8585858585859,47.8571408088175,"Mode18"
12.989898989899,47.8732267282719,"Mode18"
13.1212121212121,47.8893126379883,"Mode18"
13.2525252525253,47.9053985341828,"Mode18"
13.3838383838384,47.9214844124697,"Mode18"
13.5151515151515,47.9375702684631,"Mode18"
13.6464646464646,47.9536560977771,"Mode18"
13.7777777777778,47.9697418960256,"Mode18"
13.9090909090909,47.9858276588227,"Mode18"
14.040404040404,48.0019133817793,"Mode18"
14.1717171717172,48.0179990602768,"Mode18"
14.3030303030303,48.034084689315,"Mode18"
14.4343434343434,48.0501702638581,"Mode18"
14.5656565656566,48.0662557788701,"Mode18"
14.6969696969697,48.082341229315,"Mode18"
14.8282828282828,48.0984266101569,"Mode18"
14.959595959596,48.1145119163598,"Mode18"
15.0909090909091,48.130597142969,"Mode18"
15.2222222222222,48.1466822858894,"Mode18"
15.3535353535354,48.1627673415441,"Mode18"
15.4848484848485,48.1788523063634,"Mode18"
15.6161616161616,48.1949371767772,"Mode18"
15.7474747474747,48.211021949216,"Mode18"
15.8787878787879,48.2271066201097,"Mode18"
16.010101010101,48.2431911858887,"Mode18"
16.1414141414141,48.2592756435325,"Mode18"
16.2727272727273,48.2753599917657,"Mode18"
16.4040404040404,48.2914442296593,"Mode18"
16.5353535353535,48.3075283562844,"Mode18"
16.6666666666667,48.323612370712,"Mode18"
16.7979797979798,48.339696272013,"Mode18"
16.9292929292929,48.3557800592584,"Mode18"
17.0606060606061,48.3718637315778,"Mode18"
17.1919191919192,48.3879472897245,"Mode18"
17.3232323232323,48.4040307362468,"Mode18"
17.4545454545455,48.4201140737862,"Mode18"
17.5858585858586,48.436197304984,"Mode18"
17.7171717171717,48.4522804324817,"Mode18"
17.8484848484849,48.4683634589206,"Mode18"
17.979797979798,48.4844463869421,"Mode18"
18.1111111111111,48.5005292194318,"Mode18"
18.2424242424242,48.5166119608343,"Mode18"
18.3737373737374,48.5326946162076,"Mode18"
18.5050505050505,48.548777190611,"Mode18"
18.6363636363636,48.5648596891041,"Mode18"
18.7676767676768,48.580942116746,"Mode18"
18.8989898989899,48.5970244785963,"Mode18"
19.030303030303,48.6131067797138,"Mode18"
19.1616161616162,48.6291890250836,"Mode18"
19.2929292929293,48.6452712195394,"Mode18"
19.4242424242424,48.6613533678966,"Mode18"
19.5555555555556,48.6774354749703,"Mode18"
19.6868686868687,48.6935175455758,"Mode18"
19.8181818181818,48.7095995845285,"Mode18"
19.9494949494949,48.7256815966436,"Mode18"
20.0808080808081,48.7417635866522,"Mode18"
20.2121212121212,48.7578455580999,"Mode18"
20.3434343434343,48.7739275136557,"Mode18"
20.4747474747475,48.7900094559685,"Mode18"
20.6060606060606,48.8060913876867,"Mode18"
20.7373737373737,48.8221733114591,"Mode18"
20.8686868686869,48.8382552299342,"Mode18"
21,48.8543371457606,"Mode18"
8,58.0568587458179,"Mode19"
8.13131313131313,58.040337902894,"Mode19"
8.26262626262626,58.0240641230763,"Mode19"
8.39393939393939,58.0082844694707,"Mode19"
8.52525252525253,57.9932460051836,"Mode19"
8.65656565656566,57.9791957933209,"Mode19"
8.78787878787879,57.9663808969888,"Mode19"
8.91919191919192,57.9550483792935,"Mode19"
9.05050505050505,57.9454434558509,"Mode19"
9.18181818181818,57.9377325357401,"Mode19"
9.31313131313131,57.9319754204723,"Mode19"
9.44444444444444,57.9282243442394,"Mode19"
9.57575757575758,57.9265315412332,"Mode19"
9.70707070707071,57.9269492456456,"Mode19"
9.83838383838384,57.9295296916684,"Mode19"
9.96969696969697,57.9343251134935,"Mode19"
10.1010101010101,57.9413737995523,"Mode19"
10.2323232323232,57.9506001432508,"Mode19"
10.3636363636364,57.9618729223025,"Mode19"
10.4949494949495,57.9750605378855,"Mode19"
10.6262626262626,57.9900313911776,"Mode19"
10.7575757575758,58.0066538833568,"Mode19"
10.8888888888889,58.0247964156011,"Mode19"
11.020202020202,58.0443274615211,"Mode19"
11.1515151515152,58.065145762515,"Mode19"
11.2828282828283,58.0872270196566,"Mode19"
11.4141414141414,58.1105589849996,"Mode19"
11.5454545454545,58.1351294105975,"Mode19"
11.6767676767677,58.160926048504,"Mode19"
11.8080808080808,58.1879366507725,"Mode19"
11.9393939393939,58.2161489694568,"Mode19"
12.0707070707071,58.2455537183381,"Mode19"
12.2020202020202,58.2761988424857,"Mode19"
12.3333333333333,58.3081840524444,"Mode19"
12.4646464646465,58.3416109238702,"Mode19"
12.5959595959596,58.3765810324191,"Mode19"
12.7272727272727,58.4131959537472,"Mode19"
12.8585858585859,58.4515572635106,"Mode19"
12.989898989899,58.4917665373652,"Mode19"
13.1212121212121,58.533899891752,"Mode19"
13.2525252525253,58.5779050715012,"Mode19"
13.3838383838384,58.6236894520855,"Mode19"
13.5151515151515,58.6711603942444,"Mode19"
13.6464646464646,58.7202252587172,"Mode19"
13.7777777777778,58.7707914062434,"Mode19"
13.9090909090909,58.8227661975625,"Mode19"
14.040404040404,58.8760563184827,"Mode19"
14.1717171717172,58.9305193430396,"Mode19"
14.3030303030303,58.9859313051721,"Mode19"
14.4343434343434,59.0420605509337,"Mode19"
14.5656565656566,59.0986754263779,"Mode19"
14.6969696969697,59.1555442775581,"Mode19"
14.8282828282828,59.212435450528,"Mode19"
14.959595959596,59.2691172913409,"Mode19"
15.0909090909091,59.3253666071062,"Mode19"
15.2222222222222,59.3810499455141,"Mode19"
15.3535353535354,59.4360879051973,"Mode19"
15.4848484848485,59.4904018275968,"Mode19"
15.6161616161616,59.543913054154,"Mode19"
15.7474747474747,59.5965429263102,"Mode19"
15.8787878787879,59.6482127855065,"Mode19"
16.010101010101,59.6988439772578,"Mode19"
16.1414141414141,59.748369008526,"Mode19"
16.2727272727273,59.7967558788605,"Mode19"
16.4040404040404,59.8439796268547,"Mode19"
16.5353535353535,59.8900152911022,"Mode19"
16.6666666666667,59.9348379101962,"Mode19"
16.7979797979798,59.9784225227303,"Mode19"
16.9292929292929,60.0207441672979,"Mode19"
17.0606060606061,60.0617760931077,"Mode19"
17.1919191919192,60.1014418856606,"Mode19"
17.3232323232323,60.139610222858,"Mode19"
17.4545454545455,60.1761469411249,"Mode19"
17.5858585858586,60.2109178768863,"Mode19"
17.7171717171717,60.2437888665672,"Mode19"
17.8484848484849,60.2746257465926,"Mode19"
17.979797979798,60.3032943533874,"Mode19"
18.1111111111111,60.329671118634,"Mode19"
18.2424242424242,60.3537001371901,"Mode19"
18.3737373737374,60.3753521154426,"Mode19"
18.5050505050505,60.3945978234612,"Mode19"
18.6363636363636,60.4114080313159,"Mode19"
18.7676767676768,60.4257535090763,"Mode19"
18.8989898989899,60.4376050268122,"Mode19"
19.030303030303,60.4469337763145,"Mode19"
19.1616161616162,60.4537732391263,"Mode19"
19.2929292929293,60.4582844595813,"Mode19"
19.4242424242424,60.460644101309,"Mode19"
19.5555555555556,60.4610288279391,"Mode19"
19.6868686868687,60.459615303101,"Mode19"
19.8181818181818,60.4565801904244,"Mode19"
19.9494949494949,60.4521001535389,"Mode19"
20.0808080808081,60.4463511162815,"Mode19"
20.2121212121212,60.4394985803736,"Mode19"
20.3434343434343,60.4317003432908,"Mode19"
20.4747474747475,60.4231140218958,"Mode19"
20.6060606060606,60.4138972330509,"Mode19"
20.7373737373737,60.4042075936187,"Mode19"
20.8686868686869,60.3942027204616,"Mode19"
21,60.3840402304419,"Mode19"
8,42.6557411042797,"Mode20"
8.13131313131313,42.6102176691941,"Mode20"
8.26262626262626,42.5649638400624,"Mode20"
8.39393939393939,42.5202492228384,"Mode20"
8.52525252525253,42.4763434234762,"Mode20"
8.65656565656566,42.4335160479295,"Mode20"
8.78787878787879,42.3920367021523,"Mode20"
8.91919191919192,42.3521749920984,"Mode20"
9.05050505050505,42.3141992719987,"Mode20"
9.18181818181818,42.278324502589,"Mode20"
9.31313131313131,42.2446934151822,"Mode20"
9.44444444444444,42.2134436140339,"Mode20"
9.57575757575758,42.1847127033998,"Mode20"
9.70707070707071,42.1586382875357,"Mode20"
9.83838383838384,42.1353579706972,"Mode20"
9.96969696969697,42.11500935714,"Mode20"
10.1010101010101,42.0977119137144,"Mode20"
10.2323232323232,42.0834369790813,"Mode20"
10.3636363636364,42.072083559929,"Mode20"
10.4949494949495,42.0635501732359,"Mode20"
10.6262626262626,42.0577353359804,"Mode20"
10.7575757575758,42.0545375651409,"Mode20"
10.8888888888889,42.0538553776958,"Mode20"
11.020202020202,42.0555873328039,"Mode20"
11.1515151515152,42.0596496157898,"Mode20"
11.2828282828283,42.0660032287317,"Mode20"
11.4141414141414,42.0746161914844,"Mode20"
11.5454545454545,42.0854565239025,"Mode20"
11.6767676767677,42.0984922458409,"Mode20"
11.8080808080808,42.1136913771541,"Mode20"
11.9393939393939,42.1310219376969,"Mode20"
12.0707070707071,42.1504546310216,"Mode20"
12.2020202020202,42.1720120194207,"Mode20"
12.3333333333333,42.1957635712141,"Mode20"
12.4646464646465,42.2217804447465,"Mode20"
12.5959595959596,42.2501337983632,"Mode20"
12.7272727272727,42.280894790409,"Mode20"
12.8585858585859,42.314134579229,"Mode20"
12.989898989899,42.3499243231682,"Mode20"
13.1212121212121,42.388300022011,"Mode20"
13.2525252525253,42.429120397452,"Mode20"
13.3838383838384,42.4721884220797,"Mode20"
13.5151515151515,42.5173070481357,"Mode20"
13.6464646464646,42.564279227862,"Mode20"
13.7777777777778,42.6129079135004,"Mode20"
13.9090909090909,42.6629960572927,"Mode20"
14.040404040404,42.7143464057047,"Mode20"
14.1717171717172,42.7667467317777,"Mode20"
14.3030303030303,42.8199599482314,"Mode20"
14.4343434343434,42.8737466238676,"Mode20"
14.5656565656566,42.927867327488,"Mode20"
14.6969696969697,42.9820826278941,"Mode20"
14.8282828282828,43.0361530938878,"Mode20"
14.959595959596,43.0898392942706,"Mode20"
15.0909090909091,43.1429188250939,"Mode20"
15.2222222222222,43.1953498786968,"Mode20"
15.3535353535354,43.247199420946,"Mode20"
15.4848484848485,43.2985359125555,"Mode20"
15.6161616161616,43.3494278142396,"Mode20"
15.7474747474747,43.3999435867124,"Mode20"
15.8787878787879,43.4501516906882,"Mode20"
16.010101010101,43.5001205704011,"Mode20"
16.1414141414141,43.5498735145523,"Mode20"
16.2727272727273,43.5992902205451,"Mode20"
16.4040404040404,43.6482219081329,"Mode20"
16.5353535353535,43.6965197970692,"Mode20"
16.6666666666667,43.7440351071072,"Mode20"
16.7979797979798,43.7906190580003,"Mode20"
16.9292929292929,43.836122869502,"Mode20"
17.0606060606061,43.8803920801168,"Mode20"
17.1919191919192,43.9231145473903,"Mode20"
17.3232323232323,43.9638037986939,"Mode20"
17.4545454545455,44.0019643397863,"Mode20"
17.5858585858586,44.037100676426,"Mode20"
17.7171717171717,44.0687173143716,"Mode20"
17.8484848484849,44.0963187593815,"Mode20"
17.979797979798,44.1194095172146,"Mode20"
18.1111111111111,44.1375441807256,"Mode20"
18.2424242424242,44.1505972077729,"Mode20"
18.3737373737374,44.1585688572391,"Mode20"
18.5050505050505,44.1614596890561,"Mode20"
18.6363636363636,44.1592702631559,"Mode20"
18.7676767676768,44.1520011394703,"Mode20"
18.8989898989899,44.1396528779315,"Mode20"
19.030303030303,44.1222270327541,"Mode20"
19.1616161616162,44.099872017415,"Mode20"
19.2929292929293,44.0730369975453,"Mode20"
19.4242424242424,44.0422079640673,"Mode20"
19.5555555555556,44.0078709079037,"Mode20"
19.6868686868687,43.9705118199769,"Mode20"
19.8181818181818,43.9306166912094,"Mode20"
19.9494949494949,43.8886715125237,"Mode20"
20.0808080808081,43.8451504223866,"Mode20"
20.2121212121212,43.8003605831661,"Mode20"
20.3434343434343,43.7544857250164,"Mode20"
20.4747474747475,43.7077066844256,"Mode20"
20.6060606060606,43.660204297882,"Mode20"
20.7373737373737,43.6121594018739,"Mode20"
20.8686868686869,43.5637528328893,"Mode20"
21,43.5151654274165,"Mode20"
8,61.878187500749,"Mode21"
8.13131313131313,61.8850250057347,"Mode21"
8.26262626262626,61.8918625107204,"Mode21"
8.39393939393939,61.898700015706,"Mode21"
8.52525252525253,61.9055375206917,"Mode21"
8.65656565656566,61.9123750256774,"Mode21"
8.78787878787879,61.9192125306631,"Mode21"
8.91919191919192,61.9260500356488,"Mode21"
9.05050505050505,61.9328875406345,"Mode21"
9.18181818181818,61.9397250456202,"Mode21"
9.31313131313131,61.946562550606,"Mode21"
9.44444444444444,61.9534000555917,"Mode21"
9.57575757575758,61.9602375605775,"Mode21"
9.70707070707071,61.9670750655633,"Mode21"
9.83838383838384,61.9739125705491,"Mode21"
9.96969696969697,61.9807500755349,"Mode21"
10.1010101010101,61.9875875805207,"Mode21"
10.2323232323232,61.9944250855066,"Mode21"
10.3636363636364,62.0012625904925,"Mode21"
10.4949494949495,62.0081000954784,"Mode21"
10.6262626262626,62.0149376004643,"Mode21"
10.7575757575758,62.0217751054503,"Mode21"
10.8888888888889,62.0286126104362,"Mode21"
11.020202020202,62.0354501154222,"Mode21"
11.1515151515152,62.0422876204083,"Mode21"
11.2828282828283,62.0491251253943,"Mode21"
11.4141414141414,62.0559626303804,"Mode21"
11.5454545454545,62.0628001353665,"Mode21"
11.6767676767677,62.0696376403527,"Mode21"
11.8080808080808,62.0764751453388,"Mode21"
11.9393939393939,62.083312650325,"Mode21"
12.0707070707071,62.0901501553113,"Mode21"
12.2020202020202,62.0969876602975,"Mode21"
12.3333333333333,62.1038251652838,"Mode21"
12.4646464646465,62.1106626702702,"Mode21"
12.5959595959596,62.1175001752565,"Mode21"
12.7272727272727,62.1243376802429,"Mode21"
12.8585858585859,62.1311751852293,"Mode21"
12.989898989899,62.1380126902158,"Mode21"
13.1212121212121,62.1448501952023,"Mode21"
13.2525252525253,62.1516877001888,"Mode21"
13.3838383838384,62.1585252051754,"Mode21"
13.5151515151515,62.1653627101619,"Mode21"
13.6464646464646,62.1722002151485,"Mode21"
13.7777777777778,62.1790377201352,"Mode21"
13.9090909090909,62.1858752251218,"Mode21"
14.040404040404,62.1927127301085,"Mode21"
14.1717171717172,62.1995502350952,"Mode21"
14.3030303030303,62.2063877400819,"Mode21"
14.4343434343434,62.2132252450687,"Mode21"
14.5656565656566,62.2200627500554,"Mode21"
14.6969696969697,62.2269002550422,"Mode21"
14.8282828282828,62.233737760029,"Mode21"
14.959595959596,62.2405752650157,"Mode21"
15.0909090909091,62.2474127700025,"Mode21"
15.2222222222222,62.2542502749894,"Mode21"
15.3535353535354,62.2610877799762,"Mode21"
15.4848484848485,62.267925284963,"Mode21"
15.6161616161616,62.2747627899498,"Mode21"
15.7474747474747,62.2816002949367,"Mode21"
15.8787878787879,62.2884377999235,"Mode21"
16.010101010101,62.2952753049103,"Mode21"
16.1414141414141,62.3021128098971,"Mode21"
16.2727272727273,62.308950314884,"Mode21"
16.4040404040404,62.3157878198708,"Mode21"
16.5353535353535,62.3226253248576,"Mode21"
16.6666666666667,62.3294628298444,"Mode21"
16.7979797979798,62.3363003348312,"Mode21"
16.9292929292929,62.343137839818,"Mode21"
17.0606060606061,62.3499753448048,"Mode21"
17.1919191919192,62.3568128497916,"Mode21"
17.3232323232323,62.3636503547783,"Mode21"
17.4545454545455,62.3704878597651,"Mode21"
17.5858585858586,62.3773253647518,"Mode21"
17.7171717171717,62.3841628697386,"Mode21"
17.8484848484849,62.3910003747253,"Mode21"
17.979797979798,62.397837879712,"Mode21"
18.1111111111111,62.4046753846986,"Mode21"
18.2424242424242,62.4115128896853,"Mode21"
18.3737373737374,62.4183503946719,"Mode21"
18.5050505050505,62.4251878996585,"Mode21"
18.6363636363636,62.4320254046451,"Mode21"
18.7676767676768,62.4388629096317,"Mode21"
18.8989898989899,62.4457004146183,"Mode21"
19.030303030303,62.4525379196048,"Mode21"
19.1616161616162,62.4593754245913,"Mode21"
19.2929292929293,62.4662129295779,"Mode21"
19.4242424242424,62.4730504345644,"Mode21"
19.5555555555556,62.4798879395509,"Mode21"
19.6868686868687,62.4867254445374,"Mode21"
19.8181818181818,62.4935629495238,"Mode21"
19.9494949494949,62.5004004545103,"Mode21"
20.0808080808081,62.5072379594968,"Mode21"
20.2121212121212,62.5140754644833,"Mode21"
20.3434343434343,62.5209129694697,"Mode21"
20.4747474747475,62.5277504744562,"Mode21"
20.6060606060606,62.5345879794427,"Mode21"
20.7373737373737,62.5414254844291,"Mode21"
20.8686868686869,62.5482629894156,"Mode21"
21,62.5551004944021,"Mode21"
8,76.1475288720835,"Mode22"
8.13131313131313,76.227060340355,"Mode22"
8.26262626262626,76.3069241408496,"Mode22"
8.39393939393939,76.3874526057903,"Mode22"
8.52525252525253,76.4689780674001,"Mode22"
8.65656565656566,76.5518328579021,"Mode22"
8.78787878787879,76.6363493095193,"Mode22"
8.91919191919192,76.7228597544749,"Mode22"
9.05050505050505,76.8116887574015,"Mode22"
9.18181818181818,76.9028295486031,"Mode22"
9.31313131313131,76.9958271373574,"Mode22"
9.44444444444444,77.090194716892,"Mode22"
9.57575757575758,77.185445480435,"Mode22"
9.70707070707071,77.2810926212142,"Mode22"
9.83838383838384,77.3766493324574,"Mode22"
9.96969696969697,77.4716288073926,"Mode22"
10.1010101010101,77.5655256376503,"Mode22"
10.2323232323232,77.6576824956161,"Mode22"
10.3636363636364,77.7473678705054,"Mode22"
10.4949494949495,77.8338497492907,"Mode22"
10.6262626262626,77.9163961189443,"Mode22"
10.7575757575758,77.9942749664386,"Mode22"
10.8888888888889,78.066754278746,"Mode22"
11.020202020202,78.1331027407798,"Mode22"
11.1515151515152,78.1928806894603,"Mode22"
11.2828282828283,78.246390023797,"Mode22"
11.4141414141414,78.2940487626978,"Mode22"
11.5454545454545,78.3362749250708,"Mode22"
11.6767676767677,78.3734865298241,"Mode22"
11.8080808080808,78.4061015958658,"Mode22"
11.9393939393939,78.434538142104,"Mode22"
12.0707070707071,78.4592335506872,"Mode22"
12.2020202020202,78.480999371573,"Mode22"
12.3333333333333,78.5009855880341,"Mode22"
12.4646464646465,78.5203543771041,"Mode22"
12.5959595959596,78.5402679158166,"Mode22"
12.7272727272727,78.5618883812052,"Mode22"
12.8585858585859,78.5863779503035,"Mode22"
12.989898989899,78.6148988001451,"Mode22"
13.1212121212121,78.6484791717572,"Mode22"
13.2525252525253,78.6874719679599,"Mode22"
13.3838383838384,78.7320177161926,"Mode22"
13.5151515151515,78.7822568663858,"Mode22"
13.6464646464646,78.8383298684697,"Mode22"
13.7777777777778,78.9003771723748,"Mode22"
13.9090909090909,78.9685392280313,"Mode22"
14.040404040404,79.0429519744225,"Mode22"
14.1717171717172,79.1234231086528,"Mode22"
14.3030303030303,79.2092153490397,"Mode22"
14.4343434343434,79.2995400313951,"Mode22"
14.5656565656566,79.3936084915308,"Mode22"
14.6969696969697,79.4906320652585,"Mode22"
14.8282828282828,79.5898220883902,"Mode22"
14.959595959596,79.6903898967375,"Mode22"
15.0909090909091,79.7915719929651,"Mode22"
15.2222222222222,79.8928718071804,"Mode22"
15.3535353535354,79.993953540456,"Mode22"
15.4848484848485,80.0944836032999,"Mode22"
15.6161616161616,80.1941284062203,"Mode22"
15.7474747474747,80.2925543597252,"Mode22"
15.8787878787879,80.3894278743228,"Mode22"
16.010101010101,80.4844153730882,"Mode22"
16.1414141414141,80.5772177124972,"Mode22"
16.2727272727273,80.6676452447279,"Mode22"
16.4040404040404,80.7555300376212,"Mode22"
16.5353535353535,80.8407041590181,"Mode22"
16.6666666666667,80.9229996767594,"Mode22"
16.7979797979798,81.0022486586863,"Mode22"
16.9292929292929,81.0782831726396,"Mode22"
17.0606060606061,81.150926008343,"Mode22"
17.1919191919192,81.2197424448102,"Mode22"
17.3232323232323,81.2840130603067,"Mode22"
17.4545454545455,81.3430036997915,"Mode22"
17.5858585858586,81.3959802082233,"Mode22"
17.7171717171717,81.442208430561,"Mode22"
17.8484848484849,81.4809542117635,"Mode22"
17.979797979798,81.5114833967896,"Mode22"
18.1111111111111,81.5330986345357,"Mode22"
18.2424242424242,81.545337610313,"Mode22"
18.3737373737374,81.547830447872,"Mode22"
18.5050505050505,81.5402074921742,"Mode22"
18.6363636363636,81.522099088181,"Mode22"
18.7676767676768,81.4931355808536,"Mode22"
18.8989898989899,81.4529473151536,"Mode22"
19.030303030303,81.4011667951799,"Mode22"
19.1616161616162,81.3377454376693,"Mode22"
19.2929292929293,81.2632877585336,"Mode22"
19.4242424242424,81.1784782417483,"Mode22"
19.5555555555556,81.084001371289,"Mode22"
19.6868686868687,80.980541631131,"Mode22"
19.8181818181818,80.8687835052499,"Mode22"
19.9494949494949,80.7494114776212,"Mode22"
20.0808080808081,80.6231174457594,"Mode22"
20.2121212121212,80.4906977483071,"Mode22"
20.3434343434343,80.3530259289663,"Mode22"
20.4747474747475,80.210977341385,"Mode22"
20.6060606060606,80.0654273392114,"Mode22"
20.7373737373737,79.9172512760935,"Mode22"
20.8686868686869,79.7673245056794,"Mode22"
21,79.6165223816173,"Mode22"
8,41.9488163438708,"Mode23"
8.13131313131313,41.818132274905,"Mode23"
8.26262626262626,41.690970148204,"Mode23"
8.39393939393939,41.5708519060326,"Mode23"
8.52525252525253,41.4612994906559,"Mode23"
8.65656565656566,41.3658348443386,"Mode23"
8.78787878787879,41.2879799093454,"Mode23"
8.91919191919192,41.2312566279413,"Mode23"
9.05050505050505,41.1991298112948,"Mode23"
9.18181818181818,41.1926272865255,"Mode23"
9.31313131313131,41.2094801879653,"Mode23"
9.44444444444444,41.2471856409756,"Mode23"
9.57575757575758,41.3032407709174,"Mode23"
9.70707070707071,41.3751427031518,"Mode23"
9.83838383838384,41.4603885630401,"Mode23"
9.96969696969697,41.5564754759432,"Mode23"
10.1010101010101,41.6608243716141,"Mode23"
10.2323232323232,41.7702338902734,"Mode23"
10.3636363636364,41.8811988040558,"Mode23"
10.4949494949495,41.9902118278148,"Mode23"
10.6262626262626,42.0937656764037,"Mode23"
10.7575757575758,42.1883530646761,"Mode23"
10.8888888888889,42.2704667074853,"Mode23"
11.020202020202,42.3366023325508,"Mode23"
11.1515151515152,42.384514668987,"Mode23"
11.2828282828283,42.4151596160722,"Mode23"
11.4141414141414,42.4299943386714,"Mode23"
11.5454545454545,42.4304760016495,"Mode23"
11.6767676767677,42.4180617698717,"Mode23"
11.8080808080808,42.3942088082029,"Mode23"
11.9393939393939,42.3603742815082,"Mode23"
12.0707070707071,42.3180512689005,"Mode23"
12.2020202020202,42.2694268426004,"Mode23"
12.3333333333333,42.2173157888713,"Mode23"
12.4646464646465,42.1645555105296,"Mode23"
12.5959595959596,42.1139834103915,"Mode23"
12.7272727272727,42.0684368912736,"Mode23"
12.8585858585859,42.0307533559918,"Mode23"
12.989898989899,42.0037702073626,"Mode23"
13.1212121212121,41.9899596262953,"Mode23"
13.2525252525253,41.9899522552296,"Mode23"
13.3838383838384,42.0037996231645,"Mode23"
13.5151515151515,42.0315530477439,"Mode23"
13.6464646464646,42.0732638466118,"Mode23"
13.7777777777778,42.1289833374119,"Mode23"
13.9090909090909,42.1987628377883,"Mode23"
14.040404040404,42.2826422226067,"Mode23"
14.1717171717172,42.3798287258452,"Mode23"
14.3030303030303,42.4881471508729,"Mode23"
14.4343434343434,42.6052919606663,"Mode23"
14.5656565656566,42.7289576182021,"Mode23"
14.6969696969697,42.856838586457,"Mode23"
14.8282828282828,42.9866293284076,"Mode23"
14.959595959596,43.1160243070305,"Mode23"
15.0909090909091,43.2427487461578,"Mode23"
15.2222222222222,43.3648541287892,"Mode23"
15.3535353535354,43.4805884445138,"Mode23"
15.4848484848485,43.5882023834616,"Mode23"
15.6161616161616,43.6859466357631,"Mode23"
15.7474747474747,43.7720718915484,"Mode23"
15.8787878787879,43.8448288409479,"Mode23"
16.010101010101,43.9024684333576,"Mode23"
16.1414141414141,43.9439520067631,"Mode23"
16.2727272727273,43.9704998830098,"Mode23"
16.4040404040404,43.9837803954331,"Mode23"
16.5353535353535,43.9854618773685,"Mode23"
16.6666666666667,43.9772126621513,"Mode23"
16.7979797979798,43.9607010831171,"Mode23"
16.9292929292929,43.9375954736011,"Mode23"
17.0606060606061,43.9095721011093,"Mode23"
17.1919191919192,43.8785274431147,"Mode23"
17.3232323232323,43.8466014385844,"Mode23"
17.4545454545455,43.8159466256548,"Mode23"
17.5858585858586,43.7887155424624,"Mode23"
17.7171717171717,43.7670607271435,"Mode23"
17.8484848484849,43.7531347178345,"Mode23"
17.979797979798,43.7490900526719,"Mode23"
18.1111111111111,43.7566331003114,"Mode23"
18.2424242424242,43.7746209126665,"Mode23"
18.3737373737374,43.8007899221367,"Mode23"
18.5050505050505,43.8328738794114,"Mode23"
18.6363636363636,43.8686065351801,"Mode23"
18.7676767676768,43.9057216401322,"Mode23"
18.8989898989899,43.9419529449575,"Mode23"
19.030303030303,43.9750342345461,"Mode23"
19.1616161616162,44.0027043454058,"Mode23"
19.2929292929293,44.0227124592191,"Mode23"
19.4242424242424,44.0328090243729,"Mode23"
19.5555555555556,44.0307444892539,"Mode23"
19.6868686868687,44.0142693022492,"Mode23"
19.8181818181818,43.9811339117455,"Mode23"
19.9494949494949,43.9290887661296,"Mode23"
20.0808080808081,43.8560840202063,"Mode23"
20.2121212121212,43.7628832709501,"Mode23"
20.3434343434343,43.652329870452,"Mode23"
20.4747474747475,43.527315927252,"Mode23"
20.6060606060606,43.3907335498908,"Mode23"
20.7373737373737,43.2454748469085,"Mode23"
20.8686868686869,43.0944319268456,"Mode23"
21,42.9404968982421,"Mode23"
8,63.0647689840906,"Mode24"
8.13131313131313,63.0979596913797,"Mode24"
8.26262626262626,63.1311503986687,"Mode24"
8.39393939393939,63.1643411059578,"Mode24"
8.52525252525253,63.1975318132468,"Mode24"
8.65656565656566,63.2307225205359,"Mode24"
8.78787878787879,63.263913227825,"Mode24"
8.91919191919192,63.2971039351141,"Mode24"
9.05050505050505,63.3302946424031,"Mode24"
9.18181818181818,63.3634853496922,"Mode24"
9.31313131313131,63.3966760569813,"Mode24"
9.44444444444444,63.4298667642704,"Mode24"
9.57575757575758,63.4630574715595,"Mode24"
9.70707070707071,63.4962481788486,"Mode24"
9.83838383838384,63.5294388861377,"Mode24"
9.96969696969697,63.5626295934268,"Mode24"
10.1010101010101,63.5958203007159,"Mode24"
10.2323232323232,63.6290110080051,"Mode24"
10.3636363636364,63.6622017152942,"Mode24"
10.4949494949495,63.6953924225833,"Mode24"
10.6262626262626,63.7285831298725,"Mode24"
10.7575757575758,63.7617738371616,"Mode24"
10.8888888888889,63.7949645444508,"Mode24"
11.020202020202,63.82815525174,"Mode24"
11.1515151515152,63.8613459590291,"Mode24"
11.2828282828283,63.8945366663183,"Mode24"
11.4141414141414,63.9277273736075,"Mode24"
11.5454545454545,63.9609180808967,"Mode24"
11.6767676767677,63.9941087881859,"Mode24"
11.8080808080808,64.0272994954751,"Mode24"
11.9393939393939,64.0604902027643,"Mode24"
12.0707070707071,64.0936809100536,"Mode24"
12.2020202020202,64.1268716173428,"Mode24"
12.3333333333333,64.160062324632,"Mode24"
12.4646464646465,64.1932530319212,"Mode24"
12.5959595959596,64.2264437392105,"Mode24"
12.7272727272727,64.2596344464998,"Mode24"
12.8585858585859,64.292825153789,"Mode24"
12.989898989899,64.3260158610783,"Mode24"
13.1212121212121,64.3592065683676,"Mode24"
13.2525252525253,64.3923972756569,"Mode24"
13.3838383838384,64.4255879829462,"Mode24"
13.5151515151515,64.4587786902355,"Mode24"
13.6464646464646,64.4919693975248,"Mode24"
13.7777777777778,64.5251601048141,"Mode24"
13.9090909090909,64.5583508121035,"Mode24"
14.040404040404,64.5915415193928,"Mode24"
14.1717171717172,64.6247322266822,"Mode24"
14.3030303030303,64.6579229339715,"Mode24"
14.4343434343434,64.6911136412609,"Mode24"
14.5656565656566,64.7243043485502,"Mode24"
14.6969696969697,64.7574950558396,"Mode24"
14.8282828282828,64.790685763129,"Mode24"
14.959595959596,64.8238764704184,"Mode24"
15.0909090909091,64.8570671777077,"Mode24"
15.2222222222222,64.8902578849971,"Mode24"
15.3535353535354,64.9234485922864,"Mode24"
15.4848484848485,64.9566392995758,"Mode24"
15.6161616161616,64.9898300068651,"Mode24"
15.7474747474747,65.0230207141545,"Mode24"
15.8787878787879,65.0562114214438,"Mode24"
16.010101010101,65.0894021287332,"Mode24"
16.1414141414141,65.1225928360225,"Mode24"
16.2727272727273,65.1557835433119,"Mode24"
16.4040404040404,65.1889742506012,"Mode24"
16.5353535353535,65.2221649578906,"Mode24"
16.6666666666667,65.2553556651799,"Mode24"
16.7979797979798,65.2885463724692,"Mode24"
16.9292929292929,65.3217370797585,"Mode24"
17.0606060606061,65.3549277870478,"Mode24"
17.1919191919192,65.3881184943371,"Mode24"
17.3232323232323,65.4213092016264,"Mode24"
17.4545454545455,65.4544999089157,"Mode24"
17.5858585858586,65.487690616205,"Mode24"
17.7171717171717,65.5208813234943,"Mode24"
17.8484848484849,65.5540720307835,"Mode24"
17.979797979798,65.5872627380728,"Mode24"
18.1111111111111,65.620453445362,"Mode24"
18.2424242424242,65.6536441526513,"Mode24"
18.3737373737374,65.6868348599405,"Mode24"
18.5050505050505,65.7200255672298,"Mode24"
18.6363636363636,65.7532162745189,"Mode24"
18.7676767676768,65.7864069818082,"Mode24"
18.8989898989899,65.8195976890974,"Mode24"
19.030303030303,65.8527883963866,"Mode24"
19.1616161616162,65.8859791036757,"Mode24"
19.2929292929293,65.9191698109649,"Mode24"
19.4242424242424,65.9523605182541,"Mode24"
19.5555555555556,65.9855512255432,"Mode24"
19.6868686868687,66.0187419328324,"Mode24"
19.8181818181818,66.0519326401215,"Mode24"
19.9494949494949,66.0851233474106,"Mode24"
20.0808080808081,66.1183140546998,"Mode24"
20.2121212121212,66.1515047619889,"Mode24"
20.3434343434343,66.184695469278,"Mode24"
20.4747474747475,66.2178861765672,"Mode24"
20.6060606060606,66.2510768838563,"Mode24"
20.7373737373737,66.2842675911454,"Mode24"
20.8686868686869,66.3174582984345,"Mode24"
21,66.3506490057236,"Mode24"
8,52.8623945458385,"Mode25"
8.13131313131313,52.8849600429368,"Mode25"
8.26262626262626,52.9075255400352,"Mode25"
8.39393939393939,52.9300910371336,"Mode25"
8.52525252525253,52.9526565342319,"Mode25"
8.65656565656566,52.9752220313303,"Mode25"
8.78787878787879,52.9977875284287,"Mode25"
8.91919191919192,53.0203530255271,"Mode25"
9.05050505050505,53.0429185226255,"Mode25"
9.18181818181818,53.0654840197239,"Mode25"
9.31313131313131,53.0880495168223,"Mode25"
9.44444444444444,53.1106150139207,"Mode25"
9.57575757575758,53.1331805110191,"Mode25"
9.70707070707071,53.1557460081175,"Mode25"
9.83838383838384,53.1783115052159,"Mode25"
9.96969696969697,53.2008770023143,"Mode25"
10.1010101010101,53.2234424994127,"Mode25"
10.2323232323232,53.2460079965111,"Mode25"
10.3636363636364,53.2685734936095,"Mode25"
10.4949494949495,53.291138990708,"Mode25"
10.6262626262626,53.3137044878064,"Mode25"
10.7575757575758,53.3362699849047,"Mode25"
10.8888888888889,53.3588354820031,"Mode25"
11.020202020202,53.3814009791015,"Mode25"
11.1515151515152,53.4039664761999,"Mode25"
11.2828282828283,53.4265319732983,"Mode25"
11.4141414141414,53.4490974703966,"Mode25"
11.5454545454545,53.471662967495,"Mode25"
11.6767676767677,53.4942284645933,"Mode25"
11.8080808080808,53.5167939616917,"Mode25"
11.9393939393939,53.53935945879,"Mode25"
12.0707070707071,53.5619249558883,"Mode25"
12.2020202020202,53.5844904529867,"Mode25"
12.3333333333333,53.607055950085,"Mode25"
12.4646464646465,53.6296214471834,"Mode25"
12.5959595959596,53.6521869442817,"Mode25"
12.7272727272727,53.67475244138,"Mode25"
12.8585858585859,53.6973179384783,"Mode25"
12.989898989899,53.7198834355767,"Mode25"
13.1212121212121,53.742448932675,"Mode25"
13.2525252525253,53.7650144297733,"Mode25"
13.3838383838384,53.7875799268717,"Mode25"
13.5151515151515,53.81014542397,"Mode25"
13.6464646464646,53.8327109210683,"Mode25"
13.7777777777778,53.8552764181666,"Mode25"
13.9090909090909,53.8778419152649,"Mode25"
14.040404040404,53.9004074123631,"Mode25"
14.1717171717172,53.9229729094614,"Mode25"
14.3030303030303,53.9455384065596,"Mode25"
14.4343434343434,53.9681039036578,"Mode25"
14.5656565656566,53.990669400756,"Mode25"
14.6969696969697,54.0132348978541,"Mode25"
14.8282828282828,54.0358003949523,"Mode25"
14.959595959596,54.0583658920504,"Mode25"
15.0909090909091,54.0809313891484,"Mode25"
15.2222222222222,54.1034968862465,"Mode25"
15.3535353535354,54.1260623833445,"Mode25"
15.4848484848485,54.1486278804424,"Mode25"
15.6161616161616,54.1711933775404,"Mode25"
15.7474747474747,54.1937588746383,"Mode25"
15.8787878787879,54.2163243717361,"Mode25"
16.010101010101,54.2388898688339,"Mode25"
16.1414141414141,54.2614553659317,"Mode25"
16.2727272727273,54.2840208630294,"Mode25"
16.4040404040404,54.3065863601271,"Mode25"
16.5353535353535,54.3291518572247,"Mode25"
16.6666666666667,54.3517173543223,"Mode25"
16.7979797979798,54.3742828514198,"Mode25"
16.9292929292929,54.3968483485173,"Mode25"
17.0606060606061,54.4194138456147,"Mode25"
17.1919191919192,54.4419793427121,"Mode25"
17.3232323232323,54.4645448398095,"Mode25"
17.4545454545455,54.4871103369067,"Mode25"
17.5858585858586,54.509675834004,"Mode25"
17.7171717171717,54.5322413311011,"Mode25"
17.8484848484849,54.5548068281982,"Mode25"
17.979797979798,54.5773723252953,"Mode25"
18.1111111111111,54.5999378223923,"Mode25"
18.2424242424242,54.6225033194893,"Mode25"
18.3737373737374,54.6450688165862,"Mode25"
18.5050505050505,54.667634313683,"Mode25"
18.6363636363636,54.6901998107798,"Mode25"
18.7676767676768,54.7127653078766,"Mode25"
18.8989898989899,54.7353308049733,"Mode25"
19.030303030303,54.75789630207,"Mode25"
19.1616161616162,54.7804617991666,"Mode25"
19.2929292929293,54.8030272962632,"Mode25"
19.4242424242424,54.8255927933597,"Mode25"
19.5555555555556,54.8481582904563,"Mode25"
19.6868686868687,54.8707237875528,"Mode25"
19.8181818181818,54.8932892846493,"Mode25"
19.9494949494949,54.9158547817457,"Mode25"
20.0808080808081,54.9384202788421,"Mode25"
20.2121212121212,54.9609857759386,"Mode25"
20.3434343434343,54.983551273035,"Mode25"
20.4747474747475,55.0061167701314,"Mode25"
20.6060606060606,55.0286822672278,"Mode25"
20.7373737373737,55.0512477643241,"Mode25"
20.8686868686869,55.0738132614205,"Mode25"
21,55.0963787585169,"Mode25"
8,63.0309550557699,"Mode26"
8.13131313131313,63.0438454023435,"Mode26"
8.26262626262626,63.0568682476205,"Mode26"
8.39393939393939,63.0701560903042,"Mode26"
8.52525252525253,63.083841429098,"Mode26"
8.65656565656566,63.0980567627053,"Mode26"
8.78787878787879,63.1129345898295,"Mode26"
8.91919191919192,63.1286074091738,"Mode26"
9.05050505050505,63.1452054811957,"Mode26"
9.18181818181818,63.1627635917286,"Mode26"
9.31313131313131,63.1811873708557,"Mode26"
9.44444444444444,63.2003732808042,"Mode26"
9.57575757575758,63.2202177838013,"Mode26"
9.70707070707071,63.2406173420743,"Mode26"
9.83838383838384,63.2614684178505,"Mode26"
9.96969696969697,63.2826674733569,"Mode26"
10.1010101010101,63.3041106868445,"Mode26"
10.2323232323232,63.325691917327,"Mode26"
10.3636363636364,63.3473038913199,"Mode26"
10.4949494949495,63.3688393276711,"Mode26"
10.6262626262626,63.3901909452287,"Mode26"
10.7575757575758,63.4112514628406,"Mode26"
10.8888888888889,63.4319135993549,"Mode26"
11.020202020202,63.4520702855172,"Mode26"
11.1515151515152,63.4717029988615,"Mode26"
11.2828282828283,63.4910183583207,"Mode26"
11.4141414141414,63.5102582373223,"Mode26"
11.5454545454545,63.5296645092937,"Mode26"
11.6767676767677,63.5494790476625,"Mode26"
11.8080808080808,63.5699437258561,"Mode26"
11.9393939393939,63.591300417302,"Mode26"
12.0707070707071,63.6137917838255,"Mode26"
12.2020202020202,63.6376757219503,"Mode26"
12.3333333333333,63.663223907925,"Mode26"
12.4646464646465,63.6907085144818,"Mode26"
12.5959595959596,63.720401714353,"Mode26"
12.7272727272727,63.7525756802711,"Mode26"
12.8585858585859,63.7875025849683,"Mode26"
12.989898989899,63.8254546011769,"Mode26"
13.1212121212121,63.8666431201706,"Mode26"
13.2525252525253,63.9109730581942,"Mode26"
13.3838383838384,63.9582529534852,"Mode26"
13.5151515151515,64.0082913091066,"Mode26"
13.6464646464646,64.0608966281215,"Mode26"
13.7777777777778,64.1158774135927,"Mode26"
13.9090909090909,64.1730421685834,"Mode26"
14.040404040404,64.2321987304047,"Mode26"
14.1717171717172,64.2931064925189,"Mode26"
14.3030303030303,64.3554444172443,"Mode26"
14.4343434343434,64.4188838835693,"Mode26"
14.5656565656566,64.4830962704827,"Mode26"
14.6969696969697,64.547752956973,"Mode26"
14.8282828282828,64.6125253220288,"Mode26"
14.959595959596,64.6770847446387,"Mode26"
15.0909090909091,64.7411194389444,"Mode26"
15.2222222222222,64.8044961779406,"Mode26"
15.3535353535354,64.8671892809978,"Mode26"
15.4848484848485,64.92917454547,"Mode26"
15.6161616161616,64.990427768711,"Mode26"
15.7474747474747,65.0509247480745,"Mode26"
15.8787878787879,65.1106412809144,"Mode26"
16.010101010101,65.1695531601436,"Mode26"
16.1414141414141,65.2276240102462,"Mode26"
16.2727272727273,65.2847787609909,"Mode26"
16.4040404040404,65.3409346680427,"Mode26"
16.5353535353535,65.3960089870667,"Mode26"
16.6666666666667,65.4499189737275,"Mode26"
16.7979797979798,65.5025818836903,"Mode26"
16.9292929292929,65.5539149726199,"Mode26"
17.0606060606061,65.6038317052248,"Mode26"
17.1919191919192,65.6521403296234,"Mode26"
17.3232323232323,65.6985327677352,"Mode26"
17.4545454545455,65.7426949215815,"Mode26"
17.5858585858586,65.7843126931837,"Mode26"
17.7171717171717,65.8230719845631,"Mode26"
17.8484848484849,65.858658697741,"Mode26"
17.979797979798,65.8907587347387,"Mode26"
18.1111111111111,65.9190894196249,"Mode26"
18.2424242424242,65.9435687431873,"Mode26"
18.3737373737374,65.9641936172534,"Mode26"
18.5050505050505,65.9809611425137,"Mode26"
18.6363636363636,65.9938684196589,"Mode26"
18.7676767676768,66.0029125493792,"Mode26"
18.8989898989899,66.0080906323652,"Mode26"
19.030303030303,66.0094004756011,"Mode26"
19.1616161616162,66.0069442082599,"Mode26"
19.2929292929293,66.0010376002663,"Mode26"
19.4242424242424,65.9920225805692,"Mode26"
19.5555555555556,65.9802410781177,"Mode26"
19.6868686868687,65.9660350218606,"Mode26"
19.8181818181818,65.949746340747,"Mode26"
19.9494949494949,65.9317169637258,"Mode26"
20.0808080808081,65.9122820023382,"Mode26"
20.2121212121212,65.891680525231,"Mode26"
20.3434343434343,65.8700806041409,"Mode26"
20.4747474747475,65.8476486463985,"Mode26"
20.6060606060606,65.8245510593341,"Mode26"
20.7373737373737,65.8009542502783,"Mode26"
20.8686868686869,65.7770246265615,"Mode26"
21,65.7529285955143,"Mode26"
8,46.1349284407412,"Mode27"
8.13131313131313,46.111578695185,"Mode27"
8.26262626262626,46.088489571386,"Mode27"
8.39393939393939,46.0659216911011,"Mode27"
8.52525252525253,46.0441356760875,"Mode27"
8.65656565656566,46.0233921481023,"Mode27"
8.78787878787879,46.0039517289026,"Mode27"
8.91919191919192,45.9860750402454,"Mode27"
9.05050505050505,45.9700204024713,"Mode27"
9.18181818181818,45.9559479666893,"Mode27"
9.31313131313131,45.9438850830592,"Mode27"
9.44444444444444,45.9338496751377,"Mode27"
9.57575757575758,45.9258596664815,"Mode27"
9.70707070707071,45.9199329806473,"Mode27"
9.83838383838384,45.916087541192,"Mode27"
9.96969696969697,45.9143412716722,"Mode27"
10.1010101010101,45.9147019676564,"Mode27"
10.2323232323232,45.9170947094332,"Mode27"
10.3636363636364,45.9214041868741,"Mode27"
10.4949494949495,45.9275148163948,"Mode27"
10.6262626262626,45.9353110144112,"Mode27"
10.7575757575758,45.9446771973389,"Mode27"
10.8888888888889,45.9554977815938,"Mode27"
11.020202020202,45.9676573104238,"Mode27"
11.1515151515152,45.9810933270209,"Mode27"
11.2828282828283,45.9958781336343,"Mode27"
11.4141414141414,46.0121051341959,"Mode27"
11.5454545454545,46.0298677326374,"Mode27"
11.6767676767677,46.049259332891,"Mode27"
11.8080808080808,46.0703733388885,"Mode27"
11.9393939393939,46.0933031545618,"Mode27"
12.0707070707071,46.1181426573402,"Mode27"
12.2020202020202,46.1449948743353,"Mode27"
12.3333333333333,46.1739711085102,"Mode27"
12.4646464646465,46.2051829610071,"Mode27"
12.5959595959596,46.2387420329683,"Mode27"
12.7272727272727,46.2747599255359,"Mode27"
12.8585858585859,46.3133482398524,"Mode27"
12.989898989899,46.3546185770598,"Mode27"
13.1212121212121,46.3986362837725,"Mode27"
13.2525252525253,46.4452334799255,"Mode27"
13.3838383838384,46.4941689420471,"Mode27"
13.5151515151515,46.5452014198981,"Mode27"
13.6464646464646,46.5980896632393,"Mode27"
13.7777777777778,46.6525924218312,"Mode27"
13.9090909090909,46.7084684454346,"Mode27"
14.040404040404,46.7654764078977,"Mode27"
14.1717171717172,46.823369459243,"Mode27"
14.3030303030303,46.8818915783052,"Mode27"
14.4343434343434,46.9407858792278,"Mode27"
14.5656565656566,46.9997954761541,"Mode27"
14.6969696969697,47.0586634832272,"Mode27"
14.8282828282828,47.1171330145905,"Mode27"
14.959595959596,47.1749471843872,"Mode27"
15.0909090909091,47.2318655254995,"Mode27"
15.2222222222222,47.2878217130426,"Mode27"
15.3535353535354,47.3428543083683,"Mode27"
15.4848484848485,47.397003314254,"Mode27"
15.6161616161616,47.450308733477,"Mode27"
15.7474747474747,47.5028105688149,"Mode27"
15.8787878787879,47.554548823045,"Mode27"
16.010101010101,47.6055634849205,"Mode27"
16.1414141414141,47.655856116924,"Mode27"
16.2727272727273,47.7053060888025,"Mode27"
16.4040404040404,47.7537685365088,"Mode27"
16.5353535353535,47.801098595996,"Mode27"
16.6666666666667,47.8471514032169,"Mode27"
16.7979797979798,47.8917820941245,"Mode27"
16.9292929292929,47.9348458046716,"Mode27"
17.0606060606061,47.976193787755,"Mode27"
17.1919191919192,48.0155695234839,"Mode27"
17.3232323232323,48.0525973396682,"Mode27"
17.4545454545455,48.0868953979681,"Mode27"
17.5858585858586,48.1180818600441,"Mode27"
17.7171717171717,48.1457748875563,"Mode27"
17.8484848484849,48.1695926421653,"Mode27"
17.979797979798,48.1891532855313,"Mode27"
18.1111111111111,48.2041222564163,"Mode27"
18.2424242424242,48.2144669134653,"Mode27"
18.3737373737374,48.2202733586372,"Mode27"
18.5050505050505,48.2216279780507,"Mode27"
18.6363636363636,48.2186171578247,"Mode27"
18.7676767676768,48.2113272840779,"Mode27"
18.8989898989899,48.1998447429292,"Mode27"
19.030303030303,48.184256637719,"Mode27"
19.1616161616162,48.1647560080888,"Mode27"
19.2929292929293,48.1417528399614,"Mode27"
19.4242424242424,48.1156836830261,"Mode27"
19.5555555555556,48.0869850869722,"Mode27"
19.6868686868687,48.0560936014892,"Mode27"
19.8181818181818,48.0234457762662,"Mode27"
19.9494949494949,47.9894781609927,"Mode27"
20.0808080808081,47.9546139978403,"Mode27"
20.2121212121212,47.9190890541283,"Mode27"
20.3434343434343,47.8830005118557,"Mode27"
20.4747474747475,47.8464423041159,"Mode27"
20.6060606060606,47.8095083640025,"Mode27"
20.7373737373737,47.7722926246087,"Mode27"
20.8686868686869,47.7348890190282,"Mode27"
21,47.6973914803541,"Mode27"
8,62.9449927071143,"Mode28"
8.13131313131313,62.9511991693647,"Mode28"
8.26262626262626,62.9574056377362,"Mode28"
8.39393939393939,62.9636121183498,"Mode28"
8.52525252525253,62.9698186173267,"Mode28"
8.65656565656566,62.9760251407879,"Mode28"
8.78787878787879,62.9822316948545,"Mode28"
8.91919191919192,62.9884382856476,"Mode28"
9.05050505050505,62.9946449192714,"Mode28"
9.18181818181818,63.0008516011122,"Mode28"
9.31313131313131,63.0070583355847,"Mode28"
9.44444444444444,63.0132651270348,"Mode28"
9.57575757575758,63.0194719798085,"Mode28"
9.70707070707071,63.0256788982515,"Mode28"
9.83838383838384,63.0318858867099,"Mode28"
9.96969696969697,63.0380929495293,"Mode28"
10.1010101010101,63.0443000909739,"Mode28"
10.2323232323232,63.0505073146386,"Mode28"
10.3636363636364,63.0567146237918,"Mode28"
10.4949494949495,63.0629220216996,"Mode28"
10.6262626262626,63.0691295116283,"Mode28"
10.7575757575758,63.0753370968439,"Mode28"
10.8888888888889,63.0815447806127,"Mode28"
11.020202020202,63.0877525662022,"Mode28"
11.1515151515152,63.0939604574458,"Mode28"
11.2828282828283,63.1001684596161,"Mode28"
11.4141414141414,63.106376578211,"Mode28"
11.5454545454545,63.1125848187285,"Mode28"
11.6767676767677,63.1187931866664,"Mode28"
11.8080808080808,63.1250016875227,"Mode28"
11.9393939393939,63.1312103267953,"Mode28"
12.0707070707071,63.1374191099407,"Mode28"
12.2020202020202,63.1436280416156,"Mode28"
12.3333333333333,63.1498371257531,"Mode28"
12.4646464646465,63.1560463662604,"Mode28"
12.5959595959596,63.1622557670446,"Mode28"
12.7272727272727,63.1684653320127,"Mode28"
12.8585858585859,63.174675065072,"Mode28"
12.989898989899,63.1808849701296,"Mode28"
13.1212121212121,63.187095050146,"Mode28"
13.2525252525253,63.1933053033093,"Mode28"
13.3838383838384,63.1995157263068,"Mode28"
13.5151515151515,63.2057263158252,"Mode28"
13.6464646464646,63.2119370685511,"Mode28"
13.7777777777778,63.2181479811713,"Mode28"
13.9090909090909,63.2243590503724,"Mode28"
14.040404040404,63.2305702728228,"Mode28"
14.1717171717172,63.2367816438508,"Mode28"
14.3030303030303,63.2429931565603,"Mode28"
14.4343434343434,63.2492048038455,"Mode28"
14.5656565656566,63.2554165786003,"Mode28"
14.6969696969697,63.2616284737189,"Mode28"
14.8282828282828,63.2678404820953,"Mode28"
14.959595959596,63.2740525966238,"Mode28"
15.0909090909091,63.2802648102221,"Mode28"
15.2222222222222,63.2864771160603,"Mode28"
15.3535353535354,63.2926895074605,"Mode28"
15.4848484848485,63.2989019777466,"Mode28"
15.6161616161616,63.3051145202428,"Mode28"
15.7474747474747,63.3113271282732,"Mode28"
15.8787878787879,63.3175397951617,"Mode28"
16.010101010101,63.3237525142323,"Mode28"
16.1414141414141,63.329965278286,"Mode28"
16.2727272727273,63.3361780784611,"Mode28"
16.4040404040404,63.3423909055659,"Mode28"
16.5353535353535,63.3486037504091,"Mode28"
16.6666666666667,63.3548166037991,"Mode28"
16.7979797979798,63.3610294565444,"Mode28"
16.9292929292929,63.3672422994534,"Mode28"
17.0606060606061,63.3734551233421,"Mode28"
17.1919191919192,63.3796679192311,"Mode28"
17.3232323232323,63.3858806783672,"Mode28"
17.4545454545455,63.3920933920092,"Mode28"
17.5858585858586,63.3983060514157,"Mode28"
17.7171717171717,63.4045186478453,"Mode28"
17.8484848484849,63.4107311725567,"Mode28"
17.979797979798,63.4169436168086,"Mode28"
18.1111111111111,63.4231559728526,"Mode28"
18.2424242424242,63.4293682392825,"Mode28"
18.3737373737374,63.435580417186,"Mode28"
18.5050505050505,63.441792507657,"Mode28"
18.6363636363636,63.4480045117893,"Mode28"
18.7676767676768,63.4542164306768,"Mode28"
18.8989898989899,63.4604282654133,"Mode28"
19.030303030303,63.4666400171058,"Mode28"
19.1616161616162,63.4728516888156,"Mode28"
19.2929292929293,63.4790632876057,"Mode28"
19.4242424242424,63.4852748210291,"Mode28"
19.5555555555556,63.491486296639,"Mode28"
19.6868686868687,63.4976977219883,"Mode28"
19.8181818181818,63.5039091046301,"Mode28"
19.9494949494949,63.5101204521174,"Mode28"
20.0808080808081,63.516331771836,"Mode28"
20.2121212121212,63.522543068813,"Mode28"
20.3434343434343,63.5287543463322,"Mode28"
20.4747474747475,63.5349656076367,"Mode28"
20.6060606060606,63.5411768559693,"Mode28"
20.7373737373737,63.5473880945731,"Mode28"
20.8686868686869,63.553599326691,"Mode28"
21,63.5598105555658,"Mode28"
8,70.1898837170263,"Mode29"
8.13131313131313,70.2726843520642,"Mode29"
8.26262626262626,70.3554710728684,"Mode29"
8.39393939393939,70.4382299652051,"Mode29"
8.52525252525253,70.5209471148406,"Mode29"
8.65656565656566,70.6036086075412,"Mode29"
8.78787878787879,70.6862005290733,"Mode29"
8.91919191919192,70.7687089652029,"Mode29"
9.05050505050505,70.8511189587839,"Mode29"
9.18181818181818,70.9333710661909,"Mode29"
9.31313131313131,71.015345663571,"Mode29"
9.44444444444444,71.0969188553014,"Mode29"
9.57575757575758,71.1779667457593,"Mode29"
9.70707070707071,71.2583654393219,"Mode29"
9.83838383838384,71.3379910403663,"Mode29"
9.96969696969697,71.4167196532697,"Mode29"
10.1010101010101,71.4944254205255,"Mode29"
10.2323232323232,71.5709664619215,"Mode29"
10.3636363636364,71.6461930732528,"Mode29"
10.4949494949495,71.7199554973435,"Mode29"
10.6262626262626,71.7921039770179,"Mode29"
10.7575757575758,71.8624887551001,"Mode29"
10.8888888888889,71.9309600744144,"Mode29"
11.020202020202,71.9973682748056,"Mode29"
11.1515151515152,72.0616042386568,"Mode29"
11.2828282828283,72.123661932878,"Mode29"
11.4141414141414,72.1835514662035,"Mode29"
11.5454545454545,72.2412829473675,"Mode29"
11.6767676767677,72.2968664851043,"Mode29"
11.8080808080808,72.350312188148,"Mode29"
11.9393939393939,72.401630165233,"Mode29"
12.0707070707071,72.4508332998295,"Mode29"
12.2020202020202,72.4979880933403,"Mode29"
12.3333333333333,72.5432095443774,"Mode29"
12.4646464646465,72.5866143989089,"Mode29"
12.5959595959596,72.6283194029023,"Mode29"
12.7272727272727,72.6684413023258,"Mode29"
12.8585858585859,72.7070968431469,"Mode29"
12.989898989899,72.7444027713337,"Mode29"
13.1212121212121,72.7804554116891,"Mode29"
13.2525252525253,72.8152481204928,"Mode29"
13.3838383838384,72.8487418732423,"Mode29"
13.5151515151515,72.8808976336173,"Mode29"
13.6464646464646,72.9116763652974,"Mode29"
13.7777777777778,72.9410390319624,"Mode29"
13.9090909090909,72.968946597292,"Mode29"
14.040404040404,72.9953593917492,"Mode29"
14.1717171717172,73.0201916693905,"Mode29"
14.3030303030303,73.0432811837836,"Mode29"
14.4343434343434,73.0644584757628,"Mode29"
14.5656565656566,73.0835540861622,"Mode29"
14.6969696969697,73.100398555816,"Mode29"
14.8282828282828,73.1148224255583,"Mode29"
14.959595959596,73.1266562362234,"Mode29"
15.0909090909091,73.1357383650598,"Mode29"
15.2222222222222,73.1419903047559,"Mode29"
15.3535353535354,73.1453836086055,"Mode29"
15.4848484848485,73.1458905178734,"Mode29"
15.6161616161616,73.1434832738241,"Mode29"
15.7474747474747,73.138134117722,"Mode29"
15.8787878787879,73.1298152908319,"Mode29"
16.010101010101,73.1184990457011,"Mode29"
16.1414141414141,73.1041885501054,"Mode29"
16.2727272727273,73.0869852799897,"Mode29"
16.4040404040404,73.067010208202,"Mode29"
16.5353535353535,73.04438430759,"Mode29"
16.6666666666667,73.019228551002,"Mode29"
16.7979797979798,72.9916639112857,"Mode29"
16.9292929292929,72.961811361289,"Mode29"
17.0606060606061,72.929791527971,"Mode29"
17.1919191919192,72.8957154382687,"Mode29"
17.3232323232323,72.8596835054502,"Mode29"
17.4545454545455,72.8217955935249,"Mode29"
17.5858585858586,72.7821515665019,"Mode29"
17.7171717171717,72.7408512883904,"Mode29"
17.8484848484849,72.6979946231998,"Mode29"
17.979797979798,72.6536814349391,"Mode29"
18.1111111111111,72.6080096570507,"Mode29"
18.2424242424242,72.5610648940362,"Mode29"
18.3737373737374,72.5129279014977,"Mode29"
18.5050505050505,72.4636794234335,"Mode29"
18.6363636363636,72.4134002038418,"Mode29"
18.7676767676768,72.3621709867209,"Mode29"
18.8989898989899,72.3100725160691,"Mode29"
19.030303030303,72.257185534606,"Mode29"
19.1616161616162,72.2035905961726,"Mode29"
19.2929292929293,72.1493678678069,"Mode29"
19.4242424242424,72.0945974691855,"Mode29"
19.5555555555556,72.0393595199847,"Mode29"
19.6868686868687,71.9837341398809,"Mode29"
19.8181818181818,71.9278014485505,"Mode29"
19.9494949494949,71.8716415656698,"Mode29"
20.0808080808081,71.8153320919447,"Mode29"
20.2121212121212,71.7589151410966,"Mode29"
20.3434343434343,71.7024065941287,"Mode29"
20.4747474747475,71.645821717061,"Mode29"
20.6060606060606,71.5891757759133,"Mode29"
20.7373737373737,71.5324840367057,"Mode29"
20.8686868686869,71.4757617654582,"Mode29"
21,71.4190242281907,"Mode29"
8,92.1090548736336,"Mode30"
8.13131313131313,92.1849359246999,"Mode30"
8.26262626262626,92.2608616755948,"Mode30"
8.39393939393939,92.3368768261471,"Mode30"
8.52525252525253,92.4130260761853,"Mode30"
8.65656565656566,92.4893541255382,"Mode30"
8.78787878787879,92.5659056740344,"Mode30"
8.91919191919192,92.6427254215025,"Mode30"
9.05050505050505,92.7198574073733,"Mode30"
9.18181818181818,92.7973175011427,"Mode30"
9.31313131313131,92.8750834647029,"Mode30"
9.44444444444444,92.9531303549565,"Mode30"
9.57575757575758,93.0314332288061,"Mode30"
9.70707070707071,93.1099671431541,"Mode30"
9.83838383838384,93.188707154903,"Mode30"
9.96969696969697,93.2676283209553,"Mode30"
10.1010101010101,93.3467020393019,"Mode30"
10.2323232323232,93.425869825604,"Mode30"
10.3636363636364,93.5050586037834,"Mode30"
10.4949494949495,93.5841951989715,"Mode30"
10.6262626262626,93.6632064362998,"Mode30"
10.7575757575758,93.7420191408996,"Mode30"
10.8888888888889,93.8205601379023,"Mode30"
11.020202020202,93.8987562728531,"Mode30"
11.1515151515152,93.9765429217375,"Mode30"
11.2828282828283,94.0538771502625,"Mode30"
11.4141414141414,94.1307194204908,"Mode30"
11.5454545454545,94.207030194485,"Mode30"
11.6767676767677,94.2827699343076,"Mode30"
11.8080808080808,94.3578991020213,"Mode30"
11.9393939393939,94.4323781596885,"Mode30"
12.0707070707071,94.5061684581164,"Mode30"
12.2020202020202,94.5792485218716,"Mode30"
12.3333333333333,94.6516124091186,"Mode30"
12.4646464646465,94.7232547376979,"Mode30"
12.5959595959596,94.7941701254497,"Mode30"
12.7272727272727,94.8643531902145,"Mode30"
12.8585858585859,94.9337985498327,"Mode30"
12.989898989899,95.0025008221447,"Mode30"
13.1212121212121,95.0704519732085,"Mode30"
13.2525252525253,95.1376305981453,"Mode30"
13.3838383838384,95.2040110872823,"Mode30"
13.5151515151515,95.2695678294122,"Mode30"
13.6464646464646,95.3342752133276,"Mode30"
13.7777777777778,95.3981076278214,"Mode30"
13.9090909090909,95.4610394616862,"Mode30"
14.040404040404,95.5230450812512,"Mode30"
14.1717171717172,95.5840972182731,"Mode30"
14.3030303030303,95.6441658906341,"Mode30"
14.4343434343434,95.7032208603426,"Mode30"
14.5656565656566,95.7612318894074,"Mode30"
14.6969696969697,95.818168739837,"Mode30"
14.8282828282828,95.8740011736398,"Mode30"
14.959595959596,95.9286989528244,"Mode30"
15.0909090909091,95.9822342531814,"Mode30"
15.2222222222222,96.0346048518197,"Mode30"
15.3535353535354,96.0858239455769,"Mode30"
15.4848484848485,96.1359049432001,"Mode30"
15.6161616161616,96.1848612534365,"Mode30"
15.7474747474747,96.2327062850331,"Mode30"
15.8787878787879,96.2794534467371,"Mode30"
16.010101010101,96.3251161488769,"Mode30"
16.1414141414141,96.3697121345854,"Mode30"
16.2727272727273,96.4132729249979,"Mode30"
16.4040404040404,96.4558327737628,"Mode30"
16.5353535353535,96.4974259345284,"Mode30"
16.6666666666667,96.5380866609432,"Mode30"
16.7979797979798,96.5778492066556,"Mode30"
16.9292929292929,96.6167478253141,"Mode30"
17.0606060606061,96.6548165408177,"Mode30"
17.1919191919192,96.6920830004601,"Mode30"
17.3232323232323,96.7285678016358,"Mode30"
17.4545454545455,96.7642911769065,"Mode30"
17.5858585858586,96.7992733588336,"Mode30"
17.7171717171717,96.8335345799787,"Mode30"
17.8484848484849,96.8670950729031,"Mode30"
17.979797979798,96.8999750701685,"Mode30"
18.1111111111111,96.9321955278698,"Mode30"
18.2424242424242,96.963782022715,"Mode30"
18.3737373737374,96.9947619486716,"Mode30"
18.5050505050505,97.0251627040561,"Mode30"
18.6363636363636,97.0550116871851,"Mode30"
18.7676767676768,97.0843362963749,"Mode30"
18.8989898989899,97.1131639299421,"Mode30"
19.030303030303,97.1415220111132,"Mode30"
19.1616161616162,97.1694416424208,"Mode30"
19.2929292929293,97.1969614612248,"Mode30"
19.4242424242424,97.2241210274799,"Mode30"
19.5555555555556,97.2509599011405,"Mode30"
19.6868686868687,97.2775176421609,"Mode30"
19.8181818181818,97.3038338104956,"Mode30"
19.9494949494949,97.3299479660991,"Mode30"
20.0808080808081,97.3558988833406,"Mode30"
20.2121212121212,97.3817142693516,"Mode30"
20.3434343434343,97.4074136501308,"Mode30"
20.4747474747475,97.4330163598833,"Mode30"
20.6060606060606,97.4585417328146,"Mode30"
20.7373737373737,97.4840091031299,"Mode30"
20.8686868686869,97.5094378050346,"Mode30"
21,97.5348471727339,"Mode30"
8,27.3709404226939,"Mode31"
8.13131313131313,27.3828490226528,"Mode31"
8.26262626262626,27.3947579361936,"Mode31"
8.39393939393939,27.4066674768984,"Mode31"
8.52525252525253,27.4185779583492,"Mode31"
8.65656565656566,27.430489694128,"Mode31"
8.78787878787879,27.4424029978167,"Mode31"
8.91919191919192,27.4543181829974,"Mode31"
9.05050505050505,27.4662355540746,"Mode31"
9.18181818181818,27.4781550239839,"Mode31"
9.31313131313131,27.4900759760907,"Mode31"
9.44444444444444,27.5019977561699,"Mode31"
9.57575757575758,27.5139197099965,"Mode31"
9.70707070707071,27.5258411833455,"Mode31"
9.83838383838384,27.537761521992,"Mode31"
9.96969696969697,27.5496800717108,"Mode31"
10.1010101010101,27.5615961630755,"Mode31"
10.2323232323232,27.573509002509,"Mode31"
10.3636363636364,27.5854177358106,"Mode31"
10.4949494949495,27.5973215083691,"Mode31"
10.6262626262626,27.6092194655736,"Mode31"
10.7575757575758,27.6211107528129,"Mode31"
10.8888888888889,27.6329945154758,"Mode31"
11.020202020202,27.6448698993835,"Mode31"
11.1515151515152,27.6567362309369,"Mode31"
11.2828282828283,27.6685932956849,"Mode31"
11.4141414141414,27.6804409510733,"Mode31"
11.5454545454545,27.6922790545478,"Mode31"
11.6767676767677,27.7041074635544,"Mode31"
11.8080808080808,27.7159260355388,"Mode31"
11.9393939393939,27.7277346279469,"Mode31"
12.0707070707071,27.7395331025351,"Mode31"
12.2020202020202,27.7513214043567,"Mode31"
12.3333333333333,27.7630995538061,"Mode31"
12.4646464646465,27.7748675739926,"Mode31"
12.5959595959596,27.7866254880255,"Mode31"
12.7272727272727,27.7983733190138,"Mode31"
12.8585858585859,27.8101110900669,"Mode31"
12.989898989899,27.8218388242938,"Mode31"
13.1212121212121,27.8335564692363,"Mode31"
13.2525252525253,27.8452635914051,"Mode31"
13.3838383838384,27.8569596374876,"Mode31"
13.5151515151515,27.8686440541272,"Mode31"
13.6464646464646,27.8803162879675,"Mode31"
13.7777777777778,27.891975785652,"Mode31"
13.9090909090909,27.9036219938242,"Mode31"
14.040404040404,27.9152543566955,"Mode31"
14.1717171717172,27.9268721415049,"Mode31"
14.3030303030303,27.9384743216646,"Mode31"
14.4343434343434,27.9500598428838,"Mode31"
14.5656565656566,27.9616276508718,"Mode31"
14.6969696969697,27.9731766913378,"Mode31"
14.8282828282828,27.9847059099909,"Mode31"
14.959595959596,27.9962142525405,"Mode31"
15.0909090909091,28.007700661764,"Mode31"
15.2222222222222,28.019164049345,"Mode31"
15.3535353535354,28.0306033082388,"Mode31"
15.4848484848485,28.0420173311436,"Mode31"
15.6161616161616,28.0534050107574,"Mode31"
15.7474747474747,28.0647652397782,"Mode31"
15.8787878787879,28.0760969109041,"Mode31"
16.010101010101,28.0873989168762,"Mode31"
16.1414141414141,28.0986702681005,"Mode31"
16.2727272727273,28.1099103491498,"Mode31"
16.4040404040404,28.1211186188031,"Mode31"
16.5353535353535,28.1322945358394,"Mode31"
16.6666666666667,28.1434375590379,"Mode31"
16.7979797979798,28.1545471471775,"Mode31"
16.9292929292929,28.1656227590373,"Mode31"
17.0606060606061,28.1766638717658,"Mode31"
17.1919191919192,28.1876704723507,"Mode31"
17.3232323232323,28.1986431114513,"Mode31"
17.4545454545455,28.2095823688972,"Mode31"
17.5858585858586,28.2204888245179,"Mode31"
17.7171717171717,28.231363058143,"Mode31"
17.8484848484849,28.2422056496021,"Mode31"
17.979797979798,28.2530171787246,"Mode31"
18.1111111111111,28.2637983190352,"Mode31"
18.2424242424242,28.2745503424115,"Mode31"
18.3737373737374,28.2852747560598,"Mode31"
18.5050505050505,28.2959730677496,"Mode31"
18.6363636363636,28.3066467852503,"Mode31"
18.7676767676768,28.3172974163315,"Mode31"
18.8989898989899,28.3279264687626,"Mode31"
19.030303030303,28.3385354504515,"Mode31"
19.1616161616162,28.3491258897464,"Mode31"
19.2929292929293,28.3596993568551,"Mode31"
19.4242424242424,28.3702574271107,"Mode31"
19.5555555555556,28.3808016758465,"Mode31"
19.6868686868687,28.3913336783956,"Mode31"
19.8181818181818,28.4018550100914,"Mode31"
19.9494949494949,28.4123672462669,"Mode31"
20.0808080808081,28.4228719363333,"Mode31"
20.2121212121212,28.4333702645118,"Mode31"
20.3434343434343,28.4438631450683,"Mode31"
20.4747474747475,28.4543514859396,"Mode31"
20.6060606060606,28.4648361950629,"Mode31"
20.7373737373737,28.4753181803752,"Mode31"
20.8686868686869,28.4857983498134,"Mode31"
21,28.4962776113146,"Mode31"
8,51.8299232150266,"Mode32"
8.13131313131313,51.834327345801,"Mode32"
8.26262626262626,51.8387314765754,"Mode32"
8.39393939393939,51.8431356073498,"Mode32"
8.52525252525253,51.8475397381243,"Mode32"
8.65656565656566,51.8519438688987,"Mode32"
8.78787878787879,51.8563479996731,"Mode32"
8.91919191919192,51.8607521304475,"Mode32"
9.05050505050505,51.8651562612219,"Mode32"
9.18181818181818,51.8695603919963,"Mode32"
9.31313131313131,51.8739645227707,"Mode32"
9.44444444444444,51.8783686535451,"Mode32"
9.57575757575758,51.8827727843195,"Mode32"
9.70707070707071,51.8871769150939,"Mode32"
9.83838383838384,51.8915810458683,"Mode32"
9.96969696969697,51.8959851766427,"Mode32"
10.1010101010101,51.900389307417,"Mode32"
10.2323232323232,51.9047934381914,"Mode32"
10.3636363636364,51.9091975689658,"Mode32"
10.4949494949495,51.9136016997401,"Mode32"
10.6262626262626,51.9180058305145,"Mode32"
10.7575757575758,51.9224099612888,"Mode32"
10.8888888888889,51.9268140920632,"Mode32"
11.020202020202,51.9312182228375,"Mode32"
11.1515151515152,51.9356223536118,"Mode32"
11.2828282828283,51.9400264843861,"Mode32"
11.4141414141414,51.9444306151605,"Mode32"
11.5454545454545,51.9488347459348,"Mode32"
11.6767676767677,51.9532388767091,"Mode32"
11.8080808080808,51.9576430074834,"Mode32"
11.9393939393939,51.9620471382578,"Mode32"
12.0707070707071,51.9664512690321,"Mode32"
12.2020202020202,51.9708553998064,"Mode32"
12.3333333333333,51.9752595305808,"Mode32"
12.4646464646465,51.9796636613551,"Mode32"
12.5959595959596,51.9840677921295,"Mode32"
12.7272727272727,51.9884719229039,"Mode32"
12.8585858585859,51.9928760536783,"Mode32"
12.989898989899,51.9972801844527,"Mode32"
13.1212121212121,52.0016843152271,"Mode32"
13.2525252525253,52.0060884460016,"Mode32"
13.3838383838384,52.010492576776,"Mode32"
13.5151515151515,52.0148967075505,"Mode32"
13.6464646464646,52.019300838325,"Mode32"
13.7777777777778,52.0237049690995,"Mode32"
13.9090909090909,52.0281090998741,"Mode32"
14.040404040404,52.0325132306486,"Mode32"
14.1717171717172,52.0369173614232,"Mode32"
14.3030303030303,52.0413214921978,"Mode32"
14.4343434343434,52.0457256229724,"Mode32"
14.5656565656566,52.0501297537471,"Mode32"
14.6969696969697,52.0545338845217,"Mode32"
14.8282828282828,52.0589380152964,"Mode32"
14.959595959596,52.0633421460711,"Mode32"
15.0909090909091,52.0677462768458,"Mode32"
15.2222222222222,52.0721504076205,"Mode32"
15.3535353535354,52.0765545383953,"Mode32"
15.4848484848485,52.0809586691701,"Mode32"
15.6161616161616,52.0853627999449,"Mode32"
15.7474747474747,52.0897669307197,"Mode32"
15.8787878787879,52.0941710614946,"Mode32"
16.010101010101,52.0985751922695,"Mode32"
16.1414141414141,52.1029793230444,"Mode32"
16.2727272727273,52.1073834538193,"Mode32"
16.4040404040404,52.1117875845942,"Mode32"
16.5353535353535,52.1161917153691,"Mode32"
16.6666666666667,52.1205958461441,"Mode32"
16.7979797979798,52.1249999769191,"Mode32"
16.9292929292929,52.1294041076941,"Mode32"
17.0606060606061,52.1338082384692,"Mode32"
17.1919191919192,52.1382123692442,"Mode32"
17.3232323232323,52.1426165000193,"Mode32"
17.4545454545455,52.1470206307944,"Mode32"
17.5858585858586,52.1514247615695,"Mode32"
17.7171717171717,52.1558288923447,"Mode32"
17.8484848484849,52.1602330231198,"Mode32"
17.979797979798,52.164637153895,"Mode32"
18.1111111111111,52.1690412846702,"Mode32"
18.2424242424242,52.1734454154454,"Mode32"
18.3737373737374,52.1778495462207,"Mode32"
18.5050505050505,52.1822536769959,"Mode32"
18.6363636363636,52.1866578077712,"Mode32"
18.7676767676768,52.1910619385465,"Mode32"
18.8989898989899,52.1954660693218,"Mode32"
19.030303030303,52.1998702000972,"Mode32"
19.1616161616162,52.2042743308725,"Mode32"
19.2929292929293,52.2086784616479,"Mode32"
19.4242424242424,52.2130825924233,"Mode32"
19.5555555555556,52.2174867231987,"Mode32"
19.6868686868687,52.2218908539741,"Mode32"
19.8181818181818,52.2262949847495,"Mode32"
19.9494949494949,52.230699115525,"Mode32"
20.0808080808081,52.2351032463004,"Mode32"
20.2121212121212,52.2395073770759,"Mode32"
20.3434343434343,52.2439115078514,"Mode32"
20.4747474747475,52.2483156386269,"Mode32"
20.6060606060606,52.2527197694023,"Mode32"
20.7373737373737,52.2571239001778,"Mode32"
20.8686868686869,52.2615280309533,"Mode32"
21,52.2659321617288,"Mode32"
8,42.549725573036,"Mode33"
8.13131313131313,42.5604747894017,"Mode33"
8.26262626262626,42.5712240057674,"Mode33"
8.39393939393939,42.5819732221331,"Mode33"
8.52525252525253,42.5927224384988,"Mode33"
8.65656565656566,42.6034716548645,"Mode33"
8.78787878787879,42.6142208712302,"Mode33"
8.91919191919192,42.6249700875959,"Mode33"
9.05050505050505,42.6357193039616,"Mode33"
9.18181818181818,42.6464685203273,"Mode33"
9.31313131313131,42.657217736693,"Mode33"
9.44444444444444,42.6679669530587,"Mode33"
9.57575757575758,42.6787161694244,"Mode33"
9.70707070707071,42.6894653857901,"Mode33"
9.83838383838384,42.7002146021558,"Mode33"
9.96969696969697,42.7109638185214,"Mode33"
10.1010101010101,42.7217130348871,"Mode33"
10.2323232323232,42.7324622512528,"Mode33"
10.3636363636364,42.7432114676185,"Mode33"
10.4949494949495,42.7539606839841,"Mode33"
10.6262626262626,42.7647099003498,"Mode33"
10.7575757575758,42.7754591167154,"Mode33"
10.8888888888889,42.7862083330811,"Mode33"
11.020202020202,42.7969575494467,"Mode33"
11.1515151515152,42.8077067658124,"Mode33"
11.2828282828283,42.818455982178,"Mode33"
11.4141414141414,42.8292051985437,"Mode33"
11.5454545454545,42.8399544149094,"Mode33"
11.6767676767677,42.850703631275,"Mode33"
11.8080808080808,42.8614528476407,"Mode33"
11.9393939393939,42.8722020640063,"Mode33"
12.0707070707071,42.882951280372,"Mode33"
12.2020202020202,42.8937004967377,"Mode33"
12.3333333333333,42.9044497131033,"Mode33"
12.4646464646465,42.915198929469,"Mode33"
12.5959595959596,42.9259481458347,"Mode33"
12.7272727272727,42.9366973622004,"Mode33"
12.8585858585859,42.9474465785661,"Mode33"
12.989898989899,42.9581957949318,"Mode33"
13.1212121212121,42.9689450112975,"Mode33"
13.2525252525253,42.9796942276633,"Mode33"
13.3838383838384,42.990443444029,"Mode33"
13.5151515151515,43.0011926603948,"Mode33"
13.6464646464646,43.0119418767606,"Mode33"
13.7777777777778,43.0226910931263,"Mode33"
13.9090909090909,43.0334403094921,"Mode33"
14.040404040404,43.0441895258579,"Mode33"
14.1717171717172,43.0549387422237,"Mode33"
14.3030303030303,43.0656879585895,"Mode33"
14.4343434343434,43.0764371749553,"Mode33"
14.5656565656566,43.0871863913212,"Mode33"
14.6969696969697,43.097935607687,"Mode33"
14.8282828282828,43.1086848240528,"Mode33"
14.959595959596,43.1194340404186,"Mode33"
15.0909090909091,43.1301832567844,"Mode33"
15.2222222222222,43.1409324731503,"Mode33"
15.3535353535354,43.1516816895161,"Mode33"
15.4848484848485,43.1624309058819,"Mode33"
15.6161616161616,43.1731801222477,"Mode33"
15.7474747474747,43.1839293386135,"Mode33"
15.8787878787879,43.1946785549792,"Mode33"
16.010101010101,43.205427771345,"Mode33"
16.1414141414141,43.2161769877108,"Mode33"
16.2727272727273,43.2269262040765,"Mode33"
16.4040404040404,43.2376754204423,"Mode33"
16.5353535353535,43.248424636808,"Mode33"
16.6666666666667,43.2591738531737,"Mode33"
16.7979797979798,43.2699230695394,"Mode33"
16.9292929292929,43.2806722859051,"Mode33"
17.0606060606061,43.2914215022708,"Mode33"
17.1919191919192,43.3021707186365,"Mode33"
17.3232323232323,43.3129199350021,"Mode33"
17.4545454545455,43.3236691513678,"Mode33"
17.5858585858586,43.3344183677334,"Mode33"
17.7171717171717,43.345167584099,"Mode33"
17.8484848484849,43.3559168004646,"Mode33"
17.979797979798,43.3666660168302,"Mode33"
18.1111111111111,43.3774152331958,"Mode33"
18.2424242424242,43.3881644495614,"Mode33"
18.3737373737374,43.398913665927,"Mode33"
18.5050505050505,43.4096628822926,"Mode33"
18.6363636363636,43.4204120986581,"Mode33"
18.7676767676768,43.4311613150237,"Mode33"
18.8989898989899,43.4419105313892,"Mode33"
19.030303030303,43.4526597477548,"Mode33"
19.1616161616162,43.4634089641204,"Mode33"
19.2929292929293,43.4741581804859,"Mode33"
19.4242424242424,43.4849073968515,"Mode33"
19.5555555555556,43.495656613217,"Mode33"
19.6868686868687,43.5064058295826,"Mode33"
19.8181818181818,43.5171550459481,"Mode33"
19.9494949494949,43.5279042623137,"Mode33"
20.0808080808081,43.5386534786793,"Mode33"
20.2121212121212,43.5494026950448,"Mode33"
20.3434343434343,43.5601519114104,"Mode33"
20.4747474747475,43.5709011277759,"Mode33"
20.6060606060606,43.5816503441415,"Mode33"
20.7373737373737,43.592399560507,"Mode33"
20.8686868686869,43.6031487768726,"Mode33"
21,43.6138979932382,"Mode33"
8,42.8791880661801,"Mode34"
8.13131313131313,42.8915167984306,"Mode34"
8.26262626262626,42.9038455306811,"Mode34"
8.39393939393939,42.9161742629316,"Mode34"
8.52525252525253,42.9285029951821,"Mode34"
8.65656565656566,42.9408317274326,"Mode34"
8.78787878787879,42.9531604596831,"Mode34"
8.91919191919192,42.9654891919336,"Mode34"
9.05050505050505,42.9778179241842,"Mode34"
9.18181818181818,42.9901466564347,"Mode34"
9.31313131313131,43.0024753886852,"Mode34"
9.44444444444444,43.0148041209357,"Mode34"
9.57575757575758,43.0271328531862,"Mode34"
9.70707070707071,43.0394615854368,"Mode34"
9.83838383838384,43.0517903176873,"Mode34"
9.96969696969697,43.0641190499378,"Mode34"
10.1010101010101,43.0764477821884,"Mode34"
10.2323232323232,43.0887765144389,"Mode34"
10.3636363636364,43.1011052466895,"Mode34"
10.4949494949495,43.11343397894,"Mode34"
10.6262626262626,43.1257627111906,"Mode34"
10.7575757575758,43.1380914434411,"Mode34"
10.8888888888889,43.1504201756917,"Mode34"
11.020202020202,43.1627489079423,"Mode34"
11.1515151515152,43.1750776401929,"Mode34"
11.2828282828283,43.1874063724434,"Mode34"
11.4141414141414,43.199735104694,"Mode34"
11.5454545454545,43.2120638369446,"Mode34"
11.6767676767677,43.2243925691952,"Mode34"
11.8080808080808,43.2367213014458,"Mode34"
11.9393939393939,43.2490500336964,"Mode34"
12.0707070707071,43.2613787659471,"Mode34"
12.2020202020202,43.2737074981977,"Mode34"
12.3333333333333,43.2860362304483,"Mode34"
12.4646464646465,43.2983649626989,"Mode34"
12.5959595959596,43.3106936949496,"Mode34"
12.7272727272727,43.3230224272003,"Mode34"
12.8585858585859,43.3353511594509,"Mode34"
12.989898989899,43.3476798917016,"Mode34"
13.1212121212121,43.3600086239523,"Mode34"
13.2525252525253,43.372337356203,"Mode34"
13.3838383838384,43.3846660884537,"Mode34"
13.5151515151515,43.3969948207044,"Mode34"
13.6464646464646,43.4093235529552,"Mode34"
13.7777777777778,43.4216522852059,"Mode34"
13.9090909090909,43.4339810174567,"Mode34"
14.040404040404,43.4463097497075,"Mode34"
14.1717171717172,43.4586384819583,"Mode34"
14.3030303030303,43.4709672142091,"Mode34"
14.4343434343434,43.4832959464599,"Mode34"
14.5656565656566,43.4956246787107,"Mode34"
14.6969696969697,43.5079534109615,"Mode34"
14.8282828282828,43.5202821432124,"Mode34"
14.959595959596,43.5326108754632,"Mode34"
15.0909090909091,43.5449396077141,"Mode34"
15.2222222222222,43.5572683399649,"Mode34"
15.3535353535354,43.5695970722158,"Mode34"
15.4848484848485,43.5819258044666,"Mode34"
15.6161616161616,43.5942545367175,"Mode34"
15.7474747474747,43.6065832689684,"Mode34"
15.8787878787879,43.6189120012193,"Mode34"
16.010101010101,43.6312407334702,"Mode34"
16.1414141414141,43.6435694657211,"Mode34"
16.2727272727273,43.655898197972,"Mode34"
16.4040404040404,43.6682269302229,"Mode34"
16.5353535353535,43.6805556624738,"Mode34"
16.6666666666667,43.6928843947247,"Mode34"
16.7979797979798,43.7052131269756,"Mode34"
16.9292929292929,43.7175418592265,"Mode34"
17.0606060606061,43.7298705914775,"Mode34"
17.1919191919192,43.7421993237284,"Mode34"
17.3232323232323,43.7545280559794,"Mode34"
17.4545454545455,43.7668567882303,"Mode34"
17.5858585858586,43.7791855204813,"Mode34"
17.7171717171717,43.7915142527322,"Mode34"
17.8484848484849,43.8038429849832,"Mode34"
17.979797979798,43.8161717172341,"Mode34"
18.1111111111111,43.8285004494851,"Mode34"
18.2424242424242,43.840829181736,"Mode34"
18.3737373737374,43.8531579139869,"Mode34"
18.5050505050505,43.8654866462379,"Mode34"
18.6363636363636,43.8778153784888,"Mode34"
18.7676767676768,43.8901441107398,"Mode34"
18.8989898989899,43.9024728429907,"Mode34"
19.030303030303,43.9148015752417,"Mode34"
19.1616161616162,43.9271303074926,"Mode34"
19.2929292929293,43.9394590397436,"Mode34"
19.4242424242424,43.9517877719945,"Mode34"
19.5555555555556,43.9641165042454,"Mode34"
19.6868686868687,43.9764452364963,"Mode34"
19.8181818181818,43.9887739687473,"Mode34"
19.9494949494949,44.0011027009982,"Mode34"
20.0808080808081,44.0134314332491,"Mode34"
20.2121212121212,44.0257601655001,"Mode34"
20.3434343434343,44.038088897751,"Mode34"
20.4747474747475,44.0504176300019,"Mode34"
20.6060606060606,44.0627463622529,"Mode34"
20.7373737373737,44.0750750945038,"Mode34"
20.8686868686869,44.0874038267548,"Mode34"
21,44.0997325590057,"Mode34"
8,36.909607714042,"Mode35"
8.13131313131313,36.7360692703476,"Mode35"
8.26262626262626,36.5654728017755,"Mode35"
8.39393939393939,36.400760283448,"Mode35"
8.52525252525253,36.2448736904872,"Mode35"
8.65656565656566,36.1007549980155,"Mode35"
8.78787878787879,35.9713461811553,"Mode35"
8.91919191919192,35.8595892150286,"Mode35"
9.05050505050505,35.7683878850283,"Mode35"
9.18181818181818,35.6990169554421,"Mode35"
9.31313131313131,35.6505474904026,"Mode35"
9.44444444444444,35.6218941289096,"Mode35"
9.57575757575758,35.6119715099632,"Mode35"
9.70707070707071,35.6196942725635,"Mode35"
9.83838383838384,35.6439770557105,"Mode35"
9.96969696969697,35.6837344984043,"Mode35"
10.1010101010101,35.7377419982949,"Mode35"
10.2323232323232,35.8036377689286,"Mode35"
10.3636363636364,35.8785047293485,"Mode35"
10.4949494949495,35.9594220390811,"Mode35"
10.6262626262626,36.0434688576533,"Mode35"
10.7575757575758,36.1277243445915,"Mode35"
10.8888888888889,36.2092676594225,"Mode35"
11.020202020202,36.2851799021255,"Mode35"
11.1515151515152,36.3533530393529,"Mode35"
11.2828282828283,36.4137407687532,"Mode35"
11.4141414141414,36.4666196307932,"Mode35"
11.5454545454545,36.5122661659399,"Mode35"
11.6767676767677,36.5509569146602,"Mode35"
11.8080808080808,36.5829684174208,"Mode35"
11.9393939393939,36.6085772146886,"Mode35"
12.0707070707071,36.6280902852488,"Mode35"
12.2020202020202,36.6424027862329,"Mode35"
12.3333333333333,36.6529418797798,"Mode35"
12.4646464646465,36.6611538961819,"Mode35"
12.5959595959596,36.6684851657319,"Mode35"
12.7272727272727,36.6763820187223,"Mode35"
12.8585858585859,36.6862907854456,"Mode35"
12.989898989899,36.6996577961943,"Mode35"
13.1212121212121,36.7175735615572,"Mode35"
13.2525252525253,36.7393344618687,"Mode35"
13.3838383838384,36.7636726726086,"Mode35"
13.5151515151515,36.7893201633427,"Mode35"
13.6464646464646,36.8150089036367,"Mode35"
13.7777777777778,36.8394708630564,"Mode35"
13.9090909090909,36.8614380111676,"Mode35"
14.040404040404,36.8796483110602,"Mode35"
14.1717171717172,36.893275848372,"Mode35"
14.3030303030303,36.9022188014044,"Mode35"
14.4343434343434,36.9064436184477,"Mode35"
14.5656565656566,36.9059167477922,"Mode35"
14.6969696969697,36.900604637728,"Mode35"
14.8282828282828,36.8904737365455,"Mode35"
14.959595959596,36.8754904925348,"Mode35"
15.0909090909091,36.8557929868217,"Mode35"
15.2222222222222,36.8333396915919,"Mode35"
15.3535353535354,36.8111855044285,"Mode35"
15.4848484848485,36.7924003908173,"Mode35"
15.6161616161616,36.7800543162444,"Mode35"
15.7474747474747,36.7772172461959,"Mode35"
15.8787878787879,36.7869591461578,"Mode35"
16.010101010101,36.8123496743011,"Mode35"
16.1414141414141,36.8556164455538,"Mode35"
16.2727272727273,36.9163094387939,"Mode35"
16.4040404040404,36.9934475924893,"Mode35"
16.5353535353535,37.0860498451079,"Mode35"
16.6666666666667,37.1931351351175,"Mode35"
16.7979797979798,37.313722400986,"Mode35"
16.9292929292929,37.4468305811813,"Mode35"
17.0606060606061,37.5914171442093,"Mode35"
17.1919191919192,37.7447334825481,"Mode35"
17.3232323232323,37.9021447715094,"Mode35"
17.4545454545455,38.0589185743818,"Mode35"
17.5858585858586,38.2103224544541,"Mode35"
17.7171717171717,38.3516239750151,"Mode35"
17.8484848484849,38.4780906993535,"Mode35"
17.979797979798,38.584990190758,"Mode35"
18.1111111111111,38.6681469932942,"Mode35"
18.2424242424242,38.7269426281905,"Mode35"
18.3737373737374,38.76215755487,"Mode35"
18.5050505050505,38.7745755804989,"Mode35"
18.6363636363636,38.7649805122436,"Mode35"
18.7676767676768,38.7341561572701,"Mode35"
18.8989898989899,38.682886322745,"Mode35"
19.030303030303,38.6119611126543,"Mode35"
19.1616161616162,38.5231006946141,"Mode35"
19.2929292929293,38.4199299076705,"Mode35"
19.4242424242424,38.306306806424,"Mode35"
19.5555555555556,38.1860894454748,"Mode35"
19.6868686868687,38.0631358794234,"Mode35"
19.8181818181818,37.9413041628701,"Mode35"
19.9494949494949,37.8244523504152,"Mode35"
20.0808080808081,37.7162360020235,"Mode35"
20.2121212121212,37.61745795538,"Mode35"
20.3434343434343,37.5268122563781,"Mode35"
20.4747474747475,37.4429435137441,"Mode35"
20.6060606060606,37.3644963362045,"Mode35"
20.7373737373737,37.2901153324857,"Mode35"
20.8686868686869,37.2184451113142,"Mode35"
21,37.1481302814161,"Mode35"
8,62.3290120192166,"Mode36"
8.13131313131313,62.3539786557587,"Mode36"
8.26262626262626,62.3789818492121,"Mode36"
8.39393939393939,62.4040581564884,"Mode36"
8.52525252525253,62.4292441344989,"Mode36"
8.65656565656566,62.454576340155,"Mode36"
8.78787878787879,62.4800913303681,"Mode36"
8.91919191919192,62.5058256620497,"Mode36"
9.05050505050505,62.5318154319381,"Mode36"
9.18181818181818,62.5580771076332,"Mode36"
9.31313131313131,62.5846006029134,"Mode36"
9.44444444444444,62.6113739466884,"Mode36"
9.57575757575758,62.638385167868,"Mode36"
9.70707070707071,62.665622295362,"Mode36"
9.83838383838384,62.6930733580802,"Mode36"
9.96969696969697,62.7207263849324,"Mode36"
10.1010101010101,62.748566090282,"Mode36"
10.2323232323232,62.7765501185928,"Mode36"
10.3636363636364,62.8046228959175,"Mode36"
10.4949494949495,62.8327287588164,"Mode36"
10.6262626262626,62.8608120438497,"Mode36"
10.7575757575758,62.8888170875775,"Mode36"
10.8888888888889,62.9166882265599,"Mode36"
11.020202020202,62.9443698128048,"Mode36"
11.1515151515152,62.9718126534946,"Mode36"
11.2828282828283,62.9989839689092,"Mode36"
11.4141414141414,63.0258535494262,"Mode36"
11.5454545454545,63.0523911854236,"Mode36"
11.6767676767677,63.0785666672791,"Mode36"
11.8080808080808,63.1043497853705,"Mode36"
11.9393939393939,63.1297103300756,"Mode36"
12.0707070707071,63.1546187258628,"Mode36"
12.2020202020202,63.1790576501255,"Mode36"
12.3333333333333,63.2030208629794,"Mode36"
12.4646464646465,63.2265025238507,"Mode36"
12.5959595959596,63.2494967921661,"Mode36"
12.7272727272727,63.2719978273518,"Mode36"
12.8585858585859,63.2939997888344,"Mode36"
12.989898989899,63.3154968360402,"Mode36"
13.1212121212121,63.3364769039472,"Mode36"
13.2525252525253,63.3568965423361,"Mode36"
13.3838383838384,63.3767024312027,"Mode36"
13.5151515151515,63.3958412469404,"Mode36"
13.6464646464646,63.4142596659426,"Mode36"
13.7777777777778,63.4319043646029,"Mode36"
13.9090909090909,63.4487220193146,"Mode36"
14.040404040404,63.4646592246214,"Mode36"
14.1717171717172,63.4796566192086,"Mode36"
14.3030303030303,63.4936449532719,"Mode36"
14.4343434343434,63.5065540446859,"Mode36"
14.5656565656566,63.5183137113249,"Mode36"
14.6969696969697,63.5288537710632,"Mode36"
14.8282828282828,63.5381040417753,"Mode36"
14.959595959596,63.5459943413356,"Mode36"
15.0909090909091,63.5524579321997,"Mode36"
15.2222222222222,63.5574646111189,"Mode36"
15.3535353535354,63.5610061795283,"Mode36"
15.4848484848485,63.563074741268,"Mode36"
15.6161616161616,63.563662400178,"Mode36"
15.7474747474747,63.5627612600985,"Mode36"
15.8787878787879,63.5603634248694,"Mode36"
16.010101010101,63.5564610004638,"Mode36"
16.1414141414141,63.5510519370331,"Mode36"
16.2727272727273,63.544152768789,"Mode36"
16.4040404040404,63.5357837156152,"Mode36"
16.5353535353535,63.5259649973952,"Mode36"
16.6666666666667,63.5147168340125,"Mode36"
16.7979797979798,63.5020594453507,"Mode36"
16.9292929292929,63.4880130512933,"Mode36"
17.0606060606061,63.4725979714097,"Mode36"
17.1919191919192,63.4558372920176,"Mode36"
17.3232323232323,63.4377571583177,"Mode36"
17.4545454545455,63.4183838738086,"Mode36"
17.5858585858586,63.3977437419889,"Mode36"
17.7171717171717,63.375863066357,"Mode36"
17.8484848484849,63.3527681504115,"Mode36"
17.979797979798,63.328485297651,"Mode36"
18.1111111111111,63.3030468434301,"Mode36"
18.2424242424242,63.2765236435977,"Mode36"
18.3737373737374,63.2490017038866,"Mode36"
18.5050505050505,63.220567066284,"Mode36"
18.6363636363636,63.1913057727771,"Mode36"
18.7676767676768,63.1613038653533,"Mode36"
18.8989898989899,63.1306473859997,"Mode36"
19.030303030303,63.0994223699203,"Mode36"
19.1616161616162,63.0677138503844,"Mode36"
19.2929292929293,63.0356048088061,"Mode36"
19.4242424242424,63.0031779753622,"Mode36"
19.5555555555556,62.9705160802293,"Mode36"
19.6868686868687,62.9377018535844,"Mode36"
19.8181818181818,62.9048180256041,"Mode36"
19.9494949494949,62.8719473264651,"Mode36"
20.0808080808081,62.8391686218351,"Mode36"
20.2121212121212,62.8065063345986,"Mode36"
20.3434343434343,62.7739446423996,"Mode36"
20.4747474747475,62.7414667793986,"Mode36"
20.6060606060606,62.709055979756,"Mode36"
20.7373737373737,62.6766954776321,"Mode36"
20.8686868686869,62.6443685071874,"Mode36"
21,62.6120583025824,"Mode36"
