interview_age,SmoothedValue,UpperCI,LowerCI,ModeName,Derivative,Curvature
8.083333333,64.14076944,65.5219053,62.75963359,Mode1,0.526615459,0.135125792
8.166167665,64.18439128,65.55471441,62.81406816,Mode1,0.526615458,0.135077538
8.249001996,64.22801312,65.58758615,62.86844009,Mode1,0.526615454,0.135098218
8.331836327,64.27163496,65.62052202,62.9227479,Mode1,0.526615447,0.135091325
8.414670659,64.3152568,65.65352355,62.97699005,Mode1,0.526615438,0.090086159
8.49750499,64.35887864,65.68659233,63.03116495,Mode1,0.526615417,0.090065479
8.580339321,64.40250047,65.71972996,63.08527099,Mode1,0.52661539,0.045060313
8.663173653,64.4461223,65.7529381,63.13930651,Mode1,0.526615355,0.045012059
8.746007984,64.48974413,65.78621846,63.19326981,Mode1,0.526615309,0.045060313
8.828842315,64.53336596,65.81957278,63.24715914,Mode1,0.526615253,0.045067207
8.911676647,64.57698778,65.85300283,63.30097272,Mode1,0.52661518,0.135112005
8.994510978,64.62060959,65.88651046,63.35470872,Mode1,0.526615099,0.135098218
9.077345309,64.6642314,65.92009754,63.40836526,Mode1,0.526615004,0.135077538
9.160179641,64.7078532,65.95376598,63.46194041,Mode1,0.526614894,0.135077538
9.243013972,64.75147498,65.98751774,63.51543222,Mode1,0.526614769,0.135084431
9.325848303,64.79509676,66.02135485,63.56883867,Mode1,0.526614627,0.135063751
9.408682635,64.83871852,66.05527935,63.62215769,Mode1,0.526614472,0.090058585
9.491516966,64.88234028,66.08929336,63.67538719,Mode1,0.526614296,0.090072372
9.574351297,64.92596201,66.12339901,63.72852501,Mode1,0.526614101,0.045025846
9.657185629,64.96958373,66.15759852,63.78156894,Mode1,0.526613888,0.045018952
9.74001996,65.01320543,66.19189413,63.83451673,Mode1,0.526613655,0.045025846
9.822854291,65.05682711,66.22628812,63.8873661,Mode1,0.526613403,0.04505342
9.905688623,65.10044877,66.26078285,63.94011468,Mode1,0.526613126,0.135098218
9.988522954,65.1440704,66.2953807,63.9927601,Mode1,0.526612833,0.135077538
10.07135729,65.18769201,66.33008412,64.04529991,Mode1,0.526612519,0.135077538
10.15419162,65.23131359,66.36489557,64.09773161,Mode1,0.526612185,0.135077538
10.23702595,65.27493515,66.3998176,64.15005269,Mode1,0.526611829,0.135077538
10.31986028,65.31855667,66.43485279,64.20226056,Mode1,0.526611452,0.135091325
10.40269461,65.36217816,66.47000374,64.25435258,Mode1,0.526611058,0.090058585
10.48552894,65.40579962,66.50527314,64.30632611,Mode1,0.526610636,0.090051692
10.56836327,65.44942104,66.54066368,64.35817841,Mode1,0.526610197,0.067545662
10.6511976,65.49304243,66.57617811,64.40990674,Mode1,0.526609731,0.112578402
10.73403194,65.53666377,66.61181923,64.46150831,Mode1,0.526609247,0.112557721
10.81686627,65.58028508,66.64758987,64.51298028,Mode1,0.52660874,0.090065479
10.8997006,65.62390634,66.68349289,64.56431978,Mode1,0.526608213,0.090051692
10.98253493,65.66752756,66.71953119,64.61552392,Mode1,0.526607664,0.090065479
11.06536926,65.71114873,66.7557077,64.66658975,Mode1,0.526607096,0.067552556
11.14820359,65.75476985,66.79202538,64.71751431,Mode1,0.526606502,0.112592188
11.23103792,65.79839092,66.82848722,64.76829462,Mode1,0.52660589,0.112564615
11.31387226,65.84201194,66.86509623,64.81892765,Mode1,0.526605256,0.090044798
11.39670659,65.88563291,66.90185543,64.86941038,Mode1,0.526604603,0.090062032
11.47954092,65.92925382,66.93876788,64.91973977,Mode1,0.526603929,0.090044798
11.56237525,65.97287468,66.97583662,64.96991274,Mode1,0.526603238,0.067535322
11.64520958,66.01649548,67.01306472,65.01992623,Mode1,0.526602522,0.112561168
11.72804391,66.06011621,67.05045525,65.06977717,Mode1,0.526601789,0.112568061
11.81087824,66.10373689,67.08801128,65.1194625,Mode1,0.526601037,0.090048245
11.89371257,66.1473575,67.12573585,65.16897915,Mode1,0.526600267,0.090044798
11.97654691,66.19097805,67.16363203,65.21832408,Mode1,0.526599477,0.090051692
12.05938124,66.23459853,67.20170282,65.26749425,Mode1,0.526598672,0.067535322
12.14221557,66.27821895,67.23995124,65.31648666,Mode1,0.526597844,0.112578402
12.2250499,66.3218393,67.27838025,65.36529834,Mode1,0.526597001,0.112561168
12.30788423,66.36545957,67.31699279,65.41392635,Mode1,0.526596141,0.090044798
12.39071856,66.40907977,67.35579176,65.46236779,Mode1,0.526595265,0.07879523
12.47355289,66.4526999,67.39477999,65.51061982,Mode1,0.526594372,0.078788337
12.55638723,66.49631996,67.43396027,65.55867965,Mode1,0.526593462,0.101304707
12.63922156,66.53993994,67.47333531,65.60654456,Mode1,0.526592537,0.090048245
12.72205589,66.58355984,67.51290777,65.65421191,Mode1,0.526591596,0.10130126
12.80489022,66.62717966,67.55268021,65.70167911,Mode1,0.52659064,0.090034458
12.88772455,66.67079941,67.59265512,65.74894369,Mode1,0.526589669,0.090051692
12.97055888,66.71441907,67.63283489,65.79600325,Mode1,0.526588684,0.101304707
13.05339321,66.75803865,67.6732218,65.8428555,Mode1,0.526587685,0.10130126
13.13622754,66.80165815,67.71381804,65.88949825,Mode1,0.526586674,0.07878489
13.21906188,66.84527756,67.75462568,65.93592944,Mode1,0.526585647,0.101315047
13.30189621,66.88889689,67.79564667,65.98214711,Mode1,0.52658461,0.101308153
13.38473054,66.93251613,67.83688282,66.02814944,Mode1,0.526583561,0.095676476
13.46756487,66.97613528,67.87833583,66.07393474,Mode1,0.526582501,0.095666136
13.5503992,67.01975435,67.92000723,66.11950146,Mode1,0.526581431,0.090041352
13.63323353,67.06337332,67.96189845,66.1648482,Mode1,0.526580349,0.095669582
13.71606786,67.10699221,68.00401072,66.2099737,Mode1,0.52657926,0.090024118
13.7989022,67.15061101,68.04634515,66.25487686,Mode1,0.52657816,0.092848574
13.88173653,67.19422971,68.08890269,66.29955673,Mode1,0.526577052,0.092858914
13.96457086,67.23784832,68.13168411,66.34401253,Mode1,0.526575937,0.09285202
14.04740519,67.28146684,68.17469004,66.38824365,Mode1,0.526574814,0.094252184
14.13023952,67.32508527,68.21792091,66.43224963,Mode1,0.526573685,0.09285202
14.21307385,67.3687036,68.26137702,66.47603018,Mode1,0.52657255,0.093545209
14.29590818,67.41232184,68.30505847,66.5195852,Mode1,0.526571409,0.09337622
14.37874251,67.45593998,68.34896522,66.56291474,Mode1,0.526570263,0.093562443
14.46157685,67.49955803,68.39309703,66.60601903,Mode1,0.526569113,0.092845127
14.54441118,67.54317598,68.43745351,66.64889846,Mode1,0.526567959,0.095679922
14.62724551,67.58679384,68.4820341,66.69155358,Mode1,0.526566802,0.09284168
14.71007984,67.6304116,68.52683806,66.73398514,Mode1,0.526565642,0.09284168
14.79291417,67.67402927,68.57186452,66.77619401,Mode1,0.52656448,0.095652349
14.8757485,67.71764684,68.61711243,66.81818124,Mode1,0.526563317,0.095648902
14.95858283,67.76126431,68.66258057,66.85994805,Mode1,0.526562153,0.095659242
15.04141717,67.80488168,68.7082676,66.90149577,Mode1,0.52656099,0.090051692
15.1242515,67.84849896,68.75417201,66.94282591,Mode1,0.526559826,0.095662689
15.20708583,67.89211615,68.80029217,66.98394012,Mode1,0.526558664,0.101297813
15.28992016,67.93573323,68.8466263,67.02484017,Mode1,0.526557503,0.090044798
15.37275449,67.97935022,68.89317249,67.06552796,Mode1,0.526556344,0.101308153
15.45558882,68.02296712,68.93992872,67.10600552,Mode1,0.526555188,0.10129092
15.53842315,68.06658392,68.98689284,67.146275,Mode1,0.526554036,0.090055138
15.62125749,68.11020062,69.0340626,67.18633864,Mode1,0.526552887,0.101294366
15.70409182,68.15381723,69.08143565,67.22619882,Mode1,0.526551743,0.101280579
15.78692615,68.19743375,69.12900952,67.26585797,Mode1,0.526550605,0.078788337
15.86976048,68.24105017,69.17678169,67.30531864,Mode1,0.526549472,0.078767657
15.95259481,68.28466649,69.22474954,67.34458345,Mode1,0.526548344,0.101294366
16.03542914,68.32828273,69.27291036,67.3836551,Mode1,0.526547233,-0.180124064
16.11826347,68.37189887,69.32126141,67.42253633,Mode1,0.526546122,-0.191373632
16.2010978,68.41551492,69.36979986,67.46122998,Mode1,0.526545016,-0.180093043
16.28393214,68.45913088,69.41852284,67.49973892,Mode1,0.52654392,-0.180113724
16.36676647,68.50274675,69.46742743,67.53806606,Mode1,0.526542831,-0.180103384
16.4496008,68.54636252,69.51651068,67.57621436,Mode1,0.526541753,-0.18010683
16.53243513,68.58997821,69.56576961,67.61418682,Mode1,0.526540683,-0.180103384
16.61526946,68.63359381,69.61520119,67.65198644,Mode1,0.526539625,-0.18009649
16.69810379,68.67720933,69.66480239,67.68961627,Mode1,0.526538577,-0.180127511
16.78093812,68.72082476,69.71457016,67.72707935,Mode1,0.52653754,-0.180113724
16.86377246,68.7644401,69.76450146,67.76437874,Mode1,0.526536516,-0.180127511
16.94660679,68.80805536,69.8145932,67.80151751,Mode1,0.526535506,-0.202650774
17.02944112,68.85167053,69.86484235,67.83849871,Mode1,0.526534505,-0.180058576
17.11227545,68.89528562,69.91524584,67.8753254,Mode1,0.526533519,-0.180082703
17.19510978,68.93890063,69.96580063,67.91200064,Mode1,0.526532547,-0.180127511
17.27794411,68.98251556,70.0165037,67.94852743,Mode1,0.526531589,-0.180130957
17.36077844,69.02613042,70.06735202,67.98490881,Mode1,0.526530648,-0.202640434
17.44361277,69.06974519,70.11834263,68.02114775,Mode1,0.526529718,-0.180130957
17.52644711,69.11335989,70.16947255,68.05724723,Mode1,0.526528805,-0.180062023
17.60928144,69.15697451,70.22073886,68.09321017,Mode1,0.526527908,-0.180127511
17.69211577,69.20058906,70.27213864,68.12903949,Mode1,0.526527027,-0.180134404
17.7749501,69.24420354,70.32366903,68.16473805,Mode1,0.526526162,-0.180124064
17.85778443,69.28781795,70.37532721,68.20030869,Mode1,0.526525315,-0.180079256
17.94061876,69.33143229,70.42711036,68.23575421,Mode1,0.526524487,-0.202592179
18.02345309,69.37504656,70.47901574,68.27107737,Mode1,0.526523674,-0.202616306
18.10628743,69.41866076,70.53104063,68.30628089,Mode1,0.526522877,-0.180103384
18.18912176,69.4622749,70.58318236,68.34136743,Mode1,0.526522102,-0.225108549
18.27195609,69.50588897,70.6354383,68.37633964,Mode1,0.526521343,-0.225091315
18.35479042,69.54950298,70.68780588,68.41120009,Mode1,0.526520603,-0.225132676
18.43762475,69.59311693,70.74028254,68.44595133,Mode1,0.526519881,-0.225132676
18.52045908,69.63673083,70.7928658,68.48059586,Mode1,0.526519179,-0.225101656
18.60329341,69.68034466,70.84555321,68.51513611,Mode1,0.526518496,-0.225122336
18.68612774,69.72395844,70.89834238,68.54957451,Mode1,0.526517833,-0.225122336
18.76896208,69.76757217,70.95123095,68.58391338,Mode1,0.52651719,-0.225146463
18.85179641,69.81118584,71.00421663,68.61815505,Mode1,0.526516563,-0.135098218
18.93463074,69.85479946,71.05729715,68.65230177,Mode1,0.526515961,-0.135125792
19.01746507,69.89841303,71.11047031,68.68635576,Mode1,0.526515384,-0.180110277
19.1002994,69.94202656,71.16373395,68.72031917,Mode1,0.526514823,-0.18007581
19.18313373,69.98564004,71.21708595,68.75419413,Mode1,0.526514284,-0.180027556
19.26596806,70.02925348,71.27052425,68.78798271,Mode1,0.526513765,-0.225080975
19.3488024,70.07286687,71.32404682,68.82168692,Mode1,0.526513268,-0.22514991
19.43163673,70.11648022,71.3776517,68.85530875,Mode1,0.526512792,-0.22517059
19.51447106,70.16009354,71.43133695,68.88885013,Mode1,0.526512338,-0.225136123
19.59730539,70.20370682,71.48510068,68.92231296,Mode1,0.526511905,-0.225115443
19.68013972,70.24732006,71.53894106,68.95569906,Mode1,0.526511493,-0.225115443
19.76297405,70.29093327,71.59285629,68.98901025,Mode1,0.526511098,-0.135049964
19.84580838,70.33454645,71.64684462,69.02224829,Mode1,0.526510728,-0.135015497
19.92864271,70.3781596,71.70090432,69.05541488,Mode1,0.52651038,-0.135029284
20.01147705,70.42177272,71.75503374,69.0885117,Mode1,0.526510052,-0.135084431
20.09431138,70.46538582,71.80923124,69.12154039,Mode1,0.52650975,-0.179993088
20.17714571,70.50899889,71.86349523,69.15450254,Mode1,0.526509464,-0.225115443
20.25998004,70.55261194,71.91782417,69.1873997,Mode1,0.526509198,-0.225156803
20.34281437,70.59622496,71.97221653,69.2202334,Mode1,0.526508952,-0.225115443
20.4256487,70.63983797,72.02667084,69.25300509,Mode1,0.526508725,-0.225163697
20.50848303,70.68345096,72.08118568,69.28571624,Mode1,0.526508518,-0.225108549
20.59131737,70.72706393,72.13575962,69.31836824,Mode1,0.526508325,-0.135084431
20.6741517,70.77067689,72.19039131,69.35096246,Mode1,0.526508159,-0.225156803
20.75698603,70.81428983,72.24507942,69.38350024,Mode1,0.526508007,-0.225046508
20.83982036,70.85790276,72.29982265,69.41598288,Mode1,0.526507867,-0.135070644
20.92265469,70.90151569,72.35461973,69.44841165,Mode1,0.526507748,-0.13504307
21.00548902,70.9451286,72.40946942,69.48078777,Mode1,0.52650765,-0.180034449
21.08832335,70.9887415,72.46437054,69.51311247,Mode1,0.526507562,-0.180089597
21.17115768,71.0323544,72.5193219,69.54538691,Mode1,0.526507488,-0.180137851
21.25399202,71.07596729,72.57432236,69.57761222,Mode1,0.526507427,-0.225101656
21.33682635,71.11958018,72.62937082,69.60978954,Mode1,0.526507378,-0.225087869
21.41966068,71.16319307,72.6844662,69.64191994,Mode1,0.52650734,-0.225143016
21.50249501,71.20680595,72.73960743,69.67400447,Mode1,0.526507311,-0.22514991
21.58532934,71.25041883,72.79479348,69.70604417,Mode1,0.526507291,-0.225046508
21.66816367,71.29403171,72.85002337,69.73804004,Mode1,0.526507273,-0.13504307
21.750998,71.33764458,72.90529611,69.76999306,Mode1,0.526507266,-0.135056857
21.83383234,71.38125746,72.96061075,69.80190417,Mode1,0.526507262,-0.135084431
21.91666667,71.42487034,73.01596637,69.8337743,Mode1,0.526507261,-0.135084431
8.083333333,52.90568069,53.74806487,52.06329651,Mode2,0.178286875,0.045748316
8.166167665,52.92044896,53.75623501,52.08466292,Mode2,0.178286875,0.045730339
8.249001996,52.93521724,53.76444341,52.10599107,Mode2,0.178286873,0.045738044
8.331836327,52.94998551,53.77269099,52.12728003,Mode2,0.17828687,0.045735476
8.414670659,52.96475379,53.7809787,52.14852888,Mode2,0.178286867,0.030499734
8.49750499,52.97952206,53.78930749,52.16973663,Mode2,0.17828686,0.030492029
8.580339321,52.99429033,53.79767835,52.19090231,Mode2,0.178286849,0.015256287
8.663173653,53.0090586,53.8060923,52.2120249,Mode2,0.178286836,0.01523831
8.746007984,53.02382687,53.81455038,52.23310337,Mode2,0.178286819,0.015256287
8.828842315,53.03859514,53.82305365,52.25413663,Mode2,0.178286798,0.015258855
8.911676647,53.05336341,53.83160321,52.27512361,Mode2,0.178286771,0.04574318
8.994510978,53.06813167,53.84020017,52.29606317,Mode2,0.178286741,0.045738044
9.077345309,53.08289994,53.84884568,52.31695419,Mode2,0.178286706,0.045730339
9.160179641,53.09766819,53.85754092,52.33779547,Mode2,0.178286665,0.045730339
9.243013972,53.11243645,53.86628708,52.35858582,Mode2,0.178286618,0.045732907
9.325848303,53.1272047,53.87508539,52.37932401,Mode2,0.178286565,0.045725203
9.408682635,53.14197295,53.88393712,52.40000877,Mode2,0.178286507,0.030489461
9.491516966,53.15674119,53.89284354,52.42063883,Mode2,0.178286442,0.030494597
9.574351297,53.17150942,53.90180598,52.44121287,Mode2,0.178286369,0.015243446
9.657185629,53.18627765,53.91082577,52.46172953,Mode2,0.17828629,0.015240878
9.74001996,53.20104587,53.9199043,52.48218745,Mode2,0.178286203,0.015243446
9.822854291,53.21581409,53.92904295,52.50258522,Mode2,0.178286109,0.015253719
9.905688623,53.23058229,53.93824317,52.52292142,Mode2,0.178286006,0.045738044
9.988522954,53.24535049,53.94750641,52.54319457,Mode2,0.178285897,0.045730339
10.07135729,53.26011868,53.95683416,52.5634032,Mode2,0.17828578,0.045730339
10.15419162,53.27488686,53.96622793,52.58354578,Mode2,0.178285655,0.045730339
10.23702595,53.28965503,53.97568928,52.60362077,Mode2,0.178285523,0.045730339
10.31986028,53.30442318,53.98521977,52.62362659,Mode2,0.178285382,0.045735476
10.40269461,53.31919133,53.99482101,52.64356165,Mode2,0.178285235,0.030489461
10.48552894,53.33395946,54.00449461,52.6634243,Mode2,0.178285078,0.030486893
10.56836327,53.34872758,54.01424224,52.68321291,Mode2,0.178284914,0.022867738
10.6511976,53.36349568,54.02406557,52.70292579,Mode2,0.178284741,0.038113752
10.73403194,53.37826377,54.0339663,52.72256124,Mode2,0.178284561,0.038106048
10.81686627,53.39303185,54.04394616,52.74211754,Mode2,0.178284372,0.030492029
10.8997006,53.40779991,54.05400688,52.76159293,Mode2,0.178284175,0.030486893
10.98253493,53.42256795,54.06415025,52.78098564,Mode2,0.178283971,0.030492029
11.06536926,53.43733597,54.07437805,52.8002939,Mode2,0.178283759,0.022870306
11.14820359,53.45210398,54.08469207,52.81951589,Mode2,0.178283538,0.038118889
11.23103792,53.46687197,54.09509414,52.83864979,Mode2,0.17828331,0.038108616
11.31387226,53.48163994,54.1055861,52.85769378,Mode2,0.178283074,0.030484325
11.39670659,53.49640789,54.11616978,52.87664599,Mode2,0.178282831,0.030490745
11.47954092,53.51117582,54.12684704,52.89550459,Mode2,0.17828258,0.030484325
11.56237525,53.52594372,54.13761974,52.9142677,Mode2,0.178282322,0.022863886
11.64520958,53.54071161,54.14848975,52.93293347,Mode2,0.178282055,0.038107332
11.72804391,53.55547947,54.15945893,52.95150001,Mode2,0.178281782,0.0381099
11.81087824,53.57024731,54.17052915,52.96996548,Mode2,0.178281502,0.030485609
11.89371257,53.58501513,54.18170226,52.988328,Mode2,0.178281215,0.030484325
11.97654691,53.59978292,54.19298012,53.00658572,Mode2,0.178280921,0.030486893
12.05938124,53.61455069,54.20436458,53.02473681,Mode2,0.178280621,0.022863886
12.14221557,53.62931844,54.21585744,53.04277943,Mode2,0.178280313,0.038113752
12.2250499,53.64408615,54.22746053,53.06071178,Mode2,0.178279999,0.038107332
12.30788423,53.65885385,54.23917562,53.07853207,Mode2,0.178279678,0.030484325
12.39071856,53.67362151,54.25100448,53.09623854,Mode2,0.178279352,0.026676031
12.47355289,53.68838915,54.26294882,53.11382948,Mode2,0.178279019,0.026673463
12.55638723,53.70315676,54.27501034,53.13130317,Mode2,0.17827868,0.03429647
12.63922156,53.71792434,54.28719069,53.14865799,Mode2,0.178278335,0.030485609
12.72205589,53.73269189,54.29949148,53.1658923,Mode2,0.178277985,0.034295186
12.80489022,53.74745941,54.31191427,53.18300456,Mode2,0.178277629,0.030480472
12.88772455,53.76222691,54.32446056,53.19999325,Mode2,0.178277267,0.030486893
12.97055888,53.77699437,54.33713181,53.21685693,Mode2,0.1782769,0.03429647
13.05339321,53.7917618,54.3499294,53.2335942,Mode2,0.178276528,0.034295186
13.13622754,53.8065292,54.36285466,53.25020375,Mode2,0.178276151,0.026672179
13.21906188,53.82129657,54.37590884,53.2666843,Mode2,0.178275769,0.034300323
13.30189621,53.83606391,54.38909313,53.28303469,Mode2,0.178275382,0.034297754
13.38473054,53.85083122,54.40240863,53.29925381,Mode2,0.178274992,0.03239104
13.46756487,53.86559849,54.41585635,53.31534063,Mode2,0.178274597,0.032387187
13.5503992,53.88036573,54.42943724,53.33129422,Mode2,0.178274198,0.030483041
13.63323353,53.89513294,54.44315215,53.34711373,Mode2,0.178273795,0.032388471
13.71606786,53.90990011,54.45700183,53.3627984,Mode2,0.178273389,0.03047662
13.7989022,53.92466725,54.47098695,53.37834756,Mode2,0.178272979,0.031433188
13.88173653,53.93943436,54.48510808,53.39376064,Mode2,0.178272567,0.03143704
13.96457086,53.95420143,54.49936569,53.40903717,Mode2,0.178272151,0.031434472
14.04740519,53.96896847,54.51376016,53.42417678,Mode2,0.178271733,0.031908262
14.13023952,53.98373547,54.52829174,53.4391792,Mode2,0.178271312,0.031434472
14.21307385,53.99850244,54.54296062,53.45404426,Mode2,0.178270889,0.031668799
14.29590818,54.01326937,54.55776685,53.46877189,Mode2,0.178270464,0.031611822
14.37874251,54.02803627,54.5727104,53.48336213,Mode2,0.178270037,0.031675219
14.46157685,54.04280313,54.58779113,53.49781513,Mode2,0.178269609,0.031431904
14.54441118,54.05756996,54.60300879,53.51213112,Mode2,0.178269179,0.032392324
14.62724551,54.07233675,54.61836304,53.52631045,Mode2,0.178268748,0.03143062
14.71007984,54.0871035,54.63385344,53.54035356,Mode2,0.178268316,0.03143062
14.79291417,54.10187022,54.64947944,53.554261,Mode2,0.178267883,0.032382051
14.8757485,54.1166369,54.66524041,53.5680334,Mode2,0.17826745,0.032380767
14.95858283,54.13140355,54.6811356,53.5816715,Mode2,0.178267016,0.032384619
15.04141717,54.14617016,54.6971642,53.59517612,Mode2,0.178266583,0.030486893
15.1242515,54.16093674,54.71332529,53.60854818,Mode2,0.178266149,0.032385903
15.20708583,54.17570328,54.72961787,53.62178868,Mode2,0.178265716,0.034293902
15.28992016,54.19046978,54.74604086,53.63489869,Mode2,0.178265283,0.030484325
15.37275449,54.20523625,54.76259311,53.64787938,Mode2,0.178264852,0.034297754
15.45558882,54.22000268,54.77927338,53.66073198,Mode2,0.178264421,0.034291334
15.53842315,54.23476908,54.79608036,53.6734578,Mode2,0.178263992,0.030488177
15.62125749,54.24953544,54.81301268,53.68605819,Mode2,0.178263564,0.034292618
15.70409182,54.26430176,54.83006892,53.69853461,Mode2,0.178263138,0.034287482
15.78692615,54.27906805,54.84724758,53.71088853,Mode2,0.178262714,0.026673463
15.86976048,54.29383431,54.86454712,53.7231215,Mode2,0.178262292,0.026665759
15.95259481,54.30860053,54.88196594,53.73523511,Mode2,0.178261872,0.034292618
16.03542914,54.32336671,54.89950242,53.74723101,Mode2,0.178261457,-0.06098149
16.11826347,54.33813286,54.91715487,53.75911086,Mode2,0.178261043,-0.064789784
16.2010978,54.35289898,54.93492158,53.77087639,Mode2,0.178260631,-0.060969933
16.28393214,54.36766506,54.9528008,53.78252933,Mode2,0.178260223,-0.060977638
16.36676647,54.38243111,54.97079076,53.79407146,Mode2,0.178259817,-0.060973786
16.4496008,54.39719713,54.98888967,53.80550459,Mode2,0.178259415,-0.06097507
16.53243513,54.41196311,55.00709571,53.81683051,Mode2,0.178259017,-0.060973786
16.61526946,54.42672906,55.02540705,53.82805108,Mode2,0.178258623,-0.060971218
16.69810379,54.44149498,55.04382184,53.83916812,Mode2,0.178258232,-0.060982774
16.78093812,54.45626087,55.06233823,53.8501835,Mode2,0.178257846,-0.060977638
16.86377246,54.47102672,55.08095437,53.86109907,Mode2,0.178257465,-0.060982774
16.94660679,54.48579254,55.09966838,53.8719167,Mode2,0.178257088,-0.06860835
17.02944112,54.50055833,55.11847843,53.88263824,Mode2,0.178256715,-0.060957093
17.11227545,54.51532409,55.13738264,53.89326555,Mode2,0.178256348,-0.060966081
17.19510978,54.53008982,55.15637917,53.90380048,Mode2,0.178255986,-0.060982774
17.27794411,54.54485552,55.17546617,53.91424487,Mode2,0.178255629,-0.060984058
17.36077844,54.55962119,55.19464183,53.92460056,Mode2,0.178255278,-0.068604497
17.44361277,54.57438684,55.21390432,53.93486935,Mode2,0.178254932,-0.060984058
17.52644711,54.58915245,55.23325185,53.94505305,Mode2,0.178254592,-0.060958377
17.60928144,54.60391804,55.25268262,53.95515345,Mode2,0.178254258,-0.060982774
17.69211577,54.6186836,55.27219488,53.96517231,Mode2,0.178253929,-0.060985342
17.7749501,54.63344913,55.29178688,53.97511138,Mode2,0.178253607,-0.06098149
17.85778443,54.64821463,55.31145689,53.98497237,Mode2,0.178253292,-0.060964797
17.94061876,54.66298011,55.33120322,53.994757,Mode2,0.178252983,-0.06858652
18.02345309,54.67774556,55.35102419,54.00446694,Mode2,0.17825268,-0.068595509
18.10628743,54.69251099,55.37091815,54.01410384,Mode2,0.178252383,-0.060973786
18.18912176,54.7072764,55.39088347,54.02366932,Mode2,0.178252095,-0.076209528
18.27195609,54.72204178,55.41091856,54.033165,Mode2,0.178251812,-0.076203107
18.35479042,54.73680714,55.43102184,54.04259244,Mode2,0.178251536,-0.076218516
18.43762475,54.75157247,55.45119176,54.05195318,Mode2,0.178251267,-0.076218516
18.52045908,54.76633779,55.47142682,54.06124875,Mode2,0.178251006,-0.07620696
18.60329341,54.78110308,55.49172552,54.07048064,Mode2,0.178250751,-0.076214664
18.68612774,54.79586835,55.5120864,54.0796503,Mode2,0.178250504,-0.076214664
18.76896208,54.8106336,55.53250803,54.08875917,Mode2,0.178250265,-0.076223652
18.85179641,54.82539883,55.552989,54.09780866,Mode2,0.178250031,-0.045738044
18.93463074,54.84016405,55.57352796,54.10680013,Mode2,0.178249807,-0.045748316
19.01746507,54.85492924,55.59412354,54.11573494,Mode2,0.178249592,-0.060976354
19.1002994,54.86969442,55.61477443,54.12461441,Mode2,0.178249383,-0.060963513
19.18313373,54.88445958,55.63547934,54.13343981,Mode2,0.178249182,-0.060945536
19.26596806,54.89922472,55.65623702,54.14221242,Mode2,0.178248989,-0.076199255
19.3488024,54.91398985,55.67704623,54.15093347,Mode2,0.178248804,-0.076224937
19.43163673,54.92875496,55.69790576,54.15960416,Mode2,0.178248626,-0.076232641
19.51447106,54.94352006,55.71881444,54.16822568,Mode2,0.178248457,-0.0762198
19.59730539,54.95828514,55.73977113,54.17679916,Mode2,0.178248296,-0.076212096
19.68013972,54.97305022,55.76077468,54.18532575,Mode2,0.178248142,-0.076212096
19.76297405,54.98781527,55.78182402,54.19380653,Mode2,0.178247995,-0.045720067
19.84580838,55.00258032,55.80291807,54.20224258,Mode2,0.178247858,-0.045707226
19.92864271,55.01734536,55.82405578,54.21063494,Mode2,0.178247728,-0.045712362
20.01147705,55.03211039,55.84523613,54.21898464,Mode2,0.178247606,-0.045732907
20.09431138,55.0468754,55.86645813,54.22729268,Mode2,0.178247493,-0.060932695
20.17714571,55.06164041,55.8877208,54.23556002,Mode2,0.178247386,-0.076212096
20.25998004,55.07640541,55.9090232,54.24378762,Mode2,0.178247287,-0.076227505
20.34281437,55.0911704,55.9303644,54.2519764,Mode2,0.178247196,-0.076212096
20.4256487,55.10593538,55.9517435,54.26012726,Mode2,0.178247111,-0.076230073
20.50848303,55.12070036,55.97315962,54.26824109,Mode2,0.178247034,-0.076209528
20.59131737,55.13546533,55.99461191,54.27631875,Mode2,0.178246962,-0.045732907
20.6741517,55.15023029,56.01609952,54.28436106,Mode2,0.1782469,-0.076227505
20.75698603,55.16499525,56.03762165,54.29236886,Mode2,0.178246843,-0.076186414
20.83982036,55.17976021,56.0591775,54.30034292,Mode2,0.178246791,-0.045727771
20.92265469,55.19452516,56.08076629,54.30828404,Mode2,0.178246747,-0.045717499
21.00548902,55.20929011,56.10238726,54.31619296,Mode2,0.17824671,-0.060948104
21.08832335,55.22405506,56.12403969,54.32407042,Mode2,0.178246678,-0.060968649
21.17115768,55.23882,56.14572286,54.33191714,Mode2,0.17824665,-0.060986626
21.25399202,55.25358494,56.16743606,54.33973382,Mode2,0.178246627,-0.07620696
21.33682635,55.26834988,56.18917862,54.34752114,Mode2,0.178246609,-0.076201823
21.41966068,55.28311482,56.21094987,54.35527976,Mode2,0.178246595,-0.076222368
21.50249501,55.29787975,56.23274917,54.36301034,Mode2,0.178246584,-0.076224937
21.58532934,55.31264469,56.25457589,54.37071349,Mode2,0.178246577,-0.076186414
21.66816367,55.32740963,56.27642941,54.37838984,Mode2,0.17824657,-0.045717499
21.750998,55.34217456,56.29830913,54.38603999,Mode2,0.178246567,-0.045722635
21.83383234,55.3569395,56.32021449,54.3936645,Mode2,0.178246566,-0.045732907
21.91666667,55.37170443,56.3421449,54.40126396,Mode2,0.178246566,-0.045732907
8.083333333,127.2980065,130.3347361,124.2612768,Mode3,0.806174068,0.206752659
8.166167665,127.3647854,130.3777386,124.3518321,Mode3,0.806174069,0.206827431
8.249001996,127.4315642,130.4208788,124.4422496,Mode3,0.806174075,0.206795386
8.331836327,127.4983431,130.4641601,124.5325261,Mode3,0.806174087,0.206806067
8.414670659,127.565122,130.5075859,124.6226582,Mode3,0.806174114,0.137831545
8.49750499,127.6319009,130.5511595,124.7126424,Mode3,0.806174145,0.13786359
8.580339321,127.6986798,130.5948846,124.8024751,Mode3,0.806174188,0.068889068
8.663173653,127.7654587,130.6387648,124.8921527,Mode3,0.806174243,0.06896384
8.746007984,127.8322376,130.6828038,124.9816715,Mode3,0.806174313,0.068889068
8.828842315,127.8990165,130.7270055,125.0710276,Mode3,0.806174401,0.068878387
8.911676647,127.9657955,130.7713739,125.1602171,Mode3,0.8061745,0.206774022
8.994510978,128.0325744,130.8159128,125.249236,Mode3,0.806174625,0.206795386
9.077345309,128.0993533,130.8606266,125.3380801,Mode3,0.806174773,0.206827431
9.160179641,128.1661323,130.9055193,125.4267453,Mode3,0.806174943,0.206827431
9.243013972,128.2329113,130.9505954,125.5152271,Mode3,0.806175137,0.206816749
9.325848303,128.2996903,130.9958592,125.6035213,Mode3,0.806175357,0.206848794
9.408682635,128.3664693,131.0413153,125.6916232,Mode3,0.80617561,0.137874272
9.491516966,128.4332483,131.0869683,125.7795283,Mode3,0.806175883,0.137852909
9.574351297,128.5000273,131.132823,125.8672317,Mode3,0.806176185,0.068942477
9.657185629,128.5668064,131.1788841,125.9547287,Mode3,0.806176516,0.068953159
9.74001996,128.6335855,131.2251567,126.0420143,Mode3,0.806176877,0.068942477
9.822854291,128.7003647,131.2716458,126.1290835,Mode3,0.806177268,0.06889975
9.905688623,128.7671438,131.3183565,126.2159312,Mode3,0.806177683,0.206795386
9.988522954,128.833923,131.3652942,126.3025519,Mode3,0.806178137,0.206827431
10.07135729,128.9007023,131.4124641,126.3889405,Mode3,0.806178623,0.206827431
10.15419162,128.9674816,131.4598717,126.4750914,Mode3,0.806179141,0.206827431
10.23702595,129.0342609,131.5075227,126.5609991,Mode3,0.806179692,0.206827431
10.31986028,129.1010403,131.5554227,126.6466579,Mode3,0.806180276,0.206806067
10.40269461,129.1678197,131.6035774,126.7320621,Mode3,0.806180901,0.137874272
10.48552894,129.2345992,131.6519927,126.8172057,Mode3,0.806181548,0.137884954
10.56836327,129.3013788,131.7006747,126.9020828,Mode3,0.806182235,0.103403034
10.6511976,129.3681583,131.7496292,126.9866875,Mode3,0.80618295,0.172334829
10.73403194,129.434938,131.7988626,127.0710134,Mode3,0.806183701,0.172366874
10.81686627,129.5017177,131.848381,127.1550545,Mode3,0.806184485,0.13786359
10.8997006,129.5684975,131.8981906,127.2388044,Mode3,0.806185303,0.137884954
10.98253493,129.6352774,131.948298,127.3222567,Mode3,0.806186154,0.13786359
11.06536926,129.7020573,131.9987095,127.4054051,Mode3,0.806187041,0.103392352
11.14820359,129.7688373,132.0494317,127.4882429,Mode3,0.806187954,0.172313465
11.23103792,129.8356174,132.1004711,127.5707637,Mode3,0.806188903,0.172356192
11.31387226,129.9023975,132.1518343,127.6529608,Mode3,0.806189883,0.137895636
11.39670659,129.9691778,132.2035281,127.7348275,Mode3,0.806190896,0.137868931
11.47954092,130.0359581,132.255559,127.8163572,Mode3,0.80619194,0.137895636
11.56237525,130.1027385,132.3079339,127.8975431,Mode3,0.806193019,0.103419056
11.64520958,130.169519,132.3606595,127.9783786,Mode3,0.806194121,0.172361533
11.72804391,130.2362996,132.4137425,128.0588568,Mode3,0.806195256,0.172350851
11.81087824,130.3030803,132.4671897,128.138971,Mode3,0.806196421,0.137890295
11.89371257,130.3698611,132.5210077,128.2187145,Mode3,0.806197615,0.137895636
11.97654691,130.436642,132.5752033,128.2980807,Mode3,0.806198838,0.137884954
12.05938124,130.503423,132.6297832,128.3770628,Mode3,0.806200093,0.103419056
12.14221557,130.5702041,132.6847539,128.4556543,Mode3,0.806201369,0.172334829
12.2250499,130.6369853,132.740122,128.5338486,Mode3,0.806202676,0.172361533
12.30788423,130.7037666,132.7958939,128.6116393,Mode3,0.806204009,0.137895636
12.39071856,130.770548,132.852076,128.68902,Mode3,0.806205369,0.120649335
12.47355289,130.8373296,132.9086746,128.7659846,Mode3,0.806206753,0.120660016
12.55638723,130.9041112,132.9656957,128.8425268,Mode3,0.80620816,0.155125914
12.63922156,130.970893,133.0231453,128.9186407,Mode3,0.806209594,0.137890295
12.72205589,131.0376749,133.0810293,128.9943205,Mode3,0.806211051,0.155131255
12.80489022,131.1044569,133.1393533,129.0695605,Mode3,0.806212533,0.137911658
12.88772455,131.1712391,133.1981228,129.1443553,Mode3,0.806214037,0.137884954
12.97055888,131.2380213,133.257343,129.2186997,Mode3,0.806215564,0.155125914
13.05339321,131.3048037,133.3170189,129.2925885,Mode3,0.806217112,0.155131255
13.13622754,131.3715862,133.3771554,129.3660171,Mode3,0.806218682,0.120665357
13.21906188,131.4383689,133.437757,129.4389808,Mode3,0.806220269,0.155109891
13.30189621,131.5051517,133.498828,129.5114754,Mode3,0.806221876,0.155120573
13.38473054,131.5719346,133.5603723,129.5834969,Mode3,0.806223501,0.146508104
13.46756487,131.6387176,133.6223937,129.6550415,Mode3,0.806225144,0.146524127
13.5503992,131.7055008,133.6848957,129.726106,Mode3,0.806226804,0.137900976
13.63323353,131.7722842,133.7478812,129.7966871,Mode3,0.806228478,0.146518786
13.71606786,131.8390676,133.811353,129.8667822,Mode3,0.806230169,0.137927681
13.7989022,131.9058512,133.8753136,129.9363889,Mode3,0.806231872,0.142220563
13.88173653,131.972635,133.939765,130.0055049,Mode3,0.806233588,0.14220454
13.96457086,132.0394189,134.004709,130.0741288,Mode3,0.806235316,0.142215222
14.04740519,132.1062029,134.0701468,130.142259,Mode3,0.806237056,0.144380356
14.13023952,132.1729871,134.1360795,130.2098946,Mode3,0.806238806,0.142215222
14.21307385,132.2397714,134.2025078,130.277035,Mode3,0.806240565,0.143308471
14.29590818,132.3065559,134.2694318,130.34368,Mode3,0.806242333,0.143028483
14.37874251,132.3733405,134.3368514,130.4098296,Mode3,0.806244109,0.143281767
14.46157685,132.4401253,134.4047661,130.4754844,Mode3,0.806245891,0.142225904
14.54441118,132.5069102,134.4731751,130.5406452,Mode3,0.806247679,0.146502763
14.62724551,132.5736952,134.5420771,130.6053133,Mode3,0.806249472,0.142231245
14.71007984,132.6404805,134.6114706,130.6694903,Mode3,0.806251269,0.142231245
14.79291417,132.7072658,134.6813535,130.7331781,Mode3,0.806253068,0.14654549
14.8757485,132.7740513,134.7517236,130.796379,Mode3,0.80625487,0.146550831
14.95858283,132.840837,134.8225782,130.8590958,Mode3,0.806256674,0.146534809
15.04141717,132.9076228,134.8939144,130.9213312,Mode3,0.806258478,0.137884954
15.1242515,132.9744087,134.9657288,130.9830887,Mode3,0.80626028,0.146529468
15.20708583,133.0411949,135.0380178,131.0443719,Mode3,0.806262081,0.155136596
15.28992016,133.1079811,135.1107776,131.1051846,Mode3,0.80626388,0.137895636
15.37275449,133.1747675,135.1840039,131.1655311,Mode3,0.806265676,0.155120573
15.45558882,133.2415541,135.2576924,131.2254158,Mode3,0.806267467,0.155147277
15.53842315,133.3083408,135.3318382,131.2848433,Mode3,0.806269253,0.137879613
15.62125749,133.3751276,135.4064364,131.3438188,Mode3,0.806271033,0.155141937
15.70409182,133.4419146,135.4814819,131.4023473,Mode3,0.806272805,0.1551633
15.78692615,133.5087018,135.5569693,131.4604342,Mode3,0.806274572,0.120660016
15.86976048,133.575489,135.6328929,131.5180852,Mode3,0.806276327,0.120692062
15.95259481,133.6422765,135.7092471,131.5753059,Mode3,0.806278072,0.155141937
16.03542914,133.7090641,135.7860259,131.6321022,Mode3,0.806279821,-0.275737863
16.11826347,133.7758518,135.8632232,131.6884804,Mode3,0.806281546,-0.292984163
16.2010978,133.8426396,135.9408328,131.7444464,Mode3,0.806283256,-0.27578593
16.28393214,133.9094276,136.0188485,131.8000067,Mode3,0.806284956,-0.275753885
16.36676647,133.9762158,136.0972639,131.8551677,Mode3,0.806286642,-0.275769908
16.4496008,134.0430041,136.1760723,131.9099358,Mode3,0.806288314,-0.275764567
16.53243513,134.1097925,136.2552673,131.9643177,Mode3,0.80628997,-0.275769908
16.61526946,134.176581,136.3348422,132.0183198,Mode3,0.806291611,-0.275780589
16.69810379,134.2433697,136.4147904,132.071949,Mode3,0.806293235,-0.275732522
16.78093812,134.3101586,136.4951052,132.1252119,Mode3,0.806294841,-0.275753885
16.86377246,134.3769475,136.5757798,132.1781152,Mode3,0.806296428,-0.275732522
16.94660679,134.4437366,136.6568075,132.2306657,Mode3,0.806297999,-0.310187738
17.02944112,134.5105258,136.7381816,132.2828701,Mode3,0.806299544,-0.275839339
17.11227545,134.5773152,136.8198954,132.334735,Mode3,0.806301071,-0.275801953
17.19510978,134.6441047,136.9019422,132.3862672,Mode3,0.806302578,-0.275732522
17.27794411,134.7108942,136.9843152,132.4374733,Mode3,0.806304062,-0.275727181
17.36077844,134.777684,137.067008,132.4883599,Mode3,0.806305527,-0.31020376
17.44361277,134.8444738,137.150014,132.5389336,Mode3,0.806306962,-0.275727181
17.52644711,134.9112638,137.2333266,132.5892009,Mode3,0.806308377,-0.275833998
17.60928144,134.9780538,137.3169393,132.6391683,Mode3,0.806309767,-0.275732522
17.69211577,135.044844,137.4008459,132.6888421,Mode3,0.806311132,-0.27572184
17.7749501,135.1116343,137.4850399,132.7382287,Mode3,0.806312471,-0.275737863
17.85778443,135.1784247,137.5695152,132.7873342,Mode3,0.806313785,-0.275807294
17.94061876,135.2452152,137.6542657,132.8361648,Mode3,0.806315075,-0.310278532
18.02345309,135.3120059,137.7392851,132.8847266,Mode3,0.806316334,-0.310241146
18.10628743,135.3787966,137.8245677,132.9330255,Mode3,0.806317562,-0.275769908
18.18912176,135.4455874,137.9101074,132.9810674,Mode3,0.80631877,-0.34474443
18.27195609,135.5123783,137.9958986,133.0288581,Mode3,0.806319946,-0.344771134
18.35479042,135.5791694,138.0819355,133.0764033,Mode3,0.806321093,-0.344707044
18.43762475,135.6459605,138.1682125,133.1237084,Mode3,0.806322211,-0.344707044
18.52045908,135.7127517,138.2547242,133.1707791,Mode3,0.806323299,-0.344755112
18.60329341,135.779543,138.3414652,133.2176207,Mode3,0.806324357,-0.344723066
18.68612774,135.8463344,138.4284303,133.2642384,Mode3,0.806325385,-0.344723066
18.76896208,135.9131258,138.5156141,133.3106375,Mode3,0.806326381,-0.34468568
18.85179641,135.9799174,138.6030118,133.356823,Mode3,0.806327339,-0.206795386
18.93463074,136.046709,138.6906182,133.4027997,Mode3,0.806328272,-0.206752659
19.01746507,136.1135007,138.7784286,133.4485728,Mode3,0.80632918,-0.275759226
19.1002994,136.1802925,138.8664382,133.4941467,Mode3,0.806330049,-0.275812635
19.18313373,136.2470843,138.9546424,133.5395263,Mode3,0.806330885,-0.275887407
19.26596806,136.3138762,139.0430365,133.584716,Mode3,0.806331688,-0.344787157
19.3488024,136.3806682,139.1316161,133.6297203,Mode3,0.806332458,-0.344680339
19.43163673,136.4474602,139.220377,133.6745435,Mode3,0.806333196,-0.344648294
19.51447106,136.5142523,139.3093148,133.7191899,Mode3,0.8063339,-0.344701703
19.59730539,136.5810445,139.3984254,133.7636636,Mode3,0.806334571,-0.344733748
19.68013972,136.6478367,139.4877047,133.8079687,Mode3,0.806335209,-0.344733748
19.76297405,136.714629,139.5771488,133.8521091,Mode3,0.806335808,-0.206870158
19.84580838,136.7814213,139.6667538,133.8960887,Mode3,0.80633638,-0.206923566
19.92864271,136.8482136,139.756516,133.9399113,Mode3,0.80633692,-0.206902203
20.01147705,136.915006,139.8464316,133.9835805,Mode3,0.806337428,-0.206816749
20.09431138,136.9817985,139.9364971,134.0270998,Mode3,0.80633791,-0.275940815
20.17714571,137.048591,140.026709,134.0704729,Mode3,0.806338353,-0.344733748
20.25998004,137.1153835,140.1170638,134.1137031,Mode3,0.806338765,-0.344669658
20.34281437,137.182176,140.2075582,134.1567938,Mode3,0.806339147,-0.344733748
20.4256487,137.2489686,140.298189,134.1997482,Mode3,0.806339498,-0.344658976
20.50848303,137.3157612,140.388953,134.2425694,Mode3,0.806339819,-0.34474443
20.59131737,137.3825538,140.4798471,134.2852605,Mode3,0.806340105,-0.206816749
20.6741517,137.4493465,140.5708684,134.3278246,Mode3,0.806340376,-0.344669658
20.75698603,137.5161392,140.6620137,134.3702646,Mode3,0.806340612,-0.344840565
20.83982036,137.5829319,140.7532804,134.4125833,Mode3,0.806340814,-0.206838113
20.92265469,137.6497246,140.8446656,134.4547835,Mode3,0.806340998,-0.206880839
21.00548902,137.7165173,140.9361666,134.496868,Mode3,0.806341164,-0.275876725
21.08832335,137.78331,141.0277807,134.5388394,Mode3,0.806341301,-0.275791271
21.17115768,137.8501028,141.1195054,134.5807002,Mode3,0.806341415,-0.275716499
21.25399202,137.9168955,141.2113381,134.6224529,Mode3,0.80634151,-0.344755112
21.33682635,137.9836883,141.3032764,134.6641001,Mode3,0.806341586,-0.344776475
21.41966068,138.0504811,141.395318,134.7056441,Mode3,0.806341645,-0.344691021
21.50249501,138.1172738,141.4874604,134.7470872,Mode3,0.80634169,-0.344680339
21.58532934,138.1840666,141.5797015,134.7884317,Mode3,0.806341721,-0.344840565
21.66816367,138.2508594,141.672039,134.8296798,Mode3,0.806341734,-0.206880839
21.750998,138.3176522,141.7644707,134.8708336,Mode3,0.806341746,-0.206859476
21.83383234,138.3844449,141.8569947,134.9118952,Mode3,0.806341751,-0.206816749
21.91666667,138.4512377,141.9496088,134.9528666,Mode3,0.806341753,-0.206816749
8.083333333,44.66476522,45.39000637,43.93952407,Mode4,-0.101718864,-0.143468279
8.166167665,44.65633949,45.36975916,43.94291981,Mode4,-0.101715851,0.021296257
8.249001996,44.64791434,45.34961897,43.9462097,Mode4,-0.101703937,-0.049317116
8.331836327,44.63949073,45.32959268,43.94938878,Mode4,-0.101677581,-0.025779325
8.414670659,44.63107009,45.30968814,43.95245204,Mode4,-0.101631508,-0.10349145
8.49750499,44.62265419,45.28991404,43.95539434,Mode4,-0.101563062,-0.032878077
8.580339321,44.61424495,45.27027955,43.95821035,Mode4,-0.101470076,-0.110590202
8.663173653,44.60584458,45.25079456,43.9608946,Mode4,-0.101348113,0.054174334
8.746007984,44.59745566,45.23146979,43.96344152,Mode4,-0.101192978,-0.110590202
8.828842315,44.58908109,45.21231674,43.96584545,Mode4,-0.101000759,-0.134127993
8.911676647,44.58072412,45.1933476,43.96810064,Mode4,-0.10076777,-0.096392697
8.994510978,44.57238825,45.17457525,43.97020125,Mode4,-0.100490559,-0.049317116
9.077345309,44.56407729,45.1560132,43.97214138,Mode4,-0.100165916,0.021296257
9.160179641,44.55579529,45.13767552,43.97391506,Mode4,-0.099790837,0.021296257
9.243013972,44.54754654,45.11957679,43.9755163,Mode4,-0.099362545,-0.002241534
9.325848303,44.53933556,45.10173205,43.97693908,Mode4,-0.098878474,0.068371839
9.408682635,44.53116708,45.08415672,43.97817743,Mode4,-0.098336245,-0.009340286
9.491516966,44.52304599,45.06686656,43.97922543,Mode4,-0.097733685,-0.056415868
9.574351297,44.51497739,45.04987755,43.98007723,Mode4,-0.09706882,0.007098752
9.657185629,44.5069665,45.03320582,43.98072718,Mode4,-0.096339831,0.030636543
9.74001996,44.49901871,45.01686763,43.9811698,Mode4,-0.095545092,0.007098752
9.822854291,44.49113953,45.00087916,43.9813999,Mode4,-0.094683133,-0.087052411
9.905688623,44.48333457,44.98525652,43.98141262,Mode4,-0.09375268,-0.049317116
9.988522954,44.47560957,44.97001559,43.98120354,Mode4,-0.092752578,0.021296257
10.07135729,44.46797033,44.95517193,43.98076872,Mode4,-0.091681842,0.021296257
10.15419162,44.46042273,44.94074067,43.9801048,Mode4,-0.090539626,0.021296257
10.23702595,44.45297274,44.92673636,43.97920912,Mode4,-0.089325233,0.021296257
10.31986028,44.44562635,44.91317291,43.97807979,Mode4,-0.088038098,-0.025779325
10.40269461,44.43838961,44.90006344,43.97671577,Mode4,-0.086677784,-0.009340286
10.48552894,44.43126858,44.88742017,43.975117,Mode4,-0.085243985,0.014197505
10.56836327,44.42426938,44.87525431,43.97328446,Mode4,-0.083736502,-0.012889662
10.6511976,44.41739811,44.86357595,43.97122027,Mode4,-0.082155269,-0.029328701
10.73403194,44.41066086,44.85239397,43.96892776,Mode4,-0.080500324,0.041284672
10.81686627,44.40406376,44.84171597,43.96641155,Mode4,-0.078771796,-0.032878077
10.8997006,44.39761287,44.83154817,43.96367757,Mode4,-0.076969948,0.014197505
10.98253493,44.39131426,44.82189538,43.96073315,Mode4,-0.075095106,-0.032878077
11.06536926,44.38517397,44.81276095,43.95758699,Mode4,-0.073147716,-0.036427453
11.14820359,44.37919797,44.80414675,43.95424918,Mode4,-0.071128299,-0.076404283
11.23103792,44.37339221,44.79605319,43.95073123,Mode4,-0.069037472,0.017746881
11.31387226,44.36776258,44.78847921,43.94704594,Mode4,-0.066875921,0.037735296
11.39670659,44.3623149,44.78142234,43.94320745,Mode4,-0.064644418,-0.021109182
11.47954092,44.35705493,44.77487875,43.93923111,Mode4,-0.062343813,0.037735296
11.56237525,44.35198836,44.76884333,43.9351334,Mode4,-0.059975021,0.022417024
11.64520958,44.34712081,44.76330978,43.93093183,Mode4,-0.057539027,0.029515776
11.72804391,44.34245778,44.75827071,43.92664485,Mode4,-0.055036881,0.005977986
11.81087824,44.33800472,44.75371773,43.9222917,Mode4,-0.0524697,0.0259664
11.89371257,44.33376696,44.74964161,43.91789232,Mode4,-0.049838324,0.037735296
11.97654691,44.32974983,44.74603243,43.91346724,Mode4,-0.047143136,0.014197505
12.05938124,44.32595855,44.74287964,43.90903747,Mode4,-0.044385361,0.022417024
12.14221557,44.32239826,44.74017221,43.90462431,Mode4,-0.041566334,-0.029328701
12.2250499,44.31907397,44.73789874,43.9002492,Mode4,-0.038687441,0.029515776
12.30788423,44.31599058,44.73604752,43.89593363,Mode4,-0.035750099,0.037735296
12.39071856,44.31315287,44.73460673,43.89169902,Mode4,-0.032755773,0.012422817
12.47355289,44.31056551,44.73356443,43.88756658,Mode4,-0.029705979,0.035960608
12.55638723,44.30823302,44.73290877,43.88355727,Mode4,-0.02660189,0.027741088
12.63922156,44.3061599,44.73262804,43.87969177,Mode4,-0.023443587,0.0259664
12.72205589,44.30435064,44.73271076,43.87599053,Mode4,-0.020231438,0.039509984
12.80489022,44.30280963,44.73314575,43.87247352,Mode4,-0.016967011,0.073041982
12.88772455,44.30154114,44.73392211,43.86916017,Mode4,-0.013651978,0.014197505
12.97055888,44.30054928,44.73502927,43.86606929,Mode4,-0.01028806,0.027741088
13.05339321,44.29983803,44.73645705,43.86321902,Mode4,-0.006876993,0.039509984
13.13622754,44.29941123,44.73819566,43.8606268,Mode4,-0.003420537,0.047729503
13.21906188,44.29927256,44.74023577,43.85830935,Mode4,7.95E-05,-0.007565598
13.30189621,44.29942556,44.7425685,43.85628262,Mode4,0.003621369,0.015972193
13.38473054,44.29987361,44.74518543,43.8545618,Mode4,0.007203173,0.026853744
13.46756487,44.30061995,44.74807861,43.8531613,Mode4,0.010823086,0.062160431
13.5503992,44.30166766,44.7512406,43.85209472,Mode4,0.014479239,0.049504191
13.63323353,44.30301966,44.75466444,43.85137488,Mode4,0.018169742,0.050391535
13.71606786,44.30467872,44.75834364,43.8510138,Mode4,0.021892692,0.108348669
13.7989022,44.30664744,44.7622722,43.85102268,Mode4,0.025646179,0.073485654
13.88173653,44.30892827,44.76644462,43.85141193,Mode4,0.029428263,0.038178968
13.96457086,44.31152352,44.77085585,43.85219118,Mode4,0.033237005,0.061716759
14.04740519,44.31443529,44.77550133,43.85336924,Mode4,0.037070445,0.085476386
14.13023952,44.31766556,44.78037695,43.85495416,Mode4,0.040926619,0.061716759
14.21307385,44.32121612,44.78547904,43.8569532,Mode4,0.044803546,0.097134363
14.29590818,44.32508862,44.79080442,43.85937282,Mode4,0.048699251,0.073568843
14.37874251,44.32928452,44.7963503,43.86221875,Mode4,0.052611729,0.038289886
14.46157685,44.33380514,44.80211436,43.86549592,Mode4,0.056538981,0.08525455
14.54441118,44.33865161,44.80809469,43.86920853,Mode4,0.060479007,0.015084849
14.62724551,44.34382491,44.81428982,43.87336001,Mode4,0.064429783,0.097023445
14.71007984,44.34932585,44.82069866,43.87795304,Mode4,0.068389297,0.097023445
14.79291417,44.35515506,44.82732057,43.88298955,Mode4,0.072355528,0.109236013
14.8757485,44.36131302,44.8341553,43.88847075,Mode4,0.076326447,0.121004908
14.95858283,44.36780004,44.84120301,43.89439707,Mode4,0.080300031,0.085698222
15.04141717,44.37461624,44.84846425,43.90076823,Mode4,0.084274249,0.014197505
15.1242515,44.3817616,44.85593998,43.90758322,Mode4,0.088247056,0.073929326
15.20708583,44.38923592,44.86363157,43.91484026,Mode4,0.092216439,0.051278879
15.28992016,44.39703882,44.87154077,43.92253687,Mode4,0.096180356,0.037735296
15.37275449,44.40516978,44.87966974,43.93066982,Mode4,0.10013678,0.015972193
15.45558882,44.41362808,44.88802105,43.93923512,Mode4,0.104083676,0.07481667
15.53842315,44.42241286,44.89659763,43.94822809,Mode4,0.108019026,0.002428609
15.62125749,44.43152308,44.90540287,43.95764328,Mode4,0.111940796,0.063047775
15.70409182,44.44095751,44.91444052,43.96747451,Mode4,0.11584698,0.110123357
15.78692615,44.4507148,44.92371474,43.97771486,Mode4,0.119735556,0.035960608
15.86976048,44.4607934,44.93323013,43.98835667,Mode4,0.12360451,0.10657398
15.95259481,44.4711916,44.94299165,43.99939155,Mode4,0.127451852,0.063047775
16.03542914,44.48190753,44.95300469,44.01081036,Mode4,0.131275578,0.042218363
16.11826347,44.49293914,44.96327505,44.02260324,Mode4,0.135073881,0.016905884
16.2010978,44.50428432,44.97380895,44.03475969,Mode4,0.138846269,-0.063701696
16.28393214,44.51594086,44.98461308,44.04726863,Mode4,0.142591089,0.006911677
16.36676647,44.52790638,44.9956945,44.06011826,Mode4,0.146306403,-0.02839501
16.4496008,44.54017837,45.00706068,44.07329606,Mode4,0.149990261,-0.016626114
16.53243513,44.55275414,45.01871948,44.0867888,Mode4,0.153640732,-0.02839501
16.61526946,44.56563085,45.03067911,44.10058259,Mode4,0.157255903,-0.051932801
16.69810379,44.57880549,45.04294813,44.11466284,Mode4,0.160833864,0.053987259
16.78093812,44.5922749,45.05553546,44.12901434,Mode4,0.164372756,0.006911677
16.86377246,44.60603577,45.06845028,44.14362125,Mode4,0.167870687,0.053987259
16.94660679,44.62008463,45.0817021,44.15846716,Mode4,0.171325831,0.085744569
17.02944112,44.63441786,45.09530062,44.1735351,Mode4,0.174736488,-0.181390651
17.11227545,44.64903175,45.10925581,44.18880768,Mode4,0.178102143,-0.099008382
17.19510978,44.66392252,45.12357786,44.20426718,Mode4,0.18142141,0.053987259
17.27794411,44.67908626,45.13827704,44.21989548,Mode4,0.184692549,0.065756154
17.36077844,44.69451891,45.1533637,44.23567411,Mode4,0.187913837,0.050437882
17.44361277,44.71021627,45.16884819,44.25158434,Mode4,0.191083572,0.065756154
17.52644711,44.726174,45.18474076,44.26760723,Mode4,0.194200185,-0.169621755
17.60928144,44.74238767,45.20105157,44.28372377,Mode4,0.197263197,0.053987259
17.69211577,44.75885281,45.21779059,44.29991503,Mode4,0.200271414,0.07752505
17.7749501,44.77556481,45.23496749,44.31616213,Mode4,0.203223277,0.042218363
17.85778443,44.79251894,45.25259158,44.3324463,Mode4,0.206117278,-0.110777278
17.94061876,44.80971034,45.27067165,44.34874904,Mode4,0.208951988,-0.114326654
18.02345309,44.82713409,45.28921598,44.36505219,Mode4,0.211726973,-0.031944386
18.10628743,44.84478519,45.30823226,44.38133812,Mode4,0.214441291,-0.02839501
18.18912176,44.8626586,45.32772748,44.39758972,Mode4,0.217094534,-0.106107135
18.27195609,44.88074924,45.34770786,44.41379061,Mode4,0.219685758,-0.164951612
18.35479042,44.8990519,45.36817876,44.42992503,Mode4,0.222213733,-0.023724867
18.43762475,44.91756131,45.38914458,44.44597803,Mode4,0.224677298,-0.023724867
18.52045908,44.93627208,45.4106087,44.46193545,Mode4,0.227075358,-0.129644926
18.60329341,44.95517874,45.43257342,44.47778405,Mode4,0.229406838,-0.059031553
18.68612774,44.97427573,45.45503994,44.49351153,Mode4,0.231670773,-0.059031553
18.76896208,44.99355743,45.47800831,44.50910656,Mode4,0.233866262,0.023350715
18.85179641,45.01301813,45.50147741,44.52455885,Mode4,0.235992459,0.049317116
18.93463074,45.03265205,45.52544495,44.53985916,Mode4,0.238048606,0.143468279
19.01746507,45.05245337,45.54990747,44.55499927,Mode4,0.240034047,-0.004857219
19.1002994,45.0724162,45.57486038,44.56997202,Mode4,0.241948169,-0.122546173
19.18313373,45.09253462,45.60029793,44.5847713,Mode4,0.243790476,-0.28731071
19.26596806,45.11280265,45.62621333,44.59939196,Mode4,0.245560532,-0.200258299
19.3488024,45.1332143,45.65259872,44.61382987,Mode4,0.247258033,0.035119611
19.43163673,45.15376354,45.6794453,44.62808179,Mode4,0.248882769,0.105732984
19.51447106,45.17444436,45.70674332,44.64214539,Mode4,0.250434637,-0.011955971
19.59730539,45.1952507,45.73448224,44.65601916,Mode4,0.251913615,-0.082569344
19.68013972,45.21617654,45.76265073,44.66970236,Mode4,0.253319824,-0.082569344
19.76297405,45.23721586,45.79123677,44.68319495,Mode4,0.254653498,-0.115447421
19.84580838,45.25836265,45.82022775,44.69649755,Mode4,0.255914973,-0.233136376
19.92864271,45.27961097,45.84961056,44.70961138,Mode4,0.257104742,-0.186060794
20.01147705,45.30095487,45.8793716,44.72253815,Mode4,0.258222978,0.002241534
20.09431138,45.32238846,45.90949689,44.73528004,Mode4,0.259270243,-0.404999665
20.17714571,45.34390589,45.93997217,44.74783961,Mode4,0.260247361,-0.082569344
20.25998004,45.36550139,45.97078297,44.76021981,Mode4,0.261155434,0.058657402
20.34281437,45.38716929,46.00191471,44.77242388,Mode4,0.261995661,-0.082569344
20.4256487,45.40890403,46.03335274,44.78445531,Mode4,0.262769376,0.082195193
20.50848303,45.43070015,46.06508247,44.79631783,Mode4,0.263478155,-0.106107135
20.59131737,45.45255232,46.09708932,44.80801533,Mode4,0.264122591,0.002241534
20.6741517,45.47445525,46.12935874,44.81955175,Mode4,0.264703876,0.058657402
20.75698603,45.49640378,46.16187637,44.83093118,Mode4,0.265224087,-0.317947253
20.83982036,45.51839294,46.19462812,44.84215776,Mode4,0.265685458,-0.044834048
20.92265469,45.54041798,46.22760021,44.85323574,Mode4,0.266090494,-0.138985212
21.00548902,45.56247432,46.26077925,44.86416938,Mode4,0.266441824,-0.263772919
21.08832335,45.58455763,46.2941523,44.87496297,Mode4,0.266742341,-0.075470592
21.17115768,45.60666385,46.32770687,44.88562082,Mode4,0.266995144,0.089293945
21.25399202,45.62878914,46.36143104,44.89614724,Mode4,0.26720359,-0.129644926
21.33682635,45.65092998,46.39531343,44.90654653,Mode4,0.267371212,-0.176720508
21.41966068,45.67308315,46.42934333,44.91682297,Mode4,0.267501814,0.01158182
21.50249501,45.69524574,46.46351065,44.92698084,Mode4,0.267599465,0.035119611
21.58532934,45.7174152,46.49780605,44.93702436,Mode4,0.267668473,-0.317947253
21.66816367,45.73958935,46.53222095,44.94695776,Mode4,0.267713401,-0.138985212
21.750998,45.76176639,46.56674755,44.95678524,Mode4,0.267739114,-0.09190963
21.83383234,45.78394494,46.60137892,44.96651097,Mode4,0.267750723,0.002241534
21.91666667,45.80612406,46.63610899,44.97613913,Mode4,0.267753679,0.002241534
8.083333333,73.43953768,75.10281666,71.7762587,Mode5,0.65477794,0.146399847
8.166167665,73.49377579,75.14095238,71.8465992,Mode5,0.654778493,0.176677027
8.249001996,73.548014,75.17922118,71.91680683,Mode5,0.654780683,0.163701092
8.331836327,73.6022525,75.21762743,71.98687758,Mode5,0.654785526,0.168026404
8.414670659,73.65649155,75.25617579,72.0568073,Mode5,0.654793998,0.096158127
8.49750499,73.71073146,75.29487118,72.12659174,Mode5,0.654806576,0.109134062
8.580339321,73.7649726,75.33371864,72.19622656,Mode5,0.654823663,0.037265785
8.663173653,73.81921537,75.37272342,72.26570732,Mode5,0.654846075,0.067542965
8.746007984,73.87346024,75.41189099,72.3350295,Mode5,0.654874582,0.037265785
8.828842315,73.92770775,75.45122699,72.40418852,Mode5,0.654909905,0.032940474
8.911676647,73.9819585,75.49073726,72.47317973,Mode5,0.654952713,0.15505047
8.994510978,74.03621312,75.53042777,72.54199846,Mode5,0.655003653,0.163701092
9.077345309,74.09047232,75.57030462,72.61064001,Mode5,0.65506331,0.176677027
9.160179641,74.14473684,75.610374,72.67909968,Mode5,0.655132234,0.176677027
9.243013972,74.19900747,75.65064218,72.74737276,Mode5,0.655210937,0.172351715
9.325848303,74.25328504,75.6911155,72.81545459,Mode5,0.65529989,0.18532765
9.408682635,74.30757042,75.73180031,72.88334053,Mode5,0.655399536,0.113459373
9.491516966,74.36186451,75.772703,72.95102602,Mode5,0.655510263,0.10480875
9.574351297,74.41616825,75.81382992,73.01850657,Mode5,0.655632439,0.058892342
9.657185629,74.47048259,75.8551874,73.08577778,Mode5,0.655766398,0.063217654
9.74001996,74.52480852,75.8967817,73.15283534,Mode5,0.65591244,0.058892342
9.822854291,74.57914706,75.93861902,73.21967511,Mode5,0.656070833,0.041591096
9.905688623,74.63349925,75.98070544,73.28629305,Mode5,0.656241808,0.163701092
9.988522954,74.68786612,76.02304694,73.35268531,Mode5,0.656425587,0.176677027
10.07135729,74.74224876,76.06564932,73.41884819,Mode5,0.656622346,0.176677027
10.15419162,74.79664823,76.10851826,73.4847782,Mode5,0.65683224,0.176677027
10.23702595,74.85106564,76.15165923,73.55047205,Mode5,0.657055397,0.176677027
10.31986028,74.90550209,76.19507749,73.61592669,Mode5,0.657291921,0.168026404
10.40269461,74.95995869,76.2387781,73.68113927,Mode5,0.657541899,0.113459373
10.48552894,75.01443655,76.28276586,73.74610724,Mode5,0.657805371,0.117784685
10.56836327,75.0689368,76.32704533,73.81082826,Mode5,0.65808239,0.084013202
10.6511976,75.12346055,76.37162078,73.87530032,Mode5,0.658372955,0.138580233
10.73403194,75.17800894,76.4164962,73.93952168,Mode5,0.658677068,0.151556167
10.81686627,75.23258308,76.46167528,74.00349087,Mode5,0.658994702,0.109134062
10.8997006,75.28718408,76.50716138,74.06720678,Mode5,0.659325811,0.117784685
10.98253493,75.34181307,76.55295756,74.13066859,Mode5,0.659670332,0.109134062
11.06536926,75.39647115,76.59906651,74.19387579,Mode5,0.660028188,0.079687891
11.14820359,75.45115943,76.64549061,74.25682824,Mode5,0.660399274,0.12992961
11.23103792,75.50587898,76.69223187,74.31952609,Mode5,0.660783485,0.147230856
11.31387226,75.5606309,76.73929194,74.38196986,Mode5,0.661180692,0.122109996
11.39670659,75.61541626,76.78667212,74.44416039,Mode5,0.661590754,0.111296717
11.47954092,75.67023611,76.83437336,74.50609886,Mode5,0.662013514,0.122109996
11.56237525,75.7250915,76.88239622,74.56778677,Mode5,0.662448806,0.090501169
11.64520958,75.77998346,76.93074093,74.62922598,Mode5,0.662896442,0.149393511
11.72804391,75.834913,76.97940736,74.69041864,Mode5,0.663356238,0.1450682
11.81087824,75.88988113,77.02839502,74.75136724,Mode5,0.663827983,0.11994734
11.89371257,75.94488882,77.07770309,74.81207455,Mode5,0.664311526,0.122109996
11.97654691,75.99993706,77.12733043,74.87254368,Mode5,0.664806795,0.117784685
12.05938124,76.05502679,77.17727556,74.93277802,Mode5,0.665313567,0.090501169
12.14221557,76.11015898,77.22753671,74.99278124,Mode5,0.665831589,0.138580233
12.2250499,76.16533453,77.27811181,75.05255725,Mode5,0.666360616,0.149393511
12.30788423,76.22055435,77.32899849,75.1121102,Mode5,0.666900382,0.122109996
12.39071856,76.27581931,77.38019415,75.17144448,Mode5,0.667450622,0.103061599
12.47355289,76.33113028,77.43169591,75.23056465,Mode5,0.668011053,0.10738691
12.55638723,76.38648809,77.48350071,75.28947546,Mode5,0.66858146,0.134670426
12.63922156,76.44189355,77.53560524,75.34818187,Mode5,0.669161831,0.11994734
12.72205589,76.49734751,77.58800602,75.40668899,Mode5,0.669752096,0.136833082
12.80489022,76.55285075,77.64069943,75.46500208,Mode5,0.670351968,0.128597963
12.88772455,76.60840408,77.69368167,75.52312649,Mode5,0.67096114,0.117784685
12.97055888,76.66400824,77.74694882,75.58106765,Mode5,0.671579294,0.134670426
13.05339321,76.71966396,77.80049689,75.63883104,Mode5,0.672206113,0.136833082
13.13622754,76.77537196,77.85432178,75.69642213,Mode5,0.672841274,0.109549566
13.21906188,76.8311329,77.90841937,75.75384642,Mode5,0.673484444,0.128182459
13.30189621,76.88694744,77.9627855,75.81110937,Mode5,0.674135295,0.13250777
13.38473054,76.94281619,78.017416,75.86821638,Mode5,0.674793488,0.127308883
13.46756487,76.99873976,78.07230674,75.92517279,Mode5,0.675458685,0.13379685
13.5503992,77.05471872,78.1274536,75.98198383,Mode5,0.676130541,0.124272652
13.63323353,77.11075358,78.18285255,76.03865461,Mode5,0.676808708,0.131634195
13.71606786,77.16684487,78.23849963,76.09519012,Mode5,0.677492839,0.13508593
13.7989022,77.22299307,78.29439099,76.15159515,Mode5,0.678182581,0.132278735
13.88173653,77.27919862,78.35052288,76.20787436,Mode5,0.678877578,0.125790767
13.96457086,77.33546195,78.40689172,76.26403217,Mode5,0.679577473,0.130116079
14.04740519,77.39178344,78.46349407,76.32007281,Mode5,0.680281907,0.136281776
14.13023952,77.44816346,78.52032664,76.37600027,Mode5,0.680990519,0.130116079
14.21307385,77.50460233,78.57738636,76.43181831,Mode5,0.681702944,0.137524239
14.29590818,77.56110037,78.63467032,76.48753042,Mode5,0.68241882,0.132968879
14.37874251,77.61765783,78.69217584,76.54313982,Mode5,0.683137778,0.12671096
14.46157685,77.67427497,78.74990045,76.59864948,Mode5,0.683859451,0.13444139
14.54441118,77.73095198,78.80784191,76.65406205,Mode5,0.684583472,0.125146227
14.62724551,77.78768905,78.86599819,76.70937991,Mode5,0.685309468,0.136604046
14.71007984,77.84448633,78.92436753,76.76460513,Mode5,0.686037069,0.136604046
14.79291417,77.90134393,78.98294838,76.81973948,Mode5,0.686765904,0.142447473
14.8757485,77.95826194,79.04173946,76.87478442,Mode5,0.687495602,0.144610129
14.95858283,78.01524042,79.10073972,76.92974112,Mode5,0.688225789,0.138122162
15.04141717,78.07227939,79.15994835,76.98461043,Mode5,0.688956093,0.117784685
15.1242515,78.12937885,79.21936482,77.03939287,Mode5,0.689686136,0.135959506
15.20708583,78.18653875,79.2789888,77.0940887,Mode5,0.690415551,0.138995737
15.28992016,78.24375904,79.33882023,77.14869785,Mode5,0.691143962,0.122109996
15.37275449,78.30103961,79.39885927,77.20321996,Mode5,0.691870996,0.13250777
15.45558882,78.35838034,79.45910631,77.25765437,Mode5,0.692596278,0.143321049
15.53842315,78.41578105,79.51956195,77.31200015,Mode5,0.69331944,0.115622029
15.62125749,78.47324157,79.58022704,77.36625611,Mode5,0.694040105,0.141158393
15.70409182,78.53076167,79.64110259,77.42042076,Mode5,0.694757907,0.149809016
15.78692615,78.5883411,79.70218982,77.47449237,Mode5,0.695472474,0.10738691
15.86976048,78.64597957,79.76349015,77.52846898,Mode5,0.696183434,0.120362845
15.95259481,78.70367677,79.82500514,77.58234839,Mode5,0.696890421,0.141158393
16.03542914,78.76143235,79.88673653,77.63612817,Mode5,0.697593082,-0.222593435
16.11826347,78.81924595,79.94868619,77.6898057,Mode5,0.698291061,-0.241641832
16.2010978,78.87711717,80.01085612,77.74337821,Mode5,0.698984274,-0.242057336
16.28393214,78.9350456,80.07324843,77.79684277,Mode5,0.699672424,-0.229081402
16.36676647,78.99303081,80.13586531,77.8501963,Mode5,0.700355151,-0.235569369
16.4496008,79.05107234,80.19870908,77.90343559,Mode5,0.701032098,-0.233406713
16.53243513,79.10916969,80.2617821,77.95655728,Mode5,0.701702909,-0.235569369
16.61526946,79.16732234,80.32508676,78.00955791,Mode5,0.702367234,-0.239894681
16.69810379,79.22552974,80.38862554,78.06243394,Mode5,0.703024721,-0.220430779
16.78093812,79.2837913,80.45240089,78.11518172,Mode5,0.703675029,-0.229081402
16.86377246,79.34210643,80.51641527,78.16779758,Mode5,0.70431781,-0.220430779
16.94660679,79.40047448,80.58067115,78.2202778,Mode5,0.704952731,-0.243388983
17.02944112,79.45889478,80.64517093,78.27261863,Mode5,0.705579472,-0.263683894
17.11227545,79.51736665,80.70991697,78.32481634,Mode5,0.706197945,-0.248545304
17.19510978,79.57588941,80.77491157,78.37686725,Mode5,0.706807895,-0.220430779
17.27794411,79.63446233,80.84015694,78.42876771,Mode5,0.707409,-0.218268123
17.36077844,79.69308466,80.90565519,78.48051413,Mode5,0.708000948,-0.24987695
17.44361277,79.75175563,80.97140832,78.53210294,Mode5,0.708583417,-0.218268123
17.52644711,79.81047445,81.0374182,78.58353071,Mode5,0.709156126,-0.261521238
17.60928144,79.86924031,81.10368655,78.63479406,Mode5,0.709718986,-0.220430779
17.69211577,79.92805237,81.17021495,78.68588979,Mode5,0.710271777,-0.216105468
17.7749501,79.9869098,81.2370048,78.7368148,Mode5,0.710814212,-0.222593435
17.85778443,80.04581171,81.30405731,78.78756612,Mode5,0.711346015,-0.250707959
17.94061876,80.10475724,81.37137353,78.83814095,Mode5,0.711866925,-0.28015413
18.02345309,80.16374545,81.43895427,78.88853663,Mode5,0.712376857,-0.26501554
18.10628743,80.22277545,81.50680017,78.93875073,Mode5,0.712875638,-0.235569369
18.18912176,80.28184629,81.57491162,78.98878096,Mode5,0.713363202,-0.307437646
18.27195609,80.34095706,81.64328884,79.03862528,Mode5,0.713839366,-0.318250924
18.35479042,80.40010678,81.71193177,79.08828179,Mode5,0.714303907,-0.292299056
18.43762475,80.4592945,81.78084016,79.13774885,Mode5,0.714756613,-0.292299056
18.52045908,80.51851922,81.85001348,79.18702497,Mode5,0.715197281,-0.311762957
18.60329341,80.57777994,81.91945098,79.2361089,Mode5,0.715625714,-0.298787023
18.68612774,80.63707563,81.98915166,79.28499961,Mode5,0.716041736,-0.298787023
18.76896208,80.69640527,82.05911426,79.33369627,Mode5,0.716445179,-0.283648433
18.85179641,80.75576779,82.1293373,79.38219829,Mode5,0.716835884,-0.163701092
18.93463074,80.81516215,82.19981901,79.43050529,Mode5,0.717213722,-0.146399847
19.01746507,80.87458727,82.27055742,79.47861712,Mode5,0.717578573,-0.231244058
19.1002994,80.93404207,82.34155029,79.52653386,Mode5,0.717930313,-0.252870615
19.18313373,80.99352546,82.41279513,79.57425579,Mode5,0.718268856,-0.283147795
19.26596806,81.05303634,82.48428925,79.62178343,Mode5,0.718594122,-0.324738892
19.3488024,81.11257362,82.55602971,79.66911752,Mode5,0.718906055,-0.281485777
19.43163673,81.17213618,82.62801336,79.71625899,Mode5,0.719204617,-0.268509843
19.51447106,81.23172291,82.70023682,79.76320901,Mode5,0.719489789,-0.2901364
19.59730539,81.29133272,82.77269652,79.80996891,Mode5,0.719761566,-0.303112334
19.68013972,81.35096448,82.8453887,79.85654026,Mode5,0.720019972,-0.303112334
19.76297405,81.41061709,82.9183094,79.90292479,Mode5,0.720265042,-0.193978273
19.84580838,81.47028946,82.99145449,79.94912443,Mode5,0.720496851,-0.21560483
19.92864271,81.52998048,83.06481969,79.99514126,Mode5,0.720715484,-0.206954207
20.01147705,81.58968906,83.13840056,80.04097756,Mode5,0.720920971,-0.172351715
20.09431138,81.64941413,83.21219252,80.08663574,Mode5,0.721113423,-0.304774353
20.17714571,81.7091546,83.28619085,80.13211836,Mode5,0.721292978,-0.303112334
20.25998004,81.76890942,83.36039073,80.17742811,Mode5,0.721459846,-0.277160466
20.34281437,81.82867755,83.43478725,80.22256784,Mode5,0.721614246,-0.303112334
20.4256487,81.88845795,83.50937542,80.26754048,Mode5,0.721756424,-0.272835154
20.50848303,81.94824964,83.58415018,80.31234909,Mode5,0.72188667,-0.307437646
20.59131737,82.00805162,83.65910643,80.35699681,Mode5,0.722005086,-0.172351715
20.6741517,82.06786293,83.73423898,80.40148688,Mode5,0.722111909,-0.277160466
20.75698603,82.12768262,83.80954265,80.4458226,Mode5,0.722207503,-0.346365449
20.83982036,82.18750978,83.88501222,80.49000734,Mode5,0.722292279,-0.181002338
20.92265469,82.24734353,83.96064255,80.53404452,Mode5,0.722366708,-0.198303584
21.00548902,82.30718304,84.03642848,80.5779376,Mode5,0.722431274,-0.278822484
21.08832335,82.3670275,84.11236494,80.62169005,Mode5,0.722486497,-0.244219992
21.17115768,82.42687617,84.18844694,80.66530539,Mode5,0.722532953,-0.213942812
21.25399202,82.48672834,84.26466958,80.7087871,Mode5,0.722571257,-0.311762957
21.33682635,82.54658337,84.34102806,80.75213868,Mode5,0.722602059,-0.32041358
21.41966068,82.60644067,84.41751776,80.79536357,Mode5,0.722626058,-0.285811089
21.50249501,82.66629969,84.49413417,80.83846522,Mode5,0.722644003,-0.281485777
21.58532934,82.72615999,84.57087299,80.88144698,Mode5,0.722656684,-0.346365449
21.66816367,82.78602114,84.64773011,80.92431216,Mode5,0.722664934,-0.198303584
21.750998,82.84588282,84.72470164,80.967064,Mode5,0.722669659,-0.189652961
21.83383234,82.90574478,84.80178392,81.00970564,Mode5,0.722671792,-0.172351715
21.91666667,82.96560684,84.87897357,81.05224012,Mode5,0.722672335,-0.172351715
8.083333333,41.16358055,41.70420517,40.62295594,Mode6,-0.034470263,-0.015215564
8.166167665,41.16072524,41.69619838,40.62525209,Mode6,-0.034470099,-0.006269482
8.249001996,41.15786995,41.68823345,40.62750646,Mode6,-0.034469452,-0.010103517
8.331836327,41.15501475,41.68031172,40.62971779,Mode6,-0.034468021,-0.008825506
8.414670659,41.15215971,41.67243462,40.6318848,Mode6,-0.03446552,-0.010569713
8.49750499,41.14930493,41.66460367,40.63400618,Mode6,-0.034461804,-0.006735678
8.580339321,41.14645051,41.65682042,40.6360806,Mode6,-0.034456755,-0.008479885
8.663173653,41.14359657,41.64908647,40.63810666,Mode6,-0.034450133,0.000466196
8.746007984,41.14074325,41.64140351,40.64008299,Mode6,-0.03444171,-0.008479885
8.828842315,41.13789071,41.63377326,40.64200816,Mode6,-0.034431273,-0.009757897
8.911676647,41.13503913,41.62619752,40.64388073,Mode6,-0.034418622,-0.01265954
8.994510978,41.13218869,41.61867811,40.64569927,Mode6,-0.034403571,-0.010103517
9.077345309,41.1293396,41.6112169,40.6474623,Mode6,-0.034385944,-0.006269482
9.160179641,41.12649209,41.60381579,40.64916839,Mode6,-0.034365578,-0.006269482
9.243013972,41.12364638,41.5964767,40.65081606,Mode6,-0.034342324,-0.007547494
9.325848303,41.12080273,41.58920157,40.65240388,Mode6,-0.034316041,-0.003713459
9.408682635,41.11796138,41.58199235,40.6539304,Mode6,-0.0342866,-0.005457667
9.491516966,41.1151226,41.574851,40.65539421,Mode6,-0.034253883,-0.00801369
9.574351297,41.11228668,41.56777946,40.65679389,Mode6,-0.034217784,-0.002089827
9.657185629,41.10945388,41.56077968,40.65812809,Mode6,-0.034178202,-0.000811816
9.74001996,41.10662452,41.55385359,40.65939545,Mode6,-0.034135051,-0.002089827
9.822854291,41.10379888,41.54700309,40.66059467,Mode6,-0.03408825,-0.007201874
9.905688623,41.10097727,41.54023005,40.66172448,Mode6,-0.03403773,-0.010103517
9.988522954,41.09816,41.53353633,40.66278366,Mode6,-0.033983428,-0.006269482
10.07135729,41.09534738,41.52692372,40.66377105,Mode6,-0.033925291,-0.006269482
10.15419162,41.09253975,41.52039397,40.66468552,Mode6,-0.033863273,-0.006269482
10.23702595,41.08973741,41.51394879,40.66552603,Mode6,-0.033797336,-0.006269482
10.31986028,41.08694069,41.50758981,40.66629158,Mode6,-0.03372745,-0.008825506
10.40269461,41.08414994,41.50131862,40.66698125,Mode6,-0.03365359,-0.005457667
10.48552894,41.08136546,41.49513673,40.66759419,Mode6,-0.03357574,-0.004179655
10.56836327,41.0785876,41.48904557,40.66812962,Mode6,-0.03349389,-0.004412753
10.6511976,41.07581668,41.4830465,40.66858686,Mode6,-0.033408035,-0.007780592
10.73403194,41.07305304,41.47714079,40.6689653,Mode6,-0.033318178,-0.003946557
10.81686627,41.07029701,41.47132962,40.66926441,Mode6,-0.033224325,-0.006735678
10.8997006,41.06754892,41.46561408,40.66948377,Mode6,-0.033126492,-0.004179655
10.98253493,41.0648091,41.45999518,40.66962302,Mode6,-0.033024695,-0.006735678
11.06536926,41.06207788,41.45447381,40.66968194,Mode6,-0.03291896,-0.005690764
11.14820359,41.05935557,41.44905078,40.66966036,Mode6,-0.032809313,-0.010336615
11.23103792,41.05664251,41.44372679,40.66955823,Mode6,-0.032695789,-0.005224569
11.31387226,41.05393901,41.43850242,40.6693756,Mode6,-0.032578425,-0.002901643
11.39670659,41.05124539,41.43337816,40.66911262,Mode6,-0.032457263,-0.006096672
11.47954092,41.04856196,41.4283544,40.66876952,Mode6,-0.032332349,-0.002901643
11.56237525,41.04588903,41.42343142,40.66834665,Mode6,-0.032203733,-0.002495735
11.64520958,41.04322691,41.41860939,40.66784444,Mode6,-0.032071468,-0.004585563
11.72804391,41.0405759,41.41388837,40.66726343,Mode6,-0.031935611,-0.005863574
11.81087824,41.03793628,41.40926832,40.66660424,Mode6,-0.031796223,-0.003540649
11.89371257,41.03530835,41.40474912,40.66586759,Mode6,-0.031653349,-0.002901643
11.97654691,41.03269241,41.40033052,40.66505429,Mode6,-0.031507011,-0.004179655
12.05938124,41.03008872,41.3960122,40.66416525,Mode6,-0.031357274,-0.002495735
12.14221557,41.02749758,41.39179373,40.66320144,Mode6,-0.031204212,-0.007780592
12.2250499,41.02491925,41.3876746,40.66216391,Mode6,-0.031047899,-0.004585563
12.30788423,41.02235401,41.38365421,40.6610538,Mode6,-0.030888413,-0.002901643
12.39071856,41.0198021,41.37973188,40.65987232,Mode6,-0.030725832,-0.003657198
12.47355289,41.01726378,41.37590686,40.6586207,Mode6,-0.03056024,-0.002379186
12.55638723,41.0147393,41.37217833,40.65730028,Mode6,-0.0303917,-0.004063106
12.63922156,41.01222891,41.36854539,40.65591243,Mode6,-0.030220216,-0.003540649
12.72205589,41.00973284,41.36500711,40.65445857,Mode6,-0.030045809,-0.0034241
12.80489022,41.00725134,41.36156249,40.65294019,Mode6,-0.029868563,-0.000984626
12.88772455,41.00478463,41.35821047,40.6513588,Mode6,-0.029688569,-0.004179655
12.97055888,41.00233295,41.35494997,40.64971592,Mode6,-0.029505922,-0.004063106
13.05339321,40.9998965,41.35177988,40.64801312,Mode6,-0.029320714,-0.0034241
13.13622754,40.99747549,41.34869903,40.64625195,Mode6,-0.029133042,-0.001740181
13.21906188,40.99507013,41.34570627,40.64443399,Mode6,-0.028943002,-0.005980123
13.30189621,40.99268061,41.34280042,40.6425608,Mode6,-0.028750693,-0.004702112
13.38473054,40.9903071,41.33998028,40.64063393,Mode6,-0.028556215,-0.003801878
13.46756487,40.98794979,41.33724467,40.63865492,Mode6,-0.028359668,-0.00188486
13.5503992,40.98560885,41.33459242,40.63662528,Mode6,-0.028161153,-0.002262637
13.63323353,40.98328442,41.33202234,40.6345465,Mode6,-0.027960772,-0.002523866
13.71606786,40.98097667,41.32953331,40.63242003,Mode6,-0.02775863,0.000932392
13.7989022,40.97868574,41.3271242,40.63024727,Mode6,-0.027554831,-0.00111524
13.88173653,40.97641174,41.32479391,40.62802958,Mode6,-0.027349478,-0.003032258
13.96457086,40.97415482,41.32254139,40.62576826,Mode6,-0.027142678,-0.001754246
14.04740519,40.97191509,41.32036562,40.62346456,Mode6,-0.026934537,-0.000541541
14.13023952,40.96969265,41.31826565,40.62111965,Mode6,-0.026725161,-0.001754246
14.21307385,40.9674876,41.31624053,40.61873466,Mode6,-0.026514659,0.000130118
14.29590818,40.96530003,41.31428943,40.61631063,Mode6,-0.026303137,-0.00113973
14.37874251,40.96313002,41.31241151,40.61384853,Mode6,-0.026090705,-0.003064911
14.46157685,40.96097764,41.31060603,40.61134925,Mode6,-0.02587747,-0.000476234
14.54441118,40.95884295,41.30887231,40.60881359,Mode6,-0.025663542,-0.004440883
14.62724551,40.95672601,41.30720972,40.6062423,Mode6,-0.02544903,0.000162772
14.71007984,40.95462686,41.30561771,40.603636,Mode6,-0.025234043,0.000162772
14.79291417,40.95254553,41.30409579,40.60099527,Mode6,-0.025018692,0.000671163
14.8757485,40.95048205,41.30264354,40.59832057,Mode6,-0.024803087,0.001310169
14.95858283,40.94843644,41.3012606,40.59561228,Mode6,-0.024587336,-0.000606849
15.04141717,40.9464087,41.29994671,40.5928707,Mode6,-0.024371552,-0.004179655
15.1242515,40.94439884,41.29870164,40.59009603,Mode6,-0.024155843,-0.001245854
15.20708583,40.94240683,41.29752526,40.5872884,Mode6,-0.023940321,-0.002785094
15.28992016,40.94043267,41.29641749,40.58444784,Mode6,-0.023725096,-0.002901643
15.37275449,40.93847631,41.29537832,40.5815743,Mode6,-0.023510277,-0.004702112
15.45558882,40.93653774,41.29440782,40.57866765,Mode6,-0.023295976,-0.001507083
15.53842315,40.93461688,41.29350609,40.57572767,Mode6,-0.023082301,-0.004818661
15.62125749,40.9327137,41.29267333,40.57275407,Mode6,-0.022869364,-0.002146089
15.70409182,40.93082812,41.29190977,40.56974648,Mode6,-0.022657274,0.000409935
15.78692615,40.92896007,41.29121569,40.56670446,Mode6,-0.022446139,-0.002379186
15.86976048,40.92710947,41.29059145,40.56362749,Mode6,-0.02223607,0.001454848
15.95259481,40.92527622,41.29003744,40.56051501,Mode6,-0.022027174,-0.002146089
16.03542914,40.92346022,41.28955409,40.55736636,Mode6,-0.021819561,0.012193345
16.11826347,40.92166137,41.28914187,40.55418086,Mode6,-0.021613327,0.01143779
16.2010978,40.91987953,41.28880131,40.55095776,Mode6,-0.021408501,0.006442292
16.28393214,40.91811461,41.28853294,40.54769628,Mode6,-0.021205172,0.010276327
16.36676647,40.91636646,41.28833732,40.54439559,Mode6,-0.021003444,0.00835931
16.4496008,40.91463495,41.28821506,40.54105484,Mode6,-0.020803425,0.008998316
16.53243513,40.91291993,41.28816676,40.53767311,Mode6,-0.020605219,0.00835931
16.61526946,40.91122126,41.28819304,40.53424947,Mode6,-0.020408929,0.007081298
16.69810379,40.90953876,41.28829455,40.53078297,Mode6,-0.020214659,0.01283235
16.78093812,40.90787226,41.28847191,40.52727262,Mode6,-0.020022511,0.010276327
16.86377246,40.90622159,41.28872576,40.52371742,Mode6,-0.019832587,0.01283235
16.94660679,40.90458656,41.28905673,40.52011638,Mode6,-0.019644986,0.015794282
17.02944112,40.90296697,41.28946545,40.51646849,Mode6,-0.0194598,5.22E-05
17.11227545,40.90136261,41.2899525,40.51277273,Mode6,-0.019277058,0.004525275
17.19510978,40.89977329,41.29051847,40.50902811,Mode6,-0.019096835,0.01283235
17.27794411,40.89819879,41.29116392,40.50523366,Mode6,-0.018919224,0.013471356
17.36077844,40.8966389,41.29188938,40.50138841,Mode6,-0.018744321,0.013877264
17.44361277,40.89509337,41.29269533,40.49749141,Mode6,-0.018572216,0.013471356
17.52644711,40.89356198,41.29358223,40.49354174,Mode6,-0.018402996,0.00069124
17.60928144,40.89204449,41.29455049,40.48953849,Mode6,-0.018236686,0.01283235
17.69211577,40.89054065,41.29560047,40.48548083,Mode6,-0.018073352,0.014110362
17.7749501,40.88905022,41.29673251,40.48136793,Mode6,-0.017913077,0.012193345
17.85778443,40.88757293,41.29794685,40.47719901,Mode6,-0.017755944,0.003886269
17.94061876,40.88610852,41.29924371,40.47297334,Mode6,-0.01760203,0.004931183
18.02345309,40.88465673,41.30062324,40.46869023,Mode6,-0.017451359,0.009404224
18.10628743,40.88321729,41.30208553,40.46434905,Mode6,-0.017303982,0.00835931
18.18912176,40.88178992,41.3036306,40.45994923,Mode6,-0.017159921,0.006615102
18.27195609,40.88037434,41.30525844,40.45549023,Mode6,-0.017019228,0.003420073
18.35479042,40.87897027,41.30696892,40.45097161,Mode6,-0.016881968,0.011088143
18.43762475,40.87757743,41.3087619,40.44639295,Mode6,-0.016748206,0.011088143
18.52045908,40.87619552,41.31063712,40.44175391,Mode6,-0.016618001,0.005337091
18.60329341,40.87482424,41.31259429,40.4370542,Mode6,-0.01649141,0.009171126
18.68612774,40.87346331,41.31463302,40.43229359,Mode6,-0.016368487,0.009171126
18.76896208,40.8721124,41.31675287,40.42747192,Mode6,-0.016249281,0.013644166
18.85179641,40.87077121,41.31895331,40.4225891,Mode6,-0.016133836,0.010103517
18.93463074,40.86943942,41.32123375,40.41764509,Mode6,-0.016022195,0.015215564
19.01746507,40.86811672,41.32359353,40.41263992,Mode6,-0.015914394,0.009637321
19.1002994,40.8668028,41.32603191,40.40757368,Mode6,-0.015810464,0.003247263
19.18313373,40.86549732,41.3285481,40.40244654,Mode6,-0.015710434,-0.005698818
19.26596806,40.86419996,41.33114122,40.3972587,Mode6,-0.015614327,0.001503056
19.3488024,40.8629104,41.33381035,40.39201046,Mode6,-0.015522159,0.014283172
19.43163673,40.86162832,41.33655448,40.38670216,Mode6,-0.015433942,0.018117207
19.51447106,40.86035337,41.33937255,40.3813342,Mode6,-0.015349682,0.011727149
19.59730539,40.85908525,41.34226345,40.37590704,Mode6,-0.015269379,0.007893114
19.68013972,40.85782361,41.34522601,40.3704212,Mode6,-0.015193027,0.007893114
19.76297405,40.85656813,41.348259,40.36487726,Mode6,-0.015120613,0.001157436
19.84580838,40.85531849,41.35136115,40.35927583,Mode6,-0.01505212,-0.005232622
19.92864271,40.85407436,41.35453113,40.35361759,Mode6,-0.01498752,-0.002676599
20.01147705,40.85283542,41.35776757,40.34790326,Mode6,-0.014926804,0.007547494
20.09431138,40.85160135,41.36106908,40.34213362,Mode6,-0.014869942,-0.012088876
20.17714571,40.85037183,41.3644342,40.33630946,Mode6,-0.014816888,0.007893114
20.25998004,40.84914655,41.36786147,40.33043163,Mode6,-0.014767583,0.015561184
20.34281437,40.8479252,41.37134938,40.32450103,Mode6,-0.014721962,0.007893114
20.4256487,40.84670748,41.3748964,40.31851856,Mode6,-0.014679953,0.016839195
20.50848303,40.8454931,41.37850101,40.31248519,Mode6,-0.014641469,0.006615102
20.59131737,40.84428175,41.38216163,40.30640187,Mode6,-0.014606478,0.007547494
20.6741517,40.84307317,41.38587671,40.30026963,Mode6,-0.014574917,0.015561184
20.75698603,40.84186706,41.38964465,40.29408946,Mode6,-0.014546671,-0.004887002
20.83982036,40.84066315,41.39346388,40.28786242,Mode6,-0.01452162,0.004991471
20.92265469,40.83946119,41.39733282,40.28158956,Mode6,-0.014499628,-0.000120576
21.00548902,40.83826094,41.40124993,40.27527195,Mode6,-0.014480553,-0.004420806
21.08832335,40.83706214,41.40521364,40.26891064,Mode6,-0.014464236,0.005803287
21.17115768,40.83586459,41.40922246,40.26250673,Mode6,-0.01445051,0.014749368
21.25399202,40.83466808,41.41327488,40.25606128,Mode6,-0.014439192,0.005337091
21.33682635,40.83347241,41.41736945,40.24957537,Mode6,-0.014430091,0.002781068
21.41966068,40.83227741,41.42150477,40.24305005,Mode6,-0.014422999,0.01300516
21.50249501,40.83108292,41.42567947,40.23648638,Mode6,-0.014417697,0.014283172
21.58532934,40.82988881,41.42989223,40.22988539,Mode6,-0.014413951,-0.004887002
21.66816367,40.82869495,41.4341418,40.22324809,Mode6,-0.014411511,-0.000120576
21.750998,40.82750124,41.43842701,40.21657548,Mode6,-0.014410115,0.002435448
21.83383234,40.82630762,41.44274672,40.20986852,Mode6,-0.014409484,0.007547494
21.91666667,40.82511403,41.44709991,40.20312815,Mode6,-0.014409324,0.007547494
8.083333333,53.55128388,54.35399149,52.74857627,Mode7,0.366538602,0.094033432
8.166167665,53.58164586,54.37807301,52.78521871,Mode7,0.366538602,0.094024796
8.249001996,53.61200784,54.40219086,52.82182483,Mode7,0.366538601,0.094028497
8.331836327,53.64236982,54.42634589,52.85839376,Mode7,0.3665386,0.094027263
8.414670659,53.6727318,54.450539,52.89492461,Mode7,0.366538601,0.062689366
8.49750499,53.70309378,54.4747711,52.93141646,Mode7,0.366538597,0.062685665
8.580339321,53.73345576,54.49904314,52.96786839,Mode7,0.366538592,0.031347767
8.663173653,53.76381774,54.52335606,53.00427942,Mode7,0.366538586,0.031339131
8.746007984,53.79417972,54.54771086,53.04064858,Mode7,0.366538578,0.031347767
8.828842315,53.8245417,54.57210854,53.07697485,Mode7,0.366538568,0.031349001
8.911676647,53.85490367,54.59655014,53.1132572,Mode7,0.366538552,0.094030964
8.994510978,53.88526565,54.62103673,53.14949457,Mode7,0.366538538,0.094028497
9.077345309,53.91562762,54.64556937,53.18568587,Mode7,0.366538521,0.094024796
9.160179641,53.9459896,54.6701492,53.22182999,Mode7,0.366538501,0.094024796
9.243013972,53.97635157,54.69477734,53.25792579,Mode7,0.366538479,0.09402603
9.325848303,54.00671354,54.71945497,53.2939721,Mode7,0.366538453,0.094022328
9.408682635,54.0370755,54.74418327,53.32996774,Mode7,0.366538428,0.062684431
9.491516966,54.06743747,54.76896347,53.36591147,Mode7,0.366538396,0.062686898
9.574351297,54.09779943,54.79379681,53.40180205,Mode7,0.366538362,0.031341599
9.657185629,54.12816139,54.81868457,53.43763821,Mode7,0.366538323,0.031340365
9.74001996,54.15852334,54.84362805,53.47341863,Mode7,0.366538282,0.031341599
9.822854291,54.18888529,54.86862859,53.509142,Mode7,0.366538237,0.031346533
9.905688623,54.21924724,54.89368755,53.54480694,Mode7,0.366538185,0.094028497
9.988522954,54.24960919,54.91880631,53.58041207,Mode7,0.366538132,0.094024796
10.07135729,54.27997113,54.94398628,53.61595597,Mode7,0.366538076,0.094024796
10.15419162,54.31033306,54.96922892,53.6514372,Mode7,0.366538016,0.094024796
10.23702595,54.34069499,54.99453568,53.68685429,Mode7,0.366537953,0.094024796
10.31986028,54.37105691,55.01990808,53.72220575,Mode7,0.366537885,0.094027263
10.40269461,54.40141883,55.04534762,53.75749004,Mode7,0.366537817,0.062684431
10.48552894,54.43178074,55.07085587,53.79270561,Mode7,0.36653774,0.062683197
10.56836327,54.46214265,55.0964344,53.8278509,Mode7,0.366537663,0.047013632
10.6511976,54.49250455,55.1220848,53.8629243,Mode7,0.366537578,0.078356464
10.73403194,54.52286644,55.1478087,53.89792418,Mode7,0.366537492,0.078352763
10.81686627,54.55322832,55.17360774,53.93284891,Mode7,0.366537401,0.062685665
10.8997006,54.5835902,55.1994836,53.9676968,Mode7,0.366537307,0.062683197
10.98253493,54.61395207,55.22543795,54.00246618,Mode7,0.366537208,0.062685665
11.06536926,54.64431393,55.25147252,54.03715534,Mode7,0.366537108,0.047014865
11.14820359,54.67467578,55.27758901,54.07176255,Mode7,0.366537,0.078358931
11.23103792,54.70503762,55.30378918,54.10628607,Mode7,0.366536891,0.078353997
11.31387226,54.73539946,55.33007477,54.14072415,Mode7,0.366536778,0.062681964
11.39670659,54.76576128,55.35644754,54.17507502,Mode7,0.366536661,0.062685048
11.47954092,54.7961231,55.38290928,54.20933691,Mode7,0.36653654,0.062681964
11.56237525,54.8264849,55.40946177,54.24350803,Mode7,0.366536417,0.047011781
11.64520958,54.8568467,55.43610679,54.2775866,Mode7,0.366536288,0.07835338
11.72804391,54.88720848,55.46284613,54.31157083,Mode7,0.366536157,0.078354613
11.81087824,54.91757025,55.48968157,54.34545893,Mode7,0.366536022,0.06268258
11.89371257,54.94793201,55.51661491,54.37924911,Mode7,0.366535885,0.062681964
11.97654691,54.97829376,55.54364792,54.4129396,Mode7,0.366535743,0.062683197
12.05938124,55.0086555,55.57078236,54.44652864,Mode7,0.3665356,0.047011781
12.14221557,55.03901722,55.59801999,54.48001446,Mode7,0.366535451,0.078356464
12.2250499,55.06937894,55.62536254,54.51339533,Mode7,0.3665353,0.07835338
12.30788423,55.09974064,55.65281173,54.54666954,Mode7,0.366535146,0.062681964
12.39071856,55.13010232,55.68036925,54.5798354,Mode7,0.36653499,0.054847798
12.47355289,55.160464,55.70803676,54.61289124,Mode7,0.36653483,0.054846564
12.55638723,55.19082566,55.73581588,54.64583544,Mode7,0.366534667,0.07051798
12.63922156,55.22118731,55.7637082,54.67866641,Mode7,0.366534501,0.06268258
12.72205589,55.25154894,55.79171528,54.7113826,Mode7,0.366534333,0.070517363
12.80489022,55.28191056,55.81983861,54.74398251,Mode7,0.366534162,0.062680113
12.88772455,55.31227216,55.84807964,54.77646469,Mode7,0.366533988,0.062683197
12.97055888,55.34263376,55.87643979,54.80882772,Mode7,0.366533812,0.07051798
13.05339321,55.37299533,55.90492038,54.84107029,Mode7,0.366533633,0.070517363
13.13622754,55.40335689,55.93352269,54.87319109,Mode7,0.366533452,0.054845947
13.21906188,55.43371844,55.96224795,54.90518893,Mode7,0.366533268,0.070519831
13.30189621,55.46407997,55.99109728,54.93706266,Mode7,0.366533083,0.070518597
13.38473054,55.49444148,56.02007175,54.96881122,Mode7,0.366532895,0.06660028
13.46756487,55.52480298,56.04917236,55.0004336,Mode7,0.366532705,0.06659843
13.5503992,55.55516447,56.07840002,55.03192892,Mode7,0.366532514,0.062681347
13.63323353,55.58552594,56.10775554,55.06329633,Mode7,0.36653232,0.066599046
13.71606786,55.61588739,56.13723967,55.09453511,Mode7,0.366532125,0.062678262
13.7989022,55.64624882,56.16685305,55.1256446,Mode7,0.366531928,0.064638963
13.88173653,55.67661024,56.19659623,55.15662425,Mode7,0.36653173,0.064640813
13.96457086,55.70697165,56.22646969,55.1874736,Mode7,0.36653153,0.06463958
14.04740519,55.73733303,56.25647377,55.21819229,Mode7,0.36653133,0.065617771
14.13023952,55.7676944,56.28660876,55.24878004,Mode7,0.366531127,0.06463958
14.21307385,55.79805575,56.31687481,55.27923669,Mode7,0.366530924,0.065127442
14.29590818,55.82841709,56.34727201,55.30956217,Mode7,0.36653072,0.065006247
14.37874251,55.85877841,56.37780032,55.3397565,Mode7,0.366530515,0.065130526
14.46157685,55.88913971,56.4084596,55.36981981,Mode7,0.366530309,0.064638346
14.54441118,55.91950099,56.43924965,55.39975234,Mode7,0.366530103,0.066600897
14.62724551,55.94986226,56.47017013,55.4295544,Mode7,0.366529896,0.064637729
14.71007984,55.98022351,56.50122061,55.45922641,Mode7,0.366529688,0.064637729
14.79291417,56.01058475,56.5324006,55.48876889,Mode7,0.36652948,0.066595962
14.8757485,56.04094596,56.56370947,55.51818246,Mode7,0.366529272,0.066595345
14.95858283,56.07130716,56.59514652,55.5474678,Mode7,0.366529064,0.066597196
15.04141717,56.10166834,56.62671097,55.57662571,Mode7,0.366528856,0.062683197
15.1242515,56.13202951,56.65840195,55.60565706,Mode7,0.366528647,0.066597813
15.20708583,56.16239065,56.6902185,55.63456281,Mode7,0.366528439,0.070516746
15.28992016,56.19275178,56.72215957,55.66334399,Mode7,0.366528231,0.062681964
15.37275449,56.2231129,56.75422408,55.69200171,Mode7,0.366528024,0.070518597
15.45558882,56.25347399,56.78641082,55.72053716,Mode7,0.366527817,0.070515513
15.53842315,56.28383507,56.81871855,55.74895159,Mode7,0.366527611,0.062683814
15.62125749,56.31419613,56.85114596,55.7772463,Mode7,0.366527405,0.070516129
15.70409182,56.34455717,56.88369166,55.80542269,Mode7,0.3665272,0.070513662
15.78692615,56.3749182,56.91635424,55.83348216,Mode7,0.366526997,0.054846564
15.86976048,56.40527921,56.9491322,55.86142622,Mode7,0.366526795,0.054842863
15.95259481,56.43564021,56.98202403,55.88925638,Mode7,0.366526592,0.070516129
16.03542914,56.46600118,57.01502814,55.91697423,Mode7,0.366526398,-0.125370096
16.11826347,56.49636214,57.04814292,55.94458136,Mode7,0.3665262,-0.133204261
16.2010978,56.52672309,57.08136674,55.97207944,Mode7,0.366526001,-0.125364544
16.28393214,56.55708402,57.11469791,55.99947012,Mode7,0.366525805,-0.125368245
16.36676647,56.58744493,57.14813472,56.02675513,Mode7,0.36652561,-0.125366394
16.4496008,56.61780582,57.18167546,56.05393618,Mode7,0.366525417,-0.125367011
16.53243513,56.6481667,57.21531838,56.08101502,Mode7,0.366525226,-0.125366394
16.61526946,56.67852757,57.24906172,56.10799342,Mode7,0.366525036,-0.125365161
16.69810379,56.70888841,57.2829037,56.13487313,Mode7,0.366524849,-0.125370712
16.78093812,56.73924925,57.31684254,56.16165595,Mode7,0.366524663,-0.125368245
16.86377246,56.76961006,57.35087647,56.18834366,Mode7,0.36652448,-0.125370712
16.94660679,56.79997087,57.38500369,56.21493804,Mode7,0.3665243,-0.141043362
17.02944112,56.83033165,57.41922242,56.24144089,Mode7,0.36652412,-0.125358375
17.11227545,56.86069243,57.45353087,56.26785399,Mode7,0.366523944,-0.125362693
17.19510978,56.89105319,57.48792726,56.29417911,Mode7,0.36652377,-0.125370712
17.27794411,56.92141393,57.52240984,56.32041802,Mode7,0.366523598,-0.125371329
17.36077844,56.95177466,57.55697684,56.34657248,Mode7,0.366523431,-0.141041512
17.44361277,56.98213537,57.59162651,56.37264424,Mode7,0.366523263,-0.125371329
17.52644711,57.01249608,57.62635714,56.39863502,Mode7,0.3665231,-0.125358992
17.60928144,57.04285677,57.661167,56.42454653,Mode7,0.366522939,-0.125370712
17.69211577,57.07321744,57.6960544,56.45038048,Mode7,0.366522782,-0.125371946
17.7749501,57.1035781,57.73101767,56.47613854,Mode7,0.366522627,-0.125370096
17.85778443,57.13393875,57.76605515,56.50182236,Mode7,0.366522475,-0.125362076
17.94061876,57.16429939,57.80116522,56.52743357,Mode7,0.366522328,-0.141032876
18.02345309,57.19466002,57.83634626,56.55297378,Mode7,0.366522183,-0.141037194
18.10628743,57.22502063,57.87159669,56.57844457,Mode7,0.366522039,-0.125366394
18.18912176,57.25538123,57.90691495,56.60384751,Mode7,0.366521901,-0.156704292
18.27195609,57.28574182,57.94229952,56.62918413,Mode7,0.366521766,-0.156701208
18.35479042,57.3161024,57.97774887,56.65445594,Mode7,0.366521633,-0.15670861
18.43762475,57.34646297,58.01326154,56.67966441,Mode7,0.366521504,-0.15670861
18.52045908,57.37682353,58.04883607,56.70481099,Mode7,0.366521378,-0.156703058
18.60329341,57.40718408,58.08447103,56.72989713,Mode7,0.366521256,-0.156706759
18.68612774,57.43754462,58.12016502,56.75492421,Mode7,0.366521137,-0.156706759
18.76896208,57.46790514,58.15591669,56.7798936,Mode7,0.366521022,-0.156711077
18.85179641,57.49826566,58.19172468,56.80480665,Mode7,0.366520908,-0.094028497
18.93463074,57.52862617,58.22758768,56.82966467,Mode7,0.3665208,-0.094033432
19.01746507,57.55898667,58.2635044,56.85446894,Mode7,0.366520699,-0.125367628
19.1002994,57.58934717,58.29947359,56.87922074,Mode7,0.366520599,-0.12536146
19.18313373,57.61970765,58.33549402,56.90392128,Mode7,0.366520502,-0.125352824
19.26596806,57.65006813,58.37156448,56.92857177,Mode7,0.366520409,-0.156699357
19.3488024,57.68042859,58.40768379,56.9531734,Mode7,0.366520321,-0.156711694
19.43163673,57.71078906,58.44385082,56.9777273,Mode7,0.366520235,-0.156715395
19.51447106,57.74114951,58.48006442,57.0022346,Mode7,0.366520154,-0.156709227
19.59730539,57.77150996,58.51632352,57.0266964,Mode7,0.366520076,-0.156705526
19.68013972,57.8018704,58.55262703,57.05111377,Mode7,0.366520003,-0.156705526
19.76297405,57.83223084,58.58897392,57.07548776,Mode7,0.36651993,-0.094019861
19.84580838,57.86259127,58.62536316,57.09981938,Mode7,0.366519864,-0.094013693
19.92864271,57.89295169,58.66179376,57.12410963,Mode7,0.366519801,-0.09401616
20.01147705,57.92331211,58.69826475,57.14835948,Mode7,0.366519743,-0.09402603
20.09431138,57.95367253,58.73477518,57.17256988,Mode7,0.366519691,-0.125346655
20.17714571,57.98403294,58.77132413,57.19674175,Mode7,0.36651964,-0.156705526
20.25998004,58.01439335,58.80791069,57.220876,Mode7,0.366519592,-0.156712928
20.34281437,58.04475375,58.844534,57.2449735,Mode7,0.366519548,-0.156705526
20.4256487,58.07511415,58.8811932,57.2690351,Mode7,0.366519508,-0.156714162
20.50848303,58.10547454,58.91788744,57.29306165,Mode7,0.36651947,-0.156704292
20.59131737,58.13583494,58.95461593,57.31705395,Mode7,0.366519433,-0.09402603
20.6741517,58.16619533,58.99137786,57.3410128,Mode7,0.366519406,-0.156712928
20.75698603,58.19655572,59.02817246,57.36493897,Mode7,0.366519379,-0.156693189
20.83982036,58.2269161,59.06499899,57.38883322,Mode7,0.366519352,-0.094023562
20.92265469,58.25727649,59.1018567,57.41269627,Mode7,0.36651933,-0.094018627
21.00548902,58.28763687,59.13874489,57.43652885,Mode7,0.366519315,-0.125354057
21.08832335,58.31799725,59.17566286,57.46033164,Mode7,0.366519299,-0.125363927
21.17115768,58.34835763,59.21260994,57.48410533,Mode7,0.366519286,-0.125372563
21.25399202,58.37871801,59.24958545,57.50785057,Mode7,0.366519275,-0.156703058
21.33682635,58.40907839,59.28658876,57.53156802,Mode7,0.366519266,-0.156700591
21.41966068,58.43943877,59.32361924,57.55525829,Mode7,0.366519259,-0.15671046
21.50249501,58.46979914,59.36067629,57.578922,Mode7,0.366519254,-0.156711694
21.58532934,58.50015952,59.3977593,57.60255975,Mode7,0.366519251,-0.156693189
21.66816367,58.5305199,59.43486769,57.6261721,Mode7,0.366519245,-0.094018627
21.750998,58.56088027,59.47200091,57.64975964,Mode7,0.366519244,-0.094021095
21.83383234,58.59124065,59.5091584,57.6733229,Mode7,0.366519243,-0.09402603
21.91666667,58.62160103,59.54633963,57.69686242,Mode7,0.366519243,-0.09402603
8.083333333,111.0248944,112.9260945,109.1236943,Mode8,0.654471743,0.217583903
8.166167665,111.0791071,112.9590473,109.1991669,Mode8,0.654470467,0.147826221
8.249001996,111.1333195,112.9921956,109.2744435,Mode8,0.654465423,0.17772237
8.331836327,111.1875313,113.0255462,109.3495165,Mode8,0.654454264,0.167756987
8.414670659,111.2417419,113.0591061,109.4243776,Mode8,0.654434763,0.14837773
8.49750499,111.2959504,113.0928827,109.4990181,Mode8,0.654405785,0.11848158
8.580339321,111.3501561,113.1268835,109.5734287,Mode8,0.654366416,0.099102323
8.663173653,111.4043581,113.161116,109.6476001,Mode8,0.65431478,0.02934464
8.746007984,111.4585552,113.1955881,109.7215223,Mode8,0.654249099,0.099102323
8.828842315,111.5127462,113.2303077,109.7951848,Mode8,0.654167718,0.109067706
8.911676647,111.5669298,113.2652827,109.8685768,Mode8,0.65406907,0.197653137
8.994510978,111.6211044,113.3005214,109.9416875,Mode8,0.653951705,0.17772237
9.077345309,111.6752685,113.3360318,110.0145053,Mode8,0.653814259,0.147826221
9.160179641,111.7294204,113.371822,110.0870188,Mode8,0.653655458,0.147826221
9.243013972,111.7835581,113.4079001,110.1592162,Mode8,0.653474129,0.157791604
9.325848303,111.8376799,113.444274,110.2310858,Mode8,0.653269184,0.127895454
9.408682635,111.8917837,113.4809518,110.3026156,Mode8,0.653039621,0.108516197
9.491516966,111.9458674,113.517941,110.3737938,Mode8,0.652784511,0.128446963
9.574351297,111.9999289,113.5552493,110.4446085,Mode8,0.652503021,0.049275407
9.657185629,112.053966,113.592884,110.5150479,Mode8,0.652194383,0.039310024
9.74001996,112.1079763,113.6308521,110.5851006,Mode8,0.651857908,0.049275407
9.822854291,112.1619576,113.6691602,110.654755,Mode8,0.651492974,0.08913694
9.905688623,112.2159075,113.7078148,110.7240001,Mode8,0.651099035,0.17772237
9.988522954,112.2698235,113.7468219,110.7928251,Mode8,0.650675614,0.147826221
10.07135729,112.3237032,113.7861869,110.8612196,Mode8,0.650222288,0.147826221
10.15419162,112.3775441,113.8259148,110.9291734,Mode8,0.649738699,0.147826221
10.23702595,112.4313437,113.8660103,110.9966772,Mode8,0.649224552,0.147826221
10.31986028,112.4850994,113.9064771,111.0637218,Mode8,0.648679607,0.167756987
10.40269461,112.5388087,113.9473187,111.1302988,Mode8,0.648103685,0.108516197
10.48552894,112.5924691,113.9885377,111.1964004,Mode8,0.647496644,0.098550814
10.56836327,112.6460778,114.0301361,111.2620195,Mode8,0.646858411,0.083878494
10.6511976,112.6996324,114.0721153,111.3271495,Mode8,0.646188949,0.143119284
10.73403194,112.7531302,114.1144757,111.3917846,Mode8,0.645488282,0.113223134
10.81686627,112.8065687,114.1572173,111.4559201,Mode8,0.644756461,0.11848158
10.8997006,112.8599453,114.200339,111.5195516,Mode8,0.643993598,0.098550814
10.98253493,112.9132574,114.243839,111.5826758,Mode8,0.643199831,0.11848158
11.06536926,112.9665025,114.2877148,111.6452902,Mode8,0.642375352,0.093843877
11.14820359,113.019678,114.3319629,111.7073932,Mode8,0.641520372,0.16305005
11.23103792,113.0727815,114.376579,111.7689839,Mode8,0.640635162,0.123188517
11.31387226,113.1258104,114.4215581,111.8300626,Mode8,0.639720009,0.08858543
11.39670659,113.1787622,114.4668944,111.89063,Mode8,0.63877524,0.113498889
11.47954092,113.2316346,114.5125811,111.9506881,Mode8,0.637801214,0.08858543
11.56237525,113.2844251,114.5586108,112.0102394,Mode8,0.636798322,0.068930419
11.64520958,113.3371313,114.6049752,112.0692875,Mode8,0.635766973,0.118205826
11.72804391,113.389751,114.6516654,112.1278366,Mode8,0.63470762,0.128171209
11.81087824,113.4422817,114.6986717,112.1858918,Mode8,0.633620732,0.093568122
11.89371257,113.4947213,114.7459838,112.2434588,Mode8,0.632506665,0.08858543
11.97654691,113.5470675,114.7935908,112.3005443,Mode8,0.631365582,0.098550814
12.05938124,113.5993181,114.841481,112.3571551,Mode8,0.630198003,0.068930419
12.14221557,113.6514709,114.8896425,112.4132992,Mode8,0.629004486,0.143119284
12.2250499,113.7035237,114.9380626,112.4689849,Mode8,0.627785626,0.118205826
12.30788423,113.7554746,114.9867283,112.5242209,Mode8,0.62654202,0.08858543
12.39071856,113.8073214,115.0356263,112.5790165,Mode8,0.62527429,0.086231962
12.47355289,113.8590623,115.0847431,112.6333815,Mode8,0.623983074,0.076266579
12.55638723,113.9106952,115.1340648,112.6873257,Mode8,0.62266887,0.105886974
12.63922156,113.9622184,115.1835772,112.7408596,Mode8,0.621331714,0.093568122
12.72205589,114.0136298,115.233266,112.7939936,Mode8,0.61997176,0.100904282
12.80489022,114.0649277,115.2831169,112.8467385,Mode8,0.618589674,0.073637356
12.88772455,114.1161101,115.3331153,112.8991049,Mode8,0.617186162,0.098550814
12.97055888,114.1671755,115.3832471,112.9511039,Mode8,0.615761953,0.105886974
13.05339321,114.218122,115.4334978,113.0027463,Mode8,0.614317782,0.100904282
13.13622754,114.2689482,115.4838536,113.0540428,Mode8,0.612854396,0.071283887
13.21906188,114.3196523,115.5343004,113.1050042,Mode8,0.611372546,0.120835049
13.30189621,114.370233,115.5848248,113.1556411,Mode8,0.609873006,0.110869665
13.38473054,114.4206887,115.6354137,113.2059637,Mode8,0.608356549,0.099727548
13.46756487,114.4710181,115.686054,113.2559822,Mode8,0.606823958,0.084779473
13.5503992,114.52122,115.7367335,113.3057064,Mode8,0.605276023,0.083602739
13.63323353,114.571293,115.7874403,113.3551457,Mode8,0.603713545,0.089762165
13.71606786,114.621236,115.8381628,113.4043092,Mode8,0.60213733,0.058689281
13.7989022,114.6710479,115.8888903,113.4532055,Mode8,0.600548186,0.076717069
13.88173653,114.7207277,115.9396124,113.5018429,Mode8,0.598946935,0.091665143
13.96457086,114.7702743,115.9903195,113.5502292,Mode8,0.597334397,0.08169976
14.04740519,114.819687,116.0410024,113.5983716,Mode8,0.595711403,0.073274233
14.13023952,114.8689648,116.0916528,113.6462768,Mode8,0.594078784,0.08169976
14.21307385,114.918107,116.1422629,113.6939511,Mode8,0.592437378,0.067521614
14.29590818,114.9671129,116.1928257,113.7414001,Mode8,0.590788022,0.077294515
14.37874251,115.0159819,116.2433349,113.7886288,Mode8,0.589131565,0.092435072
14.46157685,115.0647134,116.2937849,113.8356418,Mode8,0.587468853,0.071734377
14.54441118,115.1133069,116.3441707,113.8824431,Mode8,0.585800732,0.10471024
14.62724551,115.161762,116.3944884,113.9290357,Mode8,0.584128061,0.066751685
14.71007984,115.2100785,116.4447344,113.9754226,Mode8,0.58245169,0.066751685
14.79291417,115.258256,116.4949063,114.0216056,Mode8,0.580772474,0.064848707
14.8757485,115.3062942,116.5450021,114.0675864,Mode8,0.579091274,0.059866015
14.95858283,115.3541932,116.5950207,114.1133657,Mode8,0.577408946,0.07481409
15.04141717,115.4019528,116.6449617,114.1589439,Mode8,0.575726351,0.098550814
15.1242515,115.449573,116.6948256,114.2043205,Mode8,0.574044351,0.079796781
15.20708583,115.497054,116.7446134,114.2494946,Mode8,0.572363801,0.095921591
15.28992016,115.5443959,116.794327,114.2944647,Mode8,0.570685566,0.08858543
15.37275449,115.5915988,116.843969,114.3392286,Mode8,0.569010503,0.110869665
15.45558882,115.6386632,116.8935426,114.3837837,Mode8,0.567339474,0.085956207
15.53842315,115.6855893,116.9430518,114.4281268,Mode8,0.565673333,0.103533505
15.62125749,115.7323777,116.9925013,114.472254,Mode8,0.564012942,0.090938899
15.70409182,115.7790288,117.0418964,114.5161612,Mode8,0.56235915,0.071008132
15.78692615,115.8255432,117.0912429,114.5598434,Mode8,0.560712813,0.076266579
15.86976048,115.8719215,117.1405475,114.6032956,Mode8,0.559074783,0.046370429
15.95259481,115.9181646,117.1898172,114.6465119,Mode8,0.557445902,0.090938899
16.03542914,115.9642731,117.2390599,114.6894864,Mode8,0.555827031,-0.226997777
16.11826347,116.010248,117.2882837,114.7322123,Mode8,0.554218914,-0.229351246
16.2010978,116.0560901,117.3374973,114.774683,Mode8,0.552621767,-0.182153553
16.28393214,116.1018004,117.3867098,114.8168911,Mode8,0.551036292,-0.212049702
16.36676647,116.1473799,117.4359307,114.8588292,Mode8,0.54946331,-0.197101627
16.4496008,116.1928297,117.4851699,114.9004895,Mode8,0.547903646,-0.202084319
16.53243513,116.2381508,117.5344377,114.9418639,Mode8,0.546358116,-0.197101627
16.61526946,116.2833445,117.5837448,114.9829442,Mode8,0.544827532,-0.187136244
16.69810379,116.3284121,117.6331022,115.023722,Mode8,0.543312702,-0.231980469
16.78093812,116.3733548,117.6825209,115.0641888,Mode8,0.541814413,-0.212049702
16.86377246,116.4181742,117.7320125,115.104336,Mode8,0.540333466,-0.231980469
16.94660679,116.4628717,117.7815884,115.1441549,Mode8,0.538870637,-0.271566247
17.02944112,116.5074487,117.8312605,115.183637,Mode8,0.537426637,-0.132326636
17.11227545,116.5519069,117.8810403,115.2227736,Mode8,0.536001693,-0.167205478
17.19510978,116.5962479,117.9309397,115.2615562,Mode8,0.534596388,-0.231980469
17.27794411,116.6404734,117.9809702,115.2999765,Mode8,0.53321146,-0.23696316
17.36077844,116.684585,118.0311436,115.3380263,Mode8,0.53184764,-0.256618172
17.44361277,116.7285845,118.0814714,115.3756975,Mode8,0.530505641,-0.23696316
17.52644711,116.7724737,118.131965,115.4129825,Mode8,0.529186136,-0.137309328
17.60928144,116.8162546,118.1826355,115.4498738,Mode8,0.527889324,-0.231980469
17.69211577,116.8599291,118.2334939,115.4863643,Mode8,0.526615711,-0.241945852
17.7749501,116.903499,118.2845507,115.5224474,Mode8,0.525365957,-0.226997777
17.85778443,116.9469664,118.3358163,115.5581166,Mode8,0.524140701,-0.162222786
17.94061876,116.9903334,118.3873006,115.5933662,Mode8,0.522940549,-0.18686049
18.02345309,117.033602,118.4390132,115.6281908,Mode8,0.521765682,-0.221739331
18.10628743,117.0767743,118.4909632,115.6625855,Mode8,0.520616496,-0.197101627
18.18912176,117.1198526,118.5431592,115.6965459,Mode8,0.519493174,-0.216480885
18.27195609,117.1628388,118.5956094,115.7300683,Mode8,0.518396107,-0.191567426
18.35479042,117.2057353,118.6483213,115.7631493,Mode8,0.517325818,-0.251359726
18.43762475,117.2485442,118.701302,115.7957865,Mode8,0.516282799,-0.251359726
18.52045908,117.2912679,118.7545582,115.8279777,Mode8,0.515267513,-0.206515501
18.60329341,117.3339087,118.8080958,115.8597216,Mode8,0.514280415,-0.236411651
18.68612774,117.3764689,118.8619203,115.8910174,Mode8,0.513321915,-0.236411651
18.76896208,117.4189508,118.9160365,115.9218652,Mode8,0.512392393,-0.271290492
18.85179641,117.461357,118.9704488,115.9522653,Mode8,0.511492203,-0.17772237
18.93463074,117.5036899,119.0251606,115.9822192,Mode8,0.510621676,-0.217583903
19.01746507,117.5459519,119.0801752,116.0117285,Mode8,0.509781089,-0.207067011
19.1002994,117.5881455,119.1354951,116.0407959,Mode8,0.508970692,-0.157240094
19.18313373,117.6302732,119.1911219,116.0694245,Mode8,0.508190699,-0.087482412
19.26596806,117.6723376,119.2470572,116.097618,Mode8,0.507441296,-0.176619352
19.3488024,117.7143412,119.3033015,116.1253808,Mode8,0.506722612,-0.276273184
19.43163673,117.7562865,119.3598551,116.1527179,Mode8,0.506034734,-0.306169334
19.51447106,117.7981761,119.4167175,116.1796347,Mode8,0.505377708,-0.256342417
19.59730539,117.8400126,119.4738878,116.2061374,Mode8,0.504751541,-0.226446268
19.68013972,117.8817985,119.5313646,116.2322324,Mode8,0.504156183,-0.226446268
19.76297405,117.9235363,119.5891459,116.2579267,Mode8,0.503591529,-0.107964688
19.84580838,117.9652287,119.6472293,116.283228,Mode8,0.503057449,-0.058137771
19.92864271,118.006878,119.705612,116.308144,Mode8,0.502553726,-0.078068538
20.01147705,118.0484869,119.7642907,116.3326831,Mode8,0.50208029,-0.157791604
20.09431138,118.0900578,119.8232617,116.3568539,Mode8,0.501636906,-0.037655496
20.17714571,118.1315932,119.882521,116.3806654,Mode8,0.501223216,-0.226446268
20.25998004,118.1730956,119.9420643,116.404127,Mode8,0.500838758,-0.286238567
20.34281437,118.2145673,120.0018867,116.4272479,Mode8,0.500483024,-0.226446268
20.4256487,118.2560107,120.0619834,116.4500381,Mode8,0.50015545,-0.29620395
20.50848303,118.2974282,120.1223491,116.4725073,Mode8,0.499855369,-0.216480885
20.59131737,118.3388219,120.1829783,116.4946655,Mode8,0.499582523,-0.157791604
20.6741517,118.3801941,120.2438653,116.5165228,Mode8,0.499336425,-0.286238567
20.75698603,118.421547,120.3050044,116.5380895,Mode8,0.499116179,-0.126792435
20.83982036,118.4628827,120.3663895,116.5593758,Mode8,0.49892084,-0.137860837
20.92265469,118.5042032,120.4280145,116.5803919,Mode8,0.498749357,-0.097999304
21.00548902,118.5455104,120.4898731,116.6011477,Mode8,0.498600616,-0.097447795
21.08832335,118.5868063,120.5519592,116.6216533,Mode8,0.498473384,-0.177170861
21.17115768,118.6280924,120.6142664,116.6419184,Mode8,0.498366353,-0.246928544
21.25399202,118.6693705,120.6767884,116.6619526,Mode8,0.498278102,-0.206515501
21.33682635,118.7106419,120.7395188,116.6817651,Mode8,0.498207134,-0.186584735
21.41966068,118.7519082,120.8024515,116.701365,Mode8,0.49815184,-0.266307801
21.50249501,118.7931705,120.8655801,116.7207608,Mode8,0.498110497,-0.276273184
21.58532934,118.8344298,120.9288988,116.7399609,Mode8,0.49808128,-0.126792435
21.66816367,118.8756872,120.9924014,116.758973,Mode8,0.498062253,-0.097999304
21.750998,118.9169434,121.0560822,116.7778045,Mode8,0.498051367,-0.117930071
21.83383234,118.9581989,121.1199355,116.7964622,Mode8,0.498046452,-0.157791604
21.91666667,118.9994542,121.1839559,116.8149524,Mode8,0.498045201,-0.157791604
8.083333333,64.58120879,65.22666255,63.93575503,Mode9,0.059568816,0.014966112
8.166167665,64.58614314,65.22649592,63.94579035,Mode9,0.059568824,0.015408203
8.249001996,64.59107748,65.22635954,63.95579542,Mode9,0.059568856,0.015218735
8.331836327,64.59601183,65.22625414,63.96576952,Mode9,0.059568927,0.015281891
8.414670659,64.60094619,65.22618048,63.97571189,Mode9,0.059569051,0.009956356
8.49750499,64.60588056,65.22613935,63.98562176,Mode9,0.059569235,0.010145823
8.580339321,64.61081494,65.22613154,63.99549835,Mode9,0.059569484,0.004820288
8.663173653,64.61574935,65.22615787,64.00534083,Mode9,0.059569812,0.005262379
8.746007984,64.6206838,65.2262192,64.0151484,Mode9,0.059570228,0.004820288
8.828842315,64.62561828,65.22631637,64.02492019,Mode9,0.059570744,0.004757132
8.911676647,64.63055281,65.22645028,64.03465533,Mode9,0.059571368,0.015092423
8.994510978,64.63548739,65.22662183,64.04435295,Mode9,0.059572112,0.015218735
9.077345309,64.64042204,65.22683196,64.05401212,Mode9,0.059572983,0.015408203
9.160179641,64.64535677,65.22708162,64.06363192,Mode9,0.059573989,0.015408203
9.243013972,64.65029159,65.22737177,64.07321141,Mode9,0.059575139,0.015345047
9.325848303,64.65522651,65.22770341,64.08274961,Mode9,0.059576438,0.015534514
9.408682635,64.66016154,65.22807756,64.09224553,Mode9,0.059577893,0.010208979
9.491516966,64.6650967,65.22849524,64.10169816,Mode9,0.05957951,0.010082667
9.574351297,64.670032,65.22895753,64.11110648,Mode9,0.059581294,0.005136068
9.657185629,64.67496746,65.22946549,64.12046943,Mode9,0.05958325,0.005199223
9.74001996,64.67990309,65.23002023,64.12978595,Mode9,0.059585382,0.005136068
9.822854291,64.6848389,65.23062285,64.13905494,Mode9,0.059587695,0.004883444
9.905688623,64.6897749,65.2312745,64.1482753,Mode9,0.059590191,0.015218735
9.988522954,64.69471113,65.23197635,64.15744591,Mode9,0.059592874,0.015408203
10.07135729,64.69964758,65.23272955,64.16656561,Mode9,0.059595747,0.015408203
10.15419162,64.70458428,65.23353532,64.17563325,Mode9,0.059598812,0.015408203
10.23702595,64.70952124,65.23439486,64.18464763,Mode9,0.05960207,0.015408203
10.31986028,64.71445848,65.2353094,64.19360756,Mode9,0.059605524,0.015281891
10.40269461,64.71939602,65.2362802,64.20251183,Mode9,0.059609175,0.010208979
10.48552894,64.72433386,65.23730852,64.2113592,Mode9,0.059613021,0.010272135
10.56836327,64.72927203,65.23839565,64.22014841,Mode9,0.059617066,0.007640945
10.6511976,64.73421055,65.23954288,64.22887822,Mode9,0.059621309,0.012713857
10.73403194,64.73914942,65.24075151,64.23754733,Mode9,0.059625749,0.012903325
10.81686627,64.74408867,65.24202289,64.24615445,Mode9,0.059630387,0.010145823
10.8997006,64.74902831,65.24335833,64.25469829,Mode9,0.059635222,0.010272135
10.98253493,64.75396836,65.2447592,64.26317753,Mode9,0.059640253,0.010145823
11.06536926,64.75890884,65.24622684,64.27159083,Mode9,0.059645478,0.00757779
11.14820359,64.76384975,65.24776263,64.27993688,Mode9,0.059650896,0.012587545
11.23103792,64.76879113,65.24936794,64.28821432,Mode9,0.059656506,0.012840169
11.31387226,64.77373297,65.25104414,64.29642181,Mode9,0.059662306,0.010335291
11.39670659,64.77867531,65.25279262,64.30455799,Mode9,0.059668294,0.010177401
11.47954092,64.78361814,65.25461476,64.31262153,Mode9,0.059674466,0.010335291
11.56237525,64.7885615,65.25651195,64.32061105,Mode9,0.059680823,0.007735679
11.64520958,64.79350539,65.25848558,64.3285252,Mode9,0.059687358,0.012871747
11.72804391,64.79844983,65.26053702,64.33636265,Mode9,0.059694072,0.012808591
11.81087824,64.80339483,65.26266764,64.34412203,Mode9,0.05970096,0.010303713
11.89371257,64.80834041,65.26487881,64.35180202,Mode9,0.059708021,0.010335291
11.97654691,64.81328659,65.26717189,64.35940128,Mode9,0.059715252,0.010272135
12.05938124,64.81823336,65.26954822,64.36691851,Mode9,0.059722652,0.007735679
12.14221557,64.82318076,65.27200912,64.3743524,Mode9,0.059730216,0.012713857
12.2250499,64.82812879,65.27455591,64.38170168,Mode9,0.05973794,0.012871747
12.30788423,64.83307747,65.27718987,64.38896508,Mode9,0.059745822,0.010335291
12.39071856,64.83802681,65.27991226,64.39614136,Mode9,0.059753856,0.008988118
12.47355289,64.84297682,65.28272432,64.40322932,Mode9,0.059762039,0.009051274
12.55638723,64.84792751,65.28562725,64.41022776,Mode9,0.059770368,0.01158773
12.63922156,64.8528789,65.28862224,64.41713555,Mode9,0.059778842,0.010303713
12.72205589,64.85783099,65.29171042,64.42395157,Mode9,0.059787461,0.011619308
12.80489022,64.86278381,65.29489289,64.43067474,Mode9,0.05979622,0.010430025
12.88772455,64.86773736,65.2981707,64.43730402,Mode9,0.059805115,0.010272135
12.97055888,64.87269165,65.30154488,64.44383842,Mode9,0.059814141,0.01158773
13.05339321,64.87764669,65.30501639,64.450277,Mode9,0.059823293,0.011619308
13.13622754,64.8826025,65.30858614,64.45661885,Mode9,0.059832568,0.009082852
13.21906188,64.88755908,65.312255,64.46286315,Mode9,0.059841959,0.011492996
13.30189621,64.89251644,65.31602379,64.46900909,Mode9,0.059851462,0.011556152
13.38473054,64.89747459,65.31989324,64.47505594,Mode9,0.059861073,0.010945721
13.46756487,64.90243354,65.32386406,64.48100303,Mode9,0.059870786,0.011040455
13.5503992,64.90739331,65.32793686,64.48684975,Mode9,0.059880596,0.010366869
13.63323353,64.91235388,65.33211223,64.49259554,Mode9,0.059890498,0.011008877
13.71606786,64.91731529,65.33639064,64.49823993,Mode9,0.059900487,0.010524759
13.7989022,64.92227752,65.34077254,64.5037825,Mode9,0.059910558,0.010751029
13.88173653,64.92724059,65.34525828,64.5092229,Mode9,0.059920706,0.010656295
13.96457086,64.93220451,65.34984816,64.51456085,Mode9,0.059930926,0.010719451
14.04740519,64.93716927,65.35454239,64.51979615,Mode9,0.059941212,0.010943109
14.13023952,64.94213489,65.35934112,64.52492865,Mode9,0.059951558,0.010719451
14.21307385,64.94710137,65.36424443,64.5299583,Mode9,0.059961961,0.010894436
14.29590818,64.95206871,65.36925232,64.53488509,Mode9,0.059972414,0.010811217
14.37874251,64.95703692,65.37436472,64.53970911,Mode9,0.059982912,0.010736546
14.46157685,64.962006,65.37958149,64.5444305,Mode9,0.059993449,0.010782607
14.54441118,64.96697595,65.38490241,64.5490495,Mode9,0.060004021,0.010914144
14.62724551,64.97194678,65.39032719,64.55356637,Mode9,0.060014621,0.010814185
14.71007984,64.97691849,65.39585549,64.5579815,Mode9,0.060025245,0.010814185
14.79291417,64.98189109,65.40148688,64.5622953,Mode9,0.060035888,0.011166767
14.8757485,64.98686456,65.40722086,64.56650826,Mode9,0.060046542,0.011198345
14.95858283,64.99183892,65.41305689,64.57062095,Mode9,0.060057204,0.011103611
15.04141717,64.99681416,65.41899434,64.57463398,Mode9,0.060067868,0.010272135
15.1242515,65.00179028,65.42503253,64.57854803,Mode9,0.060078527,0.011072033
15.20708583,65.00676729,65.43117073,64.58236385,Mode9,0.060089178,0.011650886
15.28992016,65.01174517,65.43740813,64.58608222,Mode9,0.060099814,0.010335291
15.37275449,65.01672394,65.4437439,64.58970398,Mode9,0.060110429,0.011556152
15.45558882,65.02170359,65.45017712,64.59323005,Mode9,0.060121019,0.011714042
15.53842315,65.02668411,65.45670686,64.59666136,Mode9,0.060131579,0.010240557
15.62125749,65.0316655,65.46333211,64.5999989,Mode9,0.060142101,0.011682464
15.70409182,65.03664777,65.47005184,64.6032437,Mode9,0.060152582,0.011808775
15.78692615,65.0416309,65.47686497,64.60639683,Mode9,0.060163016,0.009051274
15.86976048,65.0466149,65.48377039,64.6094594,Mode9,0.060173397,0.009240742
15.95259481,65.05159975,65.49076695,64.61243254,Mode9,0.06018372,0.011682464
16.03542914,65.05658545,65.49785347,64.61531742,Mode9,0.060193981,-0.020354803
16.11826347,65.061572,65.50502875,64.61811525,Mode9,0.060204173,-0.021701975
16.2010978,65.06655939,65.51229156,64.62082723,Mode9,0.060214294,-0.020639004
16.28393214,65.07154762,65.51964063,64.62345461,Mode9,0.060224342,-0.020449536
16.36676647,65.07653668,65.52707471,64.62599865,Mode9,0.060234311,-0.02054427
16.4496008,65.08152656,65.53459249,64.62846062,Mode9,0.060244196,-0.020512692
16.53243513,65.08651725,65.54219268,64.63084182,Mode9,0.06025399,-0.02054427
16.61526946,65.09150875,65.54987396,64.63314354,Mode9,0.060263691,-0.020607426
16.69810379,65.09650105,65.557635,64.6353671,Mode9,0.060273291,-0.020323225
16.78093812,65.10149414,65.56547448,64.6375138,Mode9,0.060282786,-0.020449536
16.86377246,65.10648802,65.57339107,64.63958497,Mode9,0.060292172,-0.020323225
16.94660679,65.11148266,65.58138341,64.64158192,Mode9,0.060301443,-0.022796525
17.02944112,65.11647807,65.58945018,64.64350597,Mode9,0.060310594,-0.020954783
17.11227545,65.12147424,65.59759003,64.64535844,Mode9,0.060319625,-0.020733738
17.19510978,65.12647114,65.60580164,64.64714064,Mode9,0.060328531,-0.020323225
17.27794411,65.13146878,65.61408368,64.64885388,Mode9,0.060337308,-0.020291647
17.36077844,65.13646714,65.62243481,64.65049946,Mode9,0.060345951,-0.022891258
17.44361277,65.14146621,65.63085373,64.65207868,Mode9,0.060354456,-0.020291647
17.52644711,65.14646598,65.63933914,64.65359281,Mode9,0.060362818,-0.020923205
17.60928144,65.15146643,65.64788973,64.65504313,Mode9,0.060371037,-0.020323225
17.69211577,65.15646756,65.65650423,64.6564309,Mode9,0.060379108,-0.020260069
17.7749501,65.16146935,65.66518135,64.65775735,Mode9,0.060387029,-0.020354803
17.85778443,65.16647179,65.67391985,64.65902374,Mode9,0.060394794,-0.020765316
17.94061876,65.17147487,65.68271848,64.66023127,Mode9,0.0604024,-0.023333349
18.02345309,65.17647857,65.69157601,64.66138114,Mode9,0.060409846,-0.023112304
18.10628743,65.18148289,65.70049122,64.66247456,Mode9,0.060417129,-0.02054427
18.18912176,65.1864878,65.70946292,64.66351267,Mode9,0.060424248,-0.025869805
18.27195609,65.19149329,65.71848993,64.66449665,Mode9,0.060431201,-0.026027695
18.35479042,65.19649935,65.72757108,64.66542762,Mode9,0.060437984,-0.02564876
18.43762475,65.20150596,65.73670522,64.6663067,Mode9,0.060444594,-0.02564876
18.52045908,65.20651312,65.74589123,64.667135,Mode9,0.060451028,-0.025932961
18.60329341,65.2115208,65.755128,64.66791359,Mode9,0.060457284,-0.025743494
18.68612774,65.21652899,65.76441443,64.66864355,Mode9,0.060463359,-0.025743494
18.76896208,65.22153768,65.77374944,64.66932592,Mode9,0.060469249,-0.025522448
18.85179641,65.22654684,65.78313197,64.66996171,Mode9,0.060474954,-0.015218735
18.93463074,65.23155648,65.792561,64.67055196,Mode9,0.060480471,-0.014966112
19.01746507,65.23656656,65.80203548,64.67109763,Mode9,0.060485799,-0.020481114
19.1002994,65.24157707,65.81155443,64.67159971,Mode9,0.060490934,-0.020796894
19.18313373,65.246588,65.82111686,64.67205915,Mode9,0.060495878,-0.021238985
19.26596806,65.25159934,65.83072179,64.67247689,Mode9,0.060500627,-0.026122429
19.3488024,65.25661106,65.84036828,64.67285383,Mode9,0.060505182,-0.02549087
19.43163673,65.26162314,65.85005539,64.67319089,Mode9,0.060509541,-0.025301403
19.51447106,65.26663559,65.85978222,64.67348895,Mode9,0.060513705,-0.025617182
19.59730539,65.27164836,65.86954786,64.67374887,Mode9,0.060517673,-0.025806649
19.68013972,65.27666146,65.87935143,64.67397149,Mode9,0.060521447,-0.025806649
19.76297405,65.28167486,65.88919207,64.67415766,Mode9,0.060525025,-0.015660826
19.84580838,65.28668856,65.89906894,64.67430817,Mode9,0.060528409,-0.015976605
19.92864271,65.29170252,65.9089812,64.67442384,Mode9,0.060531602,-0.015850294
20.01147705,65.29671674,65.91892805,64.67450543,Mode9,0.060534602,-0.015345047
20.09431138,65.3017312,65.92890868,64.67455373,Mode9,0.060537413,-0.021554764
20.17714571,65.30674589,65.93892231,64.67456946,Mode9,0.060540034,-0.025806649
20.25998004,65.31176078,65.94896819,64.67455338,Mode9,0.060542471,-0.025427714
20.34281437,65.31677587,65.95904555,64.67450619,Mode9,0.060544725,-0.025806649
20.4256487,65.32179114,65.96915368,64.6744286,Mode9,0.060546801,-0.025364558
20.50848303,65.32680657,65.97929185,64.6743213,Mode9,0.060548703,-0.025869805
20.59131737,65.33182216,65.98945936,64.67418496,Mode9,0.060550432,-0.015345047
20.6741517,65.33683788,65.99965552,64.67402024,Mode9,0.060551992,-0.025427714
20.75698603,65.34185372,66.00987967,64.67382778,Mode9,0.060553388,-0.026438208
20.83982036,65.34686967,66.02013113,64.67360821,Mode9,0.060554625,-0.015471359
20.92265469,65.35188572,66.03040928,64.67336216,Mode9,0.060555712,-0.015723982
21.00548902,65.35690185,66.04071349,64.67309022,Mode9,0.060556655,-0.021175829
21.08832335,65.36191806,66.05104314,64.67279298,Mode9,0.060557461,-0.020670582
21.17115768,65.36693432,66.06139763,64.67247102,Mode9,0.06055814,-0.020228491
21.25399202,65.37195064,66.07177639,64.67212489,Mode9,0.060558699,-0.025932961
21.33682635,65.376967,66.08217883,64.67175516,Mode9,0.060559149,-0.026059273
21.41966068,65.38198339,66.09260442,64.67136236,Mode9,0.060559499,-0.025554026
21.50249501,65.38699981,66.10305262,64.670947,Mode9,0.060559761,-0.02549087
21.58532934,65.39201624,66.11352288,64.6705096,Mode9,0.060559946,-0.026438208
21.66816367,65.39703269,66.12401472,64.67005066,Mode9,0.060560066,-0.015723982
21.750998,65.40204915,66.13452763,64.66957066,Mode9,0.060560135,-0.01559767
21.83383234,65.40706561,66.14506114,64.66907008,Mode9,0.060560167,-0.015345047
21.91666667,65.41208207,66.15561477,64.66854936,Mode9,0.060560175,-0.015345047
8.083333333,46.72164928,47.51257789,45.93072068,Mode10,-0.164588992,-0.149164334
8.166167665,46.70801574,47.48631234,45.92971914,Mode10,-0.164586247,0.000956467
8.249001996,46.69438272,47.46016246,45.92860299,Mode10,-0.164575391,-0.063381019
8.331836327,46.68075112,47.43413539,45.92736685,Mode10,-0.164551378,-0.04193519
8.414670659,46.66712221,47.40823921,45.92600521,Mode10,-0.1645094,-0.106591499
8.49750499,46.65349763,47.38248283,45.92451243,Mode10,-0.164447037,-0.042254013
8.580339321,46.63987911,47.35687561,45.9228826,Mode10,-0.164362316,-0.106910321
8.663173653,46.62626867,47.33142766,45.92110968,Mode10,-0.164251192,0.04321048
8.746007984,46.61266866,47.30614987,45.91918746,Mode10,-0.164109845,-0.106910321
8.828842315,46.59908174,47.28105386,45.91710962,Mode10,-0.163934709,-0.12835615
8.911676647,46.58551084,47.25615198,45.91486971,Mode10,-0.163722428,-0.106272676
8.994510978,46.57195918,47.23145719,45.91246116,Mode10,-0.163469854,-0.063381019
9.077345309,46.5584302,47.20698307,45.90987733,Mode10,-0.163174064,0.000956467
9.160179641,46.54492761,47.18274374,45.90711149,Mode10,-0.162832321,0.000956467
9.243013972,46.53145532,47.15875378,45.90415687,Mode10,-0.162442095,-0.020489361
9.325848303,46.51801745,47.13502823,45.90100667,Mode10,-0.162001046,0.043848125
9.408682635,46.50461829,47.11158246,45.89765412,Mode10,-0.161507009,-0.020808184
9.491516966,46.49126232,47.08843213,45.8940925,Mode10,-0.160958003,-0.063699841
9.574351297,46.47795416,47.0655931,45.89031522,Mode10,-0.160352229,0.000318822
9.657185629,46.46469859,47.04308137,45.88631581,Mode10,-0.15968803,0.021764651
9.74001996,46.45150051,47.02091297,45.88208805,Mode10,-0.158963924,0.000318822
9.822854291,46.43836494,46.99910388,45.87762599,Mode10,-0.158178574,-0.085464493
9.905688623,46.425297,46.97766993,45.87292406,Mode10,-0.157330816,-0.063381019
9.988522954,46.4123019,46.95662671,45.86797709,Mode10,-0.1564196,0.000956467
10.07135729,46.39938495,46.93598942,45.86278047,Mode10,-0.155444027,0.000956467
10.15419162,46.38655149,46.91577282,45.85733017,Mode10,-0.154403327,0.000956467
10.23702595,46.37380697,46.89599107,45.85162287,Mode10,-0.153296866,0.000956467
10.31986028,46.36115684,46.87665762,45.84565605,Mode10,-0.152124127,-0.04193519
10.40269461,46.34860661,46.85778514,45.83942807,Mode10,-0.150884715,-0.020808184
10.48552894,46.33616182,46.83938535,45.83293828,Mode10,-0.149578346,0.000637645
10.56836327,46.32382802,46.82146894,45.8261871,Mode10,-0.148204844,-0.020967595
10.6511976,46.31161077,46.80404547,45.81917607,Mode10,-0.146764145,-0.042094601
10.73403194,46.29951565,46.78712329,45.81190801,Mode10,-0.145256287,0.022242885
10.81686627,46.28754821,46.77070943,45.80438699,Mode10,-0.143681384,-0.042254013
10.8997006,46.27571399,46.75480954,45.79661845,Mode10,-0.142039678,0.000637645
10.98253493,46.26401852,46.73942785,45.7886092,Mode10,-0.140331467,-0.042254013
11.06536926,46.25246729,46.72456713,45.78036745,Mode10,-0.138557155,-0.042413424
11.14820359,46.24106576,46.71022867,45.77190284,Mode10,-0.136717216,-0.084986259
11.23103792,46.22981933,46.69641228,45.76322638,Mode10,-0.134812215,0.000797056
11.31387226,46.21873338,46.6831163,45.75435046,Mode10,-0.132842776,0.022083474
11.39670659,46.2078132,46.67033764,45.74528877,Mode10,-0.130809601,-0.031531098
11.47954092,46.19706406,46.65807186,45.73605627,Mode10,-0.128713467,0.022083474
11.56237525,46.18649113,46.64631322,45.72666905,Mode10,-0.126555206,0.011201148
11.64520958,46.17609952,46.63505475,45.71714429,Mode10,-0.124335715,0.011519971
11.72804391,46.16589427,46.6242884,45.70750013,Mode10,-0.122055951,-0.009925858
11.81087824,46.15588031,46.61400509,45.69775554,Mode10,-0.119716933,0.011360559
11.89371257,46.14606254,46.60419486,45.68793021,Mode10,-0.117319425,0.022083474
11.97654691,46.13644577,46.59484704,45.6780445,Mode10,-0.114863776,0.000637645
12.05938124,46.12703478,46.5859503,45.66811927,Mode10,-0.112351103,0.011201148
12.14221557,46.11783425,46.57749279,45.65817571,Mode10,-0.109782622,-0.042094601
12.2250499,46.10884875,46.56946227,45.64823523,Mode10,-0.107159596,0.011519971
12.30788423,46.10008274,46.56184616,45.63831932,Mode10,-0.104483315,0.022083474
12.39071856,46.09154057,46.55463172,45.62844943,Mode10,-0.101755115,0.000557939
12.47355289,46.0832265,46.54780613,45.61864687,Mode10,-0.098976377,0.022003768
12.55638723,46.07514465,46.54135658,45.60893273,Mode10,-0.09614817,0.011440265
12.63922156,46.06729913,46.53527038,45.59932787,Mode10,-0.093270566,0.011360559
12.72205589,46.059694,46.52953509,45.58985291,Mode10,-0.090343902,0.022163179
12.80489022,46.05233329,46.52413851,45.58052806,Mode10,-0.087369607,0.054252217
12.88772455,46.04522087,46.51906874,45.571373,Mode10,-0.084349203,0.000637645
12.97055888,46.0383605,46.51431419,45.56240681,Mode10,-0.08128426,0.011440265
13.05339321,46.0317558,46.50986369,45.55364792,Mode10,-0.078176357,0.022163179
13.13622754,46.02541027,46.50570647,45.54511407,Mode10,-0.075027099,0.032726683
13.21906188,46.01932726,46.50183223,45.53682229,Mode10,-0.071838113,-0.020728478
13.30189621,46.01351,46.49823112,45.52878887,Mode10,-0.068611055,0.000717351
13.38473054,46.00796157,46.49489381,45.52102932,Mode10,-0.06534759,0.011400412
13.46756487,46.00268491,46.49181145,45.51355837,Mode10,-0.062049404,0.043569155
13.5503992,45.99768284,46.48897574,45.50638993,Mode10,-0.058718197,0.032806388
13.63323353,45.99295801,46.48637887,45.49953715,Mode10,-0.055355694,0.032846241
13.71606786,45.98851295,46.48401357,45.49301233,Mode10,-0.051963628,0.08642096
13.7989022,45.98435003,46.48187309,45.48682698,Mode10,-0.048543739,0.054272143
13.88173653,45.98047149,46.47995121,45.48099178,Mode10,-0.045097794,0.0221034
13.96457086,45.97687941,46.47824223,45.4755166,Mode10,-0.041627561,0.043549229
14.04740519,45.97357573,46.47674095,45.47041051,Mode10,-0.038134824,0.065005021
14.13023952,45.97056224,46.47544271,45.46568178,Mode10,-0.034621375,0.043549229
14.21307385,45.96784058,46.47434331,45.46133785,Mode10,-0.031089016,0.075722954
14.29590818,45.96541224,46.47343909,45.45738538,Mode10,-0.027539548,0.05427588
14.37874251,45.96327856,46.47272686,45.45383026,Mode10,-0.023974799,0.022108382
14.46157685,45.96144074,46.47220392,45.45067755,Mode10,-0.020396588,0.064995058
14.54441118,45.95989981,46.47186805,45.44793156,Mode10,-0.016806739,0.000677498
14.62724551,45.95865666,46.47171751,45.44559581,Mode10,-0.013207095,0.075717972
14.71007984,45.95771203,46.471751,45.44367305,Mode10,-0.009599489,0.075717972
14.79291417,45.95706649,46.47196774,45.44216525,Mode10,-0.005985764,0.086460813
14.8757485,45.95672049,46.47236735,45.44107363,Mode10,-0.002367767,0.097183727
14.95858283,45.9566743,46.47294996,45.44039863,Mode10,0.001252658,0.065014984
15.04141717,45.95692803,46.47371612,45.44013994,Mode10,0.004873659,0.000637645
15.1242515,45.95748167,46.47466685,45.44029649,Mode10,0.008493376,0.05429207
15.20708583,45.95833503,46.47580361,45.44086645,Mode10,0.012109974,0.032886094
15.28992016,45.95948778,46.47712833,45.44184723,Mode10,0.015721591,0.022083474
15.37275449,45.96093942,46.47864336,45.44323547,Mode10,0.019326381,0.000717351
15.45558882,45.96268931,46.48035153,45.44502709,Mode10,0.022922489,0.054331923
15.53842315,45.96473666,46.48225611,45.44721722,Mode10,0.026508078,-0.010085269
15.62125749,45.96708053,46.48436081,45.44980024,Mode10,0.030081294,0.043609008
15.70409182,45.9697198,46.4866698,45.45276979,Mode10,0.033640309,0.086500666
15.78692615,45.97265323,46.48918771,45.45611875,Mode10,0.037183281,0.022003768
15.86976048,45.97587941,46.49191959,45.45983923,Mode10,0.040708375,0.086341255
15.95259481,45.97939679,46.49487097,45.4639226,Mode10,0.044213778,0.043609008
16.03542914,45.98320365,46.49804781,45.46835949,Mode10,0.047697663,0.063062196
16.11826347,45.98729815,46.50145653,45.47313977,Mode10,0.051158385,0.041536662
16.2010978,45.99167834,46.50510398,45.4782527,Mode10,0.054595495,-0.033444033
16.28393214,45.99634222,46.50899753,45.48368691,Mode10,0.058007488,0.030893453
16.36676647,46.00128762,46.51314493,45.48943031,Mode10,0.061392597,-0.00127529
16.4496008,46.00651225,46.5175544,45.49547011,Mode10,0.064749045,0.009447624
16.53243513,46.01201367,46.52223453,45.50179281,Mode10,0.068075074,-0.00127529
16.61526946,46.01778927,46.52719431,45.50838423,Mode10,0.071368941,-0.022721119
16.69810379,46.02383633,46.53244312,45.51522953,Mode10,0.074628905,0.073785111
16.78093812,46.03015196,46.53799066,45.52231325,Mode10,0.077853271,0.030893453
16.86377246,46.03673314,46.54384696,45.52961932,Mode10,0.081040317,0.073785111
16.94660679,46.04357672,46.55002234,45.5371311,Mode10,0.08418838,0.105794443
17.02944112,46.0506794,46.55652737,45.54483142,Mode10,0.087295908,-0.140673177
17.11227545,46.05803778,46.56337283,45.55270274,Mode10,0.090362435,-0.065612776
17.19510978,46.06564845,46.57056974,45.56072716,Mode10,0.093386696,0.073785111
17.27794411,46.07350782,46.57812919,45.56888646,Mode10,0.096367108,0.084508025
17.36077844,46.0816122,46.58606234,45.57716206,Mode10,0.099302097,0.0736257
17.44361277,46.08995777,46.59438034,45.58553519,Mode10,0.102190117,0.084508025
17.52644711,46.09854056,46.60309424,45.59398689,Mode10,0.105029735,-0.129950263
17.60928144,46.10735656,46.61221495,45.60249816,Mode10,0.107820517,0.073785111
17.69211577,46.11640166,46.62175319,45.61105013,Mode10,0.110561374,0.09523094
17.7749501,46.12567169,46.63171938,45.619624,Mode10,0.113250884,0.063062196
17.85778443,46.13516233,46.64212351,45.62820114,Mode10,0.115887676,-0.076335691
17.94061876,46.14486915,46.6529751,45.63676321,Mode10,0.118470446,-0.076495102
18.02345309,46.15478767,46.66428309,45.64529224,Mode10,0.120998799,-0.001434701
18.10628743,46.16491333,46.67605583,45.65377084,Mode10,0.123471878,-0.00127529
18.18912176,46.17524155,46.68830093,45.66218217,Mode10,0.125889309,-0.065931599
18.27195609,46.18576768,46.70102526,45.67051011,Mode10,0.128250233,-0.119546171
18.35479042,46.196487,46.71423478,45.67873923,Mode10,0.13055353,0.009128802
18.43762475,46.20739469,46.72793449,45.68685489,Mode10,0.132798142,0.009128802
18.52045908,46.21848584,46.74212837,45.69484332,Mode10,0.13498307,-0.087377428
18.60329341,46.22975548,46.75681933,45.70269162,Mode10,0.137107336,-0.023039941
18.68612774,46.24119853,46.77200916,45.7103879,Mode10,0.13917006,-0.023039941
18.76896208,46.25280987,46.7876985,45.71792124,Mode10,0.141170421,0.05202046
18.85179641,46.2645843,46.80388683,45.72528178,Mode10,0.143107649,0.063381019
18.93463074,46.27651656,46.82057244,45.73246068,Mode10,0.144981052,0.149164334
19.01746507,46.28860134,46.83775248,45.7394502,Mode10,0.146790033,0.020170539
19.1002994,46.30083328,46.85542293,45.74624362,Mode10,0.148534034,-0.087058605
19.18313373,46.31320697,46.87357864,45.75283529,Mode10,0.150212603,-0.237179407
19.26596806,46.32571698,46.89221339,45.75922056,Mode10,0.151825342,-0.151714914
19.3488024,46.33835784,46.9113199,45.76539578,Mode10,0.153371975,0.062743374
19.43163673,46.35112408,46.93088993,45.77135823,Mode10,0.154852309,0.12708086
19.51447106,46.36401018,46.95091428,45.77710609,Mode10,0.156266252,0.019851716
19.59730539,46.37701066,46.97138294,45.78263839,Mode10,0.157613784,-0.04448577
19.68013972,46.39012002,46.99228509,45.78795495,Mode10,0.158895013,-0.04448577
19.76297405,46.40333276,47.01360921,45.79305631,Mode10,0.160110155,-0.086739783
19.84580838,46.41664344,47.03534318,45.7979437,Mode10,0.161259514,-0.193968927
19.92864271,46.43004661,47.0574743,45.80261891,Mode10,0.162343541,-0.151077269
20.01147705,46.44353687,47.07998942,45.80708433,Mode10,0.163362392,0.020489361
20.09431138,46.45710885,47.10287494,45.81134276,Mode10,0.164316579,-0.344408551
20.17714571,46.47075721,47.12611698,45.81539745,Mode10,0.165206853,-0.04448577
20.25998004,46.48447671,47.14970139,45.81925204,Mode10,0.16603422,0.084189203
20.34281437,46.49826218,47.17361389,45.82291046,Mode10,0.16679977,-0.04448577
20.4256487,46.51210854,47.19784013,45.82637694,Mode10,0.16750472,0.105635032
20.50848303,46.52601083,47.22236574,45.82965592,Mode10,0.168150505,-0.065931599
20.59131737,46.53996419,47.24717636,45.83275202,Mode10,0.168737666,0.020489361
20.6741517,46.55396379,47.27225763,45.83566995,Mode10,0.169267288,0.084189203
20.75698603,46.56800494,47.29759534,45.83841453,Mode10,0.169741265,-0.258944058
20.83982036,46.58208311,47.32317554,45.84099069,Mode10,0.170161631,-0.022402296
20.92265469,46.59619397,47.34898454,45.8434034,Mode10,0.170530668,-0.108185611
21.00548902,46.61033335,47.37500905,45.84565765,Mode10,0.170850773,-0.215733578
21.08832335,46.62449731,47.40123615,45.84775848,Mode10,0.171124581,-0.044166948
21.17115768,46.63868213,47.42765338,45.84971089,Mode10,0.171354915,0.105953854
21.25399202,46.65288434,47.45424879,45.85151988,Mode10,0.171544835,-0.087377428
21.33682635,46.66710071,47.48101101,45.85319041,Mode10,0.17169756,-0.130269085
21.41966068,46.68132831,47.50792923,45.8547274,Mode10,0.171816554,0.041297545
21.50249501,46.6955645,47.53499331,45.85613569,Mode10,0.171905526,0.062743374
21.58532934,46.70980695,47.5621938,45.85742011,Mode10,0.171968401,-0.258944058
21.66816367,46.72405367,47.58952197,45.85858537,Mode10,0.172009337,-0.108185611
21.750998,46.73830302,47.61696989,45.85963615,Mode10,0.172032764,-0.065293954
21.83383234,46.75255375,47.64453045,45.86057706,Mode10,0.172043341,0.020489361
21.91666667,46.766805,47.67219739,45.86141261,Mode10,0.172046035,0.020489361
8.083333333,56.91573893,57.802604,56.02887386,Mode11,0.331269037,0.085124628
8.166167665,56.94317938,57.82307053,56.06328823,Mode11,0.331269034,0.084921132
8.249001996,56.97061983,57.84357791,56.09766175,Mode11,0.331269019,0.085008344
8.331836327,56.99806028,57.86412711,56.13199344,Mode11,0.331268986,0.084979273
8.414670659,57.02550072,57.88471915,56.16628229,Mode11,0.331268932,0.056759442
8.49750499,57.05294116,57.90535507,56.20052725,Mode11,0.331268848,0.05667223
8.580339321,57.08038159,57.92603591,56.23472726,Mode11,0.331268733,0.028452398
8.663173653,57.10782201,57.94676278,56.26888123,Mode11,0.331268582,0.028248902
8.746007984,57.13526241,57.96753678,56.30298803,Mode11,0.331268391,0.028452398
8.828842315,57.1627028,57.98835907,56.33704652,Mode11,0.331268153,0.028481469
8.911676647,57.19014316,58.0092308,56.37105552,Mode11,0.331267863,0.085066486
8.994510978,57.2175835,58.03015318,56.40501382,Mode11,0.33126752,0.085008344
9.077345309,57.24502381,58.05112743,56.43892018,Mode11,0.331267119,0.084921132
9.160179641,57.27246408,58.07215481,56.47277334,Mode11,0.331266656,0.084921132
9.243013972,57.29990431,58.09323661,56.50657201,Mode11,0.331266127,0.084950203
9.325848303,57.32734449,58.11437413,56.54031485,Mode11,0.331265529,0.08486299
9.408682635,57.35478462,58.13556872,56.57400052,Mode11,0.331264862,0.056643159
9.491516966,57.3822247,58.15682175,56.60762764,Mode11,0.331264118,0.0567013
9.574351297,57.40966471,58.17813462,56.64119479,Mode11,0.331263297,0.028307044
9.657185629,57.43710464,58.19950876,56.67470053,Mode11,0.331262397,0.028277973
9.74001996,57.4645445,58.22094562,56.70814339,Mode11,0.331261415,0.028307044
9.822854291,57.49198428,58.24244669,56.74152186,Mode11,0.331260351,0.028423327
9.905688623,57.51942396,58.26401349,56.77483443,Mode11,0.331259199,0.085008344
9.988522954,57.54686354,58.28564757,56.80807952,Mode11,0.331257963,0.084921132
10.07135729,57.57430302,58.30735048,56.84125556,Mode11,0.331256641,0.084921132
10.15419162,57.60174239,58.32912385,56.87436092,Mode11,0.33125523,0.084921132
10.23702595,57.62918163,58.35096929,56.90739397,Mode11,0.33125373,0.084921132
10.31986028,57.65662075,58.37288845,56.94035304,Mode11,0.331252141,0.084979273
10.40269461,57.68405973,58.39488303,56.97323642,Mode11,0.331250463,0.056643159
10.48552894,57.71149857,58.41695473,57.0060424,Mode11,0.331248691,0.056614088
10.56836327,57.73893725,58.43910527,57.03876923,Mode11,0.331246831,0.042489637
10.6511976,57.76637578,58.46133642,57.07141514,Mode11,0.331244876,0.070825751
10.73403194,57.79381415,58.48364996,57.10397833,Mode11,0.331242832,0.070738539
10.81686627,57.82125234,58.50604768,57.136457,Mode11,0.331240698,0.05667223
10.8997006,57.84869035,58.52853141,57.16884929,Mode11,0.331238472,0.056614088
10.98253493,57.87612817,58.55110298,57.20115336,Mode11,0.331236157,0.05667223
11.06536926,57.9035658,58.57376425,57.23336734,Mode11,0.331233753,0.042518708
11.14820359,57.93100322,58.5965171,57.26548934,Mode11,0.331231257,0.070883893
11.23103792,57.95844043,58.61936341,57.29751745,Mode11,0.331228675,0.07076761
11.31387226,57.98587743,58.64230509,57.32944977,Mode11,0.331226005,0.056585017
11.39670659,58.0133142,58.66534402,57.36128438,Mode11,0.331223249,0.056657694
11.47954092,58.04075074,58.68848214,57.39301934,Mode11,0.331220408,0.056585017
11.56237525,58.06818704,58.71172136,57.42465272,Mode11,0.331217484,0.042446031
11.64520958,58.0956231,58.7350636,57.4561826,Mode11,0.331214474,0.070753074
11.72804391,58.1230589,58.75851077,57.48760702,Mode11,0.331211383,0.070782145
11.81087824,58.15049444,58.7820648,57.51892408,Mode11,0.331208213,0.056599552
11.89371257,58.17792972,58.8057276,57.55013184,Mode11,0.331204963,0.056585017
11.97654691,58.20536472,58.82950104,57.5812284,Mode11,0.331201634,0.056614088
12.05938124,58.23279945,58.85338703,57.61221186,Mode11,0.331198229,0.042446031
12.14221557,58.26023389,58.87738742,57.64308035,Mode11,0.331194746,0.070825751
12.2250499,58.28766804,58.90150406,57.67383201,Mode11,0.331191191,0.070753074
12.30788423,58.31510189,58.92573876,57.70446502,Mode11,0.331187563,0.056585017
12.39071856,58.34253544,58.95009331,57.73497756,Mode11,0.331183865,0.049537327
12.47355289,58.36996867,58.97456946,57.76536789,Mode11,0.331180099,0.049508256
12.55638723,58.3974016,58.99916892,57.79563428,Mode11,0.331176264,0.063676313
12.63922156,58.4248342,59.02389337,57.82577504,Mode11,0.331172363,0.056599552
12.72205589,58.45226648,59.04874442,57.85578854,Mode11,0.331168396,0.063661778
12.80489022,58.47969843,59.07372366,57.88567319,Mode11,0.331164364,0.056541411
12.88772455,58.50713004,59.0988326,57.91542747,Mode11,0.33116027,0.056614088
12.97055888,58.5345613,59.12407269,57.94504991,Mode11,0.331156115,0.063676313
13.05339321,58.56199223,59.14944534,57.97453912,Mode11,0.331151902,0.063661778
13.13622754,58.5894228,59.17495185,58.00389374,Mode11,0.331147634,0.049493721
13.21906188,58.61685301,59.20059349,58.03311253,Mode11,0.331143311,0.06371992
13.30189621,58.64428286,59.22637143,58.0621943,Mode11,0.331138936,0.063690849
13.38473054,58.67171235,59.25228676,58.09113795,Mode11,0.331134512,0.060137933
13.46756487,58.69914147,59.2783405,58.11994245,Mode11,0.331130042,0.060094327
13.5503992,58.72657022,59.30453357,58.14860688,Mode11,0.331125526,0.056570482
13.63323353,58.7539986,59.33086681,58.17713039,Mode11,0.331120968,0.060108862
13.71606786,58.78142659,59.35734095,58.20551224,Mode11,0.33111637,0.056497805
13.7989022,58.8088542,59.38395664,58.23375177,Mode11,0.331111734,0.058310601
13.88173653,58.83628143,59.41071442,58.26184843,Mode11,0.331107063,0.058354207
13.96457086,58.86370827,59.43761476,58.28980178,Mode11,0.331102359,0.058325136
14.04740519,58.89113471,59.46465798,58.31761145,Mode11,0.331097625,0.059180661
14.13023952,58.91856077,59.49184434,58.3452772,Mode11,0.331092862,0.058325136
14.21307385,58.94598642,59.51917397,58.37279888,Mode11,0.331088074,0.058723828
14.29590818,58.97341168,59.54664691,58.40017646,Mode11,0.331083262,0.058642324
14.37874251,59.00083655,59.57426308,58.42741001,Mode11,0.33107843,0.058796505
14.46157685,59.02826101,59.60202233,58.45449968,Mode11,0.331073579,0.058296066
14.54441118,59.05568506,59.62992436,58.48144576,Mode11,0.331068713,0.060152468
14.62724551,59.08310872,59.65796881,58.50824863,Mode11,0.331063834,0.05828153
14.71007984,59.11053197,59.68615519,58.53490874,Mode11,0.331058944,0.05828153
14.79291417,59.13795481,59.71448292,58.56142669,Mode11,0.331054045,0.060036185
14.8757485,59.16537725,59.74295134,58.58780315,Mode11,0.33104914,0.06002165
14.95858283,59.19279928,59.77155967,58.61403889,Mode11,0.331044233,0.060065256
15.04141717,59.2202209,59.80030705,58.64013476,Mode11,0.331039325,0.056614088
15.1242515,59.24764212,59.82919253,58.66609171,Mode11,0.331034418,0.060079791
15.20708583,59.27506293,59.85821507,58.69191079,Mode11,0.331029515,0.063647243
15.28992016,59.30248334,59.88737356,58.71759311,Mode11,0.331024619,0.056585017
15.37275449,59.32990334,59.91666681,58.74313987,Mode11,0.331019733,0.063690849
15.45558882,59.35732293,59.94609354,58.76855233,Mode11,0.331014858,0.063618172
15.53842315,59.38474213,59.97565242,58.79383184,Mode11,0.331009998,0.056628623
15.62125749,59.41216092,60.00534203,58.81897981,Mode11,0.331005154,0.063632707
15.70409182,59.43957931,60.03516091,58.84399771,Mode11,0.33100033,0.063574566
15.78692615,59.4669973,60.06510754,58.86888707,Mode11,0.330995528,0.049508256
15.86976048,59.4944149,60.09518033,58.89364947,Mode11,0.330990749,0.049421044
15.95259481,59.5218321,60.12537766,58.91828654,Mode11,0.330985997,0.063632707
16.03542914,59.54924891,60.15569785,58.94279996,Mode11,0.33098128,-0.113315388
16.11826347,59.57666532,60.1861392,58.96719145,Mode11,0.33097659,-0.120363078
16.2010978,59.60408136,60.21669994,58.99146277,Mode11,0.33097193,-0.11318457
16.28393214,59.631497,60.24737832,59.01561569,Mode11,0.330967305,-0.113271782
16.36676647,59.65891227,60.27817251,59.03965203,Mode11,0.330962716,-0.113228176
16.4496008,59.68632715,60.30908068,59.06357363,Mode11,0.330958166,-0.113242711
16.53243513,59.71374166,60.34010098,59.08738234,Mode11,0.330953658,-0.113228176
16.61526946,59.7411558,60.37123155,59.11108005,Mode11,0.330949193,-0.113199105
16.69810379,59.76856957,60.40247051,59.13466864,Mode11,0.330944774,-0.113329924
16.78093812,59.79598298,60.43381596,59.15815,Mode11,0.330940403,-0.113271782
16.86377246,59.82339603,60.46526602,59.18152604,Mode11,0.330936083,-0.113329924
16.94660679,59.85080872,60.49681879,59.20479865,Mode11,0.330931817,-0.127527052
17.02944112,59.87822106,60.52847237,59.22796975,Mode11,0.330927603,-0.113039215
17.11227545,59.90563306,60.56022487,59.25104124,Mode11,0.330923446,-0.113140963
17.19510978,59.93304471,60.59207441,59.274015,Mode11,0.330919346,-0.113329924
17.27794411,59.96045602,60.62401911,59.29689294,Mode11,0.330915306,-0.113344459
17.36077844,59.987867,60.65605709,59.31967692,Mode11,0.330911329,-0.127483446
17.44361277,60.01527766,60.68818651,59.34236881,Mode11,0.330907413,-0.113344459
17.52644711,60.04268799,60.72040554,59.36497045,Mode11,0.330903564,-0.113053751
17.60928144,60.07009801,60.75271233,59.38748369,Mode11,0.330899781,-0.113329924
17.69211577,60.09750772,60.7851051,59.40991034,Mode11,0.330896065,-0.113358994
17.7749501,60.12491712,60.81758206,59.43225219,Mode11,0.33089242,-0.113315388
17.85778443,60.15232623,60.85014143,59.45451102,Mode11,0.330888845,-0.113126428
17.94061876,60.17973504,60.8827815,59.47668858,Mode11,0.330885346,-0.12727995
18.02345309,60.20714356,60.91550052,59.4987866,Mode11,0.330881918,-0.127381698
18.10628743,60.2345518,60.94829682,59.52080679,Mode11,0.330878565,-0.113228176
18.18912176,60.26195977,60.98116871,59.54275083,Mode11,0.330875289,-0.141448007
18.27195609,60.28936747,61.01411457,59.56462037,Mode11,0.330872089,-0.14137533
18.35479042,60.31677491,61.04713277,59.58641704,Mode11,0.330868967,-0.141549755
18.43762475,60.34418209,61.08022173,59.60814246,Mode11,0.330865924,-0.141549755
18.52045908,60.37158903,61.11337987,59.62979818,Mode11,0.330862962,-0.141418936
18.60329341,60.39899572,61.14660567,59.65138576,Mode11,0.330860083,-0.141506149
18.68612774,60.42640217,61.17989763,59.67290672,Mode11,0.330857286,-0.141506149
18.76896208,60.4538084,61.21325425,59.69436256,Mode11,0.330854575,-0.141607897
18.85179641,60.48121441,61.24667409,59.71575473,Mode11,0.330851946,-0.085008344
18.93463074,60.5086202,61.28015574,59.73708467,Mode11,0.330849406,-0.085124628
19.01746507,60.53602579,61.31369778,59.7583538,Mode11,0.330846957,-0.113257247
19.1002994,60.56343118,61.34729886,59.77956349,Mode11,0.330844593,-0.113111893
19.18313373,60.59083637,61.38095764,59.80071511,Mode11,0.330842318,-0.112908397
19.26596806,60.61824138,61.41467281,59.82180996,Mode11,0.330840132,-0.141331724
19.3488024,60.64564622,61.44844308,59.84284936,Mode11,0.330838035,-0.141622432
19.43163673,60.67305088,61.48226719,59.86383457,Mode11,0.330836028,-0.141709645
19.51447106,60.70045538,61.51614392,59.88476684,Mode11,0.330834112,-0.141564291
19.59730539,60.72785973,61.55007206,59.90564739,Mode11,0.330832285,-0.141477078
19.68013972,60.75526393,61.58405044,59.92647741,Mode11,0.330830548,-0.141477078
19.76297405,60.78266798,61.6180779,59.94725807,Mode11,0.330828898,-0.084804849
19.84580838,60.81007191,61.65215331,59.9679905,Mode11,0.33082734,-0.084659494
19.92864271,60.83747571,61.68627559,59.98867583,Mode11,0.330825871,-0.084717636
20.01147705,60.86487939,61.72044364,60.00931515,Mode11,0.33082449,-0.084950203
20.09431138,60.89228296,61.75465641,60.02990951,Mode11,0.330823199,-0.112763043
20.17714571,60.91968643,61.78891289,60.05045997,Mode11,0.330821992,-0.141477078
20.25998004,60.9470898,61.82321206,60.07096754,Mode11,0.330820871,-0.141651503
20.34281437,60.97449308,61.85755294,60.09143322,Mode11,0.330819833,-0.141477078
20.4256487,61.00189628,61.89193458,60.11185798,Mode11,0.330818877,-0.141680574
20.50848303,61.0292994,61.92635604,60.13224277,Mode11,0.330818002,-0.141448007
20.59131737,61.05670246,61.96081639,60.15258853,Mode11,0.330817203,-0.084950203
20.6741517,61.08410545,61.99531475,60.17289615,Mode11,0.330816488,-0.141651503
20.75698603,61.11150839,62.02985025,60.19316652,Mode11,0.330815846,-0.14118637
20.83982036,61.13891127,62.06442204,60.2134005,Mode11,0.330815273,-0.084892061
20.92265469,61.16631411,62.09902928,60.23359895,Mode11,0.330814773,-0.084775778
21.00548902,61.19371691,62.13367115,60.25376267,Mode11,0.330814342,-0.112937468
21.08832335,61.22111968,62.16834688,60.27389248,Mode11,0.330813971,-0.113170034
21.17115768,61.24852242,62.20305569,60.29398916,Mode11,0.330813658,-0.11337353
21.25399202,61.27592514,62.23779682,60.31405346,Mode11,0.330813401,-0.141418936
21.33682635,61.30332784,62.27256953,60.33408614,Mode11,0.330813194,-0.141360795
21.41966068,61.33073052,62.30737312,60.35408791,Mode11,0.330813033,-0.141593361
21.50249501,61.35813319,62.34220688,60.37405949,Mode11,0.330812912,-0.141622432
21.58532934,61.38553585,62.37707014,60.39400156,Mode11,0.330812827,-0.14118637
21.66816367,61.41293851,62.41196223,60.41391479,Mode11,0.330812768,-0.084775778
21.750998,61.44034116,62.4468825,60.43379982,Mode11,0.330812737,-0.084833919
21.83383234,61.46774381,62.48183032,60.4536573,Mode11,0.330812722,-0.084950203
21.91666667,61.49514646,62.51680509,60.47348784,Mode11,0.330812719,-0.084950203
8.083333333,68.74234862,70.01686183,67.4678354,Mode12,0.282940126,0.069446017
8.166167665,68.76578577,70.02982855,67.501743,Mode12,0.282940206,0.073848097
8.249001996,68.78922295,70.042863,67.5355829,Mode12,0.282940524,0.071961491
8.331836327,68.81266016,70.05596694,67.56935339,Mode12,0.282941228,0.07259036
8.414670659,68.83609746,70.06914222,67.6030527,Mode12,0.282942462,0.046087722
8.49750499,68.85953488,70.08239073,67.63667903,Mode12,0.282944291,0.047974327
8.580339321,68.88297248,70.09571442,67.67023054,Mode12,0.282946775,0.021471689
8.663173653,68.90641031,70.1091153,67.70370533,Mode12,0.282950033,0.025873769
8.746007984,68.92984846,70.12259545,67.73710146,Mode12,0.282954178,0.021471689
8.828842315,68.95328698,70.13615699,67.77041697,Mode12,0.282959314,0.020842821
8.911676647,68.97672598,70.14980211,67.80364985,Mode12,0.282965536,0.070703754
8.994510978,69.00016554,70.16353303,67.83679805,Mode12,0.282972943,0.071961491
9.077345309,69.02360576,70.17735205,67.86985948,Mode12,0.282981616,0.073848097
9.160179641,69.04704676,70.19126148,67.90283204,Mode12,0.282991637,0.073848097
9.243013972,69.07048865,70.20526372,67.93571358,Mode12,0.28300308,0.073219228
9.325848303,69.09393154,70.21936116,67.96850193,Mode12,0.283016013,0.075105834
9.408682635,69.11737558,70.23355626,68.00119489,Mode12,0.283030503,0.048603196
9.491516966,69.14082087,70.2478515,68.03379024,Mode12,0.283046602,0.047345459
9.574351297,69.16426757,70.2622494,68.06628574,Mode12,0.283064365,0.024616032
9.657185629,69.18771582,70.2767525,68.09867913,Mode12,0.283083842,0.025244901
9.74001996,69.21116574,70.29136337,68.13096812,Mode12,0.283105075,0.024616032
9.822854291,69.23461751,70.3060846,68.16315041,Mode12,0.283128104,0.022100558
9.905688623,69.25807125,70.3209188,68.1952237,Mode12,0.283152961,0.071961491
9.988522954,69.28152713,70.33586859,68.22718567,Mode12,0.283179681,0.073848097
10.07135729,69.3049853,70.35093662,68.25903398,Mode12,0.283208289,0.073848097
10.15419162,69.32844592,70.36612554,68.2907663,Mode12,0.283238806,0.073848097
10.23702595,69.35190915,70.38143801,68.32238029,Mode12,0.283271251,0.073848097
10.31986028,69.37537514,70.39687669,68.3538736,Mode12,0.28330564,0.07259036
10.40269461,69.39884407,70.41244424,68.3852439,Mode12,0.283341987,0.048603196
10.48552894,69.42231609,70.42814333,68.41648884,Mode12,0.283380293,0.049232065
10.56836327,69.44579136,70.44397662,68.4476061,Mode12,0.28342057,0.03629518
10.6511976,69.46927005,70.45994676,68.47859334,Mode12,0.283462815,0.060282344
10.73403194,69.49275232,70.47605638,68.50944826,Mode12,0.283507031,0.062168949
10.81686627,69.51623833,70.49230812,68.54016855,Mode12,0.283553213,0.047974327
10.8997006,69.53972825,70.50870458,68.57075193,Mode12,0.283601353,0.049232065
10.98253493,69.56322224,70.52524835,68.60119614,Mode12,0.283651444,0.047974327
11.06536926,69.58672046,70.541942,68.63149893,Mode12,0.283703475,0.035666311
11.14820359,69.61022307,70.55878807,68.66165808,Mode12,0.283757427,0.059024606
11.23103792,69.63373023,70.57578906,68.6916714,Mode12,0.283813289,0.061540081
11.31387226,69.65724209,70.59294744,68.72153674,Mode12,0.28387104,0.049860933
11.39670659,69.68075882,70.61026567,68.75125197,Mode12,0.28393066,0.048288762
11.47954092,69.70428056,70.62774613,68.78081499,Mode12,0.283992126,0.049860933
11.56237525,69.72780746,70.64539117,68.81022376,Mode12,0.284055415,0.037238483
11.64520958,69.75133969,70.66320311,68.83947626,Mode12,0.284120497,0.061854515
11.72804391,69.77487738,70.68118421,68.86857054,Mode12,0.284187348,0.061225646
11.81087824,69.79842067,70.69933666,68.89750469,Mode12,0.284255936,0.049546499
11.89371257,69.82196972,70.71766262,68.92627683,Mode12,0.28432624,0.049860933
11.97654691,69.84552467,70.73616417,68.95488516,Mode12,0.284398248,0.049232065
12.05938124,69.86908565,70.75484335,68.98332795,Mode12,0.28447193,0.037238483
12.14221557,69.8926528,70.77370209,69.0116035,Mode12,0.284547246,0.060282344
12.2250499,69.91622625,70.79274231,69.0397102,Mode12,0.284624163,0.061854515
12.30788423,69.93980615,70.8119658,69.06764649,Mode12,0.284702641,0.049860933
12.39071856,69.9633926,70.83137431,69.09541089,Mode12,0.284782642,0.043078057
12.47355289,69.98698575,70.85096951,69.12300199,Mode12,0.284864124,0.043706925
12.55638723,70.0105857,70.87075296,69.15041845,Mode12,0.284947057,0.055700507
12.63922156,70.03419259,70.89072616,69.17765901,Mode12,0.285031439,0.049546499
12.72205589,70.05780652,70.91089053,69.20472251,Mode12,0.285117259,0.056014941
12.80489022,70.08142762,70.93124738,69.23160786,Mode12,0.285204476,0.050804236
12.88772455,70.105056,70.95179794,69.25831406,Mode12,0.285293045,0.049232065
12.97055888,70.12869177,70.97254335,69.2848402,Mode12,0.28538292,0.055700507
13.05339321,70.15233504,70.99348463,69.31118546,Mode12,0.285474055,0.056014941
13.13622754,70.17598591,71.01462273,69.33734909,Mode12,0.285566403,0.044021359
13.21906188,70.19964448,71.03595851,69.36333045,Mode12,0.285659915,0.054757204
13.30189621,70.22331084,71.0574927,69.38912898,Mode12,0.285754544,0.055386073
13.38473054,70.24698508,71.07922595,69.41474422,Mode12,0.28585024,0.052623503
13.46756487,70.27066729,71.10115881,69.44017578,Mode12,0.285946955,0.053566806
13.5503992,70.29435756,71.12329172,69.46542339,Mode12,0.286044638,0.050175367
13.63323353,70.31805595,71.14562505,69.49048686,Mode12,0.286143239,0.053252372
13.71606786,70.34176255,71.16815903,69.51536607,Mode12,0.286242707,0.051747539
13.7989022,70.36547742,71.19089383,69.54006102,Mode12,0.28634299,0.052342738
13.88173653,70.38920063,71.21382948,69.56457178,Mode12,0.286444037,0.051399435
13.96457086,70.41293224,71.23696596,69.58889853,Mode12,0.286545797,0.052028304
14.04740519,70.43667231,71.26030312,69.6130415,Mode12,0.286648217,0.053426423
14.13023952,70.46042089,71.28384073,69.63700104,Mode12,0.286751243,0.052028304
14.21307385,70.48417802,71.30757847,69.66077757,Mode12,0.286854825,0.053356232
14.29590818,70.50794376,71.33151592,69.68437159,Mode12,0.286958908,0.052631207
14.37874251,70.53171813,71.35565259,69.70778367,Mode12,0.287063439,0.051784061
14.46157685,70.55550118,71.37998789,69.73101448,Mode12,0.287168365,0.052657172
14.54441118,70.57929294,71.40452114,69.75406474,Mode12,0.287273632,0.052309069
14.62724551,70.60309343,71.4292516,69.77693526,Mode12,0.287379187,0.052971607
14.71007984,70.62690267,71.45417844,69.79962691,Mode12,0.287484975,0.052971607
14.79291417,70.65072069,71.47930075,69.82214062,Mode12,0.287590942,0.054824543
14.8757485,70.67454748,71.50461757,69.84447739,Mode12,0.287697035,0.055138977
14.95858283,70.69838307,71.53012785,69.86663829,Mode12,0.287803199,0.054195674
15.04141717,70.72222746,71.55583049,69.88862443,Mode12,0.28790938,0.049232065
15.1242515,70.74608063,71.5817243,69.91043697,Mode12,0.288015522,0.05388124
15.20708583,70.7699426,71.60780806,69.93207714,Mode12,0.288121574,0.056329376
15.28992016,70.79381335,71.63408049,69.9535462,Mode12,0.28822748,0.049860933
15.37275449,70.81769286,71.66054024,69.97484547,Mode12,0.288333185,0.055386073
15.45558882,70.84158111,71.68718593,69.99597629,Mode12,0.288438636,0.056958244
15.53842315,70.86547809,71.71401611,70.01694007,Mode12,0.288543778,0.04891763
15.62125749,70.88938376,71.74102932,70.03773821,Mode12,0.288648558,0.05664381
15.70409182,70.9132981,71.76822401,70.05837219,Mode12,0.288752921,0.057901547
15.78692615,70.93722106,71.79559864,70.07884348,Mode12,0.288856814,0.043706925
15.86976048,70.96115261,71.82315162,70.0991536,Mode12,0.288960182,0.045593531
15.95259481,70.98509269,71.8508813,70.11930409,Mode12,0.289062973,0.05664381
16.03542914,71.00904127,71.87878603,70.1392965,Mode12,0.289165138,-0.096577523
16.11826347,71.03299827,71.90686413,70.15913242,Mode12,0.289266619,-0.1033604
16.2010978,71.05696366,71.93511388,70.17881344,Mode12,0.289367407,-0.099407432
16.28393214,71.08093737,71.96353355,70.19834118,Mode12,0.289467459,-0.097520826
16.36676647,71.10491933,71.99212137,70.21771728,Mode12,0.289566722,-0.098464129
16.4496008,71.12890947,72.02087556,70.23694338,Mode12,0.289665145,-0.098149695
16.53243513,71.15290774,72.04979434,70.25602113,Mode12,0.289762676,-0.098464129
16.61526946,71.17691404,72.07887589,70.27495219,Mode12,0.289859264,-0.099092998
16.69810379,71.20092831,72.10811838,70.29373823,Mode12,0.289954858,-0.096263089
16.78093812,71.22495045,72.13751999,70.3123809,Mode12,0.290049408,-0.097520826
16.86377246,71.24898037,72.16707885,70.3308819,Mode12,0.290142864,-0.096263089
16.94660679,71.27301799,72.19679311,70.34924287,Mode12,0.290235177,-0.107627802
17.02944112,71.29706321,72.22666091,70.36746552,Mode12,0.2903263,-0.102551775
17.11227545,71.32111593,72.25668036,70.3855515,Mode12,0.290416222,-0.100350735
17.19510978,71.34517605,72.28684958,70.40350251,Mode12,0.290504904,-0.096263089
17.27794411,71.36924345,72.31716669,70.42132022,Mode12,0.2905923,-0.095948655
17.36077844,71.39331805,72.34762978,70.43900631,Mode12,0.290678366,-0.108571105
17.44361277,71.41739971,72.37823696,70.45656246,Mode12,0.290763052,-0.095948655
17.52644711,71.44148833,72.40898632,70.47399035,Mode12,0.29084632,-0.102237341
17.60928144,71.46558379,72.43987595,70.49129163,Mode12,0.290928155,-0.096263089
17.69211577,71.48968597,72.47090394,70.508468,Mode12,0.291008527,-0.09563422
17.7749501,71.51379474,72.50206839,70.5255211,Mode12,0.291087393,-0.096577523
17.85778443,71.53790998,72.53336736,70.54245261,Mode12,0.291164713,-0.100665169
17.94061876,71.56203157,72.56479895,70.55926418,Mode12,0.291240451,-0.112973185
18.02345309,71.58615936,72.59636123,70.57595748,Mode12,0.291314591,-0.110772145
18.10628743,71.61029322,72.62805229,70.59253415,Mode12,0.291387109,-0.098464129
18.18912176,71.63443302,72.6598702,70.60899585,Mode12,0.291457998,-0.124966767
18.27195609,71.65857863,72.69181304,70.62534422,Mode12,0.291527229,-0.126538939
18.35479042,71.6827299,72.72387888,70.64158092,Mode12,0.29159477,-0.122765727
18.43762475,71.7068867,72.75606582,70.65770757,Mode12,0.29166059,-0.122765727
18.52045908,71.73104887,72.78837192,70.67372582,Mode12,0.29172466,-0.125595636
18.60329341,71.75521628,72.82079527,70.68963729,Mode12,0.291786951,-0.12370903
18.68612774,71.77938878,72.85333394,70.70544361,Mode12,0.291847438,-0.12370903
18.76896208,71.80356621,72.88598601,70.7211464,Mode12,0.291906095,-0.12150799
18.85179641,71.82774842,72.91874956,70.73674727,Mode12,0.291962899,-0.071961491
18.93463074,71.85193526,72.95162267,70.75224784,Mode12,0.292017834,-0.069446017
19.01746507,71.87612657,72.98460342,70.76764972,Mode12,0.292070882,-0.097835261
19.1002994,71.9003222,73.01768988,70.78295451,Mode12,0.292122023,-0.100979604
19.18313373,71.92452198,73.05088015,70.79816381,Mode12,0.292171244,-0.105381684
19.26596806,71.94872576,73.0841723,70.81327922,Mode12,0.292218536,-0.127482242
19.3488024,71.97293338,73.11756443,70.82830233,Mode12,0.292263889,-0.121193556
19.43163673,71.99714467,73.15105462,70.84323473,Mode12,0.292307297,-0.11930695
19.51447106,72.02135948,73.18464097,70.858078,Mode12,0.292348759,-0.122451293
19.59730539,72.04557765,73.21832157,70.87283372,Mode12,0.292388274,-0.124337899
19.68013972,72.069799,73.25209453,70.88750348,Mode12,0.292425844,-0.124337899
19.76297405,72.09402339,73.28595795,70.90208883,Mode12,0.292461474,-0.076363571
19.84580838,72.11825065,73.31990996,70.91659134,Mode12,0.292495177,-0.079507914
19.92864271,72.14248062,73.35394867,70.93101258,Mode12,0.292526965,-0.078250177
20.01147705,72.16671315,73.38807221,70.94535409,Mode12,0.292556841,-0.073219228
20.09431138,72.19094807,73.42227873,70.95961741,Mode12,0.292584824,-0.108526027
20.17714571,72.21518523,73.45656638,70.97380409,Mode12,0.29261093,-0.124337899
20.25998004,72.23942448,73.49093331,70.98791565,Mode12,0.292635191,-0.120564687
20.34281437,72.26366566,73.5253777,71.00195362,Mode12,0.29265764,-0.124337899
20.4256487,72.28790863,73.55989775,71.01591951,Mode12,0.292678311,-0.119935818
20.50848303,72.31215324,73.59449167,71.02981481,Mode12,0.292697248,-0.124966767
20.59131737,72.33639934,73.62915767,71.04364102,Mode12,0.292714463,-0.073219228
20.6741517,72.36064681,73.663894,71.05739961,Mode12,0.292729996,-0.120564687
20.75698603,72.38489549,73.69869892,71.07109206,Mode12,0.292743895,-0.130626585
20.83982036,72.40914525,73.7335707,71.0847198,Mode12,0.292756219,-0.074476965
20.92265469,72.43339598,73.76850768,71.09828428,Mode12,0.292767041,-0.07699244
21.00548902,72.45764754,73.80350816,71.11178691,Mode12,0.29277643,-0.104752815
21.08832335,72.48189982,73.83857054,71.1252291,Mode12,0.292784459,-0.099721866
21.17115768,72.50615271,73.8736932,71.13861222,Mode12,0.292791213,-0.095319786
21.25399202,72.53040611,73.90887457,71.15193765,Mode12,0.292796782,-0.125595636
21.33682635,72.55465993,73.94411314,71.16520672,Mode12,0.29280126,-0.126853373
21.41966068,72.57891408,73.9794074,71.17842075,Mode12,0.29280475,-0.121822424
21.50249501,72.60316848,74.01475592,71.19158103,Mode12,0.292807359,-0.121193556
21.58532934,72.62742306,74.05015729,71.20468883,Mode12,0.292809202,-0.130626585
21.66816367,72.65167777,74.08561016,71.21774538,Mode12,0.2928104,-0.07699244
21.750998,72.67593255,74.12111322,71.23075188,Mode12,0.292811087,-0.075734703
21.83383234,72.70018738,74.15666523,71.24370953,Mode12,0.292811398,-0.073219228
21.91666667,72.72444222,74.19226499,71.25661944,Mode12,0.292811477,-0.073219228
8.083333333,78.80877374,80.14064313,77.47690435,Mode13,0.529258187,0.135799573
8.166167665,78.85261449,80.17405825,77.53117073,Mode13,0.529258186,0.135757147
8.249001996,78.89645524,80.20753373,77.58537675,Mode13,0.529258183,0.135775329
8.331836327,78.94029599,80.24107102,77.63952095,Mode13,0.529258176,0.135769268
8.414670659,78.98413673,80.27467161,77.69360186,Mode13,0.529258169,0.090535069
8.49750499,79.02797748,80.308337,77.74761796,Mode13,0.529258151,0.090516886
8.580339321,79.07181822,80.34206876,77.80156768,Mode13,0.529258127,0.045282687
8.663173653,79.11565897,80.37586849,77.85544944,Mode13,0.529258096,0.04524026
8.746007984,79.1594997,80.40973782,77.90926159,Mode13,0.529258056,0.045282687
8.828842315,79.20334044,80.44367843,77.96300245,Mode13,0.529258007,0.045288748
8.911676647,79.24718117,80.47769205,78.01667029,Mode13,0.529257942,0.135787451
8.994510978,79.2910219,80.51178043,78.07026336,Mode13,0.529257871,0.135775329
9.077345309,79.33486261,80.54594539,78.12377984,Mode13,0.529257787,0.135757147
9.160179641,79.37870333,80.58018876,78.17721789,Mode13,0.52925769,0.135757147
9.243013972,79.42254403,80.61451245,78.23057561,Mode13,0.52925758,0.135763208
9.325848303,79.46638472,80.64891839,78.28385105,Mode13,0.529257456,0.135745025
9.408682635,79.5102254,80.68340857,78.33704224,Mode13,0.52925732,0.090510825
9.491516966,79.55406607,80.71798501,78.39014714,Mode13,0.529257165,0.090522947
9.574351297,79.59790673,80.75264979,78.44316367,Mode13,0.529256994,0.045252382
9.657185629,79.64174737,80.78740502,78.49608972,Mode13,0.529256806,0.045246321
9.74001996,79.685588,80.82225288,78.54892312,Mode13,0.529256602,0.045252382
9.822854291,79.72942861,80.85719556,78.60166165,Mode13,0.52925638,0.045276626
9.905688623,79.77326919,80.89223534,78.65430304,Mode13,0.529256136,0.135775329
9.988522954,79.81710976,80.92737452,78.70684501,Mode13,0.529255878,0.135757147
10.07135729,79.86095031,80.96261544,78.75928518,Mode13,0.529255602,0.135757147
10.15419162,79.90479083,80.9979605,78.81162116,Mode13,0.529255308,0.135757147
10.23702595,79.94863133,81.03341214,78.86385052,Mode13,0.529254996,0.135757147
10.31986028,79.9924718,81.06897284,78.91597076,Mode13,0.529254664,0.135769268
10.40269461,80.03631224,81.10464514,78.96797934,Mode13,0.529254318,0.090510825
10.48552894,80.08015265,81.14043159,79.01987371,Mode13,0.529253947,0.090504764
10.56836327,80.12399303,81.17633483,79.07165124,Mode13,0.529253561,0.067884634
10.6511976,80.16783338,81.21235749,79.12330928,Mode13,0.529253152,0.113143077
10.73403194,80.2116737,81.24850226,79.17484513,Mode13,0.529252725,0.113124895
10.81686627,80.25551397,81.28477189,79.22625606,Mode13,0.52925228,0.090516886
10.8997006,80.29935421,81.32116912,79.27753931,Mode13,0.529251816,0.090504764
10.98253493,80.34319441,81.35769676,79.32869207,Mode13,0.529251334,0.090516886
11.06536926,80.38703457,81.39435763,79.37971152,Mode13,0.529250834,0.067890695
11.14820359,80.43087469,81.4311546,79.43059479,Mode13,0.529250312,0.113155199
11.23103792,80.47471477,81.46809053,79.481339,Mode13,0.529249774,0.113130956
11.31387226,80.51855479,81.50516834,79.53194125,Mode13,0.529249217,0.090498703
11.39670659,80.56239478,81.54239095,79.5823986,Mode13,0.529248643,0.090513856
11.47954092,80.60623471,81.57976129,79.63270813,Mode13,0.52924805,0.090498703
11.56237525,80.65007459,81.61728232,79.68286687,Mode13,0.529247443,0.067875543
11.64520958,80.69391443,81.65495699,79.73287186,Mode13,0.529246813,0.113127925
11.72804391,80.7377542,81.69278826,79.78272015,Mode13,0.529246169,0.113133986
11.81087824,80.78159393,81.73077909,79.83240878,Mode13,0.529245508,0.090501734
11.89371257,80.8254336,81.76893242,79.88193478,Mode13,0.52924483,0.090498703
11.97654691,80.86927321,81.80725121,79.93129522,Mode13,0.529244136,0.090504764
12.05938124,80.91311277,81.84573836,79.98048717,Mode13,0.529243428,0.067875543
12.14221557,80.95695226,81.88439679,80.02950774,Mode13,0.5292427,0.113143077
12.2250499,81.0007917,81.92322934,80.07835405,Mode13,0.529241959,0.113127925
12.30788423,81.04463107,81.96223887,80.12702327,Mode13,0.529241202,0.090498703
12.39071856,81.08847038,82.00142816,80.1755126,Mode13,0.529240432,0.079191669
12.47355289,81.13230963,82.04079995,80.2238193,Mode13,0.529239647,0.079185608
12.55638723,81.17614881,82.08035694,80.27194068,Mode13,0.529238847,0.10181483
12.63922156,81.21998792,82.12010174,80.3198741,Mode13,0.529238033,0.090501734
12.72205589,81.26382696,82.16003691,80.36761702,Mode13,0.529237206,0.101811799
12.80489022,81.30766594,82.20016494,80.41516694,Mode13,0.529236366,0.090489612
12.88772455,81.35150484,82.24048822,80.46252147,Mode13,0.529235512,0.090504764
12.97055888,81.39534368,82.28100906,80.5096783,Mode13,0.529234646,0.10181483
13.05339321,81.43918244,82.32172967,80.55663521,Mode13,0.529233768,0.101811799
13.13622754,81.48302113,82.36265217,80.60339009,Mode13,0.529232879,0.079182577
13.21906188,81.52685974,82.40377854,80.64994095,Mode13,0.529231976,0.101823921
13.30189621,81.57069828,82.44511067,80.69628589,Mode13,0.529231064,0.10181786
13.38473054,81.61453675,82.48665033,80.74242317,Mode13,0.529230142,0.096158282
13.46756487,81.65837513,82.52839913,80.78835114,Mode13,0.52922921,0.09614919
13.5503992,81.70221344,82.57035858,80.83406831,Mode13,0.529228269,0.090495673
13.63323353,81.74605167,82.61253003,80.87957332,Mode13,0.529227318,0.096152221
13.71606786,81.78988983,82.65491469,80.92486496,Mode13,0.52922636,0.090480521
13.7989022,81.8337279,82.69751364,80.96994216,Mode13,0.529225393,0.093317886
13.88173653,81.87756589,82.74032777,81.014804,Mode13,0.529224419,0.093326977
13.96457086,81.9214038,82.78335786,81.05944974,Mode13,0.529223439,0.093320916
14.04740519,81.96524163,82.82660448,81.10387878,Mode13,0.529222452,0.094728992
14.13023952,82.00907938,82.87006809,81.14809067,Mode13,0.529221459,0.093320916
14.21307385,82.05291704,82.91374894,81.19208514,Mode13,0.52922046,0.094018894
14.29590818,82.09675462,82.95764717,81.23586208,Mode13,0.529219457,0.093848187
14.37874251,82.14059212,83.0017627,81.27942154,Mode13,0.52921845,0.094034046
14.46157685,82.18442954,83.04609533,81.32276374,Mode13,0.529217438,0.093314856
14.54441118,82.22826687,83.09064467,81.36588906,Mode13,0.529216424,0.096161312
14.62724551,82.27210411,83.13541019,81.40879803,Mode13,0.529215407,0.093311825
14.71007984,82.31594128,83.18039118,81.45149137,Mode13,0.529214387,0.093311825
14.79291417,82.35977835,83.22558679,81.49396992,Mode13,0.529213365,0.096137068
14.8757485,82.40361535,83.270996,81.53623469,Mode13,0.529212343,0.096134038
14.95858283,82.44745226,83.31661766,81.57828685,Mode13,0.52921132,0.096143129
15.04141717,82.49128908,83.36245046,81.6201277,Mode13,0.529210297,0.090504764
15.1242515,82.53512582,83.40849294,81.66175869,Mode13,0.529209273,0.09614616
15.20708583,82.57896247,83.45474354,81.7031814,Mode13,0.529208251,0.101808769
15.28992016,82.62279904,83.50120053,81.74439755,Mode13,0.529207231,0.090498703
15.37275449,82.66663553,83.54786208,81.78540898,Mode13,0.529206212,0.10181786
15.45558882,82.71047193,83.59472622,81.82621763,Mode13,0.529205195,0.101802708
15.53842315,82.75430824,83.6417909,81.86682559,Mode13,0.529204182,0.090507795
15.62125749,82.79814448,83.68905393,81.90723502,Mode13,0.529203172,0.101805738
15.70409182,82.84198063,83.73651305,81.94744821,Mode13,0.529202166,0.101793616
15.78692615,82.88581669,83.78416588,81.98746751,Mode13,0.529201166,0.079185608
15.86976048,82.92965268,83.83200997,82.02729538,Mode13,0.52920017,0.079167425
15.95259481,82.97348858,83.88004281,82.06693435,Mode13,0.529199178,0.101805738
16.03542914,83.0173244,83.92826178,82.10638702,Mode13,0.529198203,-0.181027712
16.11826347,83.06116014,83.97666423,82.14565605,Mode13,0.529197226,-0.192334746
16.2010978,83.10499579,84.02524743,82.18474416,Mode13,0.529196253,-0.181000437
16.28393214,83.14883137,84.07400861,82.22365414,Mode13,0.529195289,-0.18101862
16.36676647,83.19266687,84.12294495,82.26238879,Mode13,0.529194332,-0.181009529
16.4496008,83.23650229,84.17205361,82.30095097,Mode13,0.529193384,-0.181012559
16.53243513,83.28033763,84.22133169,82.33934356,Mode13,0.529192444,-0.181009529
16.61526946,83.32417289,84.2707763,82.37756949,Mode13,0.529191513,-0.181003468
16.69810379,83.36800808,84.32038449,82.41563167,Mode13,0.529190591,-0.181030742
16.78093812,83.41184319,84.37015333,82.45353305,Mode13,0.52918968,-0.18101862
16.86377246,83.45567822,84.42007986,82.49127659,Mode13,0.52918878,-0.181030742
16.94660679,83.49951319,84.47016113,82.52886524,Mode13,0.529187892,-0.203666025
17.02944112,83.54334807,84.52039419,82.56630195,Mode13,0.529187012,-0.180970133
17.11227545,83.58718289,84.5707761,82.60358968,Mode13,0.529186145,-0.180991346
17.19510978,83.63101763,84.6213039,82.64073136,Mode13,0.52918529,-0.181030742
17.27794411,83.67485231,84.67197469,82.67772993,Mode13,0.529184448,-0.181033773
17.36077844,83.71868691,84.72278555,82.71458827,Mode13,0.529183621,-0.203656933
17.44361277,83.76252145,84.77373361,82.75130929,Mode13,0.529182802,-0.181033773
17.52644711,83.80635592,84.824816,82.78789584,Mode13,0.529182,-0.180973163
17.60928144,83.85019032,84.87602989,82.82435076,Mode13,0.529181211,-0.181030742
17.69211577,83.89402466,84.92737248,82.86067684,Mode13,0.529180436,-0.181036803
17.7749501,83.93785894,84.97884101,82.89687687,Mode13,0.529179676,-0.181027712
17.85778443,83.98169315,85.03043273,82.93295358,Mode13,0.529178931,-0.180988316
17.94061876,84.0255273,85.08214495,82.96890966,Mode13,0.529178203,-0.203614507
18.02345309,84.0693614,85.13397501,83.00474779,Mode13,0.529177489,-0.20363572
18.10628743,84.11319543,85.18592029,83.04047057,Mode13,0.529176788,-0.181009529
18.18912176,84.15702941,85.23797821,83.07608061,Mode13,0.529176107,-0.226243728
18.27195609,84.20086333,85.29014623,83.11158042,Mode13,0.529175439,-0.226228576
18.35479042,84.24469719,85.34242187,83.14697252,Mode13,0.529174789,-0.226264942
18.43762475,84.28853101,85.39480266,83.18225935,Mode13,0.529174154,-0.226264942
18.52045908,84.33236477,85.44728622,83.21744331,Mode13,0.529173537,-0.226237667
18.60329341,84.37619848,85.49987017,83.25252678,Mode13,0.529172936,-0.22625585
18.68612774,84.42003214,85.55255221,83.28751206,Mode13,0.529172353,-0.22625585
18.76896208,84.46386575,85.60533007,83.32240143,Mode13,0.529171788,-0.226277063
18.85179641,84.50769932,85.65820152,83.35719712,Mode13,0.529171236,-0.135775329
18.93463074,84.55153284,85.71116439,83.39190129,Mode13,0.529170707,-0.135799573
19.01746507,84.59536632,85.76421655,83.4265161,Mode13,0.5291702,-0.18101559
19.1002994,84.63919976,85.81735591,83.46104361,Mode13,0.529169707,-0.180985285
19.18313373,84.68303316,85.87058044,83.49548588,Mode13,0.529169233,-0.180942859
19.26596806,84.72686652,85.92388814,83.5298449,Mode13,0.529168777,-0.226219485
19.3488024,84.77069984,85.97727706,83.56412262,Mode13,0.52916834,-0.226280094
19.43163673,84.81453313,86.0307453,83.59832096,Mode13,0.529167921,-0.226298277
19.51447106,84.85836638,86.084291,83.63244177,Mode13,0.529167522,-0.226267972
19.59730539,84.9021996,86.13791233,83.66648688,Mode13,0.529167141,-0.226249789
19.68013972,84.9460328,86.19160753,83.70045807,Mode13,0.529166779,-0.226249789
19.76297405,84.98986596,86.24537485,83.73435706,Mode13,0.529166431,-0.135732903
19.84580838,85.03369909,86.29921262,83.76818556,Mode13,0.529166106,-0.135702598
19.92864271,85.0775322,86.35311917,83.80194522,Mode13,0.5291658,-0.13571472
20.01147705,85.12136528,86.4070929,83.83563766,Mode13,0.529165512,-0.135763208
20.09431138,85.16519834,86.46113224,83.86926444,Mode13,0.529165247,-0.180912554
20.17714571,85.20903138,86.51523564,83.90282711,Mode13,0.529164995,-0.226249789
20.25998004,85.2528644,86.56940163,83.93632716,Mode13,0.529164761,-0.226286155
20.34281437,85.2966974,86.62362874,83.96976606,Mode13,0.529164545,-0.226249789
20.4256487,85.34053038,86.67791554,84.00314522,Mode13,0.529164346,-0.226292216
20.50848303,85.38436334,86.73226066,84.03646603,Mode13,0.529164163,-0.226243728
20.59131737,85.4281963,86.78666273,84.06972986,Mode13,0.529163993,-0.135763208
20.6741517,85.47202924,86.84112046,84.10293802,Mode13,0.529163847,-0.226286155
20.75698603,85.51586216,86.89563254,84.13609179,Mode13,0.529163713,-0.22618918
20.83982036,85.55969508,86.95019773,84.16919243,Mode13,0.52916359,-0.135751086
20.92265469,85.60352799,87.00481482,84.20224116,Mode13,0.529163486,-0.135726842
21.00548902,85.64736089,87.0594826,84.23523917,Mode13,0.5291634,-0.180948919
21.08832335,85.69119378,87.11419993,84.26818762,Mode13,0.529163323,-0.180997407
21.17115768,85.73502667,87.16896568,84.30108765,Mode13,0.529163257,-0.181039834
21.25399202,85.77885955,87.22377875,84.33394035,Mode13,0.529163204,-0.226237667
21.33682635,85.82269242,87.27863806,84.36674679,Mode13,0.529163161,-0.226225545
21.41966068,85.8665253,87.33354258,84.39950802,Mode13,0.529163127,-0.226274033
21.50249501,85.91035817,87.38849128,84.43222506,Mode13,0.529163102,-0.226280094
21.58532934,85.95419104,87.44348318,84.4648989,Mode13,0.529163084,-0.22618918
21.66816367,85.99802391,87.49851732,84.4975305,Mode13,0.529163068,-0.135726842
21.750998,86.04185678,87.55359275,84.53012081,Mode13,0.529163061,-0.135738964
21.83383234,86.08568965,87.60870856,84.56267074,Mode13,0.529163058,-0.135763208
21.91666667,86.12952251,87.66386385,84.59518118,Mode13,0.529163058,-0.135763208
8.083333333,58.29947091,59.5998811,56.99906073,Mode14,0.390068172,0.195338472
8.166167665,58.33178188,59.61351443,57.05004934,Mode14,0.390065727,0.061595924
8.249001996,58.36409238,59.62732483,57.10085993,Mode14,0.390056055,0.118914159
8.331836327,58.39640162,59.64132011,57.15148314,Mode14,0.390034662,0.099808081
8.414670659,58.42870846,59.65550838,57.20190855,Mode14,0.389997266,0.136594341
8.49750499,58.46101145,59.66989804,57.25212486,Mode14,0.389941708,0.079276106
8.580339321,58.49330904,59.68449779,57.30212029,Mode14,0.389866229,0.116062366
8.663173653,58.52559942,59.69931658,57.35188226,Mode14,0.389767229,-0.017680182
8.746007984,58.55788051,59.71436363,57.40139739,Mode14,0.389641303,0.116062366
8.828842315,58.59014994,59.72964835,57.45065154,Mode14,0.389485275,0.135168444
8.911676647,58.6224051,59.74518036,57.49962984,Mode14,0.389296151,0.157126315
8.994510978,58.65464313,59.76096942,57.54831683,Mode14,0.389071133,0.118914159
9.077345309,58.68686094,59.77702542,57.59669645,Mode14,0.388807615,0.061595924
9.160179641,58.71905524,59.79335831,57.64475216,Mode14,0.388503155,0.061595924
9.243013972,58.75122254,59.8099781,57.69246699,Mode14,0.388155503,0.080702002
9.325848303,58.78335919,59.82689476,57.73982362,Mode14,0.387762573,0.023383768
9.408682635,58.81546135,59.84411821,57.78680449,Mode14,0.387322438,0.060170028
9.491516966,58.84752503,59.86165823,57.83339183,Mode14,0.386833328,0.098382184
9.574351297,58.87954612,59.87952442,57.87956781,Mode14,0.386293645,0.020531975
9.657185629,58.91152035,59.89772609,57.9253146,Mode14,0.38570191,0.001425896
9.74001996,58.94344336,59.91627226,57.97061447,Mode14,0.385056805,0.020531975
9.822854291,58.97531069,59.93517148,58.0154499,Mode14,0.384357137,0.096956288
9.905688623,59.00711776,59.95443184,58.05980369,Mode14,0.383601867,0.118914159
9.988522954,59.03885994,59.97406083,58.10365904,Mode14,0.382790065,0.061595924
10.07135729,59.0705325,59.99406527,58.14699973,Mode14,0.381920928,0.061595924
10.15419162,59.10213067,60.01445121,58.18981013,Mode14,0.380993769,0.061595924
10.23702595,59.13364961,60.03522381,58.23207541,Mode14,0.380008024,0.061595924
10.31986028,59.16508446,60.05638732,58.2737816,Mode14,0.378963231,0.099808081
10.40269461,59.1964303,60.07794491,58.3149157,Mode14,0.377859041,0.060170028
10.48552894,59.22768221,60.09989862,58.35546581,Mode14,0.376695197,0.041063949
10.56836327,59.25883524,60.12224927,58.39542122,Mode14,0.375471545,0.04990404
10.6511976,59.28988443,60.14499637,58.4347725,Mode14,0.374188027,0.089542093
10.73403194,59.32082482,60.16813806,58.47351158,Mode14,0.372844676,0.032223858
10.81686627,59.35165146,60.19167107,58.51163185,Mode14,0.371441597,0.079276106
10.8997006,59.38235941,60.21559063,58.5491282,Mode14,0.369979002,0.041063949
10.98253493,59.41294375,60.23989044,58.58599706,Mode14,0.368457157,0.079276106
11.06536926,59.44339959,60.26456269,58.62223649,Mode14,0.366876424,0.069010119
11.14820359,59.47372206,60.28959801,58.65784612,Mode14,0.365237223,0.12775425
11.23103792,59.50390635,60.31498549,58.69282722,Mode14,0.363540058,0.051329937
11.31387226,59.53394767,60.3407127,58.72718265,Mode14,0.361785486,0.021957871
11.39670659,59.5638413,60.36676575,58.76091686,Mode14,0.359974131,0.069723067
11.47954092,59.59358256,60.39312932,58.7940358,Mode14,0.358106686,0.021957871
11.56237525,59.62316683,60.41978675,58.82654691,Mode14,0.356183893,0.021244923
11.64520958,59.65258956,60.44672011,58.85845901,Mode14,0.354206549,0.041776898
11.72804391,59.68184627,60.47391031,58.88978223,Mode14,0.352175509,0.060882976
11.81087824,59.71093255,60.50133719,58.92052791,Mode14,0.350091679,0.03151091
11.89371257,59.73984405,60.52897963,58.95070847,Mode14,0.34795574,0.021957871
11.97654691,59.76857648,60.55681564,58.98033732,Mode14,0.345768004,0.041063949
12.05938124,59.79712557,60.58482246,59.00942869,Mode14,0.343529466,0.021244923
12.14221557,59.82548717,60.61297676,59.03799759,Mode14,0.341241206,0.089542093
12.2250499,59.8536572,60.64125476,59.06605965,Mode14,0.338904353,0.041776898
12.30788423,59.88163169,60.66963236,59.09363102,Mode14,0.336520056,0.021957871
12.39071856,59.90940675,60.69808529,59.12072821,Mode14,0.334089505,0.035930956
12.47355289,59.93697861,60.72658919,59.14736802,Mode14,0.331613928,0.016824877
12.55638723,59.96434357,60.75511975,59.1735674,Mode14,0.329094279,0.036643904
12.63922156,59.991498,60.78365271,59.19934329,Mode14,0.326530624,0.03151091
12.72205589,60.01843826,60.8121639,59.22471261,Mode14,0.32392326,0.027090865
12.80489022,60.04516076,60.84062944,59.24969209,Mode14,0.321273462,-0.006701246
12.88772455,60.07166207,60.86902586,59.27429828,Mode14,0.318582586,0.041063949
12.97055888,60.09793882,60.89733023,59.29854741,Mode14,0.315852029,0.036643904
13.05339321,60.12398779,60.92552023,59.32245536,Mode14,0.3130832,0.027090865
13.13622754,60.14980588,60.95357417,59.34603758,Mode14,0.310277529,0.007271838
13.21906188,60.17539008,60.98147112,59.36930903,Mode14,0.307436462,0.065303021
13.30189621,60.20073753,61.00919091,59.39228415,Mode14,0.304561478,0.046196943
13.38473054,60.22584547,61.03671418,59.41497677,Mode14,0.301654058,0.034077407
13.46756487,60.2507113,61.06402246,59.43740013,Mode14,0.298715706,0.00541829
13.5503992,60.27533249,61.09109816,59.45956683,Mode14,0.295747936,0.012404832
13.63323353,60.29970669,61.11792461,59.48148877,Mode14,0.292752283,0.014971329
13.71606786,60.32383165,61.14448611,59.50317718,Mode14,0.289730293,-0.035360364
13.7989022,60.34770524,61.1707679,59.52464258,Mode14,0.286683515,-0.005417998
13.88173653,60.37132548,61.19675622,59.54589474,Mode14,0.283613525,0.02324112
13.96457086,60.39469051,61.22243829,59.56694273,Mode14,0.280521896,0.004135041
14.04740519,60.41779861,61.24780236,59.58779487,Mode14,0.277410219,-0.014329413
14.13023952,60.44064818,61.27283765,59.60845872,Mode14,0.274280088,0.004135041
14.21307385,60.46323776,61.29753442,59.6289411,Mode14,0.271133112,-0.024203264
14.29590818,60.48556602,61.32188396,59.64924809,Mode14,0.267970892,-0.005177389
14.37874251,60.50763177,61.34587853,59.669385,Mode14,0.264795059,0.023561932
14.46157685,60.52943393,61.36951145,59.68935641,Mode14,0.261607233,-0.014971037
14.54441118,60.5509716,61.39277706,59.70916614,Mode14,0.258409038,0.043630446
14.62724551,60.57224397,61.41567067,59.72881727,Mode14,0.255202117,-0.024524076
14.71007984,60.5932504,61.43818865,59.74831214,Mode14,0.251988103,-0.024524076
14.79291417,60.61399035,61.46032837,59.76765234,Mode14,0.248768637,-0.032793867
14.8757485,60.63446346,61.48208818,59.78683874,Mode14,0.245545365,-0.042346906
14.95858283,60.65466947,61.50346747,59.80587146,Mode14,0.24231993,-0.013687789
15.04141717,60.67460826,61.52446661,59.82474992,Mode14,0.239093982,0.041063949
15.1242515,60.69427988,61.54508697,59.84347279,Mode14,0.235869178,-0.004134749
15.20708583,60.71368447,61.56533091,59.86203803,Mode14,0.232647152,0.017537826
15.28992016,60.73282235,61.58520178,59.88044291,Mode14,0.229429565,0.021957871
15.37275449,60.75169393,61.60470391,59.89868396,Mode14,0.226218059,0.046196943
15.45558882,60.7702998,61.62384259,59.91675702,Mode14,0.223014288,-0.001568253
15.53842315,60.78864067,61.64262411,59.93465723,Mode14,0.219819889,0.050616989
15.62125749,60.80671738,61.66105569,59.95237907,Mode14,0.216636512,0.007984787
15.70409182,60.8245309,61.67914552,59.96991629,Mode14,0.213465788,-0.03022737
15.78692615,60.84208236,61.69690272,59.987262,Mode14,0.210309356,0.016824877
15.86976048,60.85937301,61.71433736,60.00440866,Mode14,0.207168852,-0.040493357
15.95259481,60.87640424,61.73146041,60.02134806,Mode14,0.204045889,0.007984787
16.03542914,60.89317755,61.74828373,60.03807137,Mode14,0.200942102,-0.139446134
16.11826347,60.90969462,61.7648201,60.05456913,Mode14,0.197858947,-0.125473049
16.2010978,60.92595716,61.78108303,60.07083129,Mode14,0.194796827,-0.053468781
16.28393214,60.94196697,61.79708674,60.08684719,Mode14,0.191757085,-0.110787016
16.36676647,60.95772596,61.81284628,60.10260564,Mode14,0.188741292,-0.082127899
16.4496008,60.97323619,61.8283775,60.11809488,Mode14,0.185751034,-0.091680938
16.53243513,60.98849984,61.84369699,60.13330268,Mode14,0.182787877,-0.082127899
16.61526946,61.00351921,61.85882208,60.14821633,Mode14,0.179853372,-0.063021821
16.69810379,61.01829674,61.87377078,60.1628227,Mode14,0.176949072,-0.148999173
16.78093812,61.032835,61.88856172,60.17710827,Mode14,0.174076486,-0.110787016
16.86377246,61.04713668,61.90321415,60.1910592,Mode14,0.171237148,-0.148999173
16.94660679,61.06120459,61.91774782,60.20466135,Mode14,0.168432542,-0.187924277
17.02944112,61.07504167,61.93218296,60.21790038,Mode14,0.165664045,0.04206161
17.11227545,61.08865094,61.94654012,60.23076175,Mode14,0.162932078,-0.024809664
17.19510978,61.10203545,61.96084007,60.24323083,Mode14,0.160237765,-0.148999173
17.27794411,61.11519839,61.97510386,60.25529292,Mode14,0.157582518,-0.158552212
17.36077844,61.12814305,61.9893527,60.26693341,Mode14,0.154967739,-0.15926516
17.44361277,61.14087285,62.00360791,60.27813778,Mode14,0.152394802,-0.158552212
17.52644711,61.15339129,62.01789084,60.28889174,Mode14,0.149864987,0.032508571
17.60928144,61.16570198,62.03222268,60.29918127,Mode14,0.147378681,-0.148999173
17.69211577,61.17780855,62.04662438,60.30899272,Mode14,0.144936854,-0.168105251
17.7749501,61.18971474,62.06111662,60.31831285,Mode14,0.14254077,-0.139446134
17.85778443,61.20142439,62.07571973,60.32712904,Mode14,0.140191654,-0.015256625
17.94061876,61.21294143,62.09045361,60.33542926,Mode14,0.137890666,-0.025522612
18.02345309,61.22426989,62.10533756,60.34320221,Mode14,0.135638157,-0.092393886
18.10628743,61.23541379,62.1203902,60.35043738,Mode14,0.133434891,-0.082127899
18.18912176,61.24637723,62.13562939,60.35712508,Mode14,0.131281205,-0.045341639
18.27195609,61.25716436,62.15107215,60.36325657,Mode14,0.129177858,0.002423557
18.35479042,61.26777938,62.16673465,60.3688241,Mode14,0.127125852,-0.112212913
18.43762475,61.27822657,62.18263213,60.37382102,Mode14,0.125126129,-0.112212913
18.52045908,61.28851032,62.19877885,60.37824179,Mode14,0.123179578,-0.02623556
18.60329341,61.29863506,62.21518805,60.38208208,Mode14,0.12128707,-0.083553795
18.68612774,61.30860531,62.23187186,60.38533876,Mode14,0.11944939,-0.083553795
18.76896208,61.31842562,62.24884131,60.38800993,Mode14,0.11766727,-0.150425069
18.85179641,61.32810064,62.2661063,60.39009497,Mode14,0.115941392,-0.118914159
18.93463074,61.33763505,62.28367556,60.39159453,Mode14,0.114272378,-0.195338472
19.01746507,61.34703357,62.30155666,60.39251049,Mode14,0.11266076,-0.101233977
19.1002994,61.356301,62.319756,60.392846,Mode14,0.111107031,-0.005703586
19.18313373,61.36544214,62.33827885,60.39260543,Mode14,0.109611594,0.128038962
19.26596806,61.37446183,62.35712934,60.39179432,Mode14,0.108174805,0.031082674
19.3488024,61.38336494,62.37631051,60.39041937,Mode14,0.106796911,-0.159978108
19.43163673,61.39215636,62.39582434,60.38848838,Mode14,0.105478082,-0.217296343
19.51447106,61.40084098,62.41567178,60.38601019,Mode14,0.104218401,-0.121765952
19.59730539,61.40942372,62.43585283,60.3829946,Mode14,0.103017886,-0.064447717
19.68013972,61.41790945,62.45636656,60.37945234,Mode14,0.101876439,-0.064447717
19.76297405,61.42630307,62.47721118,60.37539497,Mode14,0.100793867,0.014828389
19.84580838,61.43460945,62.49838409,60.37083481,Mode14,0.099769904,0.11035878
19.92864271,61.44283343,62.51988197,60.36578489,Mode14,0.098804145,0.072146624
20.01147705,61.45097981,62.5417008,60.36025882,Mode14,0.097896452,-0.080702002
20.09431138,61.45905339,62.56383596,60.35427082,Mode14,0.097046369,0.223569353
20.17714571,61.46705892,62.58628229,60.34783556,Mode14,0.096253224,-0.064447717
20.25998004,61.47500108,62.6090341,60.34096807,Mode14,0.095516123,-0.179084186
20.34281437,61.48288447,62.63208527,60.33368367,Mode14,0.094834095,-0.064447717
20.4256487,61.49071361,62.6554293,60.32599791,Mode14,0.094206056,-0.198190265
20.50848303,61.49849291,62.67905937,60.31792646,Mode14,0.093630726,-0.045341639
20.59131737,61.50622673,62.70296836,60.30948509,Mode14,0.093107622,-0.080702002
20.6741517,61.51391934,62.72714898,60.30068971,Mode14,0.092635784,-0.179084186
20.75698603,61.52157494,62.75159373,60.29155615,Mode14,0.092213519,0.126613066
20.83982036,61.52919755,62.77629499,60.28210011,Mode14,0.091839013,-0.042489846
20.92265469,61.53679105,62.80124503,60.27233706,Mode14,0.091510237,0.033934467
21.00548902,61.54435913,62.82643605,60.26228221,Mode14,0.091225058,0.108932884
21.08832335,61.55190532,62.85186024,60.2519504,Mode14,0.090981123,-0.043915742
21.17115768,61.55943292,62.8775098,60.24135604,Mode14,0.090775918,-0.17765829
21.25399202,61.56694503,62.90337695,60.23051312,Mode14,0.090606719,-0.02623556
21.33682635,61.57444453,62.92945402,60.21943503,Mode14,0.090470657,0.011976596
21.41966068,61.58193402,62.95573341,60.20813462,Mode14,0.090364645,-0.14087203
21.50249501,61.58941585,62.98220766,60.19662405,Mode14,0.090285379,-0.159978108
21.58532934,61.59689211,63.00886944,60.18491479,Mode14,0.090229364,0.126613066
21.66816367,61.60436457,63.03571161,60.17301753,Mode14,0.090192892,0.033934467
21.750998,61.61183468,63.06272721,60.16094215,Mode14,0.090172021,-0.004277689
21.83383234,61.61930357,63.08990949,60.14869764,Mode14,0.090162598,-0.080702002
21.91666667,61.62677199,63.11725191,60.13629208,Mode14,0.090160198,-0.080702002
8.083333333,111.1226345,112.966217,109.279052,Mode15,0.75549793,0.193838446
8.166167665,111.1852157,113.0143689,109.3560624,Mode15,0.755497929,0.193793033
8.249001996,111.2477968,113.0626043,109.4329893,Mode15,0.755497926,0.193812496
8.331836327,111.310378,113.1109252,109.5098307,Mode15,0.755497919,0.193806008
8.414670659,111.3729592,113.1593337,109.5865846,Mode15,0.755497912,0.129227793
8.49750499,111.4355403,113.2078319,109.6632488,Mode15,0.755497894,0.129208331
8.580339321,111.4981215,113.2564219,109.7398211,Mode15,0.755497868,0.064630115
8.663173653,111.5607026,113.3051059,109.8162994,Mode15,0.755497834,0.064584703
8.746007984,111.6232838,113.3538862,109.8926814,Mode15,0.755497792,0.064630115
8.828842315,111.685865,113.4027651,109.9689648,Mode15,0.755497739,0.064636603
8.911676647,111.7484461,113.451745,110.0451472,Mode15,0.755497668,0.193825471
8.994510978,111.8110272,113.5008284,110.1212261,Mode15,0.755497592,0.193812496
9.077345309,111.8736084,113.5500177,110.1971991,Mode15,0.755497502,0.193793033
9.160179641,111.9361895,113.5993155,110.2730636,Mode15,0.755497399,0.193793033
9.243013972,111.9987706,113.6487244,110.3488169,Mode15,0.755497281,0.193799521
9.325848303,112.0613517,113.6982471,110.4244564,Mode15,0.755497147,0.193780058
9.408682635,112.1239328,113.7478863,110.4999793,Mode15,0.755497004,0.129201843
9.491516966,112.1865139,113.7976449,110.5753829,Mode15,0.755496838,0.129214818
9.574351297,112.249095,113.8475257,110.6506642,Mode15,0.755496655,0.064597678
9.657185629,112.311676,113.8975317,110.7258204,Mode15,0.755496454,0.06459119
9.74001996,112.3742571,113.9476658,110.8008484,Mode15,0.755496235,0.064597678
9.822854291,112.4368381,113.9979311,110.8757451,Mode15,0.755495997,0.064623628
9.905688623,112.4994191,114.0483307,110.9505075,Mode15,0.755495734,0.193812496
9.988522954,112.5620001,114.0988678,111.0251323,Mode15,0.755495459,0.193793033
10.07135729,112.624581,114.1495458,111.0996162,Mode15,0.755495164,0.193793033
10.15419162,112.6871619,114.2003678,111.1739561,Mode15,0.755494849,0.193793033
10.23702595,112.7497428,114.2513372,111.2481484,Mode15,0.755494514,0.193793033
10.31986028,112.8123237,114.3024576,111.3221898,Mode15,0.755494159,0.193806008
10.40269461,112.8749045,114.3537324,111.3960767,Mode15,0.755493791,0.129201843
10.48552894,112.9374853,114.4051651,111.4698056,Mode15,0.755493392,0.129195356
10.56836327,113.0000661,114.4567594,111.5433728,Mode15,0.75549298,0.096903004
10.6511976,113.0626468,114.5085189,111.6167748,Mode15,0.755492541,0.161507169
10.73403194,113.1252276,114.5604475,111.6900076,Mode15,0.755492085,0.161487707
10.81686627,113.1878082,114.6125487,111.7630677,Mode15,0.755491609,0.129208331
10.8997006,113.2503888,114.6648266,111.8359511,Mode15,0.755491112,0.129195356
10.98253493,113.3129694,114.7172849,111.908654,Mode15,0.755490595,0.129208331
11.06536926,113.37555,114.7699275,111.9811724,Mode15,0.755490062,0.096909492
11.14820359,113.4381304,114.8227585,112.0535024,Mode15,0.755489502,0.161520145
11.23103792,113.5007109,114.8757818,112.12564,Mode15,0.755488926,0.161494194
11.31387226,113.5632913,114.9290014,112.1975811,Mode15,0.75548833,0.129188868
11.39670659,113.6258716,114.9824215,112.2693218,Mode15,0.755487715,0.129205087
11.47954092,113.6884519,115.0360459,112.3408579,Mode15,0.755487081,0.129188868
11.56237525,113.7510322,115.0898789,112.4121854,Mode15,0.755486431,0.096893273
11.64520958,113.8136124,115.1439245,112.4833002,Mode15,0.755485756,0.161490951
11.72804391,113.8761925,115.1981869,112.5541981,Mode15,0.755485067,0.161497438
11.81087824,113.9387726,115.2526701,112.624875,Mode15,0.755484359,0.129192112
11.89371257,114.0013526,115.3073782,112.695327,Mode15,0.755483634,0.129188868
11.97654691,114.0639325,115.3623152,112.7655498,Mode15,0.755482891,0.129195356
12.05938124,114.1265124,115.4174854,112.8355394,Mode15,0.755482134,0.096893273
12.14221557,114.1890922,115.4728925,112.9052919,Mode15,0.755481354,0.161507169
12.2250499,114.251672,115.5285407,112.9748033,Mode15,0.75548056,0.161490951
12.30788423,114.3142517,115.5844339,113.0440695,Mode15,0.755479751,0.129188868
12.39071856,114.3768313,115.6405758,113.1130868,Mode15,0.755478927,0.113045936
12.47355289,114.4394109,115.6969704,113.1818513,Mode15,0.755478087,0.113039449
12.55638723,114.5019904,115.7536214,113.2503593,Mode15,0.755477229,0.145341531
12.63922156,114.5645698,115.8105323,113.3186072,Mode15,0.755476359,0.129192112
12.72205589,114.6271491,115.8677068,113.3865915,Mode15,0.755475474,0.145338287
12.80489022,114.6897284,115.9251482,113.4543086,Mode15,0.755474574,0.129179137
12.88772455,114.7523076,115.9828599,113.5217553,Mode15,0.75547366,0.129195356
12.97055888,114.8148867,116.0408451,113.5889283,Mode15,0.755472733,0.145341531
13.05339321,114.8774657,116.0991069,113.6558246,Mode15,0.755471793,0.145338287
13.13622754,114.9400447,116.1576481,113.7224413,Mode15,0.755470842,0.113036205
13.21906188,115.0026236,116.2164716,113.7887755,Mode15,0.755469875,0.145351263
13.30189621,115.0652024,116.27558,113.8548247,Mode15,0.755468899,0.145344775
13.38473054,115.1277811,116.3349757,113.9205865,Mode15,0.755467912,0.137266822
13.46756487,115.1903597,116.3946609,113.9860586,Mode15,0.755466914,0.13725709
13.5503992,115.2529383,116.4546378,114.0512388,Mode15,0.755465907,0.129185624
13.63323353,115.3155168,116.5149082,114.1161253,Mode15,0.755464889,0.137260334
13.71606786,115.3780952,116.5754738,114.1807165,Mode15,0.755463864,0.129169405
13.7989022,115.4406735,116.6363361,114.2450108,Mode15,0.755462829,0.133216492
13.88173653,115.5032517,116.6974963,114.309007,Mode15,0.755461787,0.133226223
13.96457086,115.5658298,116.7589555,114.3727041,Mode15,0.755460737,0.133219735
14.04740519,115.6284078,116.8207146,114.4361011,Mode15,0.75545968,0.135231925
14.13023952,115.6909858,116.8827741,114.4991975,Mode15,0.755458618,0.133219735
14.21307385,115.7535637,116.9451344,114.5619929,Mode15,0.755457549,0.134219343
14.29590818,115.8161414,117.0077956,114.6244872,Mode15,0.755456475,0.133973496
14.37874251,115.8787191,117.0707578,114.6866804,Mode15,0.755455397,0.134235562
14.46157685,115.9412967,117.1340206,114.7485729,Mode15,0.755454314,0.133213248
14.54441118,116.0038742,117.1975834,114.810165,Mode15,0.755453228,0.137270065
14.62724551,116.0664517,117.2614456,114.8714577,Mode15,0.75545214,0.133210004
14.71007984,116.129029,117.3256061,114.9324518,Mode15,0.755451048,0.133210004
14.79291417,116.1916062,117.3900638,114.9931486,Mode15,0.755449955,0.137244115
14.8757485,116.2541834,117.4548173,115.0535494,Mode15,0.75544886,0.137240871
14.95858283,116.3167604,117.519865,115.1136559,Mode15,0.755447765,0.137250603
15.04141717,116.3793374,117.585205,115.1734698,Mode15,0.75544667,0.129195356
15.1242515,116.4419143,117.6508353,115.2329932,Mode15,0.755445575,0.137253846
15.20708583,116.504491,117.7167539,115.2922282,Mode15,0.755444481,0.145335044
15.28992016,116.5670677,117.7829582,115.3511773,Mode15,0.755443388,0.129188868
15.37275449,116.6296443,117.8494457,115.4098429,Mode15,0.755442297,0.145344775
15.45558882,116.6922209,117.9162138,115.4682279,Mode15,0.75544121,0.145328556
15.53842315,116.7547973,117.9832596,115.526335,Mode15,0.755440125,0.129198599
15.62125749,116.8173736,118.05058,115.5841672,Mode15,0.755439044,0.1453318
15.70409182,116.8799499,118.1181719,115.6417278,Mode15,0.755437967,0.145318825
15.78692615,116.942526,118.186032,115.69902,Mode15,0.755436897,0.113039449
15.86976048,117.0051021,118.254157,115.7560471,Mode15,0.755435831,0.113019986
15.95259481,117.0676781,118.3225433,115.8128128,Mode15,0.755434769,0.1453318
16.03542914,117.1302539,118.3911873,115.8693206,Mode15,0.755433728,-0.258410174
16.11826347,117.1928297,118.4600854,115.9255741,Mode15,0.755432683,-0.274553106
16.2010978,117.2554055,118.5292337,115.9815772,Mode15,0.755431641,-0.25838098
16.28393214,117.3179811,118.5986284,116.0373338,Mode15,0.755430609,-0.258400442
16.36676647,117.3805566,118.6682657,116.0928476,Mode15,0.755429585,-0.258390711
16.4496008,117.4431321,118.7381415,116.1481227,Mode15,0.75542857,-0.258393955
16.53243513,117.5057075,118.8082519,116.2031631,Mode15,0.755427564,-0.258390711
16.61526946,117.5682828,118.8785928,116.2579727,Mode15,0.755426567,-0.258384224
16.69810379,117.630858,118.9491602,116.3125558,Mode15,0.755425581,-0.258413417
16.78093812,117.6934331,119.01995,116.3669162,Mode15,0.755424606,-0.258400442
16.86377246,117.7560082,119.0909582,116.4210582,Mode15,0.755423641,-0.258413417
16.94660679,117.8185831,119.1621805,116.4749858,Mode15,0.755422692,-0.290721988
17.02944112,117.881158,119.233613,116.5287031,Mode15,0.755421749,-0.258348542
17.11227545,117.9437329,119.3052515,116.5822142,Mode15,0.755420821,-0.258371249
17.19510978,118.0063076,119.377092,116.6355232,Mode15,0.755419907,-0.258413417
17.27794411,118.0688823,119.4491304,116.6886342,Mode15,0.755419005,-0.258416661
17.36077844,118.1314569,119.5213627,116.741551,Mode15,0.75541812,-0.290712256
17.44361277,118.1940314,119.5937849,116.7942779,Mode15,0.755417244,-0.258416661
17.52644711,118.2566058,119.666393,116.8468186,Mode15,0.755416384,-0.258351786
17.60928144,118.3191802,119.7391832,116.8991772,Mode15,0.75541554,-0.258413417
17.69211577,118.3817545,119.8121515,116.9513575,Mode15,0.755414711,-0.258419905
17.7749501,118.4443287,119.8852941,117.0033634,Mode15,0.755413898,-0.258410174
17.85778443,118.5069029,119.9586072,117.0551987,Mode15,0.7554131,-0.258368005
17.94061876,118.569477,120.032087,117.106867,Mode15,0.755412322,-0.290666844
18.02345309,118.6320511,120.10573,117.1583721,Mode15,0.755411557,-0.29068955
18.10628743,118.694625,120.1795324,117.2097176,Mode15,0.755410806,-0.258390711
18.18912176,118.7571989,120.2534907,117.2609072,Mode15,0.755410078,-0.322968926
18.27195609,118.8197728,120.3276014,117.3119442,Mode15,0.755409363,-0.322952707
18.35479042,118.8823466,120.401861,117.3628322,Mode15,0.755408667,-0.322991633
18.43762475,118.9449203,120.4762661,117.4135746,Mode15,0.755407988,-0.322991633
18.52045908,119.007494,120.5508134,117.4641746,Mode15,0.755407327,-0.322962439
18.60329341,119.0700677,120.6254997,117.5146357,Mode15,0.755406684,-0.322981901
18.68612774,119.1326413,120.7003216,117.5649609,Mode15,0.75540606,-0.322981901
18.76896208,119.1952148,120.7752762,117.6151534,Mode15,0.755405455,-0.323004608
18.85179641,119.2577883,120.8503602,117.6652163,Mode15,0.755404862,-0.193812496
18.93463074,119.3203617,120.9255708,117.7151526,Mode15,0.755404296,-0.193838446
19.01746507,119.3829351,121.0009048,117.7649653,Mode15,0.755403755,-0.258397199
19.1002994,119.4455084,121.0763595,117.8146573,Mode15,0.755403227,-0.258364761
19.18313373,119.5080817,121.1519321,117.8642313,Mode15,0.75540272,-0.258319348
19.26596806,119.570655,121.2276197,117.9136902,Mode15,0.755402232,-0.322942976
19.3488024,119.6332282,121.3034197,117.9630367,Mode15,0.755401764,-0.323007851
19.43163673,119.6958014,121.3793294,118.0122733,Mode15,0.755401316,-0.323027314
19.51447106,119.7583745,121.4553463,118.0614028,Mode15,0.755400888,-0.322994876
19.59730539,119.8209476,121.5314678,118.1104275,Mode15,0.755400481,-0.322975414
19.68013972,119.8835207,121.6076915,118.1593499,Mode15,0.755400093,-0.322975414
19.76297405,119.9460938,121.6840149,118.2081726,Mode15,0.755399719,-0.193767083
19.84580838,120.0086668,121.7604358,118.2568977,Mode15,0.755399371,-0.193734646
19.92864271,120.0712398,121.8369519,118.3055276,Mode15,0.755399043,-0.193747621
20.01147705,120.1338127,121.9135609,118.3540645,Mode15,0.755398735,-0.193799521
20.09431138,120.1963857,121.9902606,118.4025107,Mode15,0.755398453,-0.258286911
20.17714571,120.2589586,122.067049,118.4508682,Mode15,0.755398184,-0.322975414
20.25998004,120.3215315,122.1439239,118.499139,Mode15,0.755397933,-0.323014339
20.34281437,120.3841043,122.2208833,118.5473253,Mode15,0.755397702,-0.322975414
20.4256487,120.4466772,122.2979254,118.595429,Mode15,0.755397489,-0.323020826
20.50848303,120.50925,122.3750481,118.643452,Mode15,0.755397293,-0.322968926
20.59131737,120.5718228,122.4522495,118.6913961,Mode15,0.755397109,-0.193799521
20.6741517,120.6343957,122.529528,118.7392633,Mode15,0.755396955,-0.323014339
20.75698603,120.6969684,122.6068816,118.7870553,Mode15,0.755396812,-0.322910539
20.83982036,120.7595412,122.6843087,118.8347737,Mode15,0.755396678,-0.193786546
20.92265469,120.822114,122.7618076,118.8824204,Mode15,0.755396567,-0.193760596
21.00548902,120.8846868,122.8393766,118.929997,Mode15,0.755396476,-0.258325836
21.08832335,120.9472595,122.9170141,118.977505,Mode15,0.755396394,-0.258377736
21.17115768,121.0098323,122.9947186,119.024946,Mode15,0.755396324,-0.258423149
21.25399202,121.072405,123.0724885,119.0723215,Mode15,0.755396266,-0.322962439
21.33682635,121.1349778,123.1503224,119.1196331,Mode15,0.75539622,-0.322949464
21.41966068,121.1975505,123.2282188,119.1668822,Mode15,0.755396184,-0.323001364
21.50249501,121.2601232,123.3061764,119.2140701,Mode15,0.755396157,-0.323007851
21.58532934,121.322696,123.3841937,119.2611983,Mode15,0.755396138,-0.322910539
21.66816367,121.3852687,123.4622694,119.308268,Mode15,0.755396119,-0.193760596
21.750998,121.4478414,123.5404022,119.3552806,Mode15,0.755396112,-0.193773571
21.83383234,121.5104142,123.6185909,119.4022374,Mode15,0.755396109,-0.193799521
21.91666667,121.5729869,123.6968342,119.4491396,Mode15,0.755396108,-0.193799521
8.083333333,41.83152079,42.40337677,41.25966481,Mode16,0.119875839,0.029178138
8.166167665,41.84145063,42.40858202,41.27431924,Mode16,0.11987588,0.031386696
8.249001996,41.85138047,42.41381818,41.28894277,Mode16,0.119876039,0.030440171
8.331836327,41.86131034,42.41908607,41.30353461,Mode16,0.119876393,0.030755679
8.414670659,41.87124024,42.42438654,41.31809395,Mode16,0.119877011,0.019346923
8.49750499,41.88117021,42.42972046,41.33261996,Mode16,0.119877929,0.020293447
8.580339321,41.89110027,42.43508873,41.3471118,Mode16,0.119879175,0.008884691
8.663173653,41.90103044,42.44049229,41.3615686,Mode16,0.11988081,0.011093248
8.746007984,41.91096077,42.44593209,41.37598946,Mode16,0.119882889,0.008884691
8.828842315,41.9208913,42.4514091,41.39037349,Mode16,0.119885466,0.008569183
8.911676647,41.93082205,42.45692435,41.40471975,Mode16,0.119888588,0.029809155
8.994510978,41.94075309,42.46247887,41.41902732,Mode16,0.119892304,0.030440171
9.077345309,41.95068447,42.4680737,41.43329524,Mode16,0.119896656,0.031386696
9.160179641,41.96061623,42.47370993,41.44752254,Mode16,0.119901683,0.031386696
9.243013972,41.97054844,42.47938865,41.46170823,Mode16,0.119907424,0.031071187
9.325848303,41.98048116,42.48511097,41.47585134,Mode16,0.119913913,0.032017712
9.408682635,41.99041444,42.49087803,41.48995085,Mode16,0.119921182,0.020608956
9.491516966,42.00034836,42.49669097,41.50400575,Mode16,0.119929259,0.019977939
9.574351297,42.01028298,42.50255095,41.51801502,Mode16,0.119938171,0.010462232
9.657185629,42.02021838,42.50845913,41.53197763,Mode16,0.119947943,0.01077774
9.74001996,42.03015462,42.5144167,41.54589254,Mode16,0.119958596,0.010462232
9.822854291,42.04009178,42.52042485,41.55975872,Mode16,0.11997015,0.009200199
9.905688623,42.05002994,42.52648476,41.57357512,Mode16,0.119982621,0.030440171
9.988522954,42.05996917,42.53259765,41.58734069,Mode16,0.119996026,0.031386696
10.07135729,42.06990955,42.53876472,41.60105438,Mode16,0.120010379,0.031386696
10.15419162,42.07985116,42.54498718,41.61471513,Mode16,0.120025689,0.031386696
10.23702595,42.08979407,42.55126624,41.6283219,Mode16,0.120041968,0.031386696
10.31986028,42.09973838,42.55760312,41.64187364,Mode16,0.120059221,0.030755679
10.40269461,42.10968415,42.56399901,41.65536929,Mode16,0.120077456,0.020608956
10.48552894,42.11963147,42.57045513,41.66880782,Mode16,0.120096674,0.020924464
10.56836327,42.12958043,42.57697268,41.68218819,Mode16,0.120116882,0.01537784
10.6511976,42.13953111,42.58355285,41.69550936,Mode16,0.120138077,0.025524563
10.73403194,42.14948357,42.59019684,41.70877031,Mode16,0.12016026,0.026471088
10.81686627,42.15943792,42.59690581,41.72197003,Mode16,0.12018343,0.020293447
10.8997006,42.16939423,42.60368095,41.73510751,Mode16,0.120207582,0.020924464
10.98253493,42.17935258,42.6105234,41.74818175,Mode16,0.120232713,0.020293447
11.06536926,42.18931305,42.61743432,41.76119178,Mode16,0.120258817,0.015062331
11.14820359,42.19927572,42.62441482,41.77413663,Mode16,0.120285886,0.024893547
11.23103792,42.20924068,42.63146602,41.78701534,Mode16,0.120313912,0.02615558
11.31387226,42.21920799,42.63858901,41.79982698,Mode16,0.120342886,0.021239972
11.39670659,42.22917775,42.64578487,41.81257063,Mode16,0.120372798,0.020451201
11.47954092,42.23915002,42.65305465,41.82524539,Mode16,0.120403636,0.021239972
11.56237525,42.24912488,42.66039937,41.83785039,Mode16,0.120435388,0.015851102
11.64520958,42.25910241,42.66782006,41.85038477,Mode16,0.120468041,0.026313334
11.72804391,42.26908269,42.67531768,41.8628477,Mode16,0.12050158,0.025997826
11.81087824,42.27906577,42.68289319,41.87523836,Mode16,0.120535992,0.021082218
11.89371257,42.28905175,42.69054751,41.88755598,Mode16,0.120571263,0.021239972
11.97654691,42.29904068,42.69828155,41.8997998,Mode16,0.120607391,0.020924464
12.05938124,42.30903264,42.70609617,41.9119691,Mode16,0.120644357,0.015851102
12.14221557,42.31902769,42.71399221,41.92406317,Mode16,0.120682144,0.025524563
12.2250499,42.32902591,42.72197045,41.93608136,Mode16,0.120720733,0.026313334
12.30788423,42.33902735,42.73003167,41.94802304,Mode16,0.120760106,0.021239972
12.39071856,42.34903209,42.7381766,41.95988759,Mode16,0.120800244,0.018308906
12.47355289,42.35904019,42.74640593,41.97167445,Mode16,0.120841124,0.018624414
12.55638723,42.3690517,42.75472031,41.98338309,Mode16,0.120882732,0.023697776
12.63922156,42.37906669,42.76312036,41.99501302,Mode16,0.120925067,0.021082218
12.72205589,42.38908522,42.77160665,42.00656378,Mode16,0.120968124,0.02385553
12.80489022,42.39910734,42.78017972,42.01803496,Mode16,0.121011881,0.021713234
12.88772455,42.40913311,42.78884005,42.02942617,Mode16,0.121056317,0.020924464
12.97055888,42.41916259,42.79758811,42.04073708,Mode16,0.121101408,0.023697776
13.05339321,42.42919584,42.80642429,42.05196738,Mode16,0.121147131,0.02385553
13.13622754,42.43923289,42.81534896,42.06311682,Mode16,0.121193463,0.018782168
13.21906188,42.44927381,42.82436245,42.07418518,Mode16,0.121240378,0.023224513
13.30189621,42.45931864,42.83346502,42.08517226,Mode16,0.121287854,0.023540022
13.38473054,42.46936742,42.84265692,42.09607793,Mode16,0.121335866,0.022389997
13.46756487,42.47942021,42.85193834,42.10690207,Mode16,0.121384389,0.022863259
13.5503992,42.48947703,42.86130942,42.11764464,Mode16,0.121433397,0.021397726
13.63323353,42.49953793,42.87077027,42.12830559,Mode16,0.121482865,0.022705505
13.71606786,42.50960294,42.88032095,42.13888493,Mode16,0.121532769,0.022186496
13.7989022,42.51967211,42.88996149,42.14938273,Mode16,0.121583082,0.022367124
13.88173653,42.52974546,42.89969186,42.15979906,Mode16,0.121633778,0.021893861
13.96457086,42.53982303,42.90951201,42.17013404,Mode16,0.121684832,0.022209369
14.04740519,42.54990483,42.91942184,42.18038783,Mode16,0.121736217,0.022851822
14.13023952,42.55999091,42.9294212,42.19056062,Mode16,0.121787906,0.022209369
14.21307385,42.57008128,42.93950992,42.20065264,Mode16,0.121839874,0.022846104
14.29590818,42.58017597,42.9496878,42.21066414,Mode16,0.121892093,0.022489728
14.37874251,42.59027499,42.95995457,42.22059541,Mode16,0.121944537,0.022057334
14.46157685,42.60037836,42.97030995,42.23044677,Mode16,0.121997179,0.022524878
14.54441118,42.6104861,42.98075364,42.24021857,Mode16,0.122049993,0.022232243
14.62724551,42.62059822,42.99128527,42.24991117,Mode16,0.12210295,0.022682632
14.71007984,42.63071474,43.00190448,42.259525,Mode16,0.122156025,0.022682632
14.79291417,42.64083565,43.01261084,42.26906046,Mode16,0.122209189,0.023494275
14.8757485,42.65096097,43.02340394,42.27851801,Mode16,0.122262417,0.023652029
14.95858283,42.6610907,43.03428329,42.28789812,Mode16,0.12231568,0.023178767
15.04141717,42.67122485,43.04524841,42.29720129,Mode16,0.122368952,0.020924464
15.1242515,42.6813634,43.05629878,42.30642803,Mode16,0.122422204,0.023021013
15.20708583,42.69150637,43.06743388,42.31557886,Mode16,0.122475411,0.024013284
15.28992016,42.70165374,43.07865313,42.32465435,Mode16,0.122528545,0.021239972
15.37275449,42.71180551,43.08995597,42.33365505,Mode16,0.122581578,0.023540022
15.45558882,42.72196166,43.10134179,42.34258154,Mode16,0.122634484,0.024328792
15.53842315,42.73212219,43.11280997,42.35143441,Mode16,0.122687234,0.02076671
15.62125749,42.74228709,43.12435989,42.36021428,Mode16,0.122739803,0.024171038
15.70409182,42.75245633,43.1359909,42.36892175,Mode16,0.122792163,0.024802054
15.78692615,42.76262989,43.14770234,42.37755745,Mode16,0.122844287,0.018624414
15.86976048,42.77280777,43.15949352,42.38612202,Mode16,0.122896147,0.019570938
15.95259481,42.78298993,43.17136376,42.39461609,Mode16,0.122947718,0.024171038
16.03542914,42.79317634,43.18331237,42.40304032,Mode16,0.122998975,-0.040902403
16.11826347,42.80336699,43.19533862,42.41139536,Mode16,0.123049889,-0.043833469
16.2010978,42.81356184,43.20744181,42.41968188,Mode16,0.123100455,-0.04232219
16.28393214,42.82376087,43.21962119,42.42790055,Mode16,0.123150652,-0.041375665
16.36676647,42.83396404,43.23187603,42.43605205,Mode16,0.123200453,-0.041848927
16.4496008,42.84417131,43.24420558,42.44413704,Mode16,0.123249832,-0.041691173
16.53243513,42.85438266,43.25660909,42.45215622,Mode16,0.123298765,-0.041848927
16.61526946,42.86459804,43.26908581,42.46011027,Mode16,0.123347223,-0.042164435
16.69810379,42.87481741,43.28163496,42.46799987,Mode16,0.123395184,-0.040744649
16.78093812,42.88504074,43.29425577,42.47582571,Mode16,0.12344262,-0.041375665
16.86377246,42.89526797,43.30694747,42.48358848,Mode16,0.123489507,-0.040744649
16.94660679,42.90549907,43.31970927,42.49128886,Mode16,0.123535822,-0.045502502
17.02944112,42.91573397,43.33254039,42.49892755,Mode16,0.123581539,-0.04389973
17.11227545,42.92597264,43.34544004,42.50650523,Mode16,0.123626653,-0.042795452
17.19510978,42.93621502,43.35840743,42.5140226,Mode16,0.123671146,-0.040744649
17.27794411,42.94646105,43.37144175,42.52148035,Mode16,0.123714993,-0.040586895
17.36077844,42.95671069,43.38454221,42.52887918,Mode16,0.123758173,-0.045975765
17.44361277,42.96696388,43.39770799,42.53621977,Mode16,0.12380066,-0.040586895
17.52644711,42.97722056,43.4109383,42.54350283,Mode16,0.123842437,-0.043741976
17.60928144,42.98748068,43.42423231,42.55072904,Mode16,0.123883494,-0.040744649
17.69211577,42.99774416,43.43758922,42.55789909,Mode16,0.123923817,-0.040429141
17.7749501,43.00801095,43.4510082,42.56501369,Mode16,0.123963385,-0.040902403
17.85778443,43.01828098,43.46448844,42.57207353,Mode16,0.124002177,-0.042953206
17.94061876,43.0285542,43.47802911,42.57907929,Mode16,0.124040175,-0.048184322
18.02345309,43.03883053,43.49162938,42.58603168,Mode16,0.124077372,-0.047080043
18.10628743,43.04910991,43.50528842,42.5929314,Mode16,0.124113755,-0.041848927
18.18912176,43.05939227,43.51900541,42.59977912,Mode16,0.12414932,-0.053257684
18.27195609,43.06967754,43.53277951,42.60657557,Mode16,0.124184054,-0.054046454
18.35479042,43.07996565,43.54660988,42.61332142,Mode16,0.12421794,-0.052153405
18.43762475,43.09025653,43.56049568,42.62001739,Mode16,0.124250962,-0.052153405
18.52045908,43.10055012,43.57443608,42.62666415,Mode16,0.124283107,-0.053573192
18.60329341,43.11084632,43.58843023,42.63326242,Mode16,0.124314358,-0.052626667
18.68612774,43.12114508,43.60247728,42.63981289,Mode16,0.124344705,-0.052626667
18.76896208,43.13144632,43.61657638,42.64631626,Mode16,0.124374134,-0.051522389
18.85179641,43.14174995,43.63072669,42.65277322,Mode16,0.124402633,-0.030440171
18.93463074,43.15205591,43.64492736,42.65918447,Mode16,0.124430194,-0.029178138
19.01746507,43.16236411,43.65917751,42.66555071,Mode16,0.124456809,-0.041533419
19.1002994,43.17267448,43.67347631,42.67187264,Mode16,0.124482466,-0.04311096
19.18313373,43.18298693,43.68782289,42.67815096,Mode16,0.124507161,-0.045319517
19.26596806,43.19330139,43.7022164,42.68438637,Mode16,0.124530888,-0.054519716
19.3488024,43.20361777,43.71665596,42.69057957,Mode16,0.124553642,-0.051364635
19.43163673,43.21393599,43.73114073,42.69673126,Mode16,0.12457542,-0.05041811
19.51447106,43.22425598,43.74566983,42.70284214,Mode16,0.124596222,-0.051995651
19.59730539,43.23457766,43.7602424,42.70891291,Mode16,0.124616047,-0.052942175
19.68013972,43.24490093,43.77485759,42.71494427,Mode16,0.124634896,-0.052942175
19.76297405,43.25522573,43.78951453,42.72093692,Mode16,0.124652772,-0.032648728
19.84580838,43.26555196,43.80421235,42.72689157,Mode16,0.124669681,-0.034226269
19.92864271,43.27587956,43.81895021,42.7328089,Mode16,0.124685629,-0.033595253
20.01147705,43.28620844,43.83372725,42.73868962,Mode16,0.124700618,-0.031071187
20.09431138,43.29653852,43.8485426,42.74453443,Mode16,0.124714657,-0.046897058
20.17714571,43.30686972,43.86339543,42.75034401,Mode16,0.124727755,-0.052942175
20.25998004,43.31720197,43.87828487,42.75611907,Mode16,0.124739927,-0.051049127
20.34281437,43.32753519,43.8932101,42.76186029,Mode16,0.12475119,-0.052942175
20.4256487,43.33786931,43.90817027,42.76756835,Mode16,0.124761561,-0.050733618
20.50848303,43.34820425,43.92316455,42.77324394,Mode16,0.124771061,-0.053257684
20.59131737,43.35853994,43.93819213,42.77888775,Mode16,0.124779699,-0.031071187
20.6741517,43.36887631,43.95325218,42.78450044,Mode16,0.124787491,-0.051049127
20.75698603,43.37921329,43.96834389,42.79008269,Mode16,0.124794464,-0.056097257
20.83982036,43.38955082,43.98346647,42.79563517,Mode16,0.124800648,-0.031702204
20.92265469,43.39988883,43.99861913,42.80115853,Mode16,0.124806077,-0.032964236
21.00548902,43.41022726,44.0138011,42.80665342,Mode16,0.124810787,-0.045004009
21.08832335,43.42056605,44.0290116,42.81212049,Mode16,0.124814816,-0.042479944
21.17115768,43.43090514,44.0442499,42.81756038,Mode16,0.124818204,-0.040271387
21.25399202,43.44124449,44.05951526,42.82297372,Mode16,0.124820998,-0.053573192
21.33682635,43.45158405,44.07480698,42.82836113,Mode16,0.124823245,-0.054204208
21.41966068,43.46192378,44.09012435,42.83372321,Mode16,0.124824996,-0.051680143
21.50249501,43.47226363,44.1054667,42.83906057,Mode16,0.124826305,-0.051364635
21.58532934,43.48260358,44.12083337,42.84437378,Mode16,0.12482723,-0.056097257
21.66816367,43.49294358,44.13622374,42.84966342,Mode16,0.124827831,-0.032964236
21.750998,43.50328363,44.1516372,42.85493006,Mode16,0.124828176,-0.03233322
21.83383234,43.5136237,44.16707317,42.86017422,Mode16,0.124828331,-0.031071187
21.91666667,43.52396377,44.18253109,42.86539645,Mode16,0.124828371,-0.031071187
8.083333333,51.1706638,51.80434041,50.53698719,Mode17,0.002927307,-0.018890882
8.166167665,51.1709063,51.79719916,50.54461343,Mode17,0.002927811,0.008681314
8.249001996,51.17114889,51.79012721,50.55217056,Mode17,0.002929805,-0.003135342
8.331836327,51.17139174,51.7831274,50.55965608,Mode17,0.002934215,0.000803544
8.414670659,51.17163509,51.7762028,50.56706737,Mode17,0.002941925,-0.013906883
8.49750499,51.17187923,51.7693567,50.57440175,Mode17,0.002953379,-0.002090228
8.580339321,51.17212448,51.7625925,50.58165646,Mode17,0.00296894,-0.016800654
8.663173653,51.17237122,51.75591377,50.58882867,Mode17,0.00298935,0.010771541
8.746007984,51.17261988,51.74932425,50.5959155,Mode17,0.00301531,-0.016800654
8.828842315,51.17287093,51.74282786,50.60291401,Mode17,0.003047477,-0.020739539
8.911676647,51.17312494,51.73642864,50.60982123,Mode17,0.003086466,-0.011013112
8.994510978,51.17338247,51.73013077,50.61663416,Mode17,0.003132855,-0.003135342
9.077345309,51.17364417,51.72393855,50.62334979,Mode17,0.003187182,0.008681314
9.160179641,51.17391072,51.71785633,50.6299651,Mode17,0.003249949,0.008681314
9.243013972,51.17418283,51.71188857,50.63647709,Mode17,0.00332162,0.004742429
9.325848303,51.17446126,51.70603974,50.64288279,Mode17,0.003402626,0.016559084
9.408682635,51.17474681,51.70031436,50.64917926,Mode17,0.003493365,0.001848657
9.491516966,51.17504028,51.69471694,50.65536363,Mode17,0.003594199,-0.006029113
9.574351297,51.17534254,51.68925199,50.66143309,Mode17,0.003705459,0.002893771
9.657185629,51.17565446,51.68392397,50.66738495,Mode17,0.003827451,0.006832656
9.74001996,51.17597693,51.67873729,50.67321657,Mode17,0.003960445,0.002893771
9.822854291,51.17631089,51.67369628,50.67892549,Mode17,0.004104688,-0.012861769
9.905688623,51.17665727,51.66880517,50.68450936,Mode17,0.004260392,-0.003135342
9.988522954,51.17701702,51.66406806,50.68996599,Mode17,0.004427752,0.008681314
10.07135729,51.17739113,51.6594889,50.69529336,Mode17,0.004606932,0.008681314
10.15419162,51.17778058,51.65507149,50.70048966,Mode17,0.004798074,0.008681314
10.23702595,51.17818636,51.65081944,50.70555327,Mode17,0.005001294,0.008681314
10.31986028,51.17860947,51.64673614,50.71048281,Mode17,0.005216688,0.000803544
10.40269461,51.17905094,51.64282476,50.71527712,Mode17,0.005444327,0.001848657
10.48552894,51.17951177,51.63908822,50.71993531,Mode17,0.005684263,0.005787542
10.56836327,51.17999298,51.6355292,50.72445676,Mode17,0.00593653,0.000401772
10.6511976,51.1804956,51.63215006,50.72884115,Mode17,0.006201138,-0.000643342
10.73403194,51.18102066,51.6289529,50.73308841,Mode17,0.006478081,0.011173313
10.81686627,51.18156916,51.62593949,50.73719883,Mode17,0.006767339,-0.002090228
10.8997006,51.18214213,51.6231113,50.74117296,Mode17,0.007068865,0.005787542
10.98253493,51.18274059,51.62046944,50.74501173,Mode17,0.007382607,-0.002090228
11.06536926,51.18336553,51.61801472,50.74871634,Mode17,0.007708489,-0.003537113
11.14820359,51.18401797,51.61574759,50.75228836,Mode17,0.008046425,-0.008521112
11.23103792,51.1846989,51.61366814,50.75572967,Mode17,0.00839631,0.007234428
11.31387226,51.18540931,51.61177614,50.75904248,Mode17,0.00875803,0.009726428
11.39670659,51.18615016,51.610071,50.76222932,Mode17,0.009131457,-0.000120785
11.47954092,51.18692242,51.60855179,50.76529305,Mode17,0.009516447,0.009726428
11.56237525,51.18772705,51.60721727,50.76823683,Mode17,0.009912848,0.006310099
11.64520958,51.18856498,51.60606584,50.77106413,Mode17,0.010320494,0.009203871
11.72804391,51.18943714,51.6050956,50.77377867,Mode17,0.010739211,0.005264986
11.81087824,51.19034443,51.60430437,50.77638449,Mode17,0.011168811,0.007756985
11.89371257,51.19128776,51.60368966,50.77888585,Mode17,0.011609153,0.009726428
11.97654691,51.192268,51.60324872,50.78128728,Mode17,0.012060174,0.005787542
12.05938124,51.19328604,51.60297857,50.78359351,Mode17,0.012521669,0.006310099
12.14221557,51.19434273,51.60287598,50.78580948,Mode17,0.012993413,-0.000643342
12.2250499,51.19543892,51.60293751,50.78794032,Mode17,0.013475176,0.009203871
12.30788423,51.19657542,51.60315955,50.78999129,Mode17,0.01396672,0.009726428
12.39071856,51.19775303,51.6035383,50.79196776,Mode17,0.014467799,0.0050641
12.47355289,51.19897253,51.60406983,50.79387524,Mode17,0.014978161,0.009002985
12.55638723,51.20023469,51.60475011,50.79571927,Mode17,0.015497608,0.008480428
12.63922156,51.20154025,51.60557499,50.79750551,Mode17,0.016026128,0.007756985
12.72205589,51.20288997,51.60654028,50.79923966,Mode17,0.016563659,0.01044987
12.80489022,51.20428457,51.6076417,50.80092744,Mode17,0.017109938,0.015634755
12.88772455,51.20572478,51.60887499,50.80257457,Mode17,0.017664686,0.005787542
12.97055888,51.20721128,51.61023586,50.80418671,Mode17,0.018227614,0.008480428
13.05339321,51.20874475,51.61172002,50.80576947,Mode17,0.018798432,0.01044987
13.13622754,51.21032581,51.61332325,50.80732836,Mode17,0.019376846,0.010972427
13.21906188,51.21195508,51.61504138,50.80886879,Mode17,0.019962557,0.0025721
13.30189621,51.21363317,51.6168703,50.81039604,Mode17,0.02055526,0.006510985
13.38473054,51.21536063,51.61880601,50.81191525,Mode17,0.02115465,0.008118706
13.46756487,51.21713801,51.62084463,50.81343138,Mode17,0.021760417,0.014027034
13.5503992,51.21896582,51.6229824,50.81494923,Mode17,0.022372249,0.01169587
13.63323353,51.22084455,51.62521569,50.8164734,Mode17,0.022989829,0.012057592
13.71606786,51.22277466,51.62754105,50.81800827,Mode17,0.023612838,0.021543083
13.7989022,51.2247566,51.62995518,50.81955802,Mode17,0.024240958,0.015815616
13.88173653,51.22679076,51.63245496,50.82112657,Mode17,0.024873864,0.009907288
13.96457086,51.22887754,51.63503747,50.82271761,Mode17,0.02551123,0.013846173
14.04740519,51.23101729,51.63769997,50.8243346,Mode17,0.026152729,0.017875489
14.13023952,51.23321033,51.64043995,50.82598071,Mode17,0.026798033,0.013846173
14.21307385,51.23545698,51.64325509,50.82765886,Mode17,0.02744681,0.019799716
14.29590818,51.2377575,51.6461433,50.82937169,Mode17,0.028098729,0.015849527
14.37874251,51.24011213,51.6491027,50.83112157,Mode17,0.028753455,0.009952503
14.46157685,51.24252111,51.65213164,50.83291058,Mode17,0.029410653,0.017785058
14.54441118,51.24498462,51.65522872,50.83474052,Mode17,0.030069989,0.006149264
14.62724551,51.24750281,51.65839273,50.8366129,Mode17,0.030731124,0.019754501
14.71007984,51.25007584,51.66162273,50.83852895,Mode17,0.031393721,0.019754501
14.79291417,51.2527038,51.664918,50.84048961,Mode17,0.032057442,0.021904804
14.8757485,51.25538678,51.66827804,50.84249551,Mode17,0.032721948,0.023874247
14.95858283,51.25812481,51.67170262,50.84454701,Mode17,0.033386899,0.017965919
15.04141717,51.26091794,51.67519171,50.84664417,Mode17,0.034051957,0.005787542
15.1242515,51.26376615,51.67874552,50.84878678,Mode17,0.034716778,0.015996477
15.20708583,51.26666941,51.68236449,50.85097432,Mode17,0.035381027,0.012419313
15.28992016,51.26962765,51.68604928,50.85320602,Mode17,0.036044361,0.009726428
15.37275449,51.27264079,51.68980078,50.85548081,Mode17,0.036706441,0.006510985
15.45558882,51.27570872,51.69362008,50.85779735,Mode17,0.037366926,0.016358198
15.53842315,51.27883127,51.6975085,50.86015404,Mode17,0.03802548,0.0038181
15.62125749,51.28200828,51.70146756,50.86254901,Mode17,0.03868176,0.014388755
15.70409182,51.28523955,51.70549897,50.86498014,Mode17,0.039335433,0.022266526
15.78692615,51.28852485,51.70960464,50.86744506,Mode17,0.039986159,0.009002985
15.86976048,51.29186392,51.71378666,50.86994117,Mode17,0.040633602,0.02081964
15.95259481,51.29525646,51.71804732,50.87246561,Mode17,0.041277427,0.014388755
16.03542914,51.29870218,51.72238904,50.87501533,Mode17,0.041917302,0.00024157
16.11826347,51.30220073,51.72681441,50.87758705,Mode17,0.042552921,-0.004420758
16.2010978,51.30575175,51.73132619,50.88017731,Mode17,0.043184204,-0.017483413
16.28393214,51.30935487,51.73592724,50.88278251,Mode17,0.043810873,-0.005666757
16.36676647,51.3130097,51.74062055,50.88539885,Mode17,0.044432605,-0.011575085
16.4496008,51.31671582,51.74540926,50.88802237,Mode17,0.045049073,-0.009605642
16.53243513,51.32047277,51.75029656,50.89064897,Mode17,0.045659954,-0.011575085
16.61526946,51.32428008,51.75528575,50.8932744,Mode17,0.046264928,-0.01551397
16.69810379,51.32813724,51.76038022,50.89589427,Mode17,0.046863675,0.002211013
16.78093812,51.33204374,51.76558338,50.8985041,Mode17,0.047455883,-0.005666757
16.86377246,51.33599901,51.7708987,50.90109931,Mode17,0.048041238,0.002211013
16.94660679,51.34000247,51.77632967,50.90367526,Mode17,0.048619432,0.006672455
17.02944112,51.34405352,51.7818798,50.90622723,Mode17,0.049190182,-0.037177838
17.11227545,51.34815153,51.78755257,50.9087505,Mode17,0.049753401,-0.02339174
17.19510978,51.35229588,51.79335144,50.91124032,Mode17,0.050308857,0.002211013
17.27794411,51.35648591,51.79927985,50.91369197,Mode17,0.050856259,0.004180455
17.36077844,51.36072094,51.80534115,50.91610073,Mode17,0.051395319,0.000764127
17.44361277,51.36500026,51.81153863,50.9184619,Mode17,0.051925752,0.004180455
17.52644711,51.36932316,51.81787549,50.92077084,Mode17,0.052447295,-0.035208395
17.60928144,51.37368889,51.82435479,50.92302298,Mode17,0.052959869,0.002211013
17.69211577,51.3780967,51.83097951,50.92521389,Mode17,0.053463273,0.006149898
17.7749501,51.38254582,51.83775245,50.92733918,Mode17,0.053957247,0.00024157
17.85778443,51.38703546,51.84467627,50.92939464,Mode17,0.054441538,-0.025361183
17.94061876,51.3915648,51.85175344,50.93137616,Mode17,0.054915907,-0.026808068
18.02345309,51.39613302,51.85898626,50.93327979,Mode17,0.055380281,-0.013021971
18.10628743,51.4007393,51.86637683,50.93510176,Mode17,0.055834503,-0.011575085
18.18912176,51.40538277,51.87392703,50.93683851,Mode17,0.056278505,-0.026285511
18.27195609,51.41006259,51.88163855,50.93848664,Mode17,0.056712128,-0.036132724
18.35479042,51.4147779,51.88951282,50.94004298,Mode17,0.057135167,-0.012499414
18.43762475,51.4195278,51.89755106,50.94150454,Mode17,0.057547428,-0.012499414
18.52045908,51.4243114,51.90575422,50.94286858,Mode17,0.057948726,-0.030224397
18.60329341,51.42912778,51.91412301,50.94413256,Mode17,0.058338883,-0.018407741
18.68612774,51.43397601,51.92265786,50.94529416,Mode17,0.058717737,-0.018407741
18.76896208,51.43885515,51.93135898,50.94635133,Mode17,0.059085137,-0.004621643
18.85179641,51.44376425,51.94022628,50.94730222,Mode17,0.059440941,0.003135342
18.93463074,51.44870233,51.94925942,50.94814524,Mode17,0.059785023,0.018890882
19.01746507,51.45366843,51.9584578,50.94887905,Mode17,0.060117273,-0.0076362
19.1002994,51.45866155,51.96782056,50.94950254,Mode17,0.060437588,-0.027330625
19.18313373,51.46368071,51.97734659,50.95001483,Mode17,0.060745885,-0.054902821
19.26596806,51.46872491,51.98703451,50.9504153,Mode17,0.061042091,-0.042041052
19.3488024,51.47379314,51.99688273,50.95070354,Mode17,0.061326156,-0.002652201
19.43163673,51.47888439,52.0068894,50.95087939,Mode17,0.061598045,0.009164454
19.51447106,51.48399766,52.01705245,50.95094288,Mode17,0.061857739,-0.010529971
19.59730539,51.48913194,52.02736961,50.95089428,Mode17,0.062105235,-0.022346626
19.68013972,51.49428622,52.03783839,50.95073405,Mode17,0.062340555,-0.022346626
19.76297405,51.49945948,52.04845611,50.95046285,Mode17,0.062563736,-0.024436854
19.84580838,51.50465074,52.05921993,50.95008155,Mode17,0.062774835,-0.04413128
19.92864271,51.50985898,52.0701268,50.94959115,Mode17,0.062973934,-0.036253509
20.01147705,51.51508321,52.08117357,50.94899285,Mode17,0.063161063,-0.004742429
20.09431138,51.52032246,52.09235691,50.94828801,Mode17,0.063336316,-0.074597246
20.17714571,51.52557573,52.10367336,50.9474781,Mode17,0.06349983,-0.022346626
20.25998004,51.53084207,52.11511937,50.94656477,Mode17,0.063651789,0.001286684
20.34281437,51.53612052,52.1266913,50.94554975,Mode17,0.063792395,-0.022346626
20.4256487,51.54141016,52.13838542,50.94443491,Mode17,0.063921871,0.005225569
20.50848303,51.54671008,52.15019795,50.9432222,Mode17,0.064040481,-0.026285511
20.59131737,51.55201937,52.16212505,50.94191368,Mode17,0.064148322,-0.004742429
20.6741517,51.55733715,52.17416283,50.94051148,Mode17,0.064245596,0.001286684
20.75698603,51.56266257,52.18630737,50.93901777,Mode17,0.06433265,-0.061735477
20.83982036,51.56799478,52.19855476,50.9374348,Mode17,0.064409857,-0.012620199
20.92265469,51.573333,52.21090112,50.93576488,Mode17,0.064477637,-0.028375739
21.00548902,51.57867646,52.22334259,50.93401032,Mode17,0.06453643,-0.050963936
21.08832335,51.58402443,52.23587538,50.93217348,Mode17,0.064586719,-0.019452855
21.17115768,51.58937623,52.24849576,50.93025671,Mode17,0.064629024,0.008119341
21.25399202,51.59473123,52.26120008,50.92826238,Mode17,0.064663906,-0.030224397
21.33682635,51.60008883,52.27398481,50.92619285,Mode17,0.064691956,-0.038102167
21.41966068,51.60544849,52.28684654,50.92405044,Mode17,0.064713812,-0.006591086
21.50249501,51.61080973,52.29978199,50.92183747,Mode17,0.064730153,-0.002652201
21.58532934,51.61617212,52.31278803,50.9195562,Mode17,0.064741701,-0.061735477
21.66816367,51.62153529,52.32586171,50.91720887,Mode17,0.064749219,-0.028375739
21.750998,51.62689894,52.33900026,50.91479763,Mode17,0.064753522,-0.020497969
21.83383234,51.63226285,52.35220112,50.91232459,Mode17,0.064755465,-0.004742429
21.91666667,51.63762685,52.36546194,50.90979177,Mode17,0.06475596,-0.004742429
8.083333333,46.63426911,47.13508898,46.13344925,Mode18,0.118140039,0.030307174
8.166167665,46.64405516,47.14095152,46.1471588,Mode18,0.118140039,0.030305785
8.249001996,46.65384121,47.14683684,46.16084559,Mode18,0.118140039,0.03030638
8.331836327,46.66362727,47.15274546,46.17450907,Mode18,0.118140039,0.030306182
8.414670659,46.67341332,47.15867795,46.18814868,Mode18,0.11814004,0.020204849
8.49750499,46.68319937,47.16463489,46.20176385,Mode18,0.118140039,0.020204254
8.580339321,46.69298542,47.17061686,46.21535398,Mode18,0.118140038,0.010102921
8.663173653,46.70277147,47.17662446,46.22891848,Mode18,0.118140037,0.010101531
8.746007984,46.71255752,47.18265831,46.24245673,Mode18,0.118140036,0.010102921
8.828842315,46.72234357,47.18871906,46.25596808,Mode18,0.118140034,0.010103119
8.911676647,46.73212962,47.19480734,46.2694519,Mode18,0.118140031,0.030306777
8.994510978,46.74191567,47.20092383,46.28290751,Mode18,0.118140029,0.03030638
9.077345309,46.75170172,47.20706921,46.29633424,Mode18,0.118140026,0.030305785
9.160179641,46.76148777,47.21324417,46.30973138,Mode18,0.118140023,0.030305785
9.243013972,46.77127382,47.21944943,46.32309822,Mode18,0.11814002,0.030305983
9.325848303,46.78105987,47.22568572,46.33643402,Mode18,0.118140015,0.030305388
9.408682635,46.79084592,47.2319538,46.34973805,Mode18,0.118140012,0.020204055
9.491516966,46.80063197,47.23825442,46.36300952,Mode18,0.118140007,0.020204452
9.574351297,46.81041802,47.24458837,46.37624767,Mode18,0.118140001,0.010101928
9.657185629,46.82020407,47.25095645,46.38945169,Mode18,0.118139995,0.01010173
9.74001996,46.82999011,47.25735947,46.40262076,Mode18,0.118139988,0.010101928
9.822854291,46.83977616,47.26379828,46.41575404,Mode18,0.118139981,0.010102722
9.905688623,46.84956221,47.27027371,46.4288507,Mode18,0.118139972,0.03030638
9.988522954,46.85934825,47.27678665,46.44190986,Mode18,0.118139964,0.030305785
10.07135729,46.8691343,47.28333797,46.45493062,Mode18,0.118139955,0.030305785
10.15419162,46.87892034,47.28992858,46.4679121,Mode18,0.118139945,0.030305785
10.23702595,46.88870638,47.29655939,46.48085337,Mode18,0.118139935,0.030305785
10.31986028,46.89849243,47.30323135,46.4937535,Mode18,0.118139924,0.030306182
10.40269461,46.90827847,47.3099454,46.50661153,Mode18,0.118139914,0.020204055
10.48552894,46.91806451,47.31670251,46.5194265,Mode18,0.118139901,0.020203857
10.56836327,46.92785055,47.32350367,46.53219742,Mode18,0.118139889,0.015153091
10.6511976,46.93763658,47.33034987,46.5449233,Mode18,0.118139875,0.025255218
10.73403194,46.94742262,47.33724211,46.55760313,Mode18,0.118139861,0.025254622
10.81686627,46.95720866,47.34418144,46.57023587,Mode18,0.118139846,0.020204254
10.8997006,46.96699469,47.35116889,46.5828205,Mode18,0.118139831,0.020203857
10.98253493,46.97678073,47.3582055,46.59535595,Mode18,0.118139815,0.020204254
11.06536926,46.98656676,47.36529234,46.60784118,Mode18,0.118139799,0.015153289
11.14820359,46.99635279,47.37243048,46.62027509,Mode18,0.118139782,0.025255615
11.23103792,47.00613882,47.37962101,46.63265663,Mode18,0.118139764,0.025254821
11.31387226,47.01592484,47.386865,46.64498469,Mode18,0.118139746,0.020203658
11.39670659,47.02571087,47.39416357,46.65725817,Mode18,0.118139727,0.020204154
11.47954092,47.0354969,47.4015178,46.66947599,Mode18,0.118139708,0.020203658
11.56237525,47.04528292,47.40892881,46.68163702,Mode18,0.118139688,0.015152793
11.64520958,47.05506894,47.41639771,46.69374017,Mode18,0.118139667,0.025254722
11.72804391,47.06485496,47.42392559,46.70578432,Mode18,0.118139646,0.02525492
11.81087824,47.07464098,47.43151358,46.71776837,Mode18,0.118139625,0.020203757
11.89371257,47.08442699,47.43916277,46.72969121,Mode18,0.118139602,0.020203658
11.97654691,47.09421301,47.44687427,46.74155175,Mode18,0.11813958,0.020203857
12.05938124,47.10399902,47.45464916,46.75334888,Mode18,0.118139557,0.015152793
12.14221557,47.11378503,47.46248854,46.76508152,Mode18,0.118139533,0.025255218
12.2250499,47.12357104,47.47039347,46.7767486,Mode18,0.118139508,0.025254722
12.30788423,47.13335704,47.47836502,46.78834907,Mode18,0.118139484,0.020203658
12.39071856,47.14314305,47.48640423,46.79988187,Mode18,0.118139459,0.017678375
12.47355289,47.15292905,47.49451211,46.81134599,Mode18,0.118139433,0.017678176
12.55638723,47.16271505,47.50268969,46.82274041,Mode18,0.118139407,0.02272924
12.63922156,47.17250105,47.51093793,46.83406417,Mode18,0.11813938,0.020203757
12.72205589,47.18228704,47.51925779,46.84531629,Mode18,0.118139353,0.02272914
12.80489022,47.19207304,47.5276502,46.85649587,Mode18,0.118139325,0.02020336
12.88772455,47.20185903,47.53611605,46.867602,Mode18,0.118139297,0.020203857
12.97055888,47.21164502,47.54465621,46.87863382,Mode18,0.118139269,0.02272924
13.05339321,47.221431,47.55327149,46.88959051,Mode18,0.11813924,0.02272914
13.13622754,47.23121699,47.56196268,46.90047129,Mode18,0.118139211,0.017678077
13.21906188,47.24100297,47.57073054,46.9112754,Mode18,0.118139182,0.022729537
13.30189621,47.25078895,47.57957574,46.92200215,Mode18,0.118139152,0.022729339
13.38473054,47.26057492,47.58849896,46.93265088,Mode18,0.118139121,0.021466498
13.46756487,47.2703609,47.5975008,46.94322099,Mode18,0.118139091,0.021466201
13.5503992,47.28014687,47.60658181,46.95371192,Mode18,0.11813906,0.020203559
13.63323353,47.28993284,47.6157425,46.96412317,Mode18,0.118139029,0.0214663
13.71606786,47.2997188,47.62498332,46.97445429,Mode18,0.118138998,0.020203063
13.7989022,47.30950477,47.63430466,46.98470488,Mode18,0.118138966,0.020834731
13.88173653,47.31929073,47.64370686,46.9948746,Mode18,0.118138934,0.020835029
13.96457086,47.32907669,47.65319019,47.00496318,Mode18,0.118138902,0.02083483
14.04740519,47.33886264,47.66275488,47.0149704,Mode18,0.11813887,0.021150317
14.13023952,47.34864859,47.67240109,47.0248961,Mode18,0.118138837,0.02083483
14.21307385,47.35843455,47.68212892,47.03474017,Mode18,0.118138805,0.020992375
14.29590818,47.36822049,47.6919384,47.04450258,Mode18,0.118138772,0.020953113
14.37874251,47.37800644,47.70182952,47.05418336,Mode18,0.118138739,0.020992871
14.46157685,47.38779238,47.71180218,47.06378258,Mode18,0.118138706,0.020834632
14.54441118,47.39757832,47.72185624,47.0733004,Mode18,0.118138672,0.021466598
14.62724551,47.40736426,47.7319915,47.08273701,Mode18,0.118138639,0.020834533
14.71007984,47.41715019,47.74220769,47.09209269,Mode18,0.118138606,0.020834533
14.79291417,47.42693612,47.7525045,47.10136774,Mode18,0.118138572,0.021465804
14.8757485,47.43672205,47.76288153,47.11056257,Mode18,0.118138539,0.021465705
14.95858283,47.44650797,47.77333836,47.11967759,Mode18,0.118138505,0.021466002
15.04141717,47.4562939,47.78387449,47.12871331,Mode18,0.118138472,0.020203857
15.1242515,47.46607982,47.79448938,47.13767026,Mode18,0.118138438,0.021466102
15.20708583,47.47586573,47.80518244,47.14654903,Mode18,0.118138405,0.022729041
15.28992016,47.48565165,47.81595302,47.15535027,Mode18,0.118138371,0.020203658
15.37275449,47.49543756,47.82680044,47.16407468,Mode18,0.118138338,0.022729339
15.45558882,47.50522347,47.83772397,47.17272297,Mode18,0.118138305,0.022728843
15.53842315,47.51500938,47.84872283,47.18129593,Mode18,0.118138271,0.020203956
15.62125749,47.52479528,47.8597962,47.18979436,Mode18,0.118138238,0.022728942
15.70409182,47.53458118,47.87094323,47.19821913,Mode18,0.118138205,0.022728545
15.78692615,47.54436708,47.88216305,47.2065711,Mode18,0.118138173,0.017678176
15.86976048,47.55415297,47.89345473,47.21485121,Mode18,0.11813814,0.017677581
15.95259481,47.56393887,47.90481733,47.2230604,Mode18,0.118138108,0.022728942
16.03542914,47.57372476,47.91624988,47.23119963,Mode18,0.118138077,-0.040408309
16.11826347,47.58351064,47.92775138,47.2392699,Mode18,0.118138046,-0.042933592
16.2010978,47.59329653,47.93932081,47.24727224,Mode18,0.118138014,-0.040407416
16.28393214,47.60308241,47.95095714,47.25520768,Mode18,0.118137982,-0.040408011
16.36676647,47.61286829,47.96265932,47.26307726,Mode18,0.118137951,-0.040407713
16.4496008,47.62265417,47.97442627,47.27088206,Mode18,0.11813792,-0.040407813
16.53243513,47.63244004,47.98625692,47.27862316,Mode18,0.118137889,-0.040407713
16.61526946,47.64222591,47.99815019,47.28630164,Mode18,0.118137858,-0.040407515
16.69810379,47.65201178,48.01010497,47.29391859,Mode18,0.118137828,-0.040408408
16.78093812,47.66179765,48.02212017,47.30147513,Mode18,0.118137798,-0.040408011
16.86377246,47.67158351,48.03419468,47.30897234,Mode18,0.118137769,-0.040408408
16.94660679,47.68136937,48.04632741,47.31641134,Mode18,0.11813774,-0.04545967
17.02944112,47.69115523,48.05851724,47.32379323,Mode18,0.118137711,-0.040406423
17.11227545,47.70094109,48.07076307,47.33111911,Mode18,0.118137683,-0.040407118
17.19510978,47.71072694,48.08306381,47.33839008,Mode18,0.118137655,-0.040408408
17.27794411,47.7205128,48.09541836,47.34560723,Mode18,0.118137627,-0.040408507
17.36077844,47.73029865,48.10782564,47.35277165,Mode18,0.1181376,-0.045459372
17.44361277,47.74008449,48.12028457,47.35988442,Mode18,0.118137573,-0.040408507
17.52644711,47.74987034,48.13279408,47.3669466,Mode18,0.118137547,-0.040406523
17.60928144,47.75965618,48.1453531,47.37395926,Mode18,0.118137521,-0.040408408
17.69211577,47.76944202,48.1579606,47.38092345,Mode18,0.118137496,-0.040408606
17.7749501,47.77922786,48.17061554,47.38784019,Mode18,0.118137471,-0.040408309
17.85778443,47.7890137,48.18331688,47.39471052,Mode18,0.118137446,-0.040407019
17.94061876,47.79879954,48.19606363,47.40153545,Mode18,0.118137423,-0.045457983
18.02345309,47.80858537,48.20885478,47.40831596,Mode18,0.1181374,-0.045458677
18.10628743,47.8183712,48.22168935,47.41505305,Mode18,0.118137376,-0.040407713
18.18912176,47.82815703,48.23456639,47.42174767,Mode18,0.118137354,-0.050509046
18.27195609,47.83794286,48.24748494,47.42840078,Mode18,0.118137332,-0.05050855
18.35479042,47.84772868,48.26044406,47.43501331,Mode18,0.118137311,-0.050509741
18.43762475,47.85751451,48.27344283,47.44158618,Mode18,0.11813729,-0.050509741
18.52045908,47.86730033,48.28648037,47.4481203,Mode18,0.11813727,-0.050508848
18.60329341,47.87708615,48.29955577,47.45461653,Mode18,0.11813725,-0.050509443
18.68612774,47.88687197,48.31266818,47.46107576,Mode18,0.118137231,-0.050509443
18.76896208,47.89665779,48.32581674,47.46749884,Mode18,0.118137213,-0.050510138
18.85179641,47.9064436,48.33900062,47.47388659,Mode18,0.118137194,-0.03030638
18.93463074,47.91622942,48.352219,47.48023984,Mode18,0.118137177,-0.030307174
19.01746507,47.92601523,48.36547109,47.48655938,Mode18,0.118137161,-0.040407912
19.1002994,47.93580104,48.37875609,47.492846,Mode18,0.118137145,-0.040406919
19.18313373,47.94558686,48.39207325,47.49910046,Mode18,0.118137129,-0.04040553
19.26596806,47.95537266,48.40542181,47.50532352,Mode18,0.118137114,-0.050508252
19.3488024,47.96515847,48.41880104,47.5115159,Mode18,0.1181371,-0.050510237
19.43163673,47.97494428,48.43221023,47.51767833,Mode18,0.118137086,-0.050510832
19.51447106,47.98473009,48.44564868,47.52381149,Mode18,0.118137073,-0.05050984
19.59730539,47.99451589,48.45911569,47.52991609,Mode18,0.118137061,-0.050509245
19.68013972,48.00430169,48.47261061,47.53599278,Mode18,0.118137049,-0.050509245
19.76297405,48.0140875,48.48613278,47.54204221,Mode18,0.118137037,-0.030304991
19.84580838,48.0238733,48.49968157,47.54806503,Mode18,0.118137026,-0.030303999
19.92864271,48.0336591,48.51325634,47.55406186,Mode18,0.118137016,-0.030304396
20.01147705,48.0434449,48.5268565,47.5600333,Mode18,0.118137006,-0.030305983
20.09431138,48.0532307,48.54048145,47.56597995,Mode18,0.118136999,-0.040404538
20.17714571,48.0630165,48.55413061,47.57190239,Mode18,0.11813699,-0.050509245
20.25998004,48.0728023,48.56780342,47.57780117,Mode18,0.118136983,-0.050510435
20.34281437,48.08258809,48.58149933,47.58367686,Mode18,0.118136976,-0.050509245
20.4256487,48.09237389,48.5952178,47.58952998,Mode18,0.118136969,-0.050510634
20.50848303,48.10215969,48.60895831,47.59536107,Mode18,0.118136963,-0.050509046
20.59131737,48.11194548,48.62272035,47.60117062,Mode18,0.118136957,-0.030305983
20.6741517,48.12173128,48.63650341,47.60695915,Mode18,0.118136953,-0.050510435
20.75698603,48.13151707,48.65030702,47.61272713,Mode18,0.118136948,-0.05050726
20.83982036,48.14130287,48.6641307,47.61847503,Mode18,0.118136944,-0.030305587
20.92265469,48.15108866,48.67797399,47.62420333,Mode18,0.11813694,-0.030304793
21.00548902,48.16087446,48.69183644,47.62991247,Mode18,0.118136938,-0.040405729
21.08832335,48.17066025,48.70571762,47.63560289,Mode18,0.118136936,-0.040407316
21.17115768,48.18044605,48.71961708,47.64127501,Mode18,0.118136934,-0.040408706
21.25399202,48.19023184,48.73353443,47.64692925,Mode18,0.118136932,-0.050508848
21.33682635,48.20001763,48.74746924,47.65256602,Mode18,0.11813693,-0.050508451
21.41966068,48.20980343,48.76142114,47.65818571,Mode18,0.118136929,-0.050510039
21.50249501,48.21958922,48.77538973,47.66378871,Mode18,0.118136928,-0.050510237
21.58532934,48.22937501,48.78937463,47.66937539,Mode18,0.118136928,-0.05050726
21.66816367,48.23916081,48.80337549,47.67494612,Mode18,0.118136926,-0.030304793
21.750998,48.2489466,48.81739195,47.68050125,Mode18,0.118136926,-0.03030519
21.83383234,48.25873239,48.83142365,47.68604113,Mode18,0.118136926,-0.030305983
21.91666667,48.26851819,48.84547027,47.6915661,Mode18,0.118136926,-0.030305983
8.083333333,56.87561824,57.71841343,56.03282305,Mode19,0.167736295,0.006875499
8.166167665,56.88951259,57.72165543,56.05736975,Mode19,0.167737223,0.057625959
8.249001996,56.90340712,57.7249995,56.08181473,Mode19,0.167740893,0.035875762
8.331836327,56.91730212,57.72845024,56.10615401,Mode19,0.167749011,0.043125828
8.414670659,56.93119804,57.73201267,56.13038341,Mode19,0.167763204,0.002166978
8.49750499,56.94509542,57.73569219,56.15449865,Mode19,0.167784286,0.023917175
8.580339321,56.95899485,57.73949439,56.1784953,Mode19,0.167812928,-0.017041675
8.663173653,56.97289701,57.74342519,56.20236882,Mode19,0.167850495,0.033708784
8.746007984,56.98680269,57.74749081,56.22611458,Mode19,0.167898279,-0.017041675
8.828842315,57.0007128,57.75169779,56.24972782,Mode19,0.167957486,-0.024291741
8.911676647,57.01462833,57.75605292,56.27320375,Mode19,0.168029249,0.021375631
8.994510978,57.02855036,57.76056324,56.29653749,Mode19,0.168114635,0.035875762
9.077345309,57.04248006,57.76523598,56.31972414,Mode19,0.168214631,0.057625959
9.160179641,57.05641868,57.77007856,56.34275881,Mode19,0.168330162,0.057625959
9.243013972,57.07036755,57.77509851,56.36563658,Mode19,0.168462084,0.050375893
9.325848303,57.08432804,57.78030349,56.3883526,Mode19,0.168611186,0.07212609
9.408682635,57.09830163,57.78570121,56.41090205,Mode19,0.168778204,0.03116724
9.491516966,57.11228982,57.7912994,56.43328024,Mode19,0.168963804,0.016667109
9.574351297,57.12629417,57.79710579,56.45548254,Mode19,0.169168594,0.019208653
9.657185629,57.1403163,57.80312807,56.47750452,Mode19,0.169393136,0.026458719
9.74001996,57.15435786,57.80937382,56.4993419,Mode19,0.16963793,0.019208653
9.822854291,57.16842056,57.81585052,56.5209906,Mode19,0.169903429,-0.00979161
9.905688623,57.18250612,57.82256544,56.54244679,Mode19,0.170190024,0.035875762
9.988522954,57.1966163,57.82952568,56.56370693,Mode19,0.170498073,0.057625959
10.07135729,57.2107529,57.83673805,56.58476776,Mode19,0.170827879,0.057625959
10.15419162,57.22491774,57.84420909,56.60562638,Mode19,0.171179703,0.057625959
10.23702595,57.23911263,57.85194501,56.62628025,Mode19,0.171553757,0.057625959
10.31986028,57.25333944,57.85995162,56.64672726,Mode19,0.171950218,0.043125828
10.40269461,57.26760002,57.86823432,56.66696571,Mode19,0.172369221,0.03116724
10.48552894,57.28189624,57.87679809,56.68699439,Mode19,0.172810857,0.038417306
10.56836327,57.29622999,57.88564738,56.70681259,Mode19,0.173275189,0.021562914
10.6511976,57.31060314,57.89478616,56.72642011,Mode19,0.173762237,0.033521501
10.73403194,57.32501757,57.90421783,56.74581731,Mode19,0.17427199,0.055271698
10.81686627,57.33947517,57.91394523,56.76500511,Mode19,0.174804408,0.023917175
10.8997006,57.35397781,57.92397058,56.78398503,Mode19,0.17535941,0.038417306
10.98253493,57.36852735,57.93429552,56.80275918,Mode19,0.175936895,0.023917175
11.06536926,57.38312565,57.94492104,56.82133027,Mode19,0.176536727,0.014312848
11.14820359,57.39777457,57.95584749,56.83970164,Mode19,0.177158743,0.01902137
11.23103792,57.41247591,57.9670746,56.85787723,Mode19,0.177802756,0.048021632
11.31387226,57.42723151,57.97860145,56.87586158,Mode19,0.178468553,0.045667372
11.39670659,57.44204316,57.99042648,56.89365983,Mode19,0.179155896,0.027542207
11.47954092,57.45691262,58.00254752,56.91127771,Mode19,0.179864524,0.045667372
11.56237525,57.47184165,58.0149618,56.92872151,Mode19,0.180594156,0.032438012
11.64520958,57.48683198,58.02766595,56.94599802,Mode19,0.181344485,0.051646665
11.72804391,57.50188531,58.04065605,56.96311458,Mode19,0.182115191,0.0443966
11.81087824,57.51700332,58.05392766,56.98007898,Mode19,0.18290593,0.042042339
11.89371257,57.53218764,58.06747584,56.99689944,Mode19,0.183716441,0.045667372
11.97654691,57.54743992,58.08129521,57.01358462,Mode19,0.184546608,0.038417306
12.05938124,57.56276176,58.09537997,57.03014356,Mode19,0.185396053,0.032438012
12.14221557,57.57815476,58.10972393,57.04658558,Mode19,0.186264364,0.033521501
12.2250499,57.59362044,58.12432058,57.0629203,Mode19,0.187151115,0.051646665
12.30788423,57.60916033,58.13916312,57.07915753,Mode19,0.188055869,0.045667372
12.39071856,57.62477589,58.15424449,57.09530729,Mode19,0.188978177,0.033615143
12.47355289,57.64046856,58.16955744,57.11137968,Mode19,0.189917568,0.040865208
12.55638723,57.65623974,58.18509457,57.12738491,Mode19,0.190873683,0.046844502
12.63922156,57.67209081,58.20084838,57.14333324,Mode19,0.191846498,0.042042339
12.72205589,57.68802315,58.21681129,57.15923502,Mode19,0.192835898,0.050469535
12.80489022,57.70403812,58.2329757,57.17510054,Mode19,0.1938414,0.05654247
12.88772455,57.72013703,58.24933403,57.19094003,Mode19,0.194862491,0.038417306
12.97055888,57.73632115,58.26587874,57.20676356,Mode19,0.195898638,0.046844502
13.05339321,57.7525917,58.28260236,57.22258104,Mode19,0.196949309,0.050469535
13.13622754,57.76894986,58.29949756,57.23840217,Mode19,0.19801396,0.044490241
13.21906188,57.78539678,58.31655715,57.2542364,Mode19,0.199092042,0.035969404
13.30189621,57.80193353,58.33377414,57.27009292,Mode19,0.200182994,0.043219469
13.38473054,57.81856117,58.35114173,57.2859806,Mode19,0.201286255,0.04444342
13.46756487,57.83528068,58.36865335,57.30190801,Mode19,0.202401253,0.055318519
13.5503992,57.85209302,58.38630271,57.31788332,Mode19,0.203527415,0.049292404
13.63323353,57.86899909,58.40408379,57.33391438,Mode19,0.204664156,0.051693486
13.71606786,57.88599973,58.42199085,57.35000862,Mode19,0.205810893,0.067417569
13.7989022,57.90309576,58.44001848,57.36617305,Mode19,0.206967034,0.057743011
13.88173653,57.92028793,58.45816158,57.38241427,Mode19,0.208131985,0.046867912
13.96457086,57.93757694,58.47641541,57.39873846,Mode19,0.209305146,0.054117978
14.04740519,57.95496344,58.49477556,57.41515132,Mode19,0.210485915,0.061968314
14.13023952,57.97244805,58.51323799,57.43165811,Mode19,0.211673686,0.054117978
14.21307385,57.99003132,58.53179901,57.44826362,Mode19,0.21286785,0.065293212
14.29590818,58.00771374,58.55045532,57.46497217,Mode19,0.214067798,0.057968112
14.37874251,58.02549578,58.56920398,57.48178759,Mode19,0.215272912,0.047168048
14.46157685,58.04337784,58.58804244,57.49871325,Mode19,0.216482577,0.061368044
14.54441118,58.06136027,58.60696854,57.51575201,Mode19,0.217696176,0.040818388
14.62724551,58.07944337,58.62598047,57.53290626,Mode19,0.218913086,0.064993077
14.71007984,58.09762739,58.64507686,57.55017791,Mode19,0.220132688,0.064993077
14.79291417,58.11591252,58.66425668,57.56756835,Mode19,0.221354359,0.06981865
14.8757485,58.13429891,58.68351931,57.5850785,Mode19,0.222577474,0.073443683
14.95858283,58.15278665,58.7028645,57.60270881,Mode19,0.22380141,0.062568584
15.04141717,58.17137579,58.72229238,57.6204592,Mode19,0.225025541,0.038417306
15.1242515,58.19006632,58.74180348,57.63832916,Mode19,0.226249237,0.058943552
15.20708583,58.20885817,58.76139868,57.65631766,Mode19,0.227471879,0.054094568
15.28992016,58.22775123,58.78107925,57.67442322,Mode19,0.228692838,0.045667372
15.37275449,58.24674534,58.80084681,57.69264387,Mode19,0.229911488,0.043219469
15.45558882,58.26584028,58.82070336,57.71097721,Mode19,0.231127203,0.061344633
15.53842315,58.28503578,58.84065122,57.72942034,Mode19,0.232339362,0.034792273
15.62125749,58.30433152,58.86069308,57.74796995,Mode19,0.233547338,0.0577196
15.70409182,58.32372712,58.88083198,57.76662226,Mode19,0.234750514,0.072219732
15.78692615,58.34322217,58.90107126,57.78537308,Mode19,0.235948266,0.040865208
15.86976048,58.36281619,58.9214146,57.80421778,Mode19,0.237139974,0.062615405
15.95259481,58.38250865,58.94186596,57.82315134,Mode19,0.238325024,0.0577196
16.03542914,58.40229898,58.96242963,57.84216833,Mode19,0.239502805,-0.055084415
16.11826347,58.42218654,58.98311014,57.86126294,Mode19,0.240672751,-0.067136644
16.2010978,58.44217069,59.00391232,57.88042905,Mode19,0.241834714,-0.08770971
16.28393214,58.46225074,59.02484124,57.89966024,Mode19,0.242988187,-0.065959513
16.36676647,58.48242597,59.04590219,57.91894974,Mode19,0.244132571,-0.076834612
16.4496008,58.50269559,59.06710069,57.93829049,Mode19,0.245267265,-0.073209579
16.53243513,58.52305878,59.08844245,57.95767511,Mode19,0.246391677,-0.076834612
16.61526946,58.54351467,59.10993338,57.97709596,Mode19,0.247505215,-0.084084678
16.69810379,58.56406232,59.1315795,57.99654515,Mode19,0.248607292,-0.051459382
16.78093812,58.58470077,59.15338698,58.01601456,Mode19,0.249697334,-0.065959513
16.86377246,58.60542899,59.17536211,58.03549588,Mode19,0.25077476,-0.051459382
16.94660679,58.62624593,59.19751121,58.05498064,Mode19,0.251839008,-0.05018861
17.02944112,58.64715045,59.21984069,58.0744602,Mode19,0.252889551,-0.123960039
17.11227545,58.66814142,59.24235694,58.09392589,Mode19,0.253926234,-0.098584809
17.19510978,58.68921767,59.26506638,58.11336896,Mode19,0.254948628,-0.051459382
17.27794411,58.710378,59.28797534,58.13278067,Mode19,0.255956199,-0.047834349
17.36077844,58.73162117,59.31109012,58.15215221,Mode19,0.256948414,-0.061063709
17.44361277,58.75294586,59.33441689,58.17147484,Mode19,0.257924749,-0.047834349
17.52644711,58.77435076,59.35796168,58.19073985,Mode19,0.258884722,-0.120335006
17.60928144,58.79583449,59.38173034,58.20993865,Mode19,0.259828186,-0.051459382
17.69211577,58.81739568,59.40572854,58.22906283,Mode19,0.260754771,-0.044209316
17.7749501,58.83903291,59.4299617,58.24810412,Mode19,0.261663998,-0.055084415
17.85778443,58.86074471,59.45443498,58.26705445,Mode19,0.262555403,-0.102209842
17.94061876,58.8825296,59.47915323,58.28590598,Mode19,0.263428546,-0.111814168
18.02345309,58.90438606,59.50412098,58.30465114,Mode19,0.264283291,-0.086438938
18.10628743,58.92631255,59.52934243,58.32328266,Mode19,0.265119349,-0.076834612
18.18912176,58.94830751,59.55482138,58.34179363,Mode19,0.265936597,-0.117793462
18.27195609,58.97036938,59.58056127,58.36017748,Mode19,0.266734741,-0.135918626
18.35479042,58.99249656,59.60656511,58.37842801,Mode19,0.267513403,-0.092418232
18.43762475,59.01468742,59.63283545,58.39653938,Mode19,0.268272226,-0.092418232
18.52045908,59.0369403,59.65937442,58.41450618,Mode19,0.269010871,-0.125043527
18.60329341,59.05925352,59.68618364,58.4323234,Mode19,0.26972901,-0.10329333
18.68612774,59.08162537,59.71326429,58.44998645,Mode19,0.270426343,-0.10329333
18.76896208,59.10405411,59.74061702,58.46749119,Mode19,0.271102593,-0.077918101
18.85179641,59.12653798,59.76824202,58.48483394,Mode19,0.271757498,-0.035875762
18.93463074,59.14907521,59.79613897,58.50201146,Mode19,0.272390829,-0.006875499
19.01746507,59.171664,59.82430705,58.51902096,Mode19,0.273002382,-0.069584546
19.1002994,59.19430255,59.85274498,58.53586011,Mode19,0.273591966,-0.105834874
19.18313373,59.21698901,59.88145097,58.55252705,Mode19,0.27415943,-0.156585334
19.26596806,59.23972156,59.91042278,58.56902033,Mode19,0.27470464,-0.146793724
19.3488024,59.26249834,59.93965772,58.58533896,Mode19,0.275227501,-0.074293068
19.43163673,59.28531751,59.96915266,58.60148236,Mode19,0.275727949,-0.052542871
19.51447106,59.3081772,59.99890404,58.61745037,Mode19,0.276205952,-0.088793199
19.59730539,59.33107556,60.02890791,58.63324321,Mode19,0.276661504,-0.110543396
19.68013972,59.35401072,60.05915994,58.6488615,Mode19,0.277094642,-0.110543396
19.76297405,59.37698084,60.08965547,58.66430621,Mode19,0.277505436,-0.086626221
19.84580838,59.39998406,60.12038949,58.67957863,Mode19,0.277893993,-0.12287655
19.92864271,59.42301856,60.1513567,58.69468041,Mode19,0.278260464,-0.108376418
20.01147705,59.44608249,60.18255153,58.70961346,Mode19,0.278604901,-0.050375893
20.09431138,59.46917405,60.21396813,58.72437998,Mode19,0.278927479,-0.192835662
20.17714571,59.49229144,60.24560046,58.73898242,Mode19,0.279228449,-0.110543396
20.25998004,59.51543287,60.27744227,58.75342347,Mode19,0.279508152,-0.067043002
20.34281437,59.5385966,60.30948717,58.76770603,Mode19,0.279766957,-0.110543396
20.4256487,59.56178092,60.34172865,58.78183319,Mode19,0.280005275,-0.059792937
20.50848303,59.58498415,60.37416009,58.79580821,Mode19,0.280223592,-0.117793462
20.59131737,59.60820464,60.40677481,58.80963447,Mode19,0.280422088,-0.050375893
20.6741517,59.63144077,60.43956603,58.82331551,Mode19,0.280601136,-0.067043002
20.75698603,59.65469094,60.47252693,58.83685494,Mode19,0.280761371,-0.183044053
20.83982036,59.67795363,60.50565076,58.85025649,Mode19,0.28090348,-0.064876025
20.92265469,59.70122736,60.53893079,58.86352393,Mode19,0.281028238,-0.093876287
21.00548902,59.72451074,60.57236038,58.8766611,Mode19,0.281136456,-0.149335268
21.08832335,59.74780243,60.605933,58.88967187,Mode19,0.28122902,-0.091334743
21.17115768,59.77110117,60.63964225,58.90256009,Mode19,0.281306888,-0.040584284
21.25399202,59.79440579,60.67348193,58.91532965,Mode19,0.281371093,-0.125043527
21.33682635,59.8177152,60.70744601,58.92798439,Mode19,0.281422724,-0.139543659
21.41966068,59.8410284,60.74152869,58.94052811,Mode19,0.281462952,-0.081543134
21.50249501,59.86434451,60.77572442,58.95296459,Mode19,0.28149303,-0.074293068
21.58532934,59.88766273,60.81002796,58.9652975,Mode19,0.281514286,-0.183044053
21.66816367,59.9109824,60.84443434,58.97753046,Mode19,0.281528123,-0.093876287
21.750998,59.93430295,60.87893894,58.98966697,Mode19,0.281536043,-0.079376156
21.83383234,59.95762398,60.91353751,59.00171044,Mode19,0.281539618,-0.050375893
21.91666667,59.98094517,60.94822619,59.01366415,Mode19,0.281540529,-0.050375893
8.083333333,41.7572128,42.37087949,41.14354612,Mode20,0.147562424,0.037718646
8.166167665,41.76943604,42.37827485,41.16059723,Mode20,0.147562428,0.037908424
8.249001996,41.78165927,42.38569853,41.17762002,Mode20,0.147562441,0.03782709
8.331836327,41.79388251,42.39315121,41.19461382,Mode20,0.147562472,0.037854201
8.414670659,41.80610575,42.40063357,41.21157793,Mode20,0.147562526,0.025136727
8.49750499,41.818329,42.40814636,41.22851164,Mode20,0.147562605,0.02521806
8.580339321,41.83055225,42.41569031,41.2454142,Mode20,0.147562712,0.012500586
8.663173653,41.84277552,42.42326617,41.26228486,Mode20,0.147562852,0.012690363
8.746007984,41.85499879,42.43087473,41.27912286,Mode20,0.147563031,0.012500586
8.828842315,41.86722209,42.43851678,41.29592739,Mode20,0.147563252,0.012473474
8.911676647,41.8794454,42.44619315,41.31269765,Mode20,0.14756352,0.037772868
8.994510978,41.89166874,42.45390467,41.32943281,Mode20,0.147563839,0.03782709
9.077345309,41.90389211,42.46165219,41.34613202,Mode20,0.147564213,0.037908424
9.160179641,41.91611551,42.46943661,41.36279441,Mode20,0.147564645,0.037908424
9.243013972,41.92833895,42.47725881,41.37941908,Mode20,0.147565138,0.037881312
9.325848303,41.94056243,42.48511972,41.39600514,Mode20,0.147565696,0.037962646
9.408682635,41.95278596,42.49302028,41.41255165,Mode20,0.147566321,0.025245171
9.491516966,41.96500955,42.50096144,41.42905766,Mode20,0.147567016,0.025190949
9.574351297,41.97723319,42.50894419,41.4455222,Mode20,0.147567781,0.012636141
9.657185629,41.98945691,42.51696952,41.46194429,Mode20,0.147568621,0.012663252
9.74001996,42.00168069,42.52503847,41.47832292,Mode20,0.147569536,0.012636141
9.822854291,42.01390456,42.53315206,41.49465705,Mode20,0.147570529,0.012527697
9.905688623,42.02612851,42.54131137,41.51094564,Mode20,0.1475716,0.03782709
9.988522954,42.03835255,42.54951747,41.52718762,Mode20,0.147572752,0.037908424
10.07135729,42.05057669,42.55777147,41.54338191,Mode20,0.147573985,0.037908424
10.15419162,42.06280094,42.56607448,41.55952739,Mode20,0.1475753,0.037908424
10.23702595,42.07502529,42.57442764,41.57562295,Mode20,0.147576699,0.037908424
10.31986028,42.08724977,42.58283211,41.59166743,Mode20,0.147578182,0.037854201
10.40269461,42.09947438,42.59128908,41.60765968,Mode20,0.14757975,0.025245171
10.48552894,42.11169911,42.59979972,41.62359851,Mode20,0.147581401,0.025272282
10.56836327,42.12392399,42.60836525,41.63948273,Mode20,0.147583138,0.018927101
10.6511976,42.13614902,42.61698691,41.65531113,Mode20,0.147584958,0.031536131
10.73403194,42.1483742,42.62566592,41.67108247,Mode20,0.147586865,0.031617464
10.81686627,42.16059954,42.63440356,41.68679552,Mode20,0.147588855,0.02521806
10.8997006,42.17282505,42.64320108,41.70244902,Mode20,0.147590931,0.025272282
10.98253493,42.18505073,42.65205978,41.71804169,Mode20,0.14759309,0.02521806
11.06536926,42.1972766,42.66098094,41.73357226,Mode20,0.147595334,0.01889999
11.14820359,42.20950266,42.66996589,41.74903943,Mode20,0.147597659,0.031481908
11.23103792,42.22172891,42.67901592,41.7644419,Mode20,0.147600068,0.031590353
11.31387226,42.23395537,42.68813237,41.77977836,Mode20,0.147602557,0.025299394
11.39670659,42.24618203,42.69731656,41.7950475,Mode20,0.147605128,0.025231616
11.47954092,42.25840891,42.70656983,41.81024799,Mode20,0.147607777,0.025299394
11.56237525,42.27063602,42.71589351,41.82537852,Mode20,0.147610506,0.018967767
11.64520958,42.28286335,42.72528894,41.84043776,Mode20,0.147613312,0.031603909
11.72804391,42.29509092,42.73475746,41.85542438,Mode20,0.147616194,0.031576797
11.81087824,42.30731873,42.74430039,41.87033707,Mode20,0.147619151,0.025285838
11.89371257,42.31954679,42.75391907,41.8851745,Mode20,0.147622181,0.025299394
11.97654691,42.3317751,42.76361482,41.89993539,Mode20,0.147625286,0.025272282
12.05938124,42.34400367,42.77338893,41.91461842,Mode20,0.147628463,0.018967767
12.14221557,42.35623251,42.78324272,41.92922231,Mode20,0.147631709,0.031536131
12.2250499,42.36846162,42.79317745,41.9437458,Mode20,0.147635025,0.031603909
12.30788423,42.38069101,42.80319439,41.95818763,Mode20,0.147638408,0.025299394
12.39071856,42.39292068,42.81329478,41.97254658,Mode20,0.147641858,0.022113247
12.47355289,42.40515064,42.82347985,41.98682144,Mode20,0.14764537,0.022140358
12.55638723,42.4173809,42.83375077,42.00101103,Mode20,0.147648945,0.028444873
12.63922156,42.42961145,42.8441087,42.01511419,Mode20,0.147652583,0.025285838
12.72205589,42.4418423,42.85455479,42.02912982,Mode20,0.147656283,0.028458429
12.80489022,42.45407347,42.86509011,42.04305683,Mode20,0.147660043,0.02534006
12.88772455,42.46630495,42.87571572,42.05689418,Mode20,0.147663861,0.025272282
12.97055888,42.47853675,42.88643263,42.07064086,Mode20,0.147667736,0.028444873
13.05339321,42.49076887,42.89724181,42.08429592,Mode20,0.147671665,0.028458429
13.13622754,42.50300131,42.90814417,42.09785845,Mode20,0.147675646,0.022153914
13.21906188,42.51523409,42.91914059,42.11132759,Mode20,0.147679677,0.028404207
13.30189621,42.52746721,42.93023188,42.12470254,Mode20,0.147683757,0.028431318
13.38473054,42.53970067,42.9414188,42.13798253,Mode20,0.147687883,0.026865356
13.46756487,42.55193447,42.95270205,42.15116689,Mode20,0.147692052,0.026906022
13.5503992,42.56416861,42.96408226,42.16425496,Mode20,0.147696263,0.025312949
13.63323353,42.57640311,42.97556003,42.17724619,Mode20,0.147700514,0.026892467
13.71606786,42.58863796,42.98713586,42.19014006,Mode20,0.147704802,0.025380727
13.7989022,42.60087317,42.9988102,42.20293614,Mode20,0.147709125,0.026129819
13.88173653,42.61310873,43.01058342,42.21563404,Mode20,0.147713482,0.026089152
13.96457086,42.62534466,43.02245585,42.22823347,Mode20,0.147717869,0.026116263
14.04740519,42.63758096,43.03442772,42.24073419,Mode20,0.147722284,0.026538254
14.13023952,42.64981762,43.04649919,42.25313604,Mode20,0.147726726,0.026116263
14.21307385,42.66205465,43.05867038,42.26543892,Mode20,0.147731191,0.02635437
14.29590818,42.67429205,43.07094129,42.27764281,Mode20,0.147735678,0.026277899
14.37874251,42.68652982,43.08331188,42.28974776,Mode20,0.147740185,0.026286592
14.46157685,42.69876797,43.09578204,42.30175389,Mode20,0.147744708,0.026143375
14.54441118,42.71100649,43.10835157,42.3136614,Mode20,0.147749246,0.0268518
14.62724551,42.72324539,43.12102022,42.32547055,Mode20,0.147753797,0.02615693
14.71007984,42.73548466,43.13378765,42.33718168,Mode20,0.147758358,0.02615693
14.79291417,42.74772432,43.14665346,42.34879517,Mode20,0.147762926,0.026960245
14.8757485,42.75996435,43.1596172,42.3603115,Mode20,0.1477675,0.0269738
14.95858283,42.77220476,43.17267831,42.37173121,Mode20,0.147772076,0.026933133
15.04141717,42.78444555,43.18583622,42.38305488,Mode20,0.147776654,0.025272282
15.1242515,42.79668672,43.19909027,42.39428317,Mode20,0.14778123,0.026919578
15.20708583,42.80892827,43.21243974,42.40541681,Mode20,0.147785802,0.028471984
15.28992016,42.8211702,43.22588385,42.41645655,Mode20,0.147790368,0.025299394
15.37275449,42.8334125,43.23942178,42.42740322,Mode20,0.147794925,0.028431318
15.45558882,42.84565519,43.25305266,42.43825771,Mode20,0.147799471,0.028499096
15.53842315,42.85789824,43.26677556,42.44902093,Mode20,0.147804003,0.025258727
15.62125749,42.87014168,43.28058951,42.45969385,Mode20,0.147808521,0.02848554
15.70409182,42.88238548,43.29449348,42.47027749,Mode20,0.14781302,0.028539762
15.78692615,42.89462966,43.30848643,42.48077289,Mode20,0.147817499,0.022140358
15.86976048,42.90687421,43.32256726,42.49118116,Mode20,0.147821955,0.022221692
15.95259481,42.91911913,43.33673485,42.5015034,Mode20,0.147826386,0.02848554
16.03542914,42.93136441,43.35098805,42.51174077,Mode20,0.147830793,-0.050463231
16.11826347,42.94361006,43.36532566,42.52189446,Mode20,0.147835168,-0.053649378
16.2010978,42.95585606,43.37974647,42.53196566,Mode20,0.147839513,-0.050585231
16.28393214,42.96810243,43.39424926,42.5419556,Mode20,0.147843827,-0.050503898
16.36676647,42.98034915,43.40883277,42.55186553,Mode20,0.147848106,-0.050544565
16.4496008,42.99259623,43.42349574,42.56169671,Mode20,0.147852349,-0.050531009
16.53243513,43.00484365,43.43823688,42.57145042,Mode20,0.147856554,-0.050544565
16.61526946,43.01709142,43.4530549,42.58112794,Mode20,0.147860718,-0.050571676
16.69810379,43.02933954,43.46794851,42.59073057,Mode20,0.147864839,-0.050449676
16.78093812,43.04158799,43.48291638,42.6002596,Mode20,0.147868915,-0.050503898
16.86377246,43.05383678,43.49795721,42.60971635,Mode20,0.147872944,-0.050449676
16.94660679,43.0660859,43.51306969,42.61910211,Mode20,0.147876924,-0.05672708
17.02944112,43.07833535,43.5282525,42.6284182,Mode20,0.147880852,-0.050720787
17.11227545,43.09058512,43.54350433,42.63766592,Mode20,0.147884729,-0.050625898
17.19510978,43.10283521,43.55882387,42.64684656,Mode20,0.147888552,-0.050449676
17.27794411,43.11508562,43.57420982,42.65596142,Mode20,0.14789232,-0.05043612
17.36077844,43.12733634,43.58966088,42.66501179,Mode20,0.147896031,-0.056767746
17.44361277,43.13958736,43.60517577,42.67399894,Mode20,0.147899681,-0.05043612
17.52644711,43.15183868,43.62075321,42.68292414,Mode20,0.147903271,-0.050707232
17.60928144,43.16409029,43.63639194,42.69178864,Mode20,0.147906799,-0.050449676
17.69211577,43.17634219,43.6520907,42.70059369,Mode20,0.147910263,-0.050422565
17.7749501,43.18859438,43.66784824,42.70934052,Mode20,0.147913663,-0.050463231
17.85778443,43.20084685,43.68366335,42.71803035,Mode20,0.147916997,-0.050639454
17.94061876,43.21309959,43.69953482,42.72666436,Mode20,0.147920263,-0.056957524
18.02345309,43.2253526,43.71546145,42.73524376,Mode20,0.147923459,-0.056862635
18.10628743,43.23760587,43.73144205,42.74376969,Mode20,0.147926585,-0.050544565
18.18912176,43.2498594,43.74747547,42.75224332,Mode20,0.147929641,-0.063262039
18.27195609,43.26211318,43.76356057,42.76066578,Mode20,0.147932626,-0.063329817
18.35479042,43.2743672,43.77969622,42.76903818,Mode20,0.147935538,-0.06316715
18.43762475,43.28662146,43.7958813,42.77736161,Mode20,0.147938375,-0.06316715
18.52045908,43.29887595,43.81211474,42.78563715,Mode20,0.147941137,-0.06328915
18.60329341,43.31113066,43.82839546,42.79386587,Mode20,0.147943823,-0.063207817
18.68612774,43.3233856,43.8447224,42.8020488,Mode20,0.14794643,-0.063207817
18.76896208,43.33564075,43.86109454,42.81018695,Mode20,0.147948959,-0.063112928
18.85179641,43.3478961,43.87751087,42.81828134,Mode20,0.147951407,-0.03782709
18.93463074,43.36015166,43.89397038,42.82633293,Mode20,0.147953775,-0.037718646
19.01746507,43.3724074,43.91047211,42.8343427,Mode20,0.147956063,-0.050517454
19.1002994,43.38466334,43.92701509,42.84231159,Mode20,0.147958268,-0.050653009
19.18313373,43.39691945,43.94359839,42.85024052,Mode20,0.14796039,-0.050842787
19.26596806,43.40917574,43.96022108,42.85813039,Mode20,0.147962429,-0.063370484
19.3488024,43.42143219,43.97688228,42.86598209,Mode20,0.147964384,-0.063099373
19.43163673,43.43368879,43.9935811,42.87379649,Mode20,0.147966255,-0.063018039
19.51447106,43.44594555,44.01031667,42.88157444,Mode20,0.147968043,-0.063153595
19.59730539,43.45820246,44.02708815,42.88931676,Mode20,0.147969746,-0.063234928
19.68013972,43.4704595,44.04389472,42.89702428,Mode20,0.147971366,-0.063234928
19.76297405,43.48271668,44.06073556,42.90469779,Mode20,0.147972901,-0.038016868
19.84580838,43.49497397,44.07760989,42.91233806,Mode20,0.147974354,-0.038152424
19.92864271,43.50723139,44.09451692,42.91994586,Mode20,0.147975724,-0.038098201
20.01147705,43.51948891,44.1114559,42.92752192,Mode20,0.147977012,-0.037881312
20.09431138,43.53174654,44.12842609,42.93506698,Mode20,0.14797822,-0.050978343
20.17714571,43.54400426,44.14542677,42.94258175,Mode20,0.147979345,-0.063234928
20.25998004,43.55626207,44.16245723,42.95006692,Mode20,0.147980391,-0.063072261
20.34281437,43.56851997,44.17951677,42.95752318,Mode20,0.147981359,-0.063234928
20.4256487,43.58077795,44.19660472,42.96495117,Mode20,0.14798225,-0.06304515
20.50848303,43.59303599,44.21372042,42.97235156,Mode20,0.147983066,-0.063262039
20.59131737,43.6052941,44.23086323,42.97972498,Mode20,0.147983807,-0.037881312
20.6741517,43.61755227,44.24803251,42.98707203,Mode20,0.147984478,-0.063072261
20.75698603,43.62981049,44.26522764,42.99439334,Mode20,0.147985077,-0.063506039
20.83982036,43.64206876,44.28244804,43.00168948,Mode20,0.147985608,-0.037935535
20.92265469,43.65432706,44.2996931,43.00896103,Mode20,0.147986074,-0.038043979
21.00548902,43.66658541,44.31696226,43.01620855,Mode20,0.14798648,-0.050815676
21.08832335,43.67884378,44.33425497,43.0234326,Mode20,0.147986826,-0.050598787
21.17115768,43.69110219,44.35157066,43.03063371,Mode20,0.147987117,-0.050409009
21.25399202,43.70336061,44.36890883,43.0378124,Mode20,0.147987357,-0.06328915
21.33682635,43.71561905,44.38626893,43.04496917,Mode20,0.147987551,-0.063343373
21.41966068,43.72787751,44.40365049,43.05210453,Mode20,0.147987701,-0.063126484
21.50249501,43.74013598,44.42105299,43.05921896,Mode20,0.147987813,-0.063099373
21.58532934,43.75239445,44.43847597,43.06631294,Mode20,0.147987893,-0.063506039
21.66816367,43.76465293,44.45591895,43.07338691,Mode20,0.147987943,-0.038043979
21.750998,43.77691141,44.47338149,43.08044134,Mode20,0.147987973,-0.037989757
21.83383234,43.7891699,44.49086315,43.08747665,Mode20,0.147987986,-0.037881312
21.91666667,43.80142839,44.5083635,43.09449327,Mode20,0.14798799,-0.037881312
8.083333333,61.83676606,62.45200869,61.22152344,Mode21,0.056776566,0.014559779
8.166167665,61.84146911,62.45189796,61.23104026,Mode21,0.056776566,0.014566768
8.249001996,61.84617216,62.45181508,61.24052925,Mode21,0.056776566,0.014563773
8.331836327,61.85087521,62.4517607,61.24998973,Mode21,0.056776567,0.014564771
8.414670659,61.85557826,62.4517355,61.25942102,Mode21,0.05677657,0.009706187
8.49750499,61.86028131,62.4517402,61.26882242,Mode21,0.056776573,0.009709182
8.580339321,61.86498436,62.4517755,61.27819322,Mode21,0.056776577,0.004850597
8.663173653,61.86968741,62.45184214,61.28753267,Mode21,0.056776582,0.004857586
8.746007984,61.87439046,62.45194089,61.29684003,Mode21,0.056776589,0.004850597
8.828842315,61.87909351,62.4520725,61.30611452,Mode21,0.056776597,0.004849599
8.911676647,61.88379656,62.45223778,61.31535534,Mode21,0.056776606,0.014561776
8.994510978,61.88849961,62.45243754,61.32456169,Mode21,0.056776618,0.014563773
9.077345309,61.89320267,62.45267261,61.33373273,Mode21,0.056776632,0.014566768
9.160179641,61.89790572,62.45294384,61.3428676,Mode21,0.056776648,0.014566768
9.243013972,61.90260878,62.45325211,61.35196545,Mode21,0.056776666,0.01456577
9.325848303,61.90731184,62.45359832,61.36102536,Mode21,0.056776686,0.014568765
9.408682635,61.9120149,62.45398337,61.37004643,Mode21,0.05677671,0.00971018
9.491516966,61.91671796,62.4544082,61.37902772,Mode21,0.056776735,0.009708183
9.574351297,61.92142102,62.45487377,61.38796828,Mode21,0.056776763,0.004855589
9.657185629,61.92612409,62.45538105,61.39686713,Mode21,0.056776794,0.004856588
9.74001996,61.93082716,62.45593106,61.40572326,Mode21,0.056776828,0.004855589
9.822854291,61.93553023,62.4565248,61.41453566,Mode21,0.056776865,0.004851596
9.905688623,61.94023331,62.45716333,61.42330329,Mode21,0.056776904,0.014563773
9.988522954,61.94493639,62.45784769,61.43202508,Mode21,0.056776946,0.014566768
10.07135729,61.94963947,62.45857899,61.44069994,Mode21,0.056776991,0.014566768
10.15419162,61.95434255,62.45935833,61.44932678,Mode21,0.05677704,0.014566768
10.23702595,61.95904564,62.46018683,61.45790446,Mode21,0.056777091,0.014566768
10.31986028,61.96374874,62.46106564,61.46643184,Mode21,0.056777146,0.014564771
10.40269461,61.96845184,62.46199593,61.47490774,Mode21,0.056777204,0.00971018
10.48552894,61.97315494,62.46297889,61.48333099,Mode21,0.056777265,0.009711179
10.56836327,61.97785805,62.46401573,61.49170037,Mode21,0.056777329,0.007282386
10.6511976,61.98256117,62.46510767,61.50001466,Mode21,0.056777396,0.012136977
10.73403194,61.98726429,62.46625596,61.50827262,Mode21,0.056777466,0.012139972
10.81686627,61.99196741,62.46746186,61.51647297,Mode21,0.056777539,0.009709182
10.8997006,61.99667055,62.46872664,61.52461445,Mode21,0.056777616,0.009711179
10.98253493,62.00137369,62.47005161,61.53269576,Mode21,0.056777695,0.009709182
11.06536926,62.00607683,62.47143807,61.5407156,Mode21,0.056777778,0.007281387
11.14820359,62.01077998,62.47288734,61.54867263,Mode21,0.056777864,0.01213498
11.23103792,62.01548314,62.47440075,61.55656554,Mode21,0.056777952,0.012138973
11.31387226,62.02018631,62.47597966,61.56439297,Mode21,0.056778044,0.009712177
11.39670659,62.02488949,62.47762541,61.57215357,Mode21,0.056778139,0.009709681
11.47954092,62.02959267,62.47933936,61.57984598,Mode21,0.056778236,0.009712177
11.56237525,62.03429586,62.48112288,61.58746884,Mode21,0.056778337,0.007283883
11.64520958,62.03899906,62.48297735,61.59502078,Mode21,0.05677844,0.012139473
11.72804391,62.04370227,62.48490412,61.60250042,Mode21,0.056778546,0.012138474
11.81087824,62.04840549,62.48690458,61.6099064,Mode21,0.056778655,0.009711678
11.89371257,62.05310871,62.48898009,61.61723734,Mode21,0.056778767,0.009712177
11.97654691,62.05781195,62.491132,61.6244919,Mode21,0.056778881,0.009711179
12.05938124,62.0625152,62.49336169,61.6316687,Mode21,0.056778998,0.007283883
12.14221557,62.06721845,62.49567048,61.63876642,Mode21,0.056779118,0.012136977
12.2250499,62.07192172,62.49805972,61.64578372,Mode21,0.05677924,0.012139473
12.30788423,62.07662499,62.5005307,61.65271928,Mode21,0.056779364,0.009712177
12.39071856,62.08132828,62.50308474,61.65957181,Mode21,0.056779491,0.008497281
12.47355289,62.08603157,62.5057231,61.66634005,Mode21,0.056779621,0.00849828
12.55638723,62.09073488,62.50844703,61.67302273,Mode21,0.056779752,0.010925575
12.63922156,62.0954382,62.51125775,61.67961865,Mode21,0.056779886,0.009711678
12.72205589,62.10014153,62.51415644,61.68612662,Mode21,0.056780023,0.010926075
12.80489022,62.10484487,62.51714426,61.69254549,Mode21,0.056780161,0.009713675
12.88772455,62.10954822,62.52022231,61.69887413,Mode21,0.056780302,0.009711179
12.97055888,62.11425159,62.52339168,61.70511149,Mode21,0.056780444,0.010925575
13.05339321,62.11895496,62.5266534,61.71125653,Mode21,0.056780589,0.010926075
13.13622754,62.12365835,62.53000843,61.71730828,Mode21,0.056780736,0.008498779
13.21906188,62.12836175,62.53345771,61.72326579,Mode21,0.056780884,0.010924078
13.30189621,62.13306516,62.53700211,61.72912822,Mode21,0.056781034,0.010925076
13.38473054,62.13776859,62.54064246,61.73489472,Mode21,0.056781186,0.010318627
13.46756487,62.14247203,62.54437951,61.74056455,Mode21,0.05678134,0.010320124
13.5503992,62.14717548,62.54821396,61.746137,Mode21,0.056781495,0.009712676
13.63323353,62.15187894,62.55214643,61.75161145,Mode21,0.056781651,0.010319625
13.71606786,62.15658242,62.5561775,61.75698734,Mode21,0.056781809,0.009715172
13.7989022,62.16128591,62.56030766,61.76226416,Mode21,0.056781969,0.010017149
13.88173653,62.16598941,62.56453734,61.76744149,Mode21,0.056782129,0.010015652
13.96457086,62.17069293,62.56886688,61.77251898,Mode21,0.056782291,0.01001665
14.04740519,62.17539646,62.57329657,61.77749634,Mode21,0.056782453,0.010169386
14.13023952,62.1801,62.57782662,61.78237338,Mode21,0.056782617,0.01001665
14.21307385,62.18480356,62.58245715,61.78714996,Mode21,0.056782781,0.010094016
14.29590818,62.18950713,62.58718822,61.79182604,Mode21,0.056782946,0.010074051
14.37874251,62.19421071,62.59201981,61.79640162,Mode21,0.056783112,0.01009152
14.46157685,62.19891431,62.59695181,61.80087681,Mode21,0.056783279,0.010017648
14.54441118,62.20361792,62.60198406,61.80525179,Mode21,0.056783446,0.010318127
14.62724551,62.20832155,62.6071163,61.8095268,Mode21,0.056783614,0.010018148
14.71007984,62.21302519,62.61234821,61.81370217,Mode21,0.056783782,0.010018148
14.79291417,62.21772884,62.6176794,61.81777828,Mode21,0.05678395,0.010322121
14.8757485,62.22243251,62.62310941,61.82175561,Mode21,0.056784118,0.01032262
14.95858283,62.22713619,62.62863768,61.8256347,Mode21,0.056784287,0.010321123
15.04141717,62.23183989,62.63426363,61.82941614,Mode21,0.056784456,0.009711179
15.1242515,62.2365436,62.63998658,61.83310061,Mode21,0.056784624,0.010320624
15.20708583,62.24124732,62.6458058,61.83668884,Mode21,0.056784792,0.010926574
15.28992016,62.24595106,62.65172049,61.84018163,Mode21,0.05678496,0.009712177
15.37275449,62.25065481,62.6577298,61.84357981,Mode21,0.056785128,0.010925076
15.45558882,62.25535857,62.66383283,61.84688431,Mode21,0.056785296,0.010927572
15.53842315,62.26006235,62.67002862,61.85009608,Mode21,0.056785463,0.00971068
15.62125749,62.26476614,62.67631617,61.85321612,Mode21,0.056785629,0.010927073
15.70409182,62.26946995,62.6826944,61.8562455,Mode21,0.056785795,0.01092907
15.78692615,62.27417377,62.68916224,61.8591853,Mode21,0.05678596,0.00849828
15.86976048,62.27887761,62.69571855,61.86203666,Mode21,0.056786124,0.008501275
15.95259481,62.28358145,62.70236215,61.86480076,Mode21,0.056786287,0.010927073
16.03542914,62.28828531,62.70909183,61.86747879,Mode21,0.05678645,-0.019419362
16.11826347,62.29298919,62.71590637,61.870072,Mode21,0.056786611,-0.020634258
16.2010978,62.29769308,62.7228045,61.87258165,Mode21,0.056786771,-0.019423855
16.28393214,62.30239698,62.72978494,61.87500901,Mode21,0.05678693,-0.01942086
16.36676647,62.30710089,62.73684637,61.87735541,Mode21,0.056787088,-0.019422358
16.4496008,62.31180482,62.74398749,61.87962215,Mode21,0.056787244,-0.019421858
16.53243513,62.31650876,62.75120694,61.88181057,Mode21,0.056787399,-0.019422358
16.61526946,62.32121271,62.75850339,61.88392203,Mode21,0.056787552,-0.019423356
16.69810379,62.32591667,62.76587546,61.88595789,Mode21,0.056787704,-0.019418863
16.78093812,62.33062065,62.77332181,61.8879195,Mode21,0.056787854,-0.01942086
16.86377246,62.33532464,62.78084105,61.88980824,Mode21,0.056788002,-0.019418863
16.94660679,62.34002864,62.78843182,61.89162547,Mode21,0.056788149,-0.02184516
17.02944112,62.34473266,62.79609275,61.89337257,Mode21,0.056788294,-0.019428847
17.11227545,62.34943668,62.80382247,61.8950509,Mode21,0.056788436,-0.019425353
17.19510978,62.35414072,62.81161963,61.89666182,Mode21,0.056788577,-0.019418863
17.27794411,62.35884477,62.81948286,61.89820668,Mode21,0.056788716,-0.019418364
17.36077844,62.36354883,62.82741082,61.89968685,Mode21,0.056788853,-0.021846658
17.44361277,62.36825291,62.83540217,61.90110364,Mode21,0.056788987,-0.019418364
17.52644711,62.37295699,62.84345559,61.90245839,Mode21,0.056789119,-0.019428348
17.60928144,62.37766108,62.85156976,61.90375241,Mode21,0.056789249,-0.019418863
17.69211577,62.38236519,62.85974338,61.90498699,Mode21,0.056789377,-0.019417865
17.7749501,62.3870693,62.86797518,61.90616343,Mode21,0.056789502,-0.019419362
17.85778443,62.39177343,62.87626388,61.90728298,Mode21,0.056789625,-0.019425852
17.94061876,62.39647756,62.88460823,61.9083469,Mode21,0.056789745,-0.021853647
18.02345309,62.40118171,62.893007,61.90935642,Mode21,0.056789863,-0.021850152
18.10628743,62.40588586,62.90145897,61.91031275,Mode21,0.056789978,-0.019422358
18.18912176,62.41059003,62.90996296,61.9112171,Mode21,0.056790091,-0.024280942
18.27195609,62.4152942,62.91851778,61.91207062,Mode21,0.056790201,-0.024283438
18.35479042,62.41999839,62.92712228,61.91287449,Mode21,0.056790308,-0.024277448
18.43762475,62.42470258,62.93577533,61.91362982,Mode21,0.056790412,-0.024277448
18.52045908,62.42940678,62.94447581,61.91433774,Mode21,0.056790514,-0.024281941
18.60329341,62.43411098,62.95322263,61.91499934,Mode21,0.056790613,-0.024278945
18.68612774,62.4388152,62.96201471,61.91561569,Mode21,0.056790709,-0.024278945
18.76896208,62.44351943,62.97085101,61.91618784,Mode21,0.056790802,-0.024275451
18.85179641,62.44822366,62.9797305,61.91671682,Mode21,0.056790892,-0.014563773
18.93463074,62.4529279,62.98865217,61.91720363,Mode21,0.056790979,-0.014559779
19.01746507,62.45763214,62.99761503,61.91764926,Mode21,0.056791064,-0.019421359
19.1002994,62.4623364,63.00661812,61.91805468,Mode21,0.056791145,-0.019426351
19.18313373,62.46704066,63.01566049,61.91842082,Mode21,0.056791223,-0.01943334
19.26596806,62.47174492,63.02474123,61.91874861,Mode21,0.056791298,-0.024284936
19.3488024,62.47644919,63.03385943,61.91903896,Mode21,0.05679137,-0.024274952
19.43163673,62.48115347,63.0430142,61.91929274,Mode21,0.056791439,-0.024271956
19.51447106,62.48585776,63.0522047,61.91951081,Mode21,0.056791505,-0.024276948
19.59730539,62.49056204,63.06143007,61.91969402,Mode21,0.056791568,-0.024279944
19.68013972,62.49526634,63.0706895,61.91984318,Mode21,0.056791627,-0.024279944
19.76297405,62.49997064,63.07998219,61.91995909,Mode21,0.056791683,-0.014570762
19.84580838,62.50467494,63.08930734,61.92004254,Mode21,0.056791737,-0.014575754
19.92864271,62.50937925,63.09866421,61.92009428,Mode21,0.056791787,-0.014573757
20.01147705,62.51408356,63.10805205,61.92011507,Mode21,0.056791835,-0.01456577
20.09431138,62.51878787,63.11747012,61.92010563,Mode21,0.05679188,-0.019438332
20.17714571,62.52349219,63.12691773,61.92006666,Mode21,0.056791921,-0.024279944
20.25998004,62.52819652,63.13639418,61.91999885,Mode21,0.05679196,-0.024273953
20.34281437,62.53290084,63.1458988,61.91990289,Mode21,0.056791995,-0.024279944
20.4256487,62.53760517,63.15543093,61.91977941,Mode21,0.056792028,-0.024272955
20.50848303,62.5423095,63.16498993,61.91962907,Mode21,0.056792058,-0.024280942
20.59131737,62.54701383,63.17457518,61.91945249,Mode21,0.056792085,-0.01456577
20.6741517,62.55171817,63.18418607,61.91925027,Mode21,0.05679211,-0.024273953
20.75698603,62.55642251,63.19382202,61.919023,Mode21,0.056792132,-0.024289928
20.83982036,62.56112685,63.20348243,61.91877126,Mode21,0.056792151,-0.014567767
20.92265469,62.56583119,63.21316675,61.91849562,Mode21,0.056792168,-0.01457176
21.00548902,62.57053553,63.22287444,61.91819662,Mode21,0.056792184,-0.019432342
21.08832335,62.57523987,63.23260496,61.91787479,Mode21,0.056792197,-0.019424354
21.17115768,62.57994422,63.24235778,61.91753065,Mode21,0.056792207,-0.019417365
21.25399202,62.58464856,63.2521324,61.91716472,Mode21,0.056792216,-0.024281941
21.33682635,62.58935291,63.26192834,61.91677747,Mode21,0.056792223,-0.024283937
21.41966068,62.59405725,63.2717451,61.9163694,Mode21,0.056792229,-0.02427595
21.50249501,62.5987616,63.28158222,61.91594097,Mode21,0.056792233,-0.024274952
21.58532934,62.60346594,63.29143925,61.91549264,Mode21,0.056792236,-0.024289928
21.66816367,62.60817029,63.30131574,61.91502485,Mode21,0.056792237,-0.01457176
21.750998,62.61287464,63.31121125,61.91453803,Mode21,0.056792238,-0.014569763
21.83383234,62.61757899,63.32112537,61.9140326,Mode21,0.056792239,-0.01456577
21.91666667,62.62228333,63.33105768,61.91350898,Mode21,0.056792239,-0.01456577
8.083333333,75.64987142,76.80839411,74.49134873,Mode22,0.451566012,0.186882143
8.166167665,75.68727654,76.82981488,74.5447382,Mode22,0.451564188,0.087155573
8.249001996,75.72468131,76.85138831,74.5979743,Mode22,0.451556976,0.129895532
8.331836327,75.76208514,76.8731209,74.65104938,Mode22,0.451541024,0.115648879
8.414670659,75.79948718,76.89501942,74.70395493,Mode22,0.451513141,0.12933698
8.49750499,75.83688634,76.91709087,74.75668182,Mode22,0.451471713,0.086597021
8.580339321,75.87428148,76.93934248,74.80922048,Mode22,0.451415432,0.100285122
8.663173653,75.91167125,76.96178171,74.86156079,Mode22,0.451341611,0.000558552
8.746007984,75.94905409,76.9844162,74.91369199,Mode22,0.451247713,0.100285122
8.828842315,75.98642824,77.00725376,74.96560272,Mode22,0.451131369,0.114531775
8.911676647,76.02379174,77.03030236,75.01728112,Mode22,0.450990346,0.158388838
8.994510978,76.06114247,77.05357008,75.06871486,Mode22,0.450822559,0.129895532
9.077345309,76.09847812,77.07706507,75.11989118,Mode22,0.450626063,0.087155573
9.160179641,76.13579625,77.10079555,75.17079694,Mode22,0.45039904,0.087155573
9.243013972,76.17309424,77.12476974,75.22141874,Mode22,0.450139809,0.101402226
9.325848303,76.21036938,77.14899584,75.27174292,Mode22,0.449846817,0.058662267
9.408682635,76.24761879,77.17348196,75.32175563,Mode22,0.449518627,0.072350368
9.491516966,76.28483952,77.1982361,75.37144294,Mode22,0.449153917,0.100843674
9.574351297,76.32202848,77.2232661,75.42079087,Mode22,0.448751496,0.029051858
9.657185629,76.35918251,77.24857954,75.46978548,Mode22,0.448310263,0.014805205
9.74001996,76.39629835,77.27418374,75.51841295,Mode22,0.447829233,0.029051858
9.822854291,76.43337266,77.30008567,75.56665965,Mode22,0.447307518,0.086038469
9.905688623,76.47040204,77.32629187,75.61451221,Mode22,0.446744342,0.129895532
9.988522954,76.50738303,77.35280844,75.66195762,Mode22,0.446139013,0.087155573
10.07135729,76.54431211,77.3796409,75.70898333,Mode22,0.445490931,0.087155573
10.15419162,76.58118573,77.40679417,75.75557728,Mode22,0.444799585,0.087155573
10.23702595,76.61800026,77.4342725,75.80172803,Mode22,0.444064553,0.087155573
10.31986028,76.65475209,77.46207936,75.84742483,Mode22,0.443285492,0.115648879
10.40269461,76.69143755,77.49021742,75.89265769,Mode22,0.442462143,0.072350368
10.48552894,76.72805298,77.51868847,75.93741748,Mode22,0.441594309,0.058103715
10.56836327,76.76459466,77.54749334,75.98169599,Mode22,0.440681881,0.057824439
10.6511976,76.80105892,77.57663186,76.02548598,Mode22,0.439724811,0.10112295
10.73403194,76.83744205,77.60610282,76.06878129,Mode22,0.438723127,0.058382991
10.81686627,76.87374037,77.63590389,76.11157684,Mode22,0.437676906,0.086597021
10.8997006,76.90995018,77.66603164,76.15386871,Mode22,0.436586306,0.058103715
10.98253493,76.94606782,77.69648145,76.19565418,Mode22,0.435451526,0.086597021
11.06536926,76.98208964,77.72724754,76.23693173,Mode22,0.434272836,0.072071092
11.14820359,77.01801201,77.75832294,76.27770109,Mode22,0.433050547,0.129616256
11.23103792,77.05383135,77.7896995,76.31796319,Mode22,0.431785038,0.072629644
11.31387226,77.08954408,77.82136793,76.35772023,Mode22,0.430476723,0.043857063
11.39670659,77.12514668,77.85331777,76.3969756,Mode22,0.429126067,0.079473695
11.47954092,77.16063567,77.88553749,76.43573384,Mode22,0.427733586,0.043857063
11.56237525,77.19600759,77.91801451,76.47400067,Mode22,0.426299836,0.03645446
11.64520958,77.23125907,77.95073526,76.51178287,Mode22,0.424825407,0.065506318
11.72804391,77.26638674,77.98368523,76.54908825,Mode22,0.42331094,0.079752971
11.81087824,77.30138734,78.0168491,76.58592557,Mode22,0.421757109,0.050980389
11.89371257,77.33625761,78.05021075,76.62230447,Mode22,0.420164424,0.043857063
11.97654691,77.37099435,78.08375335,76.65823535,Mode22,0.418533115,0.058103715
12.05938124,77.40559438,78.11745944,76.69372933,Mode22,0.416863925,0.03645446
12.14221557,77.44005461,78.15131107,76.72879815,Mode22,0.415157659,0.10112295
12.2250499,77.474372,78.1852899,76.7634541,Mode22,0.41341516,0.065506318
12.30788423,77.50854357,78.21937727,76.79770988,Mode22,0.411637283,0.043857063
12.39071856,77.54256644,78.25355432,76.83157856,Mode22,0.409824916,0.050840751
12.47355289,77.57643779,78.2878021,76.86507348,Mode22,0.407978976,0.036594098
12.55638723,77.61015487,78.32210161,76.89820813,Mode22,0.406100172,0.058243353
12.63922156,77.64371496,78.35643384,76.93099607,Mode22,0.404188555,0.050980389
12.72205589,77.67711534,78.3907798,76.96345088,Mode22,0.402244346,0.051120027
12.80489022,77.71035337,78.42512066,76.99558607,Mode22,0.400268496,0.022487083
12.88772455,77.74342644,78.45943787,77.02741501,Mode22,0.398262015,0.058103715
12.97055888,77.77633208,78.49371326,77.05895091,Mode22,0.396225946,0.058243353
13.05339321,77.80906788,78.52792905,77.09020671,Mode22,0.394161339,0.051120027
13.13622754,77.84163151,78.56206796,77.12119506,Mode22,0.39206926,0.029470772
13.21906188,77.87402074,78.59611324,77.15192824,Mode22,0.389950788,0.079613333
13.30189621,77.90623343,78.63004872,77.18241815,Mode22,0.387807025,0.06536668
13.38473054,77.93826754,78.66385885,77.21267624,Mode22,0.385639076,0.054611871
13.46756487,77.97012111,78.69752873,77.24271349,Mode22,0.383448062,0.033241892
13.5503992,78.00179226,78.73104414,77.27254038,Mode22,0.381235113,0.036733736
13.63323353,78.03327924,78.76439161,77.30216688,Mode22,0.379001372,0.040365218
13.71606786,78.06458037,78.79755838,77.33160236,Mode22,0.376747993,0.001117104
13.7989022,78.09569407,78.83053246,77.36085568,Mode22,0.37447613,0.024302824
13.88173653,78.12661885,78.86330263,77.38993508,Mode22,0.372186959,0.045672804
13.96457086,78.15735334,78.89585847,77.41884821,Mode22,0.369881652,0.031426151
14.04740519,78.18789624,78.92819035,77.44760213,Mode22,0.367561397,0.018087368
14.13023952,78.21824636,78.96028947,77.47620326,Mode22,0.365227381,0.031426151
14.21307385,78.24840262,78.99214782,77.50465743,Mode22,0.362880804,0.010510107
14.29590818,78.27836403,79.02375823,77.53296982,Mode22,0.360522861,0.024643276
14.37874251,78.30812968,79.05511436,77.56114501,Mode22,0.358154767,0.046126739
14.46157685,78.3376988,79.08621068,77.58918692,Mode22,0.35577773,0.017179498
14.54441118,78.36707069,79.11704251,77.61709888,Mode22,0.353392961,0.061735198
14.62724551,78.39624476,79.14760597,77.64488355,Mode22,0.351001686,0.010056171
14.71007984,78.42522053,79.17789804,77.67254301,Mode22,0.348605122,0.010056171
14.79291417,78.4539976,79.20791651,77.70007868,Mode22,0.346204493,0.004748586
14.8757485,78.48257568,79.23765999,77.72749138,Mode22,0.343801025,-0.00237474
14.95858283,78.51095461,79.26712793,77.75478128,Mode22,0.341395945,0.018995239
15.04141717,78.53913428,79.29632059,77.78194798,Mode22,0.338990482,0.058103715
15.1242515,78.56711473,79.32523904,77.80899042,Mode22,0.336585872,0.026118565
15.20708583,78.59489607,79.35388516,77.83590698,Mode22,0.334183334,0.0439967
15.28992016,78.62247853,79.38226165,77.86269541,Mode22,0.331784105,0.043857063
15.37275449,78.64986243,79.410372,77.88935286,Mode22,0.329389412,0.06536668
15.45558882,78.67704819,79.43822048,77.9158759,Mode22,0.327000485,0.029750048
15.53842315,78.70403635,79.46581218,77.94226053,Mode22,0.324618547,0.065227042
15.62125749,78.73082754,79.49315293,77.96850216,Mode22,0.322244828,0.036873374
15.70409182,78.75742249,79.52024934,77.99459563,Mode22,0.319880543,0.008380068
15.78692615,78.78382202,79.5471088,78.02053523,Mode22,0.317526916,0.036594098
15.86976048,78.81002707,79.57373942,78.04631473,Mode22,0.315185165,-0.006145861
15.95259481,78.83603869,79.60015004,78.07192733,Mode22,0.312856495,0.036873374
16.03542914,78.86185799,79.62635023,78.09736574,Mode22,0.310542125,-0.15894739
16.11826347,78.88748621,79.65235024,78.12262218,Mode22,0.308243138,-0.151963701
16.2010978,78.91292465,79.67816093,78.14768836,Mode22,0.305959835,-0.094837451
16.28393214,78.93817463,79.70379371,78.17255555,Mode22,0.303693218,-0.13757741
16.36676647,78.96323759,79.72926062,78.19721456,Mode22,0.30144446,-0.116207431
16.4496008,78.98811506,79.75457431,78.2216558,Mode22,0.299214742,-0.123330757
16.53243513,79.01280865,79.77974803,78.24586928,Mode22,0.297005231,-0.116207431
16.61526946,79.03732011,79.80479554,78.26984467,Mode22,0.294817086,-0.101960778
16.69810379,79.06165123,79.82973115,78.29357131,Mode22,0.292651464,-0.166070716
16.78093812,79.08580394,79.85456962,78.31703825,Mode22,0.290509489,-0.13757741
16.86377246,79.10978023,79.87932613,78.34023433,Mode22,0.288392306,-0.166070716
16.94660679,79.13358222,79.90401627,78.36314817,Mode22,0.286301022,-0.201966624
17.02944112,79.15721208,79.92865593,78.38576824,Mode22,0.284236662,-0.023604187
17.11227545,79.18067208,79.95326122,78.40808293,Mode22,0.282199541,-0.073467472
17.19510978,79.20396448,79.97784841,78.43008055,Mode22,0.280190498,-0.166070716
17.27794411,79.22709167,80.00243391,78.45174943,Mode22,0.278210584,-0.173194042
17.36077844,79.25005609,80.02703423,78.47307795,Mode22,0.276260847,-0.180596645
17.44361277,79.27286029,80.05166593,78.49405466,Mode22,0.274342308,-0.173194042
17.52644711,79.2955069,80.07634554,78.51466827,Mode22,0.272455925,-0.030727513
17.60928144,79.3179986,80.10108944,78.53490776,Mode22,0.270601983,-0.166070716
17.69211577,79.34033809,80.12591377,78.55476241,Mode22,0.268781209,-0.180317369
17.7749501,79.36252816,80.15083445,78.57422188,Mode22,0.266994543,-0.15894739
17.85778443,79.38457169,80.17586706,78.59327631,Mode22,0.265242899,-0.066344146
17.94061876,79.40647159,80.20102686,78.61191632,Mode22,0.263527143,-0.080870075
18.02345309,79.42823087,80.22632859,78.63013315,Mode22,0.261847536,-0.13073336
18.10628743,79.44985254,80.25178646,78.64791862,Mode22,0.260204647,-0.116207431
18.18912176,79.47133965,80.27741406,78.66526523,Mode22,0.258598728,-0.10251933
18.27195609,79.49269528,80.30322434,78.68216622,Mode22,0.257030345,-0.066902698
18.35479042,79.51392258,80.32922957,78.69861559,Mode22,0.255500244,-0.152382615
18.43762475,79.53502474,80.3554413,78.71460819,Mode22,0.254009129,-0.152382615
18.52045908,79.55600503,80.38187032,78.73013974,Mode22,0.252557662,-0.088272677
18.60329341,79.57686675,80.40852663,78.74520687,Mode22,0.251146494,-0.131012636
18.68612774,79.59761326,80.43541939,78.75980713,Mode22,0.249776208,-0.131012636
18.76896208,79.61824798,80.46255694,78.77393902,Mode22,0.248447351,-0.180875921
18.85179641,79.63877436,80.4899467,78.78760202,Mode22,0.24716043,-0.129895532
18.93463074,79.65919589,80.51759524,78.80079654,Mode22,0.245915912,-0.186882143
19.01746507,79.6795161,80.54550823,78.81352397,Mode22,0.244714193,-0.130454084
19.1002994,79.69973855,80.57369046,78.82578664,Mode22,0.243555638,-0.059220819
19.18313373,79.71986684,80.60214585,78.83758783,Mode22,0.242440549,0.040505751
19.26596806,79.73990456,80.63087743,78.84893169,Mode22,0.241369192,-0.045532718
19.3488024,79.75985536,80.65988743,78.85982329,Mode22,0.240341751,-0.187999247
19.43163673,79.77972287,80.68917724,78.87026851,Mode22,0.239358351,-0.230739206
19.51447106,79.79951076,80.71874746,78.88027405,Mode22,0.238419057,-0.159505941
19.59730539,79.81922266,80.74859797,78.88984735,Mode22,0.23752388,-0.116765983
19.68013972,79.83886223,80.7787279,78.89899657,Mode22,0.236672748,-0.116765983
19.76297405,79.85843313,80.80913573,78.90773052,Mode22,0.235865515,-0.030168962
19.84580838,79.87793896,80.83981931,78.91605862,Mode22,0.235101986,0.041064303
19.92864271,79.89738336,80.8707759,78.92399081,Mode22,0.234381857,0.012570997
20.01147705,79.91676989,80.90200222,78.93153756,Mode22,0.233705026,-0.101402226
20.09431138,79.93610214,80.9334945,78.93870978,Mode22,0.233071154,0.111739016
20.17714571,79.95538365,80.96524853,78.94551876,Mode22,0.232479737,-0.116765983
20.25998004,79.9746179,80.99725969,78.95197611,Mode22,0.23193011,-0.2022459
20.34281437,79.99380833,81.02952299,78.95809367,Mode22,0.231421548,-0.116765983
20.4256487,80.01295831,81.06203313,78.96388349,Mode22,0.230953244,-0.216492553
20.50848303,80.03207113,81.09478453,78.96935773,Mode22,0.230524243,-0.10251933
20.59131737,80.05115003,81.12777137,78.97452868,Mode22,0.230134184,-0.101402226
20.6741517,80.07019821,81.16098768,78.97940873,Mode22,0.229782354,-0.2022459
20.75698603,80.08921878,81.19442729,78.98401027,Mode22,0.229467487,0.025700546
20.83982036,80.10821476,81.22808393,78.98834559,Mode22,0.229188231,-0.07290892
20.92265469,80.12718903,81.26195122,78.99242684,Mode22,0.228943076,-0.015922309
21.00548902,80.14614435,81.29602272,78.99626598,Mode22,0.228730431,0.026259098
21.08832335,80.16508334,81.33029197,78.99987471,Mode22,0.228548538,-0.087714125
21.17115768,80.18400848,81.36475251,79.00326444,Mode22,0.228395525,-0.187440695
21.25399202,80.20292206,81.39939789,79.00644623,Mode22,0.228269359,-0.088272677
21.33682635,80.22182624,81.43422172,79.00943075,Mode22,0.228167903,-0.059779371
21.41966068,80.24072295,81.46921771,79.01222819,Mode22,0.228088854,-0.173752594
21.50249501,80.25961396,81.50437964,79.01484828,Mode22,0.228029749,-0.187999247
21.58532934,80.27850081,81.53970141,79.01730021,Mode22,0.227987981,0.025700546
21.66816367,80.29738483,81.5751771,79.01959256,Mode22,0.227960784,-0.015922309
21.750998,80.31626709,81.6108009,79.02173328,Mode22,0.227945221,-0.044415614
21.83383234,80.33514844,81.64656721,79.02372967,Mode22,0.227938194,-0.101402226
21.91666667,80.35402945,81.68247062,79.02558828,Mode22,0.227936405,-0.101402226
8.083333333,41.08995951,41.55421649,40.62570253,Mode23,0.18737969,0.048076103
8.166167665,41.10548098,41.566102,40.64485996,Mode23,0.18737969,0.048064824
8.249001996,41.12100245,41.57800859,40.66399632,Mode23,0.187379689,0.048069658
8.331836327,41.13652392,41.58993676,40.68311109,Mode23,0.187379687,0.048068047
8.414670659,41.15204539,41.60188703,40.70220376,Mode23,0.187379685,0.032051273
8.49750499,41.16756687,41.61385994,40.72127379,Mode23,0.187379681,0.032046439
8.580339321,41.18308834,41.62585603,40.74032064,Mode23,0.187379674,0.016029665
8.663173653,41.19860981,41.63787585,40.75934376,Mode23,0.187379666,0.016018385
8.746007984,41.21413127,41.64991998,40.77834256,Mode23,0.187379655,0.016029665
8.828842315,41.22965274,41.66198901,40.79731647,Mode23,0.187379642,0.016031276
8.911676647,41.24517421,41.67408354,40.81626488,Mode23,0.187379625,0.048072881
8.994510978,41.26069567,41.68620418,40.83518717,Mode23,0.187379606,0.048069658
9.077345309,41.27621714,41.69835156,40.85408272,Mode23,0.187379583,0.048064824
9.160179641,41.2917386,41.71052633,40.87295087,Mode23,0.187379558,0.048064824
9.243013972,41.30726006,41.72272916,40.89179096,Mode23,0.187379528,0.048066435
9.325848303,41.32278152,41.73496072,40.91060231,Mode23,0.187379495,0.048061601
9.408682635,41.33830297,41.7472217,40.92938424,Mode23,0.18737946,0.032044827
9.491516966,41.35382442,41.75951281,40.94813603,Mode23,0.187379419,0.03204805
9.574351297,41.36934587,41.77183478,40.96685696,Mode23,0.187379373,0.016021608
9.657185629,41.38486731,41.78418834,40.98554628,Mode23,0.187379323,0.016019997
9.74001996,41.40038875,41.79657425,41.00420325,Mode23,0.187379269,0.016021608
9.822854291,41.41591018,41.80899329,41.02282708,Mode23,0.18737921,0.016028053
9.905688623,41.43143161,41.82144624,41.04141698,Mode23,0.187379144,0.048069658
9.988522954,41.44695304,41.83393391,41.05997216,Mode23,0.187379076,0.048064824
10.07135729,41.46247445,41.84645711,41.07849179,Mode23,0.187379003,0.048064824
10.15419162,41.47799586,41.85901669,41.09697504,Mode23,0.187378924,0.048064824
10.23702595,41.49351727,41.87161349,41.11542105,Mode23,0.187378841,0.048064824
10.31986028,41.50903867,41.88424838,41.13382896,Mode23,0.187378753,0.048068047
10.40269461,41.52456006,41.89692224,41.15219788,Mode23,0.187378662,0.032044827
10.48552894,41.54008144,41.90963597,41.17052691,Mode23,0.187378563,0.032043216
10.56836327,41.55560281,41.92239047,41.18881515,Mode23,0.18737846,0.024034023
10.6511976,41.57112418,41.93518668,41.20706167,Mode23,0.187378351,0.040057243
10.73403194,41.58664553,41.94802553,41.22526553,Mode23,0.187378238,0.040052408
10.81686627,41.60216688,41.96090798,41.24342578,Mode23,0.18737812,0.032046439
10.8997006,41.61768822,41.97383497,41.26154146,Mode23,0.187377996,0.032043216
10.98253493,41.63320954,41.98680749,41.27961159,Mode23,0.187377868,0.032046439
11.06536926,41.64873086,41.99982653,41.29763518,Mode23,0.187377735,0.024035635
11.14820359,41.66425216,42.01289307,41.31561125,Mode23,0.187377596,0.040060465
11.23103792,41.67977345,42.02600812,41.33353878,Mode23,0.187377453,0.04005402
11.31387226,41.69529473,42.0391727,41.35141677,Mode23,0.187377305,0.032041605
11.39670659,41.710816,42.05238781,41.36924419,Mode23,0.187377152,0.032045633
11.47954092,41.72633726,42.06565448,41.38702003,Mode23,0.187376995,0.032041605
11.56237525,41.7418585,42.07897373,41.40474326,Mode23,0.187376834,0.024031606
11.64520958,41.75737972,42.0923466,41.42241285,Mode23,0.187376666,0.040053214
11.72804391,41.77290094,42.10577411,41.44002777,Mode23,0.187376495,0.040054826
11.81087824,41.78842214,42.11925729,41.45758699,Mode23,0.187376319,0.03204241
11.89371257,41.80394332,42.13279717,41.47508948,Mode23,0.187376139,0.032041605
11.97654691,41.81946449,42.14639477,41.49253422,Mode23,0.187375954,0.032043216
12.05938124,41.83498565,42.16005109,41.5099202,Mode23,0.187375766,0.024031606
12.14221557,41.85050679,42.17376716,41.52724641,Mode23,0.187375573,0.040057243
12.2250499,41.86602791,42.18754397,41.54451185,Mode23,0.187375375,0.040053214
12.30788423,41.88154901,42.20138249,41.56171553,Mode23,0.187375174,0.032041605
12.39071856,41.8970701,42.21528371,41.5788565,Mode23,0.18737497,0.028037814
12.47355289,41.91259117,42.22924856,41.59593378,Mode23,0.187374761,0.028036203
12.55638723,41.92811223,42.24327799,41.61294646,Mode23,0.187374548,0.036047812
12.63922156,41.94363326,42.25737291,41.62989362,Mode23,0.187374332,0.03204241
12.72205589,41.95915428,42.2715342,41.64677437,Mode23,0.187374112,0.036047007
12.80489022,41.97467528,42.28576272,41.66358785,Mode23,0.187373889,0.032039187
12.88772455,41.99019627,42.3000593,41.68033323,Mode23,0.187373662,0.032043216
12.97055888,42.00571723,42.31442475,41.6970097,Mode23,0.187373431,0.036047812
13.05339321,42.02123817,42.32885984,41.71361651,Mode23,0.187373198,0.036047007
13.13622754,42.03675909,42.34336528,41.73015291,Mode23,0.187372962,0.028035397
13.21906188,42.05228,42.35794178,41.74661822,Mode23,0.187372722,0.036050229
13.30189621,42.06780088,42.37258998,41.76301179,Mode23,0.187372479,0.036048618
13.38473054,42.08332175,42.3873105,41.77933299,Mode23,0.187372234,0.034045111
13.46756487,42.09884259,42.4021039,41.79558128,Mode23,0.187371986,0.034042694
13.5503992,42.11436341,42.41697069,41.81175614,Mode23,0.187371736,0.032040799
13.63323353,42.12988422,42.43191135,41.82785708,Mode23,0.187371483,0.0340435
13.71606786,42.145405,42.4469263,41.8438837,Mode23,0.187371228,0.03203677
13.7989022,42.16092576,42.4620159,41.85983562,Mode23,0.187370971,0.033040538
13.88173653,42.1764465,42.47718046,41.87571253,Mode23,0.187370712,0.033042955
13.96457086,42.19196721,42.49242025,41.89151417,Mode23,0.187370452,0.033041344
14.04740519,42.20748791,42.50773547,41.90724034,Mode23,0.187370189,0.033540408
14.13023952,42.22300858,42.52312628,41.92289088,Mode23,0.187369925,0.033041344
14.21307385,42.23852923,42.53859276,41.9384657,Mode23,0.18736966,0.033289264
14.29590818,42.25404986,42.55413495,41.95396477,Mode23,0.187369393,0.033228291
14.37874251,42.26957047,42.56975284,41.9693881,Mode23,0.187369125,0.033293293
14.46157685,42.28509105,42.58544633,41.98473578,Mode23,0.187368856,0.033039732
14.54441118,42.30061162,42.60121531,42.00000792,Mode23,0.187368587,0.034045917
14.62724551,42.31613216,42.61705958,42.01520474,Mode23,0.187368316,0.033038927
14.71007984,42.33165268,42.63297889,42.03032646,Mode23,0.187368045,0.033038927
14.79291417,42.34717317,42.64897296,42.04537339,Mode23,0.187367774,0.034039471
14.8757485,42.36269364,42.66504141,42.06034588,Mode23,0.187367502,0.034038666
14.95858283,42.3782141,42.68118386,42.07524433,Mode23,0.18736723,0.034041083
15.04141717,42.39373452,42.69739984,42.09006921,Mode23,0.187366958,0.032043216
15.1242515,42.40925493,42.71368885,42.104821,Mode23,0.187366686,0.034041888
15.20708583,42.42477531,42.73005035,42.11950028,Mode23,0.187366414,0.036046201
15.28992016,42.44029567,42.74648373,42.13410762,Mode23,0.187366143,0.032041605
15.37275449,42.45581601,42.76298835,42.14864367,Mode23,0.187365872,0.036048618
15.45558882,42.47133633,42.77956354,42.16310911,Mode23,0.187365602,0.036044589
15.53842315,42.48685662,42.79620858,42.17750466,Mode23,0.187365332,0.032044022
15.62125749,42.50237689,42.81292271,42.19183107,Mode23,0.187365064,0.036045395
15.70409182,42.51789714,42.82970514,42.20608914,Mode23,0.187364796,0.036042172
15.78692615,42.53341737,42.84655505,42.22027968,Mode23,0.18736453,0.028036203
15.86976048,42.54893757,42.86347158,42.23440356,Mode23,0.187364266,0.028031368
15.95259481,42.56445775,42.88045387,42.24846164,Mode23,0.187364002,0.036045395
16.03542914,42.57997791,42.897501,42.26245483,Mode23,0.187363743,-0.064091266
16.11826347,42.59549805,42.91461206,42.27638405,Mode23,0.187363484,-0.068095057
16.2010978,42.61101817,42.93178609,42.29025026,Mode23,0.187363225,-0.064084015
16.28393214,42.62653827,42.94902213,42.3040544,Mode23,0.187362969,-0.064088849
16.36676647,42.64205834,42.96631921,42.31779747,Mode23,0.187362714,-0.064086432
16.4496008,42.6575784,42.98367634,42.33148046,Mode23,0.187362462,-0.064087237
16.53243513,42.67309843,43.00109251,42.34510435,Mode23,0.187362212,-0.064086432
16.61526946,42.68861845,43.01856671,42.35867018,Mode23,0.187361965,-0.06408482
16.69810379,42.70413844,43.03609793,42.37217894,Mode23,0.18736172,-0.064092072
16.78093812,42.71965841,43.05368515,42.38563167,Mode23,0.187361477,-0.064088849
16.86377246,42.73517836,43.07132733,42.3990294,Mode23,0.187361238,-0.064092072
16.94660679,42.7506983,43.08902346,42.41237314,Mode23,0.187361002,-0.072105293
17.02944112,42.76621821,43.1067725,42.42566392,Mode23,0.187360768,-0.064075958
17.11227545,42.7817381,43.12457344,42.43890277,Mode23,0.187360537,-0.064081598
17.19510978,42.79725798,43.14242526,42.4520907,Mode23,0.18736031,-0.064092072
17.27794411,42.81277784,43.16032693,42.46522874,Mode23,0.187360086,-0.064092877
17.36077844,42.82829767,43.17827745,42.47831789,Mode23,0.187359867,-0.072102876
17.44361277,42.84381749,43.19627583,42.49135916,Mode23,0.187359649,-0.064092877
17.52644711,42.8593373,43.21432106,42.50435354,Mode23,0.187359435,-0.064076764
17.60928144,42.87485708,43.23241216,42.517302,Mode23,0.187359226,-0.064092072
17.69211577,42.89037685,43.25054816,42.53020554,Mode23,0.18735902,-0.064093683
17.7749501,42.9058966,43.26872809,42.54306511,Mode23,0.187358818,-0.064091266
17.85778443,42.92141633,43.28695101,42.55588165,Mode23,0.18735862,-0.064080792
17.94061876,42.93693605,43.30521598,42.56865612,Mode23,0.187358426,-0.072091596
18.02345309,42.95245575,43.32352208,42.58138943,Mode23,0.187358236,-0.072097236
18.10628743,42.96797544,43.34186839,42.59408249,Mode23,0.18735805,-0.064086432
18.18912176,42.98349511,43.36025401,42.60673621,Mode23,0.187357869,-0.080103206
18.27195609,42.99901477,43.37867807,42.61935146,Mode23,0.187357692,-0.080099177
18.35479042,43.01453441,43.3971397,42.63192911,Mode23,0.187357518,-0.080108845
18.43762475,43.03005403,43.41563804,42.64447002,Mode23,0.18735735,-0.080108845
18.52045908,43.04557365,43.43417227,42.65697503,Mode23,0.187357186,-0.080101594
18.60329341,43.06109325,43.45274155,42.66944494,Mode23,0.187357026,-0.080106428
18.68612774,43.07661284,43.47134509,42.68188058,Mode23,0.187356871,-0.080106428
18.76896208,43.09213241,43.4899821,42.69428272,Mode23,0.187356721,-0.080112068
18.85179641,43.10765197,43.50865179,42.70665215,Mode23,0.187356574,-0.048069658
18.93463074,43.12317152,43.52735343,42.71898962,Mode23,0.187356433,-0.048076103
19.01746507,43.13869106,43.54608625,42.73129588,Mode23,0.187356298,-0.064088043
19.1002994,43.15421059,43.56484954,42.74357164,Mode23,0.187356167,-0.064079986
19.18313373,43.16973011,43.58364259,42.75581763,Mode23,0.187356041,-0.064068707
19.26596806,43.18524962,43.6024647,42.76803453,Mode23,0.18735592,-0.08009676
19.3488024,43.20076911,43.62131519,42.78022304,Mode23,0.187355804,-0.080112874
19.43163673,43.2162886,43.6401934,42.7923838,Mode23,0.187355693,-0.080117708
19.51447106,43.23180808,43.65909868,42.80451747,Mode23,0.187355586,-0.080109651
19.59730539,43.24732755,43.6780304,42.8166247,Mode23,0.187355485,-0.080104817
19.68013972,43.26284701,43.69698794,42.82870608,Mode23,0.187355389,-0.080104817
19.76297405,43.27836647,43.71597069,42.84076224,Mode23,0.187355296,-0.048058378
19.84580838,43.29388591,43.73497807,42.85279376,Mode23,0.18735521,-0.048050321
19.92864271,43.30940535,43.75400949,42.86480122,Mode23,0.187355128,-0.048053544
20.01147705,43.32492479,43.77306439,42.87678518,Mode23,0.187355052,-0.048066435
20.09431138,43.34044421,43.79214224,42.88874619,Mode23,0.187354982,-0.06406065
20.17714571,43.35596364,43.81124248,42.90068479,Mode23,0.187354915,-0.080104817
20.25998004,43.37148305,43.8303646,42.9126015,Mode23,0.187354853,-0.080114485
20.34281437,43.38700246,43.8495081,42.92449683,Mode23,0.187354795,-0.080104817
20.4256487,43.40252187,43.86867246,42.93637127,Mode23,0.187354742,-0.080116097
20.50848303,43.41804127,43.88785722,42.94822532,Mode23,0.187354694,-0.080103206
20.59131737,43.43356067,43.90706189,42.96005945,Mode23,0.187354648,-0.048066435
20.6741517,43.44908007,43.92628602,42.97187411,Mode23,0.18735461,-0.080114485
20.75698603,43.46459946,43.94552915,42.98366976,Mode23,0.187354574,-0.080088703
20.83982036,43.48011885,43.96479086,42.99544683,Mode23,0.187354541,-0.048063212
20.92265469,43.49563823,43.98407071,43.00720576,Mode23,0.187354513,-0.048056767
21.00548902,43.51115762,44.00336828,43.01894695,Mode23,0.187354491,-0.064070318
21.08832335,43.526677,44.02268318,43.03067082,Mode23,0.18735447,-0.064083209
21.17115768,43.54219638,44.04201501,43.04237776,Mode23,0.187354453,-0.064094489
21.25399202,43.55771576,44.06136337,43.05406815,Mode23,0.187354438,-0.080101594
21.33682635,43.57323514,44.08072791,43.06574237,Mode23,0.187354427,-0.080098371
21.41966068,43.58875452,44.10010825,43.07740079,Mode23,0.187354418,-0.080111262
21.50249501,43.6042739,44.11950404,43.08904376,Mode23,0.187354411,-0.080112874
21.58532934,43.61979327,44.13891492,43.10067163,Mode23,0.187354407,-0.080088703
21.66816367,43.63531265,44.15834057,43.11228473,Mode23,0.187354402,-0.048056767
21.750998,43.65083203,44.17778066,43.1238834,Mode23,0.1873544,-0.04805999
21.83383234,43.6663514,44.19723486,43.13546795,Mode23,0.187354399,-0.048066435
21.91666667,43.68187078,44.21670286,43.1470387,Mode23,0.187354399,-0.048066435
8.083333333,62.57142806,63.43988255,61.70297357,Mode24,0.255447355,0.065520345
8.166167665,62.59258787,63.45424683,61.73092891,Mode24,0.255447355,0.065532923
8.249001996,62.61374768,63.46865041,61.75884495,Mode24,0.255447356,0.065527532
8.331836327,62.63490749,63.48309425,61.78672074,Mode24,0.255447358,0.065529329
8.414670659,62.6560673,63.4975793,61.81455531,Mode24,0.255447363,0.043679631
8.49750499,62.67722712,63.51210655,61.84234769,Mode24,0.255447369,0.043685021
8.580339321,62.69838693,63.52667701,61.87009684,Mode24,0.255447376,0.021835324
8.663173653,62.71954674,63.54129174,61.89780175,Mode24,0.255447385,0.021847901
8.746007984,62.74070656,63.55595178,61.92546133,Mode24,0.255447397,0.021835324
8.828842315,62.76186637,63.57065825,61.95307449,Mode24,0.255447412,0.021833527
8.911676647,62.78302619,63.58541225,61.98064012,Mode24,0.255447427,0.065523939
8.994510978,62.804186,63.60021494,62.00815707,Mode24,0.255447448,0.065527532
9.077345309,62.82534582,63.61506748,62.03562417,Mode24,0.255447473,0.065532923
9.160179641,62.84650565,63.6299711,62.0630402,Mode24,0.255447502,0.065532923
9.243013972,62.86766547,63.64492701,62.09040393,Mode24,0.255447534,0.065531126
9.325848303,62.8888253,63.65993648,62.11771412,Mode24,0.255447571,0.065536516
9.408682635,62.90998513,63.67500081,62.14496945,Mode24,0.255447615,0.043686818
9.491516966,62.93114496,63.69012131,62.17216862,Mode24,0.255447661,0.043683225
9.574351297,62.9523048,63.70529934,62.19931026,Mode24,0.255447712,0.021844308
9.657185629,62.97346464,63.72053628,62.22639301,Mode24,0.255447767,0.021846104
9.74001996,62.99462449,63.73583353,62.25341545,Mode24,0.255447828,0.021844308
9.822854291,63.01578435,63.75119255,62.28037614,Mode24,0.255447894,0.02183712
9.905688623,63.0369442,63.7666148,62.3072736,Mode24,0.255447963,0.065527532
9.988522954,63.05810407,63.78210179,62.33410635,Mode24,0.255448039,0.065532923
10.07135729,63.07926394,63.79765505,62.36087283,Mode24,0.255448121,0.065532923
10.15419162,63.10042382,63.81327613,62.3875715,Mode24,0.255448208,0.065532923
10.23702595,63.1215837,63.82896664,62.41420077,Mode24,0.255448301,0.065532923
10.31986028,63.1427436,63.84472819,62.440759,Mode24,0.255448399,0.065529329
10.40269461,63.1639035,63.86056243,62.46724456,Mode24,0.255448505,0.043686818
10.48552894,63.18506341,63.87647105,62.49365577,Mode24,0.255448613,0.043688615
10.56836327,63.20622333,63.89245573,62.51999092,Mode24,0.255448729,0.032764664
10.6511976,63.22738326,63.90851823,62.54624829,Mode24,0.255448849,0.054607175
10.73403194,63.2485432,63.92466028,62.57242612,Mode24,0.255448975,0.054612566
10.81686627,63.26970315,63.94088368,62.59852262,Mode24,0.255449107,0.043685021
10.8997006,63.29086311,63.95719023,62.62453599,Mode24,0.255449245,0.043688615
10.98253493,63.31202308,63.97358175,62.65046442,Mode24,0.255449388,0.043685021
11.06536926,63.33318307,63.99006009,62.67630605,Mode24,0.255449538,0.032762868
11.14820359,63.35434307,64.00662712,62.70205901,Mode24,0.255449691,0.054603582
11.23103792,63.37550308,64.02328472,62.72772143,Mode24,0.25544985,0.054610769
11.31387226,63.3966631,64.04003479,62.75329141,Mode24,0.255450015,0.043690412
11.39670659,63.41782314,64.05687923,62.77876705,Mode24,0.255450186,0.04368592
11.47954092,63.43898319,64.07381997,62.80414642,Mode24,0.255450361,0.043690412
11.56237525,63.46014326,64.09085894,62.82942759,Mode24,0.255450543,0.03276736
11.64520958,63.48130334,64.10799805,62.85460863,Mode24,0.255450728,0.054611667
11.72804391,63.50246344,64.12523927,62.87968762,Mode24,0.255450919,0.05460987
11.81087824,63.52362356,64.1425845,62.90466261,Mode24,0.255451115,0.043689513
11.89371257,63.54478369,64.16003569,62.92953168,Mode24,0.255451316,0.043690412
11.97654691,63.56594384,64.17759476,62.95429291,Mode24,0.255451522,0.043688615
12.05938124,63.587104,64.19526362,62.97894438,Mode24,0.255451733,0.03276736
12.14221557,63.60826418,64.21304415,63.00348421,Mode24,0.255451947,0.054607175
12.2250499,63.62942438,64.23093825,63.02791051,Mode24,0.255452167,0.054611667
12.30788423,63.6505846,64.24894777,63.05222144,Mode24,0.255452391,0.043690412
12.39071856,63.67174484,64.26707452,63.07641516,Mode24,0.255452621,0.038227538
12.47355289,63.6929051,64.28532031,63.10048988,Mode24,0.255452853,0.038229335
12.55638723,63.71406537,64.3036869,63.12444385,Mode24,0.25545309,0.04915059
12.63922156,63.73522567,64.322176,63.14827534,Mode24,0.255453331,0.043689513
12.72205589,63.75638598,64.34078929,63.17198268,Mode24,0.255453576,0.049151489
12.80489022,63.77754632,64.35952839,63.19556425,Mode24,0.255453825,0.043693107
12.88772455,63.79870668,64.37839488,63.21901848,Mode24,0.255454078,0.043688615
12.97055888,63.81986706,64.39739026,63.24234385,Mode24,0.255454335,0.04915059
13.05339321,63.84102746,64.41651599,63.26553892,Mode24,0.255454595,0.049151489
13.13622754,63.86218788,64.43577345,63.28860231,Mode24,0.25545486,0.038230233
13.21906188,63.88334832,64.45516394,63.3115327,Mode24,0.255455127,0.049147895
13.30189621,63.90450879,64.47468871,63.33432887,Mode24,0.255455397,0.049149692
13.38473054,63.92566928,64.4943489,63.35698966,Mode24,0.25545567,0.046420052
13.46756487,63.94682979,64.51414558,63.37951399,Mode24,0.255455947,0.046422747
13.5503992,63.96799032,64.53407974,63.4019009,Mode24,0.255456226,0.04369131
13.63323353,63.98915088,64.55415227,63.42414949,Mode24,0.255456507,0.046421849
13.71606786,64.01031146,64.57436396,63.44625896,Mode24,0.255456792,0.043695802
13.7989022,64.03147206,64.59471552,63.46822861,Mode24,0.255457078,0.045058376
13.88173653,64.05263269,64.61520754,63.49005785,Mode24,0.255457367,0.045055681
13.96457086,64.07379335,64.63584051,63.51174618,Mode24,0.255457658,0.045057478
14.04740519,64.09495402,64.65661484,63.5332932,Mode24,0.25545795,0.045741909
14.13023952,64.11611472,64.67753082,63.55469863,Mode24,0.255458245,0.045057478
14.21307385,64.13727545,64.69858862,63.57596228,Mode24,0.255458541,0.04540149
14.29590818,64.1584362,64.71978832,63.59708408,Mode24,0.255458838,0.045314364
14.37874251,64.17959697,64.74112989,63.61806406,Mode24,0.255459137,0.045396998
14.46157685,64.20075777,64.76261319,63.63890236,Mode24,0.255459437,0.045059275
14.54441118,64.2219186,64.78423797,63.65959922,Mode24,0.255459737,0.046419153
14.62724551,64.24307944,64.80600389,63.680155,Mode24,0.255460039,0.045060173
14.71007984,64.26424032,64.82791048,63.70057015,Mode24,0.255460341,0.045060173
14.79291417,64.28540122,64.8499572,63.72084524,Mode24,0.255460644,0.046426341
14.8757485,64.30656214,64.87214338,63.74098091,Mode24,0.255460947,0.046427239
14.95858283,64.32772309,64.89446826,63.76097793,Mode24,0.25546125,0.046424544
15.04141717,64.34888407,64.91693099,63.78083715,Mode24,0.255461554,0.043688615
15.1242515,64.37004507,64.93953063,63.80055951,Mode24,0.255461857,0.046423645
15.20708583,64.39120609,64.96226614,63.82014605,Mode24,0.25546216,0.049152387
15.28992016,64.41236714,64.9851364,63.83959788,Mode24,0.255462462,0.043690412
15.37275449,64.43352822,65.00814022,63.85891622,Mode24,0.255462764,0.049149692
15.45558882,64.45468932,65.03127631,63.87810233,Mode24,0.255463066,0.049154184
15.53842315,64.47585044,65.05454332,63.89715757,Mode24,0.255463366,0.043687717
15.62125749,64.49701159,65.07793983,63.91608336,Mode24,0.255463666,0.049153285
15.70409182,64.51817276,65.10146435,63.93488118,Mode24,0.255463964,0.049156879
15.78692615,64.53933396,65.12511534,63.95355259,Mode24,0.255464261,0.038229335
15.86976048,64.56049519,65.14889119,63.97209918,Mode24,0.255464556,0.038234725
15.95259481,64.58165644,65.17279025,63.99052262,Mode24,0.25546485,0.049153285
16.03542914,64.60281771,65.19681083,64.00882459,Mode24,0.255465146,-0.08737184
16.11826347,64.623979,65.22095117,64.02700684,Mode24,0.255465436,-0.092834713
16.2010978,64.64514032,65.2452095,64.04507115,Mode24,0.255465724,-0.087379925
16.28393214,64.66630167,65.269584,64.06301933,Mode24,0.25546601,-0.087374535
16.36676647,64.68746304,65.29407284,64.08085323,Mode24,0.255466293,-0.08737723
16.4496008,64.70862443,65.31867415,64.09857471,Mode24,0.255466574,-0.087376332
16.53243513,64.72978584,65.34338603,64.11618565,Mode24,0.255466853,-0.08737723
16.61526946,64.75094728,65.36820659,64.13368796,Mode24,0.255467129,-0.087379027
16.69810379,64.77210874,65.39313391,64.15108356,Mode24,0.255467402,-0.087370941
16.78093812,64.79327022,65.41816607,64.16837437,Mode24,0.255467672,-0.087374535
16.86377246,64.81443173,65.44330113,64.18556232,Mode24,0.255467939,-0.087370941
16.94660679,64.83559325,65.46853717,64.20264934,Mode24,0.255468204,-0.0982904
17.02944112,64.8567548,65.49387224,64.21963736,Mode24,0.255468463,-0.087388909
17.11227545,64.87791637,65.51930443,64.23652831,Mode24,0.25546872,-0.08738262
17.19510978,64.89907796,65.5448318,64.25332412,Mode24,0.255468974,-0.087370941
17.27794411,64.92023957,65.57045246,64.27002669,Mode24,0.255469223,-0.087370043
17.36077844,64.94140121,65.59616449,64.28663792,Mode24,0.25546947,-0.098293095
17.44361277,64.96256286,65.62196602,64.30315969,Mode24,0.255469711,-0.087370043
17.52644711,64.98372453,65.64785517,64.31959389,Mode24,0.255469949,-0.087388011
17.60928144,65.00488622,65.67383009,64.33594235,Mode24,0.255470183,-0.087370941
17.69211577,65.02604793,65.69988895,64.35220692,Mode24,0.255470413,-0.087369145
17.7749501,65.04720966,65.72602993,64.36838939,Mode24,0.255470638,-0.08737184
17.85778443,65.06837141,65.75225125,64.38449157,Mode24,0.255470859,-0.087383519
17.94061876,65.08953318,65.77855115,64.4005152,Mode24,0.255471076,-0.098305673
18.02345309,65.11069496,65.80492788,64.41646204,Mode24,0.255471288,-0.098299384
18.10628743,65.13185676,65.83137973,64.43233379,Mode24,0.255471494,-0.08737723
18.18912176,65.15301858,65.85790502,64.44813214,Mode24,0.255471698,-0.109226928
18.27195609,65.17418042,65.88450208,64.46385875,Mode24,0.255471896,-0.10923142
18.35479042,65.19534227,65.91116929,64.47951524,Mode24,0.255472089,-0.109220639
18.43762475,65.21650414,65.93790505,64.49510322,Mode24,0.255472277,-0.109220639
18.52045908,65.23766602,65.96470778,64.51062426,Mode24,0.25547246,-0.109228725
18.60329341,65.25882792,65.99157594,64.52607989,Mode24,0.255472638,-0.109223334
18.68612774,65.27998983,66.01850802,64.54147163,Mode24,0.255472811,-0.109223334
18.76896208,65.30115175,66.04550254,64.55680097,Mode24,0.255472978,-0.109217046
18.85179641,65.32231369,66.07255804,64.57206935,Mode24,0.255473138,-0.065527532
18.93463074,65.34347565,66.09967311,64.58727819,Mode24,0.255473295,-0.065520345
19.01746507,65.36463761,66.12684634,64.60242888,Mode24,0.255473449,-0.087375433
19.1002994,65.38579959,66.15407639,64.61752279,Mode24,0.255473595,-0.087384417
19.18313373,65.40696158,66.18136191,64.63256125,Mode24,0.255473736,-0.087396995
19.26596806,65.42812358,66.20870161,64.64754556,Mode24,0.255473871,-0.109234115
19.3488024,65.44928559,66.23609421,64.66247698,Mode24,0.255474001,-0.109216147
19.43163673,65.47044762,66.26353846,64.67735677,Mode24,0.255474125,-0.109210757
19.51447106,65.49160965,66.29103316,64.69218614,Mode24,0.255474243,-0.109219741
19.59730539,65.51277169,66.31857712,64.70696627,Mode24,0.255474356,-0.109225131
19.68013972,65.53393374,66.34616917,64.72169832,Mode24,0.255474463,-0.109225131
19.76297405,65.5550958,66.37380818,64.73638342,Mode24,0.255474563,-0.06554011
19.84580838,65.57625787,66.40149306,64.75102268,Mode24,0.255474659,-0.065549093
19.92864271,65.59741995,66.42922273,64.76561717,Mode24,0.25547475,-0.0655455
20.01147705,65.61858203,66.45699612,64.78016794,Mode24,0.255474835,-0.065531126
20.09431138,65.63974412,66.48481223,64.79467602,Mode24,0.255474917,-0.087405978
20.17714571,65.66090622,66.51267004,64.8091424,Mode24,0.255474992,-0.109225131
20.25998004,65.68206832,66.54056859,64.82356806,Mode24,0.255475061,-0.10921435
20.34281437,65.70323043,66.56850692,64.83795394,Mode24,0.255475126,-0.109225131
20.4256487,65.72439254,66.59648411,64.85230098,Mode24,0.255475185,-0.109212554
20.50848303,65.74555466,66.62449924,64.86661008,Mode24,0.255475239,-0.109226928
20.59131737,65.76671678,66.65255145,64.88088212,Mode24,0.255475286,-0.065531126
20.6741517,65.78787891,66.68063988,64.89511794,Mode24,0.255475332,-0.10921435
20.75698603,65.80904104,66.70876368,64.9093184,Mode24,0.255475372,-0.109243099
20.83982036,65.83020317,66.73692205,64.9234843,Mode24,0.255475405,-0.065534719
20.92265469,65.85136531,66.76511418,64.93761644,Mode24,0.255475436,-0.065541906
21.00548902,65.87252745,66.79333931,64.95171559,Mode24,0.255475465,-0.087395198
21.08832335,65.89368959,66.82159668,64.9657825,Mode24,0.255475488,-0.087380824
21.17115768,65.91485173,66.84988555,64.97981791,Mode24,0.255475507,-0.087368246
21.25399202,65.93601387,66.87820522,64.99382253,Mode24,0.255475523,-0.109228725
21.33682635,65.95717602,66.90655498,65.00779706,Mode24,0.255475536,-0.109232318
21.41966068,65.97833816,66.93493415,65.02174217,Mode24,0.255475546,-0.109217944
21.50249501,65.99950031,66.96334208,65.03565854,Mode24,0.255475553,-0.109216147
21.58532934,66.02066245,66.99177812,65.04954679,Mode24,0.255475559,-0.109243099
21.66816367,66.0418246,67.02024163,65.06340757,Mode24,0.25547556,-0.065541906
21.750998,66.06298675,67.04873202,65.07724147,Mode24,0.255475562,-0.065538313
21.83383234,66.0841489,67.07724869,65.0910491,Mode24,0.255475563,-0.065531126
21.91666667,66.10531104,67.10579105,65.10483103,Mode24,0.255475563,-0.065531126
8.083333333,52.3734055,52.92361551,51.82319549,Mode25,0.160493719,0.041170624
8.166167665,52.38669989,52.93259946,51.84080032,Mode25,0.160493719,0.041171255
8.249001996,52.39999428,52.94160842,51.85838014,Mode25,0.160493719,0.041170985
8.331836327,52.41328867,52.95064299,51.87593436,Mode25,0.160493719,0.041171075
8.414670659,52.42658306,52.95970378,51.89346235,Mode25,0.16049372,0.027447053
8.49750499,52.43987745,52.96879142,51.91096348,Mode25,0.160493721,0.027447323
8.580339321,52.45317184,52.97790656,51.92843712,Mode25,0.160493721,0.013723301
8.663173653,52.46646623,52.98704987,51.94588259,Mode25,0.160493722,0.013723932
8.746007984,52.47976062,52.99622203,51.96329922,Mode25,0.160493722,0.013723301
8.828842315,52.49305501,53.00542372,51.9806863,Mode25,0.160493723,0.013723211
8.911676647,52.5063494,53.01465567,51.99804314,Mode25,0.160493722,0.041170804
8.994510978,52.51964379,53.0239186,52.01536898,Mode25,0.160493723,0.041170985
9.077345309,52.53293818,53.03321327,52.03266309,Mode25,0.160493725,0.041171255
9.160179641,52.54623257,53.04254045,52.0499247,Mode25,0.160493726,0.041171255
9.243013972,52.55952696,53.05190091,52.06715302,Mode25,0.160493728,0.041171165
9.325848303,52.57282136,53.06129547,52.08434724,Mode25,0.16049373,0.041171435
9.408682635,52.58611575,53.07072494,52.10150655,Mode25,0.160493733,0.027447413
9.491516966,52.59941014,53.08019017,52.1186301,Mode25,0.160493735,0.027447233
9.574351297,52.61270453,53.08969202,52.13571704,Mode25,0.160493738,0.013723752
9.657185629,52.62599892,53.09923136,52.15276648,Mode25,0.160493741,0.013723842
9.74001996,52.63929331,53.1088091,52.16977753,Mode25,0.160493744,0.013723752
9.822854291,52.6525877,53.11842614,52.18674926,Mode25,0.160493747,0.013723391
9.905688623,52.6658821,53.12808344,52.20368076,Mode25,0.160493749,0.041170985
9.988522954,52.67917649,53.13778193,52.22057105,Mode25,0.160493753,0.041171255
10.07135729,52.69247088,53.14752259,52.23741917,Mode25,0.160493757,0.041171255
10.15419162,52.70576528,53.15730642,52.25422413,Mode25,0.160493762,0.041171255
10.23702595,52.71905967,53.16713442,52.27098492,Mode25,0.160493766,0.041171255
10.31986028,52.73235406,53.17700762,52.28770051,Mode25,0.160493771,0.041171075
10.40269461,52.74564846,53.18692707,52.30436985,Mode25,0.160493778,0.027447413
10.48552894,52.75894285,53.19689382,52.32099188,Mode25,0.160493783,0.027447503
10.56836327,52.77223725,53.20690897,52.33756553,Mode25,0.160493789,0.020585537
10.6511976,52.78553164,53.2169736,52.35408969,Mode25,0.160493794,0.034309199
10.73403194,52.79882604,53.22708883,52.37056326,Mode25,0.160493801,0.034309469
10.81686627,52.81212044,53.23725578,52.3869851,Mode25,0.160493807,0.027447323
10.8997006,52.82541484,53.24747559,52.40335408,Mode25,0.160493814,0.027447503
10.98253493,52.83870923,53.25774942,52.41966904,Mode25,0.160493821,0.027447323
11.06536926,52.85200363,53.26807844,52.43592882,Mode25,0.16049383,0.020585447
11.14820359,52.86529803,53.27846382,52.45213224,Mode25,0.160493837,0.034309019
11.23103792,52.87859243,53.28890676,52.46827811,Mode25,0.160493845,0.034309379
11.31387226,52.89188683,53.29940844,52.48436523,Mode25,0.160493853,0.027447594
11.39670659,52.90518123,53.30997007,52.5003924,Mode25,0.160493861,0.027447368
11.47954092,52.91847564,53.32059286,52.51635841,Mode25,0.16049387,0.027447594
11.56237525,52.93177004,53.33127804,52.53226204,Mode25,0.16049388,0.020585673
11.64520958,52.94506444,53.34202681,52.54810208,Mode25,0.160493889,0.034309424
11.72804391,52.95835885,53.35284039,52.56387731,Mode25,0.160493898,0.034309334
11.81087824,52.97165325,53.36372,52.57958651,Mode25,0.160493908,0.027447548
11.89371257,52.98494766,53.37466685,52.59522847,Mode25,0.160493918,0.027447594
11.97654691,52.99824207,53.38568216,52.61080197,Mode25,0.160493928,0.027447503
12.05938124,53.01153647,53.39676712,52.62630583,Mode25,0.16049394,0.020585673
12.14221557,53.02483088,53.40792293,52.64173884,Mode25,0.16049395,0.034309199
12.2250499,53.03812529,53.41915076,52.65709983,Mode25,0.160493961,0.034309424
12.30788423,53.0514197,53.43045177,52.67238763,Mode25,0.160493972,0.027447594
12.39071856,53.06471411,53.44182712,52.6876011,Mode25,0.160493984,0.024016565
12.47355289,53.07800853,53.45327793,52.70273912,Mode25,0.160493995,0.024016656
12.55638723,53.09130294,53.4648053,52.71780057,Mode25,0.160494007,0.030878486
12.63922156,53.10459735,53.47641032,52.73278439,Mode25,0.160494019,0.027447548
12.72205589,53.11789177,53.48809402,52.74768952,Mode25,0.160494031,0.030878531
12.80489022,53.13118619,53.49985742,52.76251495,Mode25,0.160494044,0.027447729
12.88772455,53.1444806,53.51170151,52.77725969,Mode25,0.160494057,0.027447503
12.97055888,53.15777502,53.52362724,52.7919228,Mode25,0.160494069,0.030878486
13.05339321,53.17106944,53.53563551,52.80650337,Mode25,0.160494083,0.030878531
13.13622754,53.18436386,53.54772718,52.82100054,Mode25,0.160494096,0.024016701
13.21906188,53.19765828,53.55990307,52.8354135,Mode25,0.160494109,0.030878351
13.30189621,53.21095271,53.57216395,52.84974146,Mode25,0.160494123,0.030878441
13.38473054,53.22424713,53.58451054,52.86398372,Mode25,0.160494136,0.029163017
13.46756487,53.23754156,53.5969435,52.87813961,Mode25,0.16049415,0.029163153
13.5503992,53.25083598,53.60946345,52.89220852,Mode25,0.160494164,0.027447639
13.63323353,53.26413041,53.62207093,52.90618988,Mode25,0.160494178,0.029163108
13.71606786,53.27742484,53.63476646,52.92008322,Mode25,0.160494193,0.027447864
13.7989022,53.29071927,53.64755044,52.93388809,Mode25,0.160494207,0.028305463
13.88173653,53.3040137,53.66042327,52.94760413,Mode25,0.160494222,0.028305328
13.96457086,53.31730813,53.67338524,52.96123102,Mode25,0.160494236,0.028305418
14.04740519,53.33060256,53.68643659,52.97476854,Mode25,0.160494251,0.028734375
14.13023952,53.343897,53.6995775,52.98821649,Mode25,0.160494266,0.028305418
14.21307385,53.35719143,53.71280809,53.00157478,Mode25,0.160494281,0.028519987
14.29590818,53.37048587,53.72612838,53.01484336,Mode25,0.160494295,0.028466288
14.37874251,53.38378031,53.73953836,53.02802226,Mode25,0.16049431,0.028519762
14.46157685,53.39707475,53.75303793,53.04111157,Mode25,0.160494325,0.028305508
14.54441118,53.41036919,53.76662694,53.05411144,Mode25,0.160494341,0.029162972
14.62724551,53.42366363,53.78030516,53.06702211,Mode25,0.160494356,0.028305553
14.71007984,53.43695808,53.79407229,53.07984386,Mode25,0.160494371,0.028305553
14.79291417,53.45025252,53.80792799,53.09257705,Mode25,0.160494386,0.029163333
14.8757485,53.46354697,53.82187183,53.1052221,Mode25,0.160494401,0.029163378
14.95858283,53.47684141,53.83590335,53.11777948,Mode25,0.160494416,0.029163243
15.04141717,53.49013586,53.85002199,53.13024974,Mode25,0.160494432,0.027447503
15.1242515,53.50343031,53.86422716,53.14263347,Mode25,0.160494447,0.029163198
15.20708583,53.51672476,53.87851821,53.15493131,Mode25,0.160494462,0.030878576
15.28992016,53.53001921,53.89289444,53.16714399,Mode25,0.160494477,0.027447594
15.37275449,53.54331367,53.90735508,53.17927225,Mode25,0.160494492,0.030878441
15.45558882,53.55660812,53.92189934,53.1913169,Mode25,0.160494507,0.030878667
15.53842315,53.56990258,53.93652636,53.20327879,Mode25,0.160494522,0.027447458
15.62125749,53.58319704,53.95123525,53.21515882,Mode25,0.160494537,0.030878622
15.70409182,53.59649149,53.96602508,53.22695791,Mode25,0.160494552,0.030878802
15.78692615,53.60978595,53.98089487,53.23867704,Mode25,0.160494568,0.024016656
15.86976048,53.62308041,53.99584361,53.25031722,Mode25,0.160494582,0.024016926
15.95259481,53.63637488,54.01087027,53.26187949,Mode25,0.160494597,0.030878622
16.03542914,53.64966934,54.02597378,53.2733649,Mode25,0.160494614,-0.054894736
16.11826347,53.6629638,54.04115304,53.28477457,Mode25,0.160494629,-0.058325764
16.2010978,53.67625827,54.05640694,53.2961096,Mode25,0.160494643,-0.054895142
16.28393214,53.68955274,54.07173434,53.30737114,Mode25,0.160494658,-0.054894872
16.36676647,53.70284721,54.08713408,53.31856033,Mode25,0.160494672,-0.054895007
16.4496008,53.71614167,54.10260499,53.32967836,Mode25,0.160494686,-0.054894962
16.53243513,53.72943614,54.11814588,53.34072641,Mode25,0.1604947,-0.054895007
16.61526946,53.74273062,54.13375557,53.35170566,Mode25,0.160494714,-0.054895097
16.69810379,53.75602509,54.14943285,53.36261733,Mode25,0.160494727,-0.054894691
16.78093812,53.76931956,54.1651765,53.37346262,Mode25,0.160494741,-0.054894872
16.86377246,53.78261404,54.18098533,53.38424275,Mode25,0.160494754,-0.054894691
16.94660679,53.79590851,54.1968581,53.39495892,Mode25,0.160494768,-0.061756432
17.02944112,53.80920299,54.21279362,53.40561236,Mode25,0.160494781,-0.054895593
17.11227545,53.82249747,54.22879067,53.41620427,Mode25,0.160494794,-0.054895277
17.19510978,53.83579195,54.24484805,53.42673585,Mode25,0.160494806,-0.054894691
17.27794411,53.84908643,54.26096454,53.43720831,Mode25,0.160494819,-0.054894646
17.36077844,53.86238091,54.27713897,53.44762285,Mode25,0.160494832,-0.061756567
17.44361277,53.87567539,54.29337014,53.45798064,Mode25,0.160494843,-0.054894646
17.52644711,53.88896988,54.30965689,53.46828286,Mode25,0.160494855,-0.054895547
17.60928144,53.90226436,54.32599804,53.47853068,Mode25,0.160494867,-0.054894691
17.69211577,53.91555885,54.34239244,53.48872525,Mode25,0.160494878,-0.054894601
17.7749501,53.92885333,54.35883896,53.4988677,Mode25,0.16049489,-0.054894736
17.85778443,53.94214782,54.37533648,53.50895916,Mode25,0.160494901,-0.054895322
17.94061876,53.95544231,54.39188387,53.51900074,Mode25,0.160494912,-0.061757198
18.02345309,53.9687368,54.40848006,53.52899354,Mode25,0.160494923,-0.061756883
18.10628743,53.98203129,54.42512395,53.53893862,Mode25,0.160494933,-0.054895007
18.18912176,53.99532578,54.4418145,53.54883706,Mode25,0.160494944,-0.068619029
18.27195609,54.00862027,54.45855065,53.55868989,Mode25,0.160494953,-0.068619254
18.35479042,54.02191476,54.47533137,53.56849815,Mode25,0.160494963,-0.068618713
18.43762475,54.03520925,54.49215568,53.57826283,Mode25,0.160494973,-0.068618713
18.52045908,54.04850375,54.50902256,53.58798494,Mode25,0.160494982,-0.068619119
18.60329341,54.06179824,54.52593105,53.59766544,Mode25,0.160494991,-0.068618849
18.68612774,54.07509274,54.54288019,53.60730528,Mode25,0.160494999,-0.068618849
18.76896208,54.08838723,54.55986906,53.61690541,Mode25,0.160495008,-0.068618533
18.85179641,54.10168173,54.57689673,53.62646673,Mode25,0.160495015,-0.041170985
18.93463074,54.11497623,54.59396231,53.63599015,Mode25,0.160495022,-0.041170624
19.01746507,54.12827073,54.61106492,53.64547654,Mode25,0.160495031,-0.054894917
19.1002994,54.14156523,54.62820369,53.65492676,Mode25,0.160495039,-0.054895367
19.18313373,54.15485972,54.6453778,53.66434165,Mode25,0.160495046,-0.054895998
19.26596806,54.16815422,54.6625864,53.67372205,Mode25,0.160495053,-0.068619389
19.3488024,54.18144872,54.67982871,53.68306874,Mode25,0.160495059,-0.068618488
19.43163673,54.19474323,54.69710393,53.69238253,Mode25,0.160495065,-0.068618218
19.51447106,54.20803773,54.71441129,53.70166417,Mode25,0.160495071,-0.068618668
19.59730539,54.22133223,54.73175004,53.71091442,Mode25,0.160495077,-0.068618939
19.68013972,54.23462673,54.74911944,53.72013402,Mode25,0.160495082,-0.068618939
19.76297405,54.24792123,54.76651879,53.72932368,Mode25,0.160495086,-0.041171616
19.84580838,54.26121574,54.78394738,53.7384841,Mode25,0.160495091,-0.041172066
19.92864271,54.27451024,54.80140452,53.74761596,Mode25,0.160495095,-0.041171886
20.01147705,54.28780475,54.81888955,53.75671994,Mode25,0.1604951,-0.041171165
20.09431138,54.30109925,54.83640182,53.76579668,Mode25,0.160495105,-0.054896449
20.17714571,54.31439375,54.85394069,53.77484682,Mode25,0.160495109,-0.068618939
20.25998004,54.32768826,54.87150555,53.78387097,Mode25,0.160495112,-0.068618398
20.34281437,54.34098276,54.88909578,53.79286975,Mode25,0.160495115,-0.068618939
20.4256487,54.35427727,54.9067108,53.80184374,Mode25,0.160495118,-0.068618308
20.50848303,54.36757178,54.92435003,53.81079352,Mode25,0.160495121,-0.068619029
20.59131737,54.38086628,54.94201291,53.81971965,Mode25,0.160495122,-0.041171165
20.6741517,54.39416079,54.9596989,53.82862268,Mode25,0.160495126,-0.068618398
20.75698603,54.40745529,54.97740746,53.83750313,Mode25,0.160495128,-0.06861984
20.83982036,54.4207498,54.99513807,53.84636153,Mode25,0.160495128,-0.041171345
20.92265469,54.43404431,55.01289022,53.85519839,Mode25,0.16049513,-0.041171706
21.00548902,54.44733881,55.03066342,53.8640142,Mode25,0.160495132,-0.054895908
21.08832335,54.46063332,55.0484572,53.87280945,Mode25,0.160495134,-0.054895187
21.17115768,54.47392783,55.06627107,53.88158459,Mode25,0.160495135,-0.054894556
21.25399202,54.48722233,55.08410458,53.89034009,Mode25,0.160495135,-0.068619119
21.33682635,54.50051684,55.10195729,53.89907639,Mode25,0.160495136,-0.068619299
21.41966068,54.51381135,55.11982876,53.90779394,Mode25,0.160495137,-0.068618578
21.50249501,54.52710586,55.13771857,53.91649314,Mode25,0.160495137,-0.068618488
21.58532934,54.54040036,55.15562631,53.92517442,Mode25,0.160495137,-0.06861984
21.66816367,54.55369487,55.17355158,53.93383817,Mode25,0.160495136,-0.041171706
21.750998,54.56698938,55.19149398,53.94248478,Mode25,0.160495136,-0.041171525
21.83383234,54.58028388,55.20945313,53.95111464,Mode25,0.160495136,-0.041171165
21.91666667,54.59357839,55.22742867,53.95972811,Mode25,0.160495136,-0.041171165
8.083333333,61.98051069,62.79462296,61.16639843,Mode26,0.251991961,0.064268483
8.166167665,62.00138428,62.80906362,61.19370494,Mode26,0.251991971,0.064794072
8.249001996,62.02225787,62.82354241,61.22097332,Mode26,0.251992009,0.06456882
8.331836327,62.04313146,62.83806027,61.24820265,Mode26,0.251992093,0.064643904
8.414670659,62.06400506,62.85261815,61.27539198,Mode26,0.251992242,0.042820627
8.49750499,62.08487868,62.86721702,61.30254034,Mode26,0.25199246,0.04304588
8.580339321,62.10575232,62.8818579,61.32964674,Mode26,0.251992757,0.021222603
8.663173653,62.12662599,62.89654182,61.35671015,Mode26,0.251993146,0.021748192
8.746007984,62.14749969,62.91126984,61.38372954,Mode26,0.251993641,0.021222603
8.828842315,62.16837344,62.92604306,61.41070382,Mode26,0.251994254,0.021147519
8.911676647,62.18924725,62.94086258,61.43763191,Mode26,0.251994995,0.064418651
8.994510978,62.21012112,62.95572956,61.46451268,Mode26,0.251995879,0.06456882
9.077345309,62.23099507,62.97064515,61.49134499,Mode26,0.251996915,0.064794072
9.160179641,62.25186911,62.98561057,61.51812766,Mode26,0.251998111,0.064794072
9.243013972,62.27274327,63.00062703,61.54485951,Mode26,0.251999477,0.064718988
9.325848303,62.29361754,63.01569578,61.57153929,Mode26,0.252001022,0.06494424
9.408682635,62.31449194,63.03081811,61.59816578,Mode26,0.252002753,0.043120964
9.491516966,62.3353665,63.04599531,61.62473769,Mode26,0.252004676,0.042970796
9.574351297,62.35624123,63.06122872,61.65125373,Mode26,0.252006796,0.021598024
9.657185629,62.37711614,63.0765197,61.67771257,Mode26,0.252009122,0.021673108
9.74001996,62.39799125,63.09186963,61.70411286,Mode26,0.252011657,0.021598024
9.822854291,62.41886658,63.10727992,61.73045323,Mode26,0.252014407,0.021297688
9.905688623,62.43974214,63.122752,61.75673229,Mode26,0.252017373,0.06456882
9.988522954,62.46061796,63.13828733,61.7829486,Mode26,0.252020563,0.064794072
10.07135729,62.48149406,63.15388739,61.80910073,Mode26,0.252023978,0.064794072
10.15419162,62.50237045,63.16955369,61.8351872,Mode26,0.252027622,0.064794072
10.23702595,62.52324714,63.18528776,61.86120653,Mode26,0.252031496,0.064794072
10.31986028,62.54412417,63.20109116,61.88715719,Mode26,0.252035602,0.064643904
10.40269461,62.56500155,63.21696545,61.91303766,Mode26,0.252039943,0.043120964
10.48552894,62.5858793,63.23291223,61.93884637,Mode26,0.252044516,0.043196048
10.56836327,62.60675744,63.24893313,61.96458175,Mode26,0.252049326,0.032321952
10.6511976,62.62763598,63.26502976,61.9902422,Mode26,0.252054369,0.053844892
10.73403194,62.64851495,63.2812038,62.01582611,Mode26,0.252059648,0.054070144
10.81686627,62.66939437,63.29745689,62.04133185,Mode26,0.252065162,0.04304588
10.8997006,62.69027426,63.31379074,62.06675777,Mode26,0.25207091,0.043196048
10.98253493,62.71115463,63.33020704,62.09210222,Mode26,0.25207689,0.04304588
11.06536926,62.73203551,63.3467075,62.11736351,Mode26,0.252083103,0.032246868
11.14820359,62.75291691,63.36329385,62.14253997,Mode26,0.252089544,0.053694724
11.23103792,62.77379885,63.37996781,62.16762989,Mode26,0.252096214,0.05399506
11.31387226,62.79468136,63.39673113,62.19263159,Mode26,0.252103109,0.043271132
11.39670659,62.81556444,63.41358554,62.21754334,Mode26,0.252110227,0.043083422
11.47954092,62.83644813,63.4305328,62.24236345,Mode26,0.252117566,0.043271132
11.56237525,62.85733243,63.44757466,62.2670902,Mode26,0.252125123,0.032434578
11.64520958,62.87821737,63.46471285,62.29172189,Mode26,0.252132893,0.054032602
11.72804391,62.89910295,63.48194911,62.3162568,Mode26,0.252140875,0.053957518
11.81087824,62.91998921,63.49928519,62.34069323,Mode26,0.252149064,0.04323359
11.89371257,62.94087616,63.51672281,62.36502951,Mode26,0.252157458,0.043271132
11.97654691,62.96176381,63.53426367,62.38926395,Mode26,0.252166055,0.043196048
12.05938124,62.98265218,63.55190946,62.41339489,Mode26,0.252174854,0.032434578
12.14221557,63.00354128,63.56966187,62.4374207,Mode26,0.252183845,0.053844892
12.2250499,63.02443114,63.58752254,62.46133975,Mode26,0.252193028,0.054032602
12.30788423,63.04532177,63.6054931,62.48515044,Mode26,0.252202398,0.043271132
12.39071856,63.06621318,63.62357514,62.50885123,Mode26,0.252211951,0.037796542
12.47355289,63.08710539,63.64177022,62.53244057,Mode26,0.252221679,0.037871626
12.55638723,63.10799842,63.66007986,62.55591697,Mode26,0.252231581,0.048633096
12.63922156,63.12889227,63.67850556,62.57927898,Mode26,0.252241655,0.04323359
12.72205589,63.14978696,63.69704873,62.60252518,Mode26,0.252251902,0.048670638
12.80489022,63.17068251,63.71571079,62.62565423,Mode26,0.252262315,0.043383758
12.88772455,63.19157892,63.73449305,62.6486648,Mode26,0.25227289,0.043196048
12.97055888,63.21247622,63.75339681,62.67155564,Mode26,0.252283621,0.048633096
13.05339321,63.23337442,63.77242327,62.69432556,Mode26,0.252294502,0.048670638
13.13622754,63.25427352,63.79157361,62.71697343,Mode26,0.252305528,0.037909168
13.21906188,63.27517354,63.81084891,62.73949817,Mode26,0.252316693,0.04852047
13.30189621,63.29607449,63.8302502,62.76189879,Mode26,0.252327991,0.048595554
13.38473054,63.31697639,63.84977842,62.78417436,Mode26,0.252339417,0.045933343
13.46756487,63.33787923,63.86943444,62.80632402,Mode26,0.252350964,0.046045969
13.5503992,63.35878304,63.88921906,62.82834701,Mode26,0.252362627,0.043308674
13.63323353,63.37968781,63.909133,62.85024262,Mode26,0.252374399,0.046008427
13.71606786,63.40059357,63.92917689,62.87201025,Mode26,0.252386276,0.043496385
13.7989022,63.42150031,63.94935126,62.89364937,Mode26,0.252398249,0.044733635
13.88173653,63.44240805,63.96965657,62.91515953,Mode26,0.252410314,0.044621009
13.96457086,63.46331679,63.9900932,62.93654039,Mode26,0.252422463,0.044696093
14.04740519,63.48422655,64.01066141,62.95779168,Mode26,0.252434692,0.045446115
14.13023952,63.50513731,64.03136141,62.97891322,Mode26,0.252446993,0.044696093
14.21307385,63.5260491,64.05219327,62.99990493,Mode26,0.25245936,0.045146188
14.29590818,63.54696192,64.07315702,63.02076682,Mode26,0.252471787,0.044986737
14.37874251,63.56787577,64.09425255,63.04149899,Mode26,0.252484267,0.044958478
14.46157685,63.58879065,64.11547969,63.06210162,Mode26,0.252496795,0.044771177
14.54441118,63.60970658,64.13683817,63.08257499,Mode26,0.252509364,0.045895801
14.62724551,63.63062354,64.15832763,63.10291946,Mode26,0.252521966,0.044808719
14.71007984,63.65154155,64.17994762,63.12313549,Mode26,0.252534597,0.044808719
14.79291417,63.67246061,64.2016976,63.14322362,Mode26,0.252547249,0.046196138
14.8757485,63.69338072,64.22357697,63.16318447,Mode26,0.252559916,0.04623368
14.95858283,63.71430188,64.24558502,63.18301874,Mode26,0.252572591,0.046121053
15.04141717,63.73522408,64.26772096,63.20272721,Mode26,0.252585269,0.043196048
15.1242515,63.75614734,64.28998394,63.22231074,Mode26,0.252597942,0.046083511
15.20708583,63.77707165,64.31237303,63.24177026,Mode26,0.252610604,0.04870818
15.28992016,63.797997,64.33488722,63.26110678,Mode26,0.252623249,0.043271132
15.37275449,63.8189234,64.35752545,63.28032136,Mode26,0.252635869,0.048595554
15.45558882,63.83985085,64.38028656,63.29941513,Mode26,0.25264846,0.048783264
15.53842315,63.86077933,64.40316938,63.31838929,Mode26,0.252661013,0.043158506
15.62125749,63.88170886,64.42617263,63.33724509,Mode26,0.252673523,0.048745722
15.70409182,63.90263942,64.44929502,63.35598382,Mode26,0.252685984,0.048895891
15.78692615,63.92357101,64.47253517,63.37460684,Mode26,0.252698389,0.037871626
15.86976048,63.94450362,64.4958917,63.39311554,Mode26,0.252710731,0.038096879
15.95259481,63.96543725,64.51936314,63.41151137,Mode26,0.252723003,0.048745722
16.03542914,63.9863719,64.54294801,63.42979579,Mode26,0.252735205,-0.086166844
16.11826347,64.00730755,64.56664479,63.44797032,Mode26,0.252747321,-0.091641434
16.2010978,64.02824421,64.59045192,63.46603649,Mode26,0.252759355,-0.086504722
16.28393214,64.04918186,64.61436783,63.48399588,Mode26,0.2527713,-0.08627947
16.36676647,64.07012049,64.63839089,63.50185008,Mode26,0.252783152,-0.086392096
16.4496008,64.0910601,64.6625195,63.5196007,Mode26,0.252794903,-0.086354554
16.53243513,64.11200068,64.68675199,63.53724937,Mode26,0.252806548,-0.086392096
16.61526946,64.13294222,64.71108671,63.55479772,Mode26,0.25281808,-0.08646718
16.69810379,64.15388471,64.73552199,63.57224742,Mode26,0.252829494,-0.086129302
16.78093812,64.17482814,64.76005616,63.58960012,Mode26,0.252840783,-0.08627947
16.86377246,64.1957725,64.78468751,63.60685749,Mode26,0.252851941,-0.086129302
16.94660679,64.21671778,64.80941436,63.62402119,Mode26,0.252862964,-0.096815688
17.02944112,64.23766396,64.83423504,63.64109289,Mode26,0.252873842,-0.086880143
17.11227545,64.25861104,64.85914784,63.65807425,Mode26,0.252884578,-0.086617349
17.19510978,64.27955901,64.88415108,63.67496694,Mode26,0.252895167,-0.086129302
17.27794411,64.30050784,64.90924309,63.6917726,Mode26,0.252905601,-0.08609176
17.36077844,64.32145754,64.9344222,63.70849288,Mode26,0.252915878,-0.096928314
17.44361277,64.34240807,64.95968674,63.72512941,Mode26,0.252925988,-0.08609176
17.52644711,64.36335944,64.98503508,63.74168381,Mode26,0.25293593,-0.086842601
17.60928144,64.38431163,65.01046557,63.75815768,Mode26,0.252945701,-0.086129302
17.69211577,64.40526461,65.0359766,63.77455263,Mode26,0.252955297,-0.086054218
17.7749501,64.42621839,65.06156655,63.79087022,Mode26,0.252964713,-0.086166844
17.85778443,64.44717293,65.08723386,63.80711201,Mode26,0.252973945,-0.086654891
17.94061876,64.46812824,65.11297693,63.82327954,Mode26,0.252982989,-0.097453903
18.02345309,64.48908428,65.13879423,63.83937433,Mode26,0.252991841,-0.097191108
18.10628743,64.51004105,65.16468422,63.85539788,Mode26,0.253000498,-0.086392096
18.18912176,64.53099853,65.19064539,63.87135167,Mode26,0.253008963,-0.108215373
18.27195609,64.5519567,65.21667625,63.88723715,Mode26,0.253017229,-0.108403083
18.35479042,64.57291555,65.24277533,63.90305577,Mode26,0.253025293,-0.107952578
18.43762475,64.59387506,65.26894119,63.91880892,Mode26,0.253033151,-0.107952578
18.52045908,64.61483521,65.29517239,63.93449802,Mode26,0.253040801,-0.108290457
18.60329341,64.63579598,65.32146755,63.95012441,Mode26,0.253048238,-0.108065204
18.68612774,64.65675736,65.34782527,63.96568946,Mode26,0.25305546,-0.108065204
18.76896208,64.67771933,65.3742442,63.98119446,Mode26,0.253062464,-0.10780241
18.85179641,64.69868188,65.40072301,63.99664074,Mode26,0.253069244,-0.06456882
18.93463074,64.71964497,65.42726039,64.01202955,Mode26,0.253075803,-0.064268483
19.01746507,64.7406086,65.45385505,64.02736215,Mode26,0.253082139,-0.086317012
19.1002994,64.76157274,65.48050572,64.04263977,Mode26,0.253088245,-0.086692433
19.18313373,64.78253738,65.50721116,64.05786361,Mode26,0.253094121,-0.087218022
19.26596806,64.8035025,65.53397015,64.07303485,Mode26,0.253099768,-0.108515709
19.3488024,64.82446808,65.5607815,64.08815466,Mode26,0.253105183,-0.107764868
19.43163673,64.84543409,65.58764402,64.10322416,Mode26,0.253110365,-0.107539615
19.51447106,64.86640052,65.61455657,64.11824448,Mode26,0.253115316,-0.107915036
19.59730539,64.88736736,65.64151802,64.1332167,Mode26,0.253120034,-0.108140288
19.68013972,64.90833458,65.66852725,64.1481419,Mode26,0.253124519,-0.108140288
19.76297405,64.92930215,65.69558318,64.16302112,Mode26,0.253128772,-0.065094409
19.84580838,64.95027007,65.72268475,64.1778554,Mode26,0.253132796,-0.065469829
19.92864271,64.97123832,65.74983091,64.19264573,Mode26,0.253136591,-0.065319661
20.01147705,64.99220687,65.77702063,64.20739311,Mode26,0.253140158,-0.064718988
20.09431138,65.0131757,65.80425291,64.2220985,Mode26,0.253143501,-0.087593442
20.17714571,65.03414481,65.83152677,64.23676284,Mode26,0.253146618,-0.108140288
20.25998004,65.05511416,65.85884125,64.25138706,Mode26,0.253149515,-0.107689784
20.34281437,65.07608374,65.88619541,64.26597208,Mode26,0.253152195,-0.108140288
20.4256487,65.09705354,65.91358831,64.28051876,Mode26,0.253154663,-0.1076147
20.50848303,65.11802353,65.94101907,64.29502799,Mode26,0.253156924,-0.108215373
20.59131737,65.1389937,65.96848679,64.30950061,Mode26,0.253158977,-0.064718988
20.6741517,65.15996403,65.99599061,64.32393746,Mode26,0.253160834,-0.107689784
20.75698603,65.18093451,66.02352968,64.33833934,Mode26,0.253162493,-0.10889113
20.83982036,65.20190512,66.05110318,64.35270705,Mode26,0.253163963,-0.064869156
20.92265469,65.22287584,66.07871031,64.36704138,Mode26,0.253165255,-0.065169493
21.00548902,65.24384666,66.10635026,64.38134307,Mode26,0.253166378,-0.087142937
21.08832335,65.26481757,66.13402227,64.39561287,Mode26,0.253167336,-0.086542264
21.17115768,65.28578855,66.16172558,64.40985152,Mode26,0.253168143,-0.086016676
21.25399202,65.30675959,66.18945948,64.42405971,Mode26,0.253168808,-0.108290457
21.33682635,65.32773069,66.21722322,64.43823815,Mode26,0.253169342,-0.108440625
21.41966068,65.34870182,66.24501613,64.4523875,Mode26,0.253169759,-0.107839952
21.50249501,65.36967298,66.27283753,64.46650843,Mode26,0.253170071,-0.107764868
21.58532934,65.39064416,66.30068674,64.48060158,Mode26,0.253170291,-0.10889113
21.66816367,65.41161536,66.32856314,64.49466758,Mode26,0.253170432,-0.065169493
21.750998,65.43258657,66.3564661,64.50870703,Mode26,0.253170514,-0.065019325
21.83383234,65.45355778,66.38439501,64.52272054,Mode26,0.253170551,-0.064718988
21.91666667,65.47452899,66.41234929,64.53670869,Mode26,0.25317056,-0.064718988
8.083333333,45.32587302,45.8551318,44.79661423,Mode27,0.199775406,0.051239662
8.166167665,45.34242128,45.86753465,44.81730791,Mode27,0.199775407,0.051251243
8.249001996,45.35896954,45.87996154,44.83797754,Mode27,0.199775407,0.05124628
8.331836327,45.37551781,45.89241305,44.85862256,Mode27,0.199775409,0.051247934
8.414670659,45.39206607,45.90488976,44.87924238,Mode27,0.199775414,0.034159224
8.49750499,45.40861433,45.91739228,44.89983638,Mode27,0.199775419,0.034164186
8.580339321,45.4251626,45.92992123,44.92040396,Mode27,0.199775426,0.017075476
8.663173653,45.44171086,45.94247726,44.94094446,Mode27,0.199775434,0.017087056
8.746007984,45.45825912,45.955061,44.96145724,Mode27,0.199775445,0.017075476
8.828842315,45.47480739,45.96767315,44.98194164,Mode27,0.199775459,0.017073822
8.911676647,45.49135566,45.98031437,45.00239695,Mode27,0.199775473,0.051242971
8.994510978,45.50790393,45.99298537,45.02282248,Mode27,0.199775493,0.05124628
9.077345309,45.5244522,46.00568688,45.04321752,Mode27,0.199775516,0.051251243
9.160179641,45.54100047,46.01841963,45.06358131,Mode27,0.199775542,0.051251243
9.243013972,45.55754874,46.03118437,45.08391312,Mode27,0.199775572,0.051249588
9.325848303,45.57409702,46.04398189,45.10421216,Mode27,0.199775606,0.051254551
9.408682635,45.5906453,46.05681296,45.12447764,Mode27,0.199775646,0.034165841
9.491516966,45.60719359,46.06967841,45.14470876,Mode27,0.199775688,0.034162532
9.574351297,45.62374187,46.08257905,45.1649047,Mode27,0.199775735,0.017083748
9.657185629,45.64029016,46.09551573,45.1850646,Mode27,0.199775786,0.017085402
9.74001996,45.65683846,46.10848931,45.20518761,Mode27,0.199775842,0.017083748
9.822854291,45.67338676,46.12150069,45.22527284,Mode27,0.199775903,0.01707713
9.905688623,45.68993507,46.13455074,45.24531939,Mode27,0.199775966,0.05124628
9.988522954,45.70648338,46.1476404,45.26532636,Mode27,0.199776037,0.051251243
10.07135729,45.7230317,46.1607706,45.2852928,Mode27,0.199776112,0.051251243
10.15419162,45.73958002,46.17394229,45.30521775,Mode27,0.199776192,0.051251243
10.23702595,45.75612835,46.18715644,45.32510026,Mode27,0.199776277,0.051251243
10.31986028,45.77267669,46.20041405,45.34493933,Mode27,0.199776368,0.051247934
10.40269461,45.78922504,46.21371611,45.36473396,Mode27,0.199776465,0.034165841
10.48552894,45.80577339,46.22706366,45.38448312,Mode27,0.199776565,0.034167495
10.56836327,45.82232175,46.24045772,45.40418578,Mode27,0.199776672,0.025623967
10.6511976,45.83887012,46.25389936,45.42384089,Mode27,0.199776782,0.04270606
10.73403194,45.85541851,46.26738965,45.44344736,Mode27,0.199776899,0.042711023
10.81686627,45.8719669,46.28092966,45.46300413,Mode27,0.19977702,0.034164186
10.8997006,45.8885153,46.2945205,45.48251009,Mode27,0.199777147,0.034167495
10.98253493,45.90506371,46.30816328,45.50196414,Mode27,0.199777278,0.034164186
11.06536926,45.92161213,46.32185912,45.52136514,Mode27,0.199777416,0.025622313
11.14820359,45.93816057,46.33560916,45.54071197,Mode27,0.199777557,0.042702752
11.23103792,45.95470901,46.34941454,45.56000349,Mode27,0.199777704,0.042709369
11.31387226,45.97125747,46.36327641,45.57923854,Mode27,0.199777856,0.034169149
11.39670659,45.98780594,46.37719593,45.59841596,Mode27,0.199778013,0.034165014
11.47954092,46.00435443,46.39117427,45.61753459,Mode27,0.199778175,0.034169149
11.56237525,46.02090293,46.4052126,45.63659326,Mode27,0.199778342,0.025626448
11.64520958,46.03745144,46.41931209,45.65559079,Mode27,0.199778512,0.042710196
11.72804391,46.05399997,46.43347391,45.67452602,Mode27,0.199778688,0.042708542
11.81087824,46.07054851,46.44769924,45.69339778,Mode27,0.199778869,0.034168322
11.89371257,46.08709707,46.46198924,45.71220489,Mode27,0.199779054,0.034169149
11.97654691,46.10364564,46.47634509,45.73094619,Mode27,0.199779243,0.034167495
12.05938124,46.12019423,46.49076793,45.74962052,Mode27,0.199779438,0.025626448
12.14221557,46.13674283,46.50525892,45.76822674,Mode27,0.199779635,0.04270606
12.2250499,46.15329145,46.51981919,45.78676372,Mode27,0.199779837,0.042710196
12.30788423,46.16984009,46.53444986,45.80523032,Mode27,0.199780044,0.034169149
12.39071856,46.18638874,46.54915204,45.82362545,Mode27,0.199780255,0.029896558
12.47355289,46.20293742,46.56392681,45.84194802,Mode27,0.199780469,0.029898213
12.55638723,46.21948611,46.57877524,45.86019697,Mode27,0.199780687,0.038439259
12.63922156,46.23603482,46.59369836,45.87837127,Mode27,0.199780909,0.034168322
12.72205589,46.25258354,46.60869719,45.89646989,Mode27,0.199781134,0.038440086
12.80489022,46.26913229,46.62377271,45.91449187,Mode27,0.199781364,0.034171631
12.88772455,46.28568106,46.63892586,45.93243625,Mode27,0.199781597,0.034167495
12.97055888,46.30222984,46.65415756,45.95030212,Mode27,0.199781833,0.038439259
13.05339321,46.31877865,46.66946868,45.96808861,Mode27,0.199782073,0.038440086
13.13622754,46.33532747,46.68486005,45.98579489,Mode27,0.199782316,0.02989904
13.21906188,46.35187631,46.70033246,46.00342017,Mode27,0.199782562,0.038436778
13.30189621,46.36842518,46.71588666,46.0209637,Mode27,0.199782811,0.038438432
13.38473054,46.38497407,46.73152333,46.0384248,Mode27,0.199783063,0.036303791
13.46756487,46.40152297,46.74724313,46.05580282,Mode27,0.199783317,0.036306272
13.5503992,46.4180719,46.76304664,46.07309716,Mode27,0.199783574,0.034169977
13.63323353,46.43462085,46.77893439,46.09030731,Mode27,0.199783833,0.036305445
13.71606786,46.45116982,46.79490686,46.10743278,Mode27,0.199784095,0.034174112
13.7989022,46.46771881,46.81096448,46.12447315,Mode27,0.199784359,0.035239365
13.88173653,46.48426783,46.82710759,46.14142806,Mode27,0.199784625,0.035236884
13.96457086,46.50081687,46.84333651,46.15829723,Mode27,0.199784893,0.035238538
14.04740519,46.51736593,46.85965145,46.17508041,Mode27,0.199785162,0.035774059
14.13023952,46.53391501,46.87605259,46.19177743,Mode27,0.199785433,0.035238538
14.21307385,46.55046411,46.89254003,46.20838819,Mode27,0.199785705,0.035507953
14.29590818,46.56701324,46.90911383,46.22491265,Mode27,0.199785979,0.035439565
14.37874251,46.58356239,46.92577394,46.24135083,Mode27,0.199786254,0.035503817
14.46157685,46.60011156,46.9425203,46.25770283,Mode27,0.19978653,0.035240192
14.54441118,46.61666076,46.95935273,46.27396878,Mode27,0.199786807,0.036302964
14.62724551,46.63320997,46.97627103,46.29014891,Mode27,0.199787085,0.035241019
14.71007984,46.64975921,46.99327493,46.3062435,Mode27,0.199787363,0.035241019
14.79291417,46.66630848,47.01036406,46.32225289,Mode27,0.199787642,0.036309581
14.8757485,46.68285777,47.02753805,46.33817748,Mode27,0.199787921,0.036310408
14.95858283,46.69940708,47.04479642,46.35401774,Mode27,0.1997882,0.036307927
15.04141717,46.71595641,47.06213865,46.36977417,Mode27,0.19978848,0.034167495
15.1242515,46.73250577,47.07956418,46.38544736,Mode27,0.199788759,0.036307099
15.20708583,46.74905515,47.09707237,46.40103792,Mode27,0.199789038,0.038440913
15.28992016,46.76560455,47.11466255,46.41654655,Mode27,0.199789316,0.034169149
15.37275449,46.78215398,47.13233398,46.43197397,Mode27,0.199789594,0.038438432
15.45558882,46.79870343,47.1500859,46.44732095,Mode27,0.199789872,0.038442568
15.53842315,46.8152529,47.16791748,46.46258832,Mode27,0.199790148,0.034166668
15.62125749,46.83180239,47.18582786,46.47777693,Mode27,0.199790424,0.038441741
15.70409182,46.84835191,47.20381614,46.49288768,Mode27,0.199790699,0.038445049
15.78692615,46.86490145,47.22188138,46.50792152,Mode27,0.199790972,0.029898213
15.86976048,46.88145101,47.24002262,46.52287941,Mode27,0.199791244,0.029903176
15.95259481,46.8980006,47.25823885,46.53776234,Mode27,0.199791514,0.038441741
16.03542914,46.91455021,47.27652905,46.55257136,Mode27,0.199791786,-0.068330027
16.11826347,46.93109984,47.29489216,46.56730752,Mode27,0.199792054,-0.072602618
16.2010978,46.94764949,47.3133271,46.58197188,Mode27,0.199792318,-0.068337472
16.28393214,46.96419916,47.33183278,46.59656555,Mode27,0.199792582,-0.068332509
16.36676647,46.98074886,47.35040807,46.61108964,Mode27,0.199792843,-0.06833499
16.4496008,46.99729857,47.36905187,46.62554528,Mode27,0.199793102,-0.068334163
16.53243513,47.01384831,47.38776301,46.63993362,Mode27,0.199793358,-0.06833499
16.61526946,47.03039807,47.40654035,46.65425579,Mode27,0.199793612,-0.068336645
16.69810379,47.04694785,47.42538274,46.66851297,Mode27,0.199793864,-0.0683292
16.78093812,47.06349765,47.444289,46.68270631,Mode27,0.199794113,-0.068332509
16.86377246,47.08004748,47.46325797,46.69683699,Mode27,0.199794358,-0.0683292
16.94660679,47.09659732,47.48228847,46.71090616,Mode27,0.199794602,-0.076868592
17.02944112,47.11314718,47.50137935,46.72491501,Mode27,0.199794841,-0.068345743
17.11227545,47.12969706,47.52052943,46.73886469,Mode27,0.199795077,-0.068339953
17.19510978,47.14624696,47.53973755,46.75275637,Mode27,0.199795311,-0.0683292
17.27794411,47.16279688,47.55900256,46.76659121,Mode27,0.199795541,-0.068328373
17.36077844,47.17934682,47.5783233,46.78037035,Mode27,0.199795768,-0.076871074
17.44361277,47.19589678,47.59769863,46.79409494,Mode27,0.19979599,-0.068328373
17.52644711,47.21244676,47.61712742,46.8077661,Mode27,0.199796209,-0.068344916
17.60928144,47.22899675,47.63660854,46.82138496,Mode27,0.199796424,-0.0683292
17.69211577,47.24554676,47.6561409,46.83495262,Mode27,0.199796636,-0.068327546
17.7749501,47.26209679,47.67572339,46.84847019,Mode27,0.199796843,-0.068330027
17.85778443,47.27864684,47.69535493,46.86193875,Mode27,0.199797046,-0.06834078
17.94061876,47.2951969,47.71503444,46.87535936,Mode27,0.199797247,-0.076882654
18.02345309,47.31174698,47.73476088,46.88873308,Mode27,0.199797442,-0.076876864
18.10628743,47.32829708,47.75453321,46.90206094,Mode27,0.199797631,-0.06833499
18.18912176,47.34484719,47.7743504,46.91534397,Mode27,0.199797819,-0.085423701
18.27195609,47.36139731,47.79421145,46.92858317,Mode27,0.199798001,-0.085427837
18.35479042,47.37794745,47.81411538,46.94177953,Mode27,0.199798179,-0.085417911
18.43762475,47.39449761,47.8340612,46.95493402,Mode27,0.199798352,-0.085417911
18.52045908,47.41104778,47.85404796,46.9680476,Mode27,0.19979852,-0.085425355
18.60329341,47.42759796,47.87407474,46.98112119,Mode27,0.199798684,-0.085420392
18.68612774,47.44414816,47.8941406,46.99415572,Mode27,0.199798843,-0.085420392
18.76896208,47.46069837,47.91424466,47.00715208,Mode27,0.199798998,-0.085414602
18.85179641,47.47724859,47.93438602,47.02011116,Mode27,0.199799145,-0.05124628
18.93463074,47.49379883,47.95456383,47.03303382,Mode27,0.19979929,-0.051239662
19.01746507,47.51034907,47.97477724,47.04592091,Mode27,0.199799431,-0.068333336
19.1002994,47.52689933,47.99502541,47.05877324,Mode27,0.199799566,-0.068341608
19.18313373,47.5434496,48.01530755,47.07159164,Mode27,0.199799695,-0.068353188
19.26596806,47.55999988,48.03562285,47.0843769,Mode27,0.19979982,-0.085430318
19.3488024,47.57655017,48.05597055,47.09712978,Mode27,0.199799939,-0.085413775
19.43163673,47.59310046,48.07634988,47.10985105,Mode27,0.199800053,-0.085408812
19.51447106,47.60965077,48.0967601,47.12254144,Mode27,0.199800162,-0.085417083
19.59730539,47.62620109,48.1172005,47.13520168,Mode27,0.199800266,-0.085422046
19.68013972,47.64275142,48.13767036,47.14783247,Mode27,0.199800365,-0.085422046
19.76297405,47.65930175,48.15816899,47.16043451,Mode27,0.199800457,-0.05125786
19.84580838,47.67585209,48.17869572,47.17300845,Mode27,0.199800546,-0.051266132
19.92864271,47.69240244,48.1992499,47.18555497,Mode27,0.199800629,-0.051262823
20.01147705,47.70895279,48.21983088,47.19807471,Mode27,0.199800708,-0.051249588
20.09431138,47.72550315,48.24043803,47.21056828,Mode27,0.199800783,-0.068361459
20.17714571,47.74205352,48.26107074,47.2230363,Mode27,0.199800852,-0.085422046
20.25998004,47.75860389,48.28172842,47.23547936,Mode27,0.199800916,-0.085412121
20.34281437,47.77515427,48.30241049,47.24789805,Mode27,0.199800975,-0.085422046
20.4256487,47.79170465,48.32311638,47.26029293,Mode27,0.199801029,-0.085410466
20.50848303,47.80825504,48.34384552,47.27266455,Mode27,0.199801079,-0.085423701
20.59131737,47.82480543,48.3645974,47.28501346,Mode27,0.199801122,-0.051249588
20.6741517,47.84135582,48.38537147,47.29734017,Mode27,0.199801165,-0.085412121
20.75698603,47.85790622,48.40616724,47.3096452,Mode27,0.199801202,-0.08543859
20.83982036,47.87445662,48.42698418,47.32192906,Mode27,0.199801232,-0.051252897
20.92265469,47.89100702,48.44782183,47.33419221,Mode27,0.199801261,-0.051259514
21.00548902,47.90755743,48.4686797,47.34643515,Mode27,0.199801287,-0.068351533
21.08832335,47.92410783,48.48955734,47.35865833,Mode27,0.199801308,-0.068338299
21.17115768,47.94065824,48.51045428,47.3708622,Mode27,0.199801326,-0.068326719
21.25399202,47.95720865,48.5313701,47.3830472,Mode27,0.199801341,-0.085425355
21.33682635,47.97375906,48.55230436,47.39521376,Mode27,0.199801352,-0.085428664
21.41966068,47.99030947,48.57325665,47.4073623,Mode27,0.199801362,-0.085415429
21.50249501,48.00685989,48.59422656,47.41949322,Mode27,0.199801368,-0.085413775
21.58532934,48.0234103,48.61521369,47.43160691,Mode27,0.199801373,-0.08543859
21.66816367,48.03996071,48.63621766,47.44370376,Mode27,0.199801375,-0.051259514
21.750998,48.05651113,48.6572381,47.45578416,Mode27,0.199801377,-0.051256206
21.83383234,48.07306154,48.67827463,47.46784845,Mode27,0.199801377,-0.051249588
21.91666667,48.08961195,48.6993269,47.479897,Mode27,0.199801378,-0.051249588
8.083333333,62.86971777,63.49732033,62.24211522,Mode28,0.014457853,-0.020073322
8.166167665,62.8709154,63.49082957,62.25100123,Mode28,0.014458464,0.01331088
8.249001996,62.87211314,63.48441206,62.25981422,Mode28,0.014460878,-0.000996635
8.331836327,62.87331119,63.47807098,62.26855141,Mode28,0.014466218,0.003772537
8.414670659,62.87450985,63.4718098,62.2772099,Mode28,0.014475554,-0.014971939
8.49750499,62.87570946,63.46563222,62.2857867,Mode28,0.014489422,-0.000664423
8.580339321,62.87691043,63.45954211,62.29427875,Mode28,0.014508262,-0.019408899
8.663173653,62.87811319,63.4535435,62.30268288,Mode28,0.014532974,0.013975304
8.746007984,62.87931827,63.44764066,62.31099588,Mode28,0.014564407,-0.019408899
8.828842315,62.88052626,63.44183806,62.31921446,Mode28,0.014603354,-0.02417807
8.911676647,62.88173782,63.43614034,62.3273353,Mode28,0.014650562,-0.010534979
8.994510978,62.88295365,63.43055227,62.33535502,Mode28,0.01470673,-0.000996635
9.077345309,62.88417453,63.4250788,62.34327025,Mode28,0.014772508,0.01331088
9.160179641,62.88540127,63.41972494,62.3510776,Mode28,0.014848506,0.01331088
9.243013972,62.88663476,63.41449583,62.35877368,Mode28,0.014935285,0.008541708
9.325848303,62.88787589,63.40939663,62.36635515,Mode28,0.015033366,0.022849224
9.408682635,62.88912564,63.40443258,62.3738187,Mode28,0.015143232,0.004104748
9.491516966,62.89038499,63.39960889,62.38116109,Mode28,0.015265321,-0.005433595
9.574351297,62.89165497,63.39493079,62.38837915,Mode28,0.015400035,0.00443696
9.657185629,62.89293665,63.39040347,62.39546983,Mode28,0.015547741,0.009206132
9.74001996,62.89423111,63.38603205,62.40243018,Mode28,0.015708769,0.00443696
9.822854291,62.89553948,63.38182155,62.40925741,Mode28,0.015883417,-0.014639727
9.905688623,62.89686288,63.37777688,62.41594888,Mode28,0.016071943,-0.000996635
9.988522954,62.89820248,63.37390282,62.42250215,Mode28,0.016274581,0.01331088
10.07135729,62.89955946,63.37020395,62.42891497,Mode28,0.016491531,0.01331088
10.15419162,62.90093501,63.36668468,62.43518534,Mode28,0.016722964,0.01331088
10.23702595,62.90233034,63.36334919,62.44131148,Mode28,0.016969022,0.01331088
10.31986028,62.90374665,63.3602014,62.44729191,Mode28,0.017229818,0.003772537
10.40269461,62.90518519,63.35724496,62.45312542,Mode28,0.017505442,0.004104748
10.48552894,62.90664717,63.35448322,62.45881112,Mode28,0.017795955,0.00887392
10.56836327,62.90813383,63.35191921,62.46434845,Mode28,0.018101397,0.001886268
10.6511976,62.90964642,63.34955564,62.46973719,Mode28,0.018421783,0.001554057
10.73403194,62.91118616,63.34739483,62.47497748,Mode28,0.018757104,0.015861572
10.81686627,62.91275429,63.34543873,62.48006985,Mode28,0.019107334,-0.000664423
10.8997006,62.91435205,63.34368892,62.48501519,Mode28,0.019472421,0.00887392
10.98253493,62.91598067,63.34214654,62.4898148,Mode28,0.019852297,-0.000664423
11.06536926,62.91764136,63.34081236,62.49447037,Mode28,0.020246872,-0.002882903
11.14820359,62.91933535,63.3396867,62.49898399,Mode28,0.020656042,-0.007984287
11.23103792,62.92106382,63.33876947,62.50335817,Mode28,0.02107968,0.0110924
11.31387226,62.92282798,63.33806017,62.5075958,Mode28,0.021517648,0.013643092
11.39670659,62.92462901,63.33755786,62.51170016,Mode28,0.02196979,0.001720163
11.47954092,62.92646808,63.33726122,62.51567493,Mode28,0.022435934,0.013643092
11.56237525,62.92834633,63.3371685,62.51952416,Mode28,0.022915893,0.009040026
11.64520958,62.9302649,63.33727757,62.52325223,Mode28,0.023409468,0.013476986
11.72804391,62.93222491,63.33758594,62.52686388,Mode28,0.023916447,0.008707814
11.81087824,62.93422747,63.33809076,62.53036418,Mode28,0.024436603,0.011258506
11.89371257,62.93627365,63.33878883,62.53375847,Mode28,0.024969766,0.013643092
11.97654691,62.93836453,63.33967668,62.53705238,Mode28,0.025515859,0.00887392
12.05938124,62.94050118,63.34075053,62.54025183,Mode28,0.026074633,0.009040026
12.14221557,62.94268463,63.34200634,62.54336291,Mode28,0.026645817,0.001554057
12.2250499,62.94491589,63.34343984,62.54639194,Mode28,0.027229132,0.013476986
12.30788423,62.94719597,63.34504656,62.54934537,Mode28,0.027824289,0.013643092
12.39071856,62.94952582,63.34682185,62.5522298,Mode28,0.028430993,0.00776468
12.47355289,62.9519064,63.3487609,62.55505191,Mode28,0.029048935,0.012533852
12.55638723,62.95433862,63.3508588,62.55781845,Mode28,0.029677878,0.012367746
12.63922156,62.9568234,63.35311056,62.56053624,Mode28,0.030317806,0.011258506
12.72205589,62.95936164,63.35551112,62.56321215,Mode28,0.030968644,0.014752332
12.80489022,62.96195423,63.35805539,62.56585306,Mode28,0.031630074,0.02079685
12.88772455,62.96460203,63.36073827,62.56846579,Mode28,0.032301758,0.00887392
12.97055888,62.96730589,63.36355468,62.57105709,Mode28,0.032983348,0.012367746
13.05339321,62.9700666,63.36649959,62.57363362,Mode28,0.03367449,0.014752332
13.13622754,62.97288495,63.36956801,62.57620189,Mode28,0.034374829,0.014918438
13.21906188,62.97576168,63.37275508,62.57876828,Mode28,0.035084003,0.005213988
13.30189621,62.9786975,63.37605602,62.58133899,Mode28,0.035801643,0.00998316
13.38473054,62.98169311,63.3794662,62.58392003,Mode28,0.03652738,0.011813126
13.46756487,62.98474916,63.38298112,62.5865172,Mode28,0.037260838,0.018966884
13.5503992,62.98786627,63.38659647,62.58913607,Mode28,0.038001639,0.016027678
13.63323353,62.99104503,63.3903081,62.59178197,Mode28,0.0387494,0.016582298
13.71606786,62.99428601,63.39411206,62.59445997,Mode28,0.039503736,0.027950607
13.7989022,62.99758974,63.39800461,62.59717486,Mode28,0.040264258,0.02107416
13.88173653,63.0009567,63.40198222,62.59993117,Mode28,0.041030575,0.013920402
13.96457086,63.00438737,63.40604161,62.60273313,Mode28,0.041802294,0.018689574
14.04740519,63.00788217,63.41017969,62.60558465,Mode28,0.042579016,0.0235974
14.13023952,63.0114415,63.41439365,62.60848935,Mode28,0.043360345,0.018689574
14.21307385,63.01506573,63.41868093,62.61145054,Mode28,0.044145879,0.025912659
14.29590818,63.0187552,63.42303918,62.61447121,Mode28,0.044935218,0.021126155
14.37874251,63.02251019,63.42746637,62.617554,Mode28,0.045727955,0.013989729
14.46157685,63.02633097,63.43196067,62.62070126,Mode28,0.046523685,0.023458745
14.54441118,63.03021777,63.43652057,62.62391498,Mode28,0.047322004,0.00942854
14.62724551,63.0341708,63.44114477,62.62719683,Mode28,0.048122501,0.025843331
14.71007984,63.03819021,63.44583228,62.63054815,Mode28,0.048924768,0.025843331
14.79291417,63.04227614,63.45058235,62.63396993,Mode28,0.049728397,0.028505227
14.8757485,63.04642868,63.45539451,62.63746284,Mode28,0.050532975,0.030889813
14.95858283,63.05064788,63.46026855,62.64102721,Mode28,0.051338093,0.023736055
15.04141717,63.05493379,63.46520454,62.64466305,Mode28,0.05214334,0.00887392
15.1242515,63.05928639,63.47020277,62.64837002,Mode28,0.052948301,0.02135147
15.20708583,63.06370565,63.47526384,62.65214746,Mode28,0.053752568,0.017136918
15.28992016,63.06819148,63.48038857,62.65599439,Mode28,0.054555727,0.013643092
15.37275449,63.07274378,63.48557805,62.65990951,Mode28,0.055357369,0.00998316
15.45558882,63.07736241,63.49083361,62.6638912,Mode28,0.056157079,0.02190609
15.53842315,63.08204718,63.49615684,62.66793753,Mode28,0.056954451,0.006489334
15.62125749,63.0867979,63.50154953,62.67204627,Mode28,0.057749071,0.019521504
15.70409182,63.09161431,63.50701374,62.67621488,Mode28,0.058540532,0.029059847
15.78692615,63.09649613,63.51255173,62.68044053,Mode28,0.059328426,0.012533852
15.86976048,63.10144306,63.51816599,62.68472013,Mode28,0.060112345,0.026841367
15.95259481,63.10645474,63.52385921,62.68905028,Mode28,0.060891884,0.019521504
16.03542914,63.1115308,63.52963427,62.69342734,Mode28,0.061666639,-0.003440325
16.11826347,63.11667083,63.53549426,62.6978474,Mode28,0.062436242,-0.009318737
16.2010978,63.12187439,63.54144242,62.70230636,Mode28,0.063200595,-0.024901598
16.28393214,63.12714103,63.54748217,62.70679989,Mode28,0.063959361,-0.010594083
16.36676647,63.13247028,63.55361709,62.71132347,Mode28,0.064712149,-0.01774784
16.4496008,63.13786163,63.55985089,62.71587237,Mode28,0.065458564,-0.015363254
16.53243513,63.14331453,63.56618741,62.72044165,Mode28,0.066198214,-0.01774784
16.61526946,63.1488284,63.5726306,62.72502621,Mode28,0.066930711,-0.022517012
16.69810379,63.15440264,63.57918451,62.72962078,Mode28,0.067655669,-0.001055739
16.78093812,63.16003661,63.58585326,62.73421996,Mode28,0.068372711,-0.010594083
16.86377246,63.16572963,63.59264105,62.73881821,Mode28,0.069081454,-0.001055739
16.94660679,63.171481,63.59955209,62.74340991,Mode28,0.069781527,0.003879538
17.02944112,63.17728999,63.60659064,62.74798934,Mode28,0.070472586,-0.048747457
17.11227545,63.18315585,63.61376096,62.75255074,Mode28,0.071154527,-0.032055356
17.19510978,63.18907781,63.62106727,62.75708834,Mode28,0.071827069,-0.001055739
17.27794411,63.19505507,63.62851378,62.76159636,Mode28,0.07248986,0.001328847
17.36077844,63.20108682,63.63610464,62.76606901,Mode28,0.07314255,-0.003274219
17.44361277,63.20717221,63.6438439,62.77050053,Mode28,0.073784794,0.001328847
17.52644711,63.21331035,63.65173552,62.77488519,Mode28,0.074416275,-0.046362871
17.60928144,63.21950036,63.65978335,62.77921737,Mode28,0.075036895,-0.001055739
17.69211577,63.22574131,63.66799107,62.78349155,Mode28,0.075646413,0.003713433
17.7749501,63.23203228,63.67636224,62.78770233,Mode28,0.076244512,-0.003440325
17.85778443,63.23837231,63.68490019,62.79184444,Mode28,0.076830888,-0.034439941
17.94061876,63.24476042,63.69360808,62.79591276,Mode28,0.07740525,-0.036658422
18.02345309,63.2511956,63.70248884,62.79990236,Mode28,0.077967511,-0.01996632
18.10628743,63.25767685,63.71154517,62.80380854,Mode28,0.07851748,-0.01774784
18.18912176,63.26420315,63.72077951,62.80762678,Mode28,0.079055074,-0.036492316
18.27195609,63.27077345,63.73019406,62.81135284,Mode28,0.079580102,-0.048415245
18.35479042,63.27738672,63.73979075,62.81498269,Mode28,0.080092314,-0.019800215
18.43762475,63.28404188,63.74957118,62.81851258,Mode28,0.080591476,-0.019800215
18.52045908,63.29073784,63.75953669,62.82193899,Mode28,0.081077365,-0.041261487
18.60329341,63.29747348,63.76968828,62.82525869,Mode28,0.081549764,-0.026953972
18.68612774,63.3042477,63.78002666,62.82846874,Mode28,0.082008477,-0.026953972
18.76896208,63.31105934,63.7905522,62.83156647,Mode28,0.082453322,-0.010261871
18.85179641,63.31790724,63.80126496,62.83454953,Mode28,0.082884127,0.000996635
18.93463074,63.32479025,63.81216466,62.83741583,Mode28,0.083300738,0.020073322
19.01746507,63.33170717,63.82325072,62.84016361,Mode28,0.083703024,-0.012978669
19.1002994,63.33865681,63.83452223,62.84279139,Mode28,0.084090859,-0.036824527
19.18313373,63.34563799,63.84597797,62.845298,Mode28,0.084464143,-0.07020873
19.26596806,63.35264947,63.85761641,62.84768254,Mode28,0.084822787,-0.055569003
19.3488024,63.35969006,63.86943571,62.8499444,Mode28,0.085166731,-0.007877285
19.43163673,63.36675852,63.88143378,62.85208327,Mode28,0.085495931,0.00643023
19.51447106,63.37385365,63.89360822,62.85409907,Mode28,0.085810367,-0.017415629
19.59730539,63.3809742,63.90595638,62.85599203,Mode28,0.086110034,-0.031723144
19.68013972,63.38811897,63.91847537,62.85776258,Mode28,0.086394957,-0.031723144
19.76297405,63.39528673,63.93116205,62.85941142,Mode28,0.086665182,-0.032387567
19.84580838,63.40247627,63.94401308,62.86093947,Mode28,0.08692078,-0.056233426
19.92864271,63.40968638,63.95702491,62.86234785,Mode28,0.087161848,-0.046695083
20.01147705,63.41691586,63.97019382,62.8636379,Mode28,0.087388422,-0.008541708
20.09431138,63.42416351,63.9835159,62.86481112,Mode28,0.087600617,-0.094054588
20.17714571,63.43142814,63.9969871,62.86586919,Mode28,0.087798598,-0.031723144
20.25998004,63.4387086,64.01060324,62.86681396,Mode28,0.08798259,-0.003108113
20.34281437,63.44600372,64.02436004,62.86764741,Mode28,0.088152834,-0.031723144
20.4256487,63.45331239,64.03825312,62.86837165,Mode28,0.088309603,0.001661058
20.50848303,63.46063349,64.05227807,62.86898892,Mode28,0.088453214,-0.036492316
20.59131737,63.46796595,64.06643037,62.86950154,Mode28,0.088583788,-0.008541708
20.6741517,63.4753087,64.08070547,62.86991192,Mode28,0.088701567,-0.003108113
20.75698603,63.48266068,64.09509881,62.87022256,Mode28,0.088806971,-0.079414861
20.83982036,63.4900209,64.10960581,62.870436,Mode28,0.088900452,-0.018080052
20.92265469,63.49738839,64.12422194,62.87055484,Mode28,0.08898252,-0.037156739
21.00548902,63.50476222,64.13894272,62.87058171,Mode28,0.089053706,-0.065439558
21.08832335,63.51214151,64.15376374,62.87051928,Mode28,0.089114596,-0.027286184
21.17115768,63.51952545,64.16868067,62.87037022,Mode28,0.089165818,0.006098018
21.25399202,63.52691325,64.1836893,62.87013719,Mode28,0.089208053,-0.041261487
21.33682635,63.5343042,64.19878555,62.86982284,Mode28,0.089242016,-0.050799831
21.41966068,63.54169764,64.21396547,62.86942982,Mode28,0.089268478,-0.012646457
21.50249501,63.549093,64.22922529,62.86896071,Mode28,0.089288264,-0.007877285
21.58532934,63.55648975,64.24456143,62.86841807,Mode28,0.089302246,-0.079414861
21.66816367,63.56388745,64.25997051,62.86780439,Mode28,0.089311349,-0.037156739
21.750998,63.57128573,64.27544936,62.86712211,Mode28,0.089316559,-0.027618396
21.83383234,63.57868433,64.29099506,62.86637359,Mode28,0.089318911,-0.008541708
21.91666667,63.58608303,64.30660497,62.86556109,Mode28,0.08931951,-0.008541708
8.083333333,69.79595656,71.60839046,67.98352267,Mode29,0.51167028,0.390575307
8.166167665,69.83834025,71.6216272,68.05505329,Mode29,0.511663623,0.026558093
8.249001996,69.88072265,71.63512728,68.12631802,Mode29,0.5116373,0.182565471
8.331836327,69.92310164,71.64890305,68.19730023,Mode29,0.511579073,0.130563012
8.414670659,69.96547407,71.66296712,68.26798103,Mode29,0.511477284,0.277717691
8.49750499,70.00783603,71.67733244,68.33833962,Mode29,0.511326066,0.121710314
8.580339321,70.05018329,71.69201249,68.40835409,Mode29,0.51112063,0.268864993
8.663173653,70.09251094,71.70702111,68.47800077,Mode29,0.510851174,-0.09515222
8.746007984,70.1348133,71.72237245,68.54725414,Mode29,0.510508431,0.268864993
8.828842315,70.17708393,71.73808095,68.61608692,Mode29,0.510083758,0.320867452
8.911676647,70.21931571,71.75416129,68.68447013,Mode29,0.509569011,0.286570389
8.994510978,70.26150086,71.77062843,68.75237329,Mode29,0.508956563,0.182565471
9.077345309,70.30363098,71.7874975,68.81976446,Mode29,0.508239324,0.026558093
9.160179641,70.34569712,71.80478381,68.88661042,Mode29,0.507410654,0.026558093
9.243013972,70.38768978,71.82250278,68.95287679,Mode29,0.506464423,0.078560553
9.325848303,70.429599,71.84066985,69.01852816,Mode29,0.505394956,-0.077446825
9.408682635,70.47141435,71.85930043,69.08352826,Mode29,0.504197002,0.069707855
9.491516966,70.51312497,71.87840979,69.14784015,Mode29,0.502865755,0.173712773
9.574351297,70.55471965,71.89801296,69.21142634,Mode29,0.501396857,0.008852698
9.657185629,70.59618681,71.91812459,69.27424902,Mode29,0.499786289,-0.043149761
9.74001996,70.63751457,71.93875885,69.33627029,Mode29,0.498030457,0.008852698
9.822854291,70.67869075,71.95992921,69.3974523,Mode29,0.496126116,0.216862534
9.905688623,70.71970294,71.98164833,69.45775755,Mode29,0.494070448,0.182565471
9.988522954,70.7605385,72.00392787,69.51714913,Mode29,0.491860905,0.026558093
10.07135729,70.80118458,72.02677825,69.5755909,Mode29,0.489495308,0.026558093
10.15419162,70.84162817,72.05020849,69.63304786,Mode29,0.48697179,0.026558093
10.23702595,70.88185614,72.07422596,69.68948632,Mode29,0.484288811,0.026558093
10.31986028,70.92185522,72.09883619,69.74487424,Mode29,0.481445119,0.130563012
10.40269461,70.96161205,72.12404263,69.79918147,Mode29,0.478439758,0.069707855
10.48552894,71.00111321,72.14984641,69.85238001,Mode29,0.475272038,0.017705396
10.56836327,71.04034524,72.17624618,69.9044443,Mode29,0.47194153,0.065281506
10.6511976,71.07929463,72.20323786,69.95535141,Mode29,0.468448083,0.126136663
10.73403194,71.11794791,72.23081451,70.00508131,Mode29,0.464791785,-0.029870714
10.81686627,71.15629158,72.25896613,70.05361703,Mode29,0.460972916,0.121710314
10.8997006,71.1943122,72.28767955,70.10094485,Mode29,0.456992061,0.017705396
10.98253493,71.23199639,72.31693839,70.14705439,Mode29,0.45284994,0.121710314
11.06536926,71.26933082,72.34672291,70.19193873,Mode29,0.448547538,0.117283965
11.14820359,71.30630227,72.37701009,70.23559444,Mode29,0.444086002,0.230141581
11.23103792,71.3428976,72.40777363,70.27802157,Mode29,0.439466702,0.022131745
11.31387226,71.37910381,72.43898402,70.31922361,Mode29,0.434691149,-0.034297063
11.39670659,71.41490803,72.47060865,70.35920742,Mode29,0.429761048,0.095709084
11.47954092,71.45029753,72.50261201,70.39798306,Mode29,0.424678281,-0.034297063
11.56237525,71.48525975,72.53495585,70.43556366,Mode29,0.419444869,-0.012722183
11.64520958,71.5197823,72.56759944,70.47196516,Mode29,0.414062983,-0.003869485
11.72804391,71.55385298,72.60049981,70.50720614,Mode29,0.408534947,0.048132974
11.81087824,71.58745977,72.63361204,70.54130751,Mode29,0.402863229,-0.008295834
11.89371257,71.62059088,72.66688951,70.57429224,Mode29,0.397049684,-0.034297063
11.97654691,71.65323456,72.70028411,70.60618502,Mode29,0.391095156,0.017705396
12.05938124,71.68537927,72.73374655,70.63701198,Mode29,0.385002356,-0.012722183
12.14221557,71.71701365,72.76722681,70.66680049,Mode29,0.378774229,0.126136663
12.2250499,71.74812663,72.8006744,70.69557887,Mode29,0.372413839,-0.003869485
12.30788423,71.77870738,72.83403867,70.7233761,Mode29,0.365924317,-0.034297063
12.39071856,71.80874535,72.86726909,70.7502216,Mode29,0.3593089,0.015492221
12.47355289,71.83823022,72.90031548,70.77614497,Mode29,0.352570936,-0.036510238
12.55638723,71.86715199,72.93312826,70.80117573,Mode29,0.345713018,-0.006082659
12.63922156,71.89550073,72.96565838,70.82534308,Mode29,0.338735323,-0.008295834
12.72205589,71.92326653,72.99785739,70.84867567,Mode29,0.331638664,-0.032083889
12.80489022,71.95043967,73.02967783,70.87120152,Mode29,0.324426508,-0.112300752
12.88772455,71.97701075,73.06107351,70.89294798,Mode29,0.317102547,0.017705396
12.97055888,72.00297064,73.09199969,70.9139416,Mode29,0.309670584,-0.006082659
13.05339321,72.02831058,73.12241315,70.93420801,Mode29,0.302134453,-0.032083889
13.13622754,72.05302208,73.1522723,70.95377186,Mode29,0.294498043,-0.062511467
13.21906188,72.07709701,73.18153727,70.97265676,Mode29,0.286765298,0.071921029
13.30189621,72.10052756,73.21016992,70.99088519,Mode29,0.278940235,0.01991857
13.38473054,72.12330623,73.23813397,71.00847849,Mode29,0.271026891,-0.007189247
13.46756487,72.14542589,73.26539495,71.02545684,Mode29,0.263029355,-0.085192935
13.5503992,72.16687974,73.29192028,71.04183919,Mode29,0.254951751,-0.060298293
13.63323353,72.18766131,73.3176793,71.05764332,Mode29,0.246798257,-0.059191706
13.71606786,72.20776449,73.3426432,71.07288579,Mode29,0.238573077,-0.19030444
13.7989022,72.22718353,73.36678513,71.08758193,Mode29,0.230280432,-0.111747458
13.88173653,72.245913,73.39008011,71.10174589,Mode29,0.221924607,-0.03374377
13.96457086,72.26394785,73.41250508,71.11539062,Mode29,0.213509886,-0.085746229
14.04740519,72.28128339,73.43403887,71.1285279,Mode29,0.205040599,-0.137472041
14.13023952,72.29791527,73.4546622,71.14116833,Mode29,0.196521086,-0.085746229
14.21307385,72.31383951,73.47435764,71.15332137,Mode29,0.187955722,-0.163611594
14.29590818,72.32905249,73.49310966,71.16499532,Mode29,0.17934887,-0.111643716
14.37874251,72.34355097,73.51090454,71.1761974,Mode29,0.170704964,-0.033605446
14.46157685,72.35733205,73.52773043,71.18693367,Mode29,0.162028416,-0.137748688
14.54441118,72.37039322,73.54357729,71.19720916,Mode29,0.153323647,0.018811983
14.62724551,72.38273232,73.55843688,71.20702776,Mode29,0.144595128,-0.163749917
14.71007984,72.39434757,73.57230279,71.21639235,Mode29,0.135847303,-0.163749917
14.79291417,72.40523755,73.5851704,71.22530471,Mode29,0.127084639,-0.189197853
14.8757485,72.41540123,73.59703686,71.23376559,Mode29,0.118311616,-0.215199083
14.95858283,72.42483792,73.60790112,71.24177471,Mode29,0.109532706,-0.137195394
15.04141717,72.43354732,73.61776391,71.24933074,Mode29,0.100752398,0.017705396
15.1242515,72.44152952,73.62662771,71.25643133,Mode29,0.091975204,-0.111194165
15.20708583,72.44878494,73.63449678,71.2630731,Mode29,0.083205575,-0.058085118
15.28992016,72.45531441,73.64137717,71.26925166,Mode29,0.074448023,-0.034297063
15.37275449,72.46111911,73.64727665,71.27496156,Mode29,0.065707025,0.01991857
15.45558882,72.46620059,73.6522048,71.28019638,Mode29,0.056987079,-0.110087577
15.53842315,72.47056079,73.65617295,71.28494863,Mode29,0.04829264,0.043706625
15.62125749,72.474202,73.65919419,71.28920981,Mode29,0.039628203,-0.084086348
15.70409182,72.47712689,73.66128339,71.29297039,Mode29,0.030998203,-0.188091266
15.78692615,72.47933851,73.66245717,71.29621984,Mode29,0.022407103,-0.036510238
15.86976048,72.48084025,73.66273394,71.29894655,Mode29,0.013859355,-0.192517615
15.95259481,72.48163589,73.66213385,71.30113792,Mode29,0.005359352,-0.084086348
16.03542914,72.48172957,73.66067881,71.30278033,Mode29,-0.003088469,-0.191418168
16.11826347,72.48112578,73.65839246,71.30385911,Mode29,-0.011480126,-0.141628884
16.2010978,72.47982924,73.65529995,71.30435854,Mode29,-0.019814529,0.042592897
16.28393214,72.47784482,73.65142785,71.3042618,Mode29,-0.028088027,-0.11341448
16.36676647,72.47517774,73.64680442,71.30355107,Mode29,-0.036296337,-0.035410791
16.4496008,72.47183358,73.6414596,71.30220756,Mode29,-0.044435148,-0.061412021
16.53243513,72.46781827,73.63542499,71.30021156,Mode29,-0.052500199,-0.035410791
16.61526946,72.4631381,73.62873379,71.29754242,Mode29,-0.060487262,0.016591668
16.69810379,72.4577997,73.62142076,71.29417864,Mode29,-0.068392114,-0.217419398
16.78093812,72.45181006,73.61352218,71.29009793,Mode29,-0.07621065,-0.11341448
16.86377246,72.44517649,73.60507574,71.28527724,Mode29,-0.083938691,-0.217419398
16.94660679,72.43790666,73.59612048,71.27969284,Mode29,-0.091572202,-0.299849435
17.02944112,72.43000857,73.5866967,71.27332043,Mode29,-0.099107427,0.302605192
17.11227545,72.42149041,73.57684564,71.26613518,Mode29,-0.10654323,0.120596586
17.19510978,72.41236053,73.56660933,71.25811172,Mode29,-0.113876544,-0.217419398
17.27794411,72.40262757,73.55603068,71.24922446,Mode29,-0.121103531,-0.243420627
17.36077844,72.39230051,73.54515335,71.23944767,Mode29,-0.128220376,-0.221845747
17.44361277,72.38138862,73.53402159,71.22875565,Mode29,-0.135223329,-0.243420627
17.52644711,72.36990149,73.52268008,71.21712291,Mode29,-0.142108918,0.276603963
17.60928144,72.3578489,73.51117356,71.20452423,Mode29,-0.148876086,-0.217419398
17.69211577,72.34524074,73.4995466,71.19093487,Mode29,-0.155522193,-0.269421857
17.7749501,72.33208719,73.48784358,71.1763308,Mode29,-0.162043795,-0.191418168
17.85778443,72.31839869,73.47610847,71.16068891,Mode29,-0.168437563,0.146597815
17.94061876,72.30418599,73.46438468,71.14398729,Mode29,-0.174700338,0.142171466
18.02345309,72.28945997,73.45271465,71.12620528,Mode29,-0.18083116,-0.03983714
18.10628743,72.27423164,73.4411396,71.10732368,Mode29,-0.186827954,-0.035410791
18.18912176,72.25851215,73.42969938,71.08732493,Mode29,-0.192689808,0.111743888
18.27195609,72.24231276,73.41843222,71.06619331,Mode29,-0.198414645,0.241750035
18.35479042,72.22564493,73.40737469,71.04391517,Mode29,-0.203999745,-0.070264719
18.43762475,72.20852033,73.39656155,71.02047911,Mode29,-0.209442544,-0.070264719
18.52045908,72.19095086,73.38602555,70.99587617,Mode29,-0.214740619,0.163746347
18.60329341,72.17294861,73.37579731,70.97009991,Mode29,-0.219891601,0.00773897
18.68612774,72.15452584,73.36590519,70.94314649,Mode29,-0.224893353,0.00773897
18.76896208,72.13569501,73.35637518,70.91501483,Mode29,-0.229743885,-0.174269637
18.85179641,72.11646871,73.34723085,70.88570656,Mode29,-0.234441333,-0.182565471
18.93463074,72.0968597,73.3384933,70.85522609,Mode29,-0.238984013,-0.390575307
19.01746507,72.07688086,73.33018113,70.82358059,Mode29,-0.243370482,-0.08741325
19.1002994,72.05654519,73.32231044,70.79077993,Mode29,-0.247599384,0.172599045
19.18313373,72.03586578,73.31489492,70.75683665,Mode29,-0.251669627,0.536616258
19.26596806,72.01485583,73.30794582,70.72176583,Mode29,-0.255580243,0.319753724
19.3488024,71.99352857,73.30147212,70.68558503,Mode29,-0.259330562,-0.200270866
19.43163673,71.97189732,73.29548055,70.64831409,Mode29,-0.26292012,-0.356278243
19.51447106,71.94997539,73.28997575,70.60997503,Mode29,-0.266348689,-0.096265948
19.59730539,71.92777613,73.28496038,70.57059189,Mode29,-0.269616222,0.059741429
19.68013972,71.90531287,73.28043524,70.5301905,Mode29,-0.272722984,0.059741429
19.76297405,71.88259891,73.27639944,70.48879837,Mode29,-0.275669496,0.181451743
19.84580838,71.85964748,73.27285053,70.44644444,Mode29,-0.278456495,0.441464038
19.92864271,71.83647177,73.26978462,70.40315891,Mode29,-0.281085074,0.33745912
20.01147705,71.81308486,73.2671966,70.35897312,Mode29,-0.283555612,-0.078560553
20.09431138,71.78949982,73.26508026,70.31391937,Mode29,-0.285869351,0.796628553
20.17714571,71.76572955,73.26342841,70.26803068,Mode29,-0.288028114,0.059741429
20.25998004,71.74178679,73.26223298,70.22134061,Mode29,-0.290034337,-0.252273325
20.34281437,71.71768408,73.26148515,70.17388302,Mode29,-0.291890664,0.059741429
20.4256487,71.69343371,73.26117547,70.12569195,Mode29,-0.293600047,-0.304275784
20.50848303,71.66904771,73.26129397,70.07680145,Mode29,-0.295165966,0.111743888
20.59131737,71.64453788,73.26183029,70.02724548,Mode29,-0.296589732,-0.078560553
20.6741517,71.61991593,73.26277384,69.97705802,Mode29,-0.297873973,-0.252273325
20.75698603,71.59519322,73.26411378,69.92627267,Mode29,-0.299023285,0.579766019
20.83982036,71.57038073,73.26583905,69.87492242,Mode29,-0.300042601,0.025444366
20.92265469,71.545489,73.26793846,69.82303954,Mode29,-0.300937455,0.233454202
21.00548902,71.5205281,73.27040075,69.77065546,Mode29,-0.301713653,0.484613799
21.08832335,71.4955076,73.27321458,69.71780062,Mode29,-0.302377589,0.068594127
21.17115768,71.47043652,73.27636864,69.66450439,Mode29,-0.302936111,-0.295423086
21.25399202,71.44532328,73.27985167,69.61079489,Mode29,-0.303396634,0.163746347
21.33682635,71.42017569,73.28365243,69.55669895,Mode29,-0.303766965,0.267751265
21.41966068,71.39500087,73.28775981,69.50224193,Mode29,-0.304055506,-0.148268407
21.50249501,71.36980523,73.29216277,69.44744769,Mode29,-0.304271248,-0.200270866
21.58532934,71.3445944,73.2968504,69.39233841,Mode29,-0.304423709,0.579766019
21.66816367,71.31937323,73.30181192,69.33693453,Mode29,-0.304522972,0.233454202
21.750998,71.29414566,73.30703667,69.28125466,Mode29,-0.30457978,0.129449284
21.83383234,71.26891476,73.31251412,69.22531541,Mode29,-0.304605427,-0.078560553
21.91666667,71.24368262,73.31823386,69.16913137,Mode29,-0.304611959,-0.078560553
8.083333333,90.61706506,92.45634748,88.77778264,Mode30,0.640980917,0.288451758
8.166167665,90.6701602,92.48350527,88.85681513,Mode30,0.640977734,0.114355288
8.249001996,90.72325473,92.51090994,88.93559952,Mode30,0.640965144,0.188968061
8.331836327,90.77634762,92.53857219,89.01412305,Mode30,0.640937296,0.164097137
8.414670659,90.82943738,92.56650318,89.09237158,Mode30,0.640888617,0.20059148
8.49750499,90.88252213,92.59471444,89.17032981,Mode30,0.640816295,0.125978707
8.580339321,90.93559984,92.62321791,89.24798178,Mode30,0.640718043,0.162473051
8.663173653,90.98866818,92.65202588,89.32531049,Mode30,0.640589171,-0.011623419
8.746007984,91.04172443,92.68115098,89.40229788,Mode30,0.64042525,0.162473051
8.828842315,91.0947655,92.71060612,89.47892488,Mode30,0.640222144,0.187343975
8.911676647,91.14778799,92.74040448,89.5551715,Mode30,0.639975955,0.238709909
8.994510978,91.20078817,92.77055941,89.63101694,Mode30,0.639683043,0.188968061
9.077345309,91.25376204,92.80108444,89.70643965,Mode30,0.639340013,0.114355288
9.160179641,91.30670531,92.83199318,89.78141744,Mode30,0.63894369,0.114355288
9.243013972,91.35961344,92.86329929,89.85592759,Mode30,0.638491141,0.139226212
9.325848303,91.41248166,92.89501639,89.92994694,Mode30,0.637979653,0.06461344
9.408682635,91.46530498,92.92715797,90.003452,Mode30,0.637406718,0.101107783
9.491516966,91.51807822,92.95973737,90.07641907,Mode30,0.63677003,0.150849631
9.574351297,91.57079601,92.99276763,90.14882438,Mode30,0.636067508,0.038118429
9.657185629,91.62345281,93.02626144,90.22064418,Mode30,0.635297231,0.013247505
9.74001996,91.67604293,93.060231,90.29185487,Mode30,0.634457479,0.038118429
9.822854291,91.72856057,93.09468796,90.36243318,Mode30,0.633546701,0.137602126
9.905688623,91.78099977,93.12964327,90.43235628,Mode30,0.632563544,0.188968061
9.988522954,91.8333545,93.16510711,90.50160189,Mode30,0.631506799,0.114355288
10.07135729,91.8856186,93.20108871,90.57014849,Mode30,0.630375418,0.114355288
10.15419162,91.93778587,93.23759631,90.63797542,Mode30,0.629168509,0.114355288
10.23702595,91.98985,93.27463694,90.70506306,Mode30,0.627885336,0.114355288
10.31986028,92.04180467,93.3122164,90.77139294,Mode30,0.626525299,0.164097137
10.40269461,92.09364348,93.35033906,90.8369479,Mode30,0.625087945,0.101107783
10.48552894,92.14536001,93.38900778,90.90171224,Mode30,0.623572936,0.076236859
10.56836327,92.19694782,93.42822382,90.96567183,Mode30,0.621980074,0.082048568
10.6511976,92.24840047,93.4679867,91.02881423,Mode30,0.620309281,0.145037922
10.73403194,92.29971148,93.50829412,91.09112884,Mode30,0.618560604,0.070425149
10.81686627,92.35087443,93.54914192,91.15260694,Mode30,0.616734175,0.125978707
10.8997006,92.40188287,93.59052395,91.2132418,Mode30,0.614830274,0.076236859
10.98253493,92.45273041,93.63243207,91.27302874,Mode30,0.612849245,0.125978707
11.06536926,92.50341067,93.67485613,91.33196521,Mode30,0.610791561,0.106919493
11.14820359,92.55391733,93.71778392,91.39005074,Mode30,0.608657765,0.19477977
11.23103792,92.6042441,93.76120119,91.44728702,Mode30,0.606448519,0.095296073
11.31387226,92.65438478,93.80509173,91.50367783,Mode30,0.604164542,0.051365934
11.39670659,92.70433319,93.84943733,91.55922906,Mode30,0.60180665,0.113543245
11.47954092,92.75408327,93.89421792,91.61394861,Mode30,0.599375744,0.051365934
11.56237525,92.80362898,93.93941166,91.66784631,Mode30,0.596872791,0.044742182
11.64520958,92.85296442,93.98499499,91.72093385,Mode30,0.594298825,0.082860611
11.72804391,92.90208374,94.03094281,91.77322468,Mode30,0.591654962,0.107731535
11.81087824,92.95098121,94.07722857,91.82473385,Mode30,0.588942381,0.063801397
11.89371257,92.99965117,94.12382446,91.87547788,Mode30,0.58616197,0.051365934
11.97654691,93.04808802,94.17070143,91.9254746,Mode30,0.583314131,0.076236859
12.05938124,93.09628621,94.21782941,91.97474301,Mode30,0.580400163,0.044742182
12.14221557,93.14424035,94.26517755,92.02330314,Mode30,0.57742147,0.145037922
12.2250499,93.19194511,94.31271433,92.07117589,Mode30,0.574379522,0.082860611
12.30788423,93.23939533,94.36040778,92.11838287,Mode30,0.571275815,0.051365934
12.39071856,93.28658595,94.40822564,92.16494626,Mode30,0.568111897,0.066707251
12.47355289,93.33351205,94.45613549,92.2108886,Mode30,0.564889369,0.041836327
12.55638723,93.38016883,94.50410496,92.25623271,Mode30,0.56160947,0.073331004
12.63922156,93.42655156,94.55210166,92.30100145,Mode30,0.558272287,0.063801397
12.72205589,93.47265548,94.6000933,92.34521766,Mode30,0.554878208,0.060895542
12.80489022,93.51847596,94.64804792,92.388904,Mode30,0.551428891,0.014059548
12.88772455,93.56400849,94.69593409,92.43208289,Mode30,0.547926101,0.076236859
12.97055888,93.60924872,94.74372104,92.47477639,Mode30,0.544371658,0.073331004
13.05339321,93.65419244,94.79137877,92.51700611,Mode30,0.540767395,0.060895542
13.13622754,93.6988356,94.83887812,92.55879308,Mode30,0.537115172,0.029400865
13.21906188,93.74317432,94.88619088,92.60015775,Mode30,0.533416875,0.11063739
13.30189621,93.78720484,94.93328985,92.64111983,Mode30,0.529674426,0.085766466
13.38473054,93.83092361,94.98014891,92.6816983,Mode30,0.525889756,0.0685662
13.46756487,93.87432718,95.02674307,92.72191129,Mode30,0.522064819,0.031259814
13.5503992,93.91741233,95.07304854,92.76177611,Mode30,0.518201589,0.038930472
13.63323353,93.96017595,95.11904275,92.80130914,Mode30,0.514302063,0.043695276
13.71606786,94.00261512,95.16470439,92.84052584,Mode30,0.510368253,-0.023246838
13.7989022,94.04472708,95.21001344,92.87944072,Mode30,0.506402176,0.01644195
13.88173653,94.08650925,95.25495121,92.9180673,Mode30,0.502405882,0.053748336
13.96457086,94.12795921,95.29950033,92.9564181,Mode30,0.498381421,0.028877412
14.04740519,94.16907471,95.34364479,92.99450464,Mode30,0.494330862,0.005197689
14.13023952,94.20985368,95.38736994,93.03233742,Mode30,0.490256282,0.028877412
14.21307385,94.25029421,95.43066251,93.06992592,Mode30,0.486159774,-0.007833374
14.29590818,94.29039457,95.47351058,93.10727857,Mode30,0.482043423,0.01688865
14.37874251,94.33015321,95.51590364,93.14440279,Mode30,0.477909351,0.054343937
14.46157685,94.36956875,95.55783254,93.18130495,Mode30,0.473759667,0.004006488
14.54441118,94.40863997,95.59928953,93.21799041,Mode30,0.469596486,0.081001662
14.62724551,94.44736585,95.64026823,93.25446348,Mode30,0.465421946,-0.008428974
14.71007984,94.48574555,95.68076364,93.29072745,Mode30,0.461238173,-0.008428974
14.79291417,94.52377837,95.72077214,93.3267846,Mode30,0.457047302,-0.018482035
14.8757485,94.56146383,95.76029147,93.36263618,Mode30,0.452851478,-0.030917497
14.95858283,94.59880159,95.79932075,93.39828243,Mode30,0.448652838,0.00638889
15.04141717,94.63579152,95.83786046,93.43372258,Mode30,0.44445353,0.076236859
15.1242515,94.67243366,95.87591244,93.46895487,Mode30,0.44025571,0.018824352
15.20708583,94.7087282,95.91347985,93.50397655,Mode30,0.436061509,0.04846008
15.28992016,94.74467554,95.95056724,93.53878385,Mode30,0.431873083,0.051365934
15.37275449,94.78027626,95.98718044,93.57337207,Mode30,0.427692576,0.085766466
15.45558882,94.81553108,96.02332665,93.60773551,Mode30,0.423522136,0.023589155
15.53842315,94.85044094,96.05901435,93.64186753,Mode30,0.419363895,0.088672321
15.62125749,94.88500693,96.09425335,93.67576052,Mode30,0.415220004,0.036024618
15.70409182,94.91923034,96.12905472,93.70940596,Mode30,0.411092582,-0.013717231
15.78692615,94.95311261,96.16343081,93.7427944,Mode30,0.406983765,0.041836327
15.86976048,94.98665537,96.19739524,93.7759155,Mode30,0.402895682,-0.032776446
15.95259481,95.01986043,96.23096285,93.80875801,Mode30,0.398830433,0.036024618
16.03542914,95.05272976,96.26414967,93.84130985,Mode30,0.394790147,-0.22708649
16.11826347,95.08526553,96.29697296,93.8735581,Mode30,0.390776717,-0.211745173
16.2010978,95.11746997,96.32945094,93.905489,Mode30,0.386790668,-0.115167331
16.28393214,95.14934543,96.36160282,93.93708803,Mode30,0.382833749,-0.189780104
16.36676647,95.18089439,96.39344888,93.9683399,Mode30,0.378908007,-0.152473717
16.4496008,95.21211953,96.42501044,93.99922862,Mode30,0.375015503,-0.164909179
16.53243513,95.24302368,96.45630984,94.02973753,Mode30,0.371158276,-0.152473717
16.61526946,95.27360986,96.48737036,94.05984936,Mode30,0.367338349,-0.127602793
16.69810379,95.30388122,96.51821617,94.08954627,Mode30,0.363557739,-0.239521952
16.78093812,95.33384112,96.54887229,94.11880995,Mode30,0.359818412,-0.189780104
16.86377246,95.36349305,96.57936447,94.14762163,Mode30,0.356122365,-0.239521952
16.94660679,95.39284069,96.60971916,94.17596222,Mode30,0.352471531,-0.295887553
17.02944112,95.42188784,96.63996337,94.20381231,Mode30,0.348867699,0.00918729
17.11227545,95.45063844,96.67012456,94.23115232,Mode30,0.34531142,-0.077860945
17.19510978,95.47909648,96.70023043,94.25796252,Mode30,0.341804157,-0.239521952
17.27794411,95.50726609,96.730309,94.28422317,Mode30,0.338347746,-0.251957414
17.36077844,95.53515155,96.7603885,94.30991461,Mode30,0.334944014,-0.258581167
17.44361277,95.56275732,96.79049726,94.33501738,Mode30,0.331594749,-0.251957414
17.52644711,95.59008796,96.82066361,94.35951232,Mode30,0.328301618,-0.003248172
17.60928144,95.61714817,96.85091565,94.38338069,Mode30,0.325065122,-0.239521952
17.69211577,95.64394267,96.88128112,94.40660422,Mode30,0.321886526,-0.264392876
17.7749501,95.67047633,96.91178739,94.42916526,Mode30,0.318767476,-0.22708649
17.85778443,95.69675414,96.94246132,94.45104695,Mode30,0.315709564,-0.065425482
17.94061876,95.72278124,96.97332919,94.47223329,Mode30,0.312714304,-0.084484697
18.02345309,95.74856284,97.00441645,94.49270923,Mode30,0.30978215,-0.171532932
18.10628743,95.77410421,97.03574764,94.51246077,Mode30,0.306914095,-0.152473717
18.18912176,95.79941067,97.06734629,94.53147505,Mode30,0.30411058,-0.115979374
18.27195609,95.82448761,97.09923479,94.54974043,Mode30,0.301372595,-0.053802063
18.35479042,95.84934051,97.13143439,94.56724664,Mode30,0.29870144,-0.203027609
18.43762475,95.87397496,97.16396512,94.5839848,Mode30,0.296098344,-0.203027609
18.52045908,95.89839664,97.1968457,94.59994758,Mode30,0.293564463,-0.09110845
18.60329341,95.92261134,97.2300935,94.61512917,Mode30,0.291100932,-0.165721222
18.68612774,95.94662491,97.26372445,94.62952538,Mode30,0.288708772,-0.165721222
18.76896208,95.97044333,97.29775299,94.64313367,Mode30,0.286388935,-0.252769457
18.85179641,95.99407261,97.33219207,94.65595314,Mode30,0.28414231,-0.188968061
18.93463074,96.01751885,97.36705314,94.66798456,Mode30,0.281969708,-0.288451758
19.01746507,96.04078821,97.40234607,94.67923036,Mode30,0.279871819,-0.177344642
19.1002994,96.06388692,97.43807923,94.68969461,Mode30,0.277849286,-0.05299002
19.18313373,96.08682123,97.47425947,94.69938299,Mode30,0.275902634,0.121106449
19.26596806,96.10959745,97.51089215,94.70830275,Mode30,0.274032325,-0.016495677
19.3488024,96.13222192,97.5479812,94.71646264,Mode30,0.272238681,-0.265204919
19.43163673,96.15470099,97.58552911,94.72387286,Mode30,0.270521923,-0.339817692
19.51447106,96.17704105,97.62353707,94.73054502,Mode30,0.268882161,-0.215463071
19.59730539,96.19924846,97.66200495,94.73649198,Mode30,0.267319416,-0.140850298
19.68013972,96.22132962,97.7009314,94.74172784,Mode30,0.265833563,-0.140850298
19.76297405,96.24329087,97.74031393,94.74626781,Mode30,0.264424347,-0.014871591
19.84580838,96.26513855,97.78014899,94.75012812,Mode30,0.263091425,0.10948303
19.92864271,96.28687897,97.82043201,94.75332592,Mode30,0.26183427,0.059741182
20.01147705,96.30851837,97.86115754,94.75587921,Mode30,0.260652699,-0.139226212
20.09431138,96.33006302,97.90231929,94.75780675,Mode30,0.259546123,0.245461071
20.17714571,96.35151908,97.94391022,94.75912794,Mode30,0.258513664,-0.140850298
20.25998004,96.37289264,97.98592261,94.75986268,Mode30,0.257554159,-0.290075844
20.34281437,96.39418971,98.02834814,94.76003128,Mode30,0.256666344,-0.140850298
20.4256487,96.41541615,98.07117796,94.75965435,Mode30,0.255848807,-0.314946768
20.50848303,96.43657773,98.11440276,94.75875269,Mode30,0.255099884,-0.115979374
20.59131737,96.45768009,98.15801288,94.75734729,Mode30,0.254418944,-0.139226212
20.6741517,96.47872881,98.20199834,94.75545928,Mode30,0.25380474,-0.290075844
20.75698603,96.49972936,98.24634893,94.75310978,Mode30,0.253255065,0.107858944
20.83982036,96.52068696,98.29105421,94.7503197,Mode30,0.252767559,-0.089484364
20.92265469,96.54160666,98.33610361,94.74710971,Mode30,0.252339583,0.009999333
21.00548902,96.56249328,98.38148647,94.7435001,Mode30,0.251968358,0.096235525
21.08832335,96.5833514,98.42719207,94.73951073,Mode30,0.251650821,-0.102731869
21.17115768,96.60418533,98.47320973,94.73516093,Mode30,0.2513837,-0.276828339
21.25399202,96.62499909,98.51952879,94.7304694,Mode30,0.251163448,-0.09110845
21.33682635,96.64579643,98.56613871,94.72545414,Mode30,0.250986332,-0.041366601
21.41966068,96.66658074,98.61302908,94.72013241,Mode30,0.250848333,-0.240333995
21.50249501,96.6873551,98.66018963,94.71452056,Mode30,0.250745151,-0.265204919
21.58532934,96.70812219,98.70761032,94.70863406,Mode30,0.250672235,0.107858944
21.66816367,96.72888433,98.75528135,94.70248731,Mode30,0.250624757,0.009999333
21.750998,96.74964342,98.80319316,94.69609368,Mode30,0.250597588,-0.039742515
21.83383234,96.77040091,98.85133648,94.68946534,Mode30,0.250585322,-0.139226212
21.91666667,96.79115781,98.89970237,94.68261324,Mode30,0.250582198,-0.139226212
8.083333333,26.88392229,27.39333664,26.37450793,Mode31,0.086391732,0.022172164
8.166167665,26.89107849,27.39650556,26.38565142,Mode31,0.086391732,0.022157709
8.249001996,26.89823469,27.39969756,26.39677182,Mode31,0.086391731,0.022163904
8.331836327,26.90539089,27.40291319,26.40786859,Mode31,0.086391728,0.022161839
8.414670659,26.91254709,27.40615302,26.41894116,Mode31,0.086391725,0.014782131
8.49750499,26.91970329,27.40941764,26.42998894,Mode31,0.086391719,0.014775936
8.580339321,26.92685949,27.41270763,26.44101135,Mode31,0.086391711,0.007396228
8.663173653,26.93401569,27.41602361,26.45200777,Mode31,0.0863917,0.007381773
8.746007984,26.94117189,27.41936621,26.46297757,Mode31,0.086391687,0.007396228
8.828842315,26.94832809,27.42273606,26.47392011,Mode31,0.08639167,0.007398293
8.911676647,26.95548428,27.42613383,26.48483474,Mode31,0.086391648,0.022168034
8.994510978,26.96264048,27.42956018,26.49572077,Mode31,0.086391624,0.022163904
9.077345309,26.96979667,27.43301581,26.50657753,Mode31,0.086391596,0.022157709
9.160179641,26.97695286,27.43650143,26.51740429,Mode31,0.086391563,0.022157709
9.243013972,26.98410904,27.44001775,26.52820033,Mode31,0.086391525,0.022159774
9.325848303,26.99126522,27.44356553,26.53896492,Mode31,0.086391483,0.022153579
9.408682635,26.9984214,27.44714551,26.5496973,Mode31,0.086391436,0.014773871
9.491516966,27.00557758,27.45075848,26.56039668,Mode31,0.086391383,0.014778001
9.574351297,27.01273375,27.45440522,26.57106227,Mode31,0.086391325,0.007385903
9.657185629,27.01988991,27.45808656,26.58169327,Mode31,0.086391261,0.007383838
9.74001996,27.02704607,27.46180331,26.59228884,Mode31,0.086391191,0.007385903
9.822854291,27.03420223,27.46555631,26.60284814,Mode31,0.086391115,0.007394163
9.905688623,27.04135837,27.46934645,26.6133703,Mode31,0.086391033,0.022163904
9.988522954,27.04851451,27.47317459,26.62385444,Mode31,0.086390945,0.022157709
10.07135729,27.05567065,27.47704163,26.63429966,Mode31,0.086390851,0.022157709
10.15419162,27.06282677,27.4809485,26.64470504,Mode31,0.086390751,0.022157709
10.23702595,27.06998289,27.48489612,26.65506966,Mode31,0.086390645,0.022157709
10.31986028,27.07713899,27.48888544,26.66539255,Mode31,0.086390532,0.022161839
10.40269461,27.08429509,27.49291743,26.67567275,Mode31,0.086390413,0.014773871
10.48552894,27.09145118,27.49699308,26.68590928,Mode31,0.086390287,0.014771806
10.56836327,27.09860725,27.50111338,26.69610113,Mode31,0.086390155,0.011080919
10.6511976,27.10576332,27.50527934,26.70624729,Mode31,0.086390016,0.018468887
10.73403194,27.11291937,27.50949201,26.71634673,Mode31,0.086389871,0.018462693
10.81686627,27.12007541,27.51375241,26.72639841,Mode31,0.086389719,0.014775936
10.8997006,27.12723144,27.51806162,26.73640126,Mode31,0.086389561,0.014771806
10.98253493,27.13438746,27.52242069,26.74635422,Mode31,0.086389397,0.014775936
11.06536926,27.14154346,27.52683071,26.7562562,Mode31,0.086389226,0.011082984
11.14820359,27.14869944,27.53129277,26.76610611,Mode31,0.086389049,0.018473017
11.23103792,27.15585541,27.53580798,26.77590285,Mode31,0.086388865,0.018464757
11.31387226,27.16301137,27.54037744,26.7856453,Mode31,0.086388676,0.014769741
11.39670659,27.17016731,27.54500228,26.79533234,Mode31,0.08638848,0.014774903
11.47954092,27.17732323,27.54968361,26.80496286,Mode31,0.086388278,0.014769741
11.56237525,27.18447914,27.55442257,26.81453571,Mode31,0.086388071,0.011077822
11.64520958,27.19163503,27.55922029,26.82404977,Mode31,0.086387856,0.018463725
11.72804391,27.1987909,27.5640779,26.83350391,Mode31,0.086387637,0.01846579
11.81087824,27.20594675,27.56899653,26.84289698,Mode31,0.086387412,0.014770774
11.89371257,27.21310259,27.57397731,26.85222787,Mode31,0.086387181,0.014769741
11.97654691,27.2202584,27.57902136,26.86149544,Mode31,0.086386944,0.014771806
12.05938124,27.2274142,27.58412982,26.87069858,Mode31,0.086386703,0.011077822
12.14221557,27.23456997,27.58930377,26.87983617,Mode31,0.086386455,0.018468887
12.2250499,27.24172573,27.59454432,26.88890713,Mode31,0.086386203,0.018463725
12.30788423,27.24888146,27.59985256,26.89791035,Mode31,0.086385945,0.014769741
12.39071856,27.25603717,27.60522956,26.90684478,Mode31,0.086385682,0.01292533
12.47355289,27.26319286,27.61067635,26.91570936,Mode31,0.086385415,0.012923265
12.55638723,27.27034853,27.61619398,26.92450307,Mode31,0.086385142,0.016617249
12.63922156,27.27750417,27.62178345,26.93322489,Mode31,0.086384865,0.014770774
12.72205589,27.28465979,27.62744573,26.94187385,Mode31,0.086384584,0.016616217
12.80489022,27.29181539,27.63318178,26.950449,Mode31,0.086384297,0.014766644
12.88772455,27.29897096,27.63899251,26.95894942,Mode31,0.086384006,0.014771806
12.97055888,27.30612651,27.6448788,26.96737422,Mode31,0.086383711,0.016617249
13.05339321,27.31328204,27.65084152,26.97572256,Mode31,0.086383412,0.016616217
13.13622754,27.32043754,27.65688145,26.98399362,Mode31,0.086383109,0.012922233
13.21906188,27.32759301,27.66299937,26.99218665,Mode31,0.086382802,0.016620347
13.30189621,27.33474846,27.66919599,27.00030092,Mode31,0.086382491,0.016618282
13.38473054,27.34190388,27.675472,27.00833577,Mode31,0.086382177,0.015694011
13.46756487,27.34905928,27.68182801,27.01629055,Mode31,0.086381859,0.015690914
13.5503992,27.35621465,27.6882646,27.0241647,Mode31,0.086381538,0.014768709
13.63323353,27.36336999,27.69478228,27.03195771,Mode31,0.086381215,0.015691946
13.71606786,27.37052531,27.70138153,27.03966909,Mode31,0.086380888,0.014763546
13.7989022,27.3776806,27.70806274,27.04729846,Mode31,0.086380559,0.015228263
13.88173653,27.38483586,27.71482627,27.05484545,Mode31,0.086380227,0.01523136
13.96457086,27.3919911,27.72167241,27.06230978,Mode31,0.086379893,0.015229295
14.04740519,27.3991463,27.72860139,27.06969121,Mode31,0.086379557,0.01545804
14.13023952,27.40630148,27.73561337,27.07698959,Mode31,0.086379218,0.015229295
14.21307385,27.41345663,27.74270846,27.0842048,Mode31,0.086378878,0.015341602
14.29590818,27.42061175,27.74988671,27.0913368,Mode31,0.086378536,0.015314816
14.37874251,27.42776685,27.75714808,27.09838561,Mode31,0.086378193,0.015346765
14.46157685,27.43492191,27.76449251,27.10535132,Mode31,0.086377849,0.01522723
14.54441118,27.44207695,27.77191984,27.11223407,Mode31,0.086377503,0.015695044
14.62724551,27.44923196,27.77942986,27.11903406,Mode31,0.086377156,0.015226198
14.71007984,27.45638694,27.78702232,27.12575156,Mode31,0.086376809,0.015226198
14.79291417,27.46354189,27.79469688,27.1323869,Mode31,0.086376461,0.015686784
14.8757485,27.47069681,27.80245316,27.13894047,Mode31,0.086376113,0.015685752
14.95858283,27.47785171,27.8102907,27.14541271,Mode31,0.086375764,0.015688849
15.04141717,27.48500657,27.81820902,27.15180412,Mode31,0.086375415,0.014771806
15.1242515,27.49216141,27.82620756,27.15811525,Mode31,0.086375067,0.015689882
15.20708583,27.49931621,27.83428571,27.16434672,Mode31,0.086374719,0.016615184
15.28992016,27.50647099,27.84244281,27.17049916,Mode31,0.086374371,0.014769741
15.37275449,27.51362574,27.85067817,27.1765733,Mode31,0.086374024,0.016618282
15.45558882,27.52078046,27.85899104,27.18256988,Mode31,0.086373678,0.016613119
15.53842315,27.52793515,27.86738062,27.18848968,Mode31,0.086373332,0.014772838
15.62125749,27.53508981,27.87584607,27.19433355,Mode31,0.086372988,0.016614152
15.70409182,27.54224445,27.88438654,27.20010235,Mode31,0.086372646,0.016610022
15.78692615,27.54939905,27.89300112,27.20579699,Mode31,0.086372305,0.012923265
15.86976048,27.55655363,27.90168886,27.2114184,Mode31,0.086371965,0.01291707
15.95259481,27.56370818,27.9104488,27.21696756,Mode31,0.086371627,0.016614152
16.03542914,27.5708627,27.91927995,27.22244546,Mode31,0.086371293,-0.029549807
16.11826347,27.5780172,27.92818128,27.22785311,Mode31,0.08637096,-0.031394218
16.2010978,27.58517167,27.93715176,27.23319157,Mode31,0.086370629,-0.029540515
16.28393214,27.59232611,27.94619032,27.23846189,Mode31,0.086370301,-0.029546709
16.36676647,27.59948052,27.95529589,27.24366515,Mode31,0.086369975,-0.029543612
16.4496008,27.6066349,27.96446736,27.24880244,Mode31,0.086369652,-0.029544644
16.53243513,27.61378926,27.97370365,27.25387487,Mode31,0.086369331,-0.029543612
16.61526946,27.62094359,27.98300364,27.25888355,Mode31,0.086369014,-0.029541547
16.69810379,27.6280979,27.9923662,27.2638296,Mode31,0.0863687,-0.029550839
16.78093812,27.63525218,28.00179021,27.26871416,Mode31,0.08636839,-0.029546709
16.86377246,27.64240644,28.01127454,27.27353834,Mode31,0.086368083,-0.029550839
16.94660679,27.64956067,28.02081805,27.27830328,Mode31,0.08636778,-0.033246888
17.02944112,27.65671487,28.03041963,27.28301011,Mode31,0.086367481,-0.02953019
17.11227545,27.66386905,28.04007814,27.28765997,Mode31,0.086367185,-0.029537417
17.19510978,27.67102321,28.04979245,27.29225397,Mode31,0.086366894,-0.029550839
17.27794411,27.67817734,28.05956145,27.29679323,Mode31,0.086366607,-0.029551872
17.36077844,27.68533145,28.06938403,27.30127887,Mode31,0.086366325,-0.033243791
17.44361277,27.69248553,28.07925908,27.30571199,Mode31,0.086366047,-0.029551872
17.52644711,27.6996396,28.0891855,27.31009369,Mode31,0.086365773,-0.029531222
17.60928144,27.70679364,28.09916223,27.31442504,Mode31,0.086365504,-0.029550839
17.69211577,27.71394765,28.10918817,27.31870713,Mode31,0.086365241,-0.029552904
17.7749501,27.72110165,28.11926228,27.32294101,Mode31,0.086364982,-0.029549807
17.85778443,27.72825562,28.12938351,27.32712774,Mode31,0.086364728,-0.029536385
17.94061876,27.73540958,28.13955082,27.33126834,Mode31,0.086364479,-0.033229336
18.02345309,27.74256351,28.14976319,27.33536383,Mode31,0.086364236,-0.033236563
18.10628743,27.74971743,28.16001963,27.33941522,Mode31,0.086363997,-0.029543612
18.18912176,27.75687132,28.17031915,27.34342349,Mode31,0.086363765,-0.03692332
18.27195609,27.76402519,28.18066078,27.34738961,Mode31,0.086363538,-0.036918158
18.35479042,27.77117905,28.19104355,27.35131455,Mode31,0.086363316,-0.036930547
18.43762475,27.77833289,28.20146654,27.35519924,Mode31,0.0863631,-0.036930547
18.52045908,27.78548671,28.21192883,27.35904459,Mode31,0.086362889,-0.036921255
18.60329341,27.79264051,28.22242951,27.36285152,Mode31,0.086362685,-0.03692745
18.68612774,27.7997943,28.23296769,27.36662091,Mode31,0.086362486,-0.03692745
18.76896208,27.80694807,28.24354252,27.37035363,Mode31,0.086362294,-0.036934677
18.85179641,27.81410183,28.25415313,27.37405052,Mode31,0.086362106,-0.022163904
18.93463074,27.82125557,28.2647987,27.37771243,Mode31,0.086361926,-0.022172164
19.01746507,27.82840929,28.27547842,27.38134017,Mode31,0.086361753,-0.029545677
19.1002994,27.835563,28.28619147,27.38493453,Mode31,0.086361585,-0.029535352
19.18313373,27.8427167,28.29693709,27.38849631,Mode31,0.086361423,-0.029520898
19.26596806,27.84987038,28.30771452,27.39202625,Mode31,0.086361268,-0.03691506
19.3488024,27.85702406,28.31852299,27.39552512,Mode31,0.086361119,-0.03693571
19.43163673,27.86417771,28.3293618,27.39899363,Mode31,0.086360976,-0.036941905
19.51447106,27.87133136,28.34023022,27.40243251,Mode31,0.08636084,-0.03693158
19.59730539,27.878485,28.35112756,27.40584244,Mode31,0.08636071,-0.036925385
19.68013972,27.88563863,28.36205314,27.40922411,Mode31,0.086360587,-0.036925385
19.76297405,27.89279224,28.3730063,27.41257819,Mode31,0.086360469,-0.022149449
19.84580838,27.89994585,28.38398639,27.41590531,Mode31,0.086360359,-0.022139125
19.92864271,27.90709945,28.39499278,27.41920612,Mode31,0.086360254,-0.022143254
20.01147705,27.91425304,28.40602485,27.42248123,Mode31,0.086360156,-0.022159774
20.09431138,27.92140662,28.417082,27.42573124,Mode31,0.086360065,-0.029510573
20.17714571,27.92856019,28.42816365,27.42895674,Mode31,0.086359979,-0.036925385
20.25998004,27.93571376,28.43926923,27.4321583,Mode31,0.0863599,-0.036937775
20.34281437,27.94286732,28.45039817,27.43533648,Mode31,0.086359826,-0.036925385
20.4256487,27.95002088,28.46154993,27.43849182,Mode31,0.086359758,-0.03693984
20.50848303,27.95717443,28.47272399,27.44162486,Mode31,0.086359696,-0.03692332
20.59131737,27.96432797,28.48391983,27.44473612,Mode31,0.086359639,-0.022159774
20.6741517,27.97148151,28.49513694,27.44782609,Mode31,0.086359588,-0.036937775
20.75698603,27.97863505,28.50637483,27.45089527,Mode31,0.086359543,-0.036904736
20.83982036,27.98578858,28.51763302,27.45394415,Mode31,0.086359502,-0.022155644
20.92265469,27.99294211,28.52891106,27.45697317,Mode31,0.086359466,-0.022147384
21.00548902,28.00009564,28.54020847,27.45998281,Mode31,0.086359436,-0.029522963
21.08832335,28.00724917,28.55152483,27.4629735,Mode31,0.08635941,-0.029539482
21.17115768,28.01440269,28.5628597,27.46594568,Mode31,0.086359387,-0.029553937
21.25399202,28.02155621,28.57421266,27.46889976,Mode31,0.086359369,-0.036921255
21.33682635,28.02870973,28.5855833,27.47183616,Mode31,0.086359354,-0.036917125
21.41966068,28.03586325,28.59697122,27.47475528,Mode31,0.086359343,-0.036933645
21.50249501,28.04301677,28.60837604,27.4776575,Mode31,0.086359334,-0.03693571
21.58532934,28.05017028,28.61979737,27.4805432,Mode31,0.086359328,-0.036904736
21.66816367,28.0573238,28.63123484,27.48341276,Mode31,0.086359324,-0.022147384
21.750998,28.06447732,28.64268811,27.48626653,Mode31,0.086359321,-0.022151514
21.83383234,28.07163083,28.65415681,27.48910486,Mode31,0.08635932,-0.022159774
21.91666667,28.07878435,28.6656406,27.4919281,Mode31,0.08635932,-0.022159774
8.083333333,51.96751873,52.64905334,51.28598411,Mode32,0.030722497,0.004121359
8.166167665,51.97006361,52.6456936,51.29443362,Mode32,0.030722593,0.009399192
8.249001996,51.97260851,52.64237598,51.30284103,Mode32,0.030722975,0.007137264
8.331836327,51.97515345,52.63910169,51.31120522,Mode32,0.030723819,0.00789124
8.414670659,51.9776985,52.63587197,51.31952502,Mode32,0.030725295,0.002496247
8.49750499,51.98024369,52.63268814,51.32779924,Mode32,0.030727488,0.004758176
8.580339321,51.9827891,52.62955154,51.33602667,Mode32,0.030730466,-0.000636816
8.663173653,51.98533479,52.62646354,51.34420604,Mode32,0.030734373,0.004641016
8.746007984,51.98788085,52.6234256,51.35233611,Mode32,0.030739343,-0.000636816
8.828842315,51.99042737,52.62043918,51.36041556,Mode32,0.0307455,-0.001390793
8.911676647,51.99297445,52.61750581,51.3684431,Mode32,0.030752963,0.005629311
8.994510978,51.99552221,52.61462703,51.37641739,Mode32,0.030761843,0.007137264
9.077345309,51.99807077,52.61180445,51.38433709,Mode32,0.030772242,0.009399192
9.160179641,52.00062025,52.60903967,51.39220084,Mode32,0.030784257,0.009399192
9.243013972,52.0031708,52.60633432,51.40000728,Mode32,0.030797976,0.008645216
9.325848303,52.00572256,52.60369009,51.40775504,Mode32,0.030813482,0.010907144
9.408682635,52.00827568,52.60110863,51.41544274,Mode32,0.030830851,0.005512152
9.491516966,52.01083032,52.59859164,51.42306901,Mode32,0.030850153,0.0040042
9.574351297,52.01338664,52.59614082,51.43063247,Mode32,0.03087145,0.003133064
9.657185629,52.01594481,52.59375787,51.43813175,Mode32,0.030894801,0.00388704
9.74001996,52.018505,52.59144451,51.44556549,Mode32,0.030920259,0.003133064
9.822854291,52.02106739,52.58920243,51.45293234,Mode32,0.03094787,0.00011716
9.905688623,52.02363215,52.58703335,51.46023096,Mode32,0.030977674,0.007137264
9.988522954,52.02619948,52.58493894,51.46746002,Mode32,0.03100971,0.009399192
10.07135729,52.02876955,52.58292089,51.47461822,Mode32,0.031044009,0.009399192
10.15419162,52.03134256,52.58098086,51.48170426,Mode32,0.031080597,0.009399192
10.23702595,52.0339187,52.5791205,51.48871689,Mode32,0.031119497,0.009399192
10.31986028,52.03649815,52.57734144,51.49565487,Mode32,0.031160727,0.00789124
10.40269461,52.03908112,52.57564526,51.50251698,Mode32,0.031204302,0.005512152
10.48552894,52.04166779,52.57403354,51.50930205,Mode32,0.03125023,0.006266128
10.56836327,52.04425837,52.57250781,51.51600893,Mode32,0.031298519,0.00394562
10.6511976,52.04685304,52.57106958,51.5226365,Mode32,0.031349169,0.006324708
10.73403194,52.04945201,52.56972031,51.5291837,Mode32,0.031402181,0.008586636
10.81686627,52.05205546,52.56846143,51.5356495,Mode32,0.031457551,0.004758176
10.8997006,52.0546636,52.56729432,51.54203289,Mode32,0.031515269,0.006266128
10.98253493,52.05727662,52.56622031,51.54833293,Mode32,0.031575325,0.004758176
11.06536926,52.05989471,52.56524069,51.55454872,Mode32,0.031637705,0.003191644
11.14820359,52.06251806,52.56435671,51.56067941,Mode32,0.031702392,0.004816756
11.23103792,52.06514686,52.56356955,51.56672418,Mode32,0.031769366,0.00783266
11.31387226,52.06778131,52.56288034,51.57268228,Mode32,0.031838606,0.007020104
11.39670659,52.07042159,52.56229016,51.57855301,Mode32,0.031910087,0.005135164
11.47954092,52.07306787,52.56180003,51.58433572,Mode32,0.031983781,0.007020104
11.56237525,52.07572036,52.5614109,51.59002981,Mode32,0.03205966,0.005076584
11.64520958,52.07837921,52.56112369,51.59563474,Mode32,0.032137691,0.008209648
11.72804391,52.08104462,52.56093922,51.60115003,Mode32,0.032217841,0.007455672
11.81087824,52.08371676,52.56085828,51.60657523,Mode32,0.032300075,0.006643116
11.89371257,52.08639579,52.56088159,51.61190999,Mode32,0.032384364,0.007020104
11.97654691,52.08908189,52.56100979,51.61715399,Mode32,0.032470698,0.006266128
12.05938124,52.09177522,52.56124348,51.62230697,Mode32,0.032559037,0.005076584
12.14221557,52.09447596,52.56158318,51.62736873,Mode32,0.032649337,0.006324708
12.2250499,52.09718425,52.56202936,51.63233914,Mode32,0.032741556,0.008209648
12.30788423,52.09990026,52.56258241,51.6372181,Mode32,0.032835646,0.007020104
12.39071856,52.10262414,52.56324268,51.64200559,Mode32,0.032931563,0.005482862
12.47355289,52.10535603,52.56401045,51.64670162,Mode32,0.033029255,0.006236838
12.55638723,52.1080961,52.56488592,51.65130627,Mode32,0.033128687,0.007426382
12.63922156,52.11084447,52.56586927,51.65581967,Mode32,0.033229856,0.006643116
12.72205589,52.11360129,52.56696059,51.66024199,Mode32,0.033332749,0.00780337
12.80489022,52.11636671,52.56815992,51.6645735,Mode32,0.033437317,0.008151068
12.88772455,52.11914085,52.56946725,51.66881445,Mode32,0.033543506,0.006266128
12.97055888,52.12192386,52.57088253,51.67296519,Mode32,0.033651261,0.007426382
13.05339321,52.12471585,52.57240563,51.67702608,Mode32,0.033760526,0.00780337
13.13622754,52.12751696,52.57403639,51.68099753,Mode32,0.033871246,0.006613826
13.21906188,52.13032729,52.57577461,51.68487997,Mode32,0.033983362,0.006295418
13.30189621,52.13314697,52.57762005,51.6886739,Mode32,0.034096816,0.007049394
13.38473054,52.1359761,52.5795724,51.69237981,Mode32,0.03421155,0.007034749
13.46756487,52.13881479,52.58163135,51.69599823,Mode32,0.034327505,0.008165713
13.5503992,52.14166313,52.58379653,51.69952972,Mode32,0.034444622,0.007397092
13.63323353,52.14452121,52.58606756,51.70297487,Mode32,0.034562838,0.007788725
13.71606786,52.14738914,52.58844402,51.70633425,Mode32,0.034682094,0.009282032
13.7989022,52.15026698,52.59092546,51.70960849,Mode32,0.034802327,0.008346884
13.88173653,52.15315482,52.59351143,51.71279821,Mode32,0.034923477,0.00721592
13.96457086,52.15605273,52.59620143,51.71590402,Mode32,0.035045481,0.007969896
14.04740519,52.15896078,52.59899497,51.71892658,Mode32,0.035168276,0.008821781
14.13023952,52.16187903,52.60189154,51.72186651,Mode32,0.035291799,0.007969896
14.21307385,52.16480754,52.60489062,51.72472446,Mode32,0.035415987,0.009149815
14.29590818,52.16774636,52.60799167,51.72750106,Mode32,0.035540777,0.0083836
14.37874251,52.17069555,52.61119416,51.73019694,Mode32,0.035666103,0.007264875
14.46157685,52.17365513,52.61449755,51.73281272,Mode32,0.035791903,0.008723873
14.54441118,52.17662516,52.61790129,51.73534902,Mode32,0.035918113,0.006657761
14.62724551,52.17960565,52.62140486,51.73780643,Mode32,0.036044666,0.009100861
14.71007984,52.18259664,52.62500772,51.74018555,Mode32,0.0361715,0.009100861
14.79291417,52.18559814,52.62870934,51.74248694,Mode32,0.036298548,0.009673665
14.8757485,52.18861017,52.63250918,51.74471116,Mode32,0.036425747,0.010050653
14.95858283,52.19163275,52.63640674,51.74685875,Mode32,0.036553031,0.008919689
15.04141717,52.19466586,52.64040151,51.74893022,Mode32,0.036680335,0.006266128
15.1242515,52.19770953,52.64449298,51.75092607,Mode32,0.036807595,0.008542701
15.20708583,52.20076373,52.64868068,51.75284677,Mode32,0.036934744,0.008180358
15.28992016,52.20382845,52.65296412,51.75469278,Mode32,0.037061719,0.007020104
15.37275449,52.20690368,52.65734284,51.75646453,Mode32,0.037188453,0.007049394
15.45558882,52.2099894,52.66181638,51.75816242,Mode32,0.037314882,0.008934334
15.53842315,52.21308558,52.66638431,51.75978686,Mode32,0.037440942,0.00588914
15.62125749,52.21619218,52.67104618,51.76133819,Mode32,0.037566566,0.008557346
15.70409182,52.21930917,52.67580157,51.76281677,Mode32,0.037691691,0.010065298
15.78692615,52.2224365,52.68065009,51.76422291,Mode32,0.037816253,0.006236838
15.86976048,52.22557412,52.68559132,51.76555693,Mode32,0.037940185,0.008498766
15.95259481,52.22872198,52.69062487,51.76681909,Mode32,0.038063425,0.008557346
16.03542914,52.23188002,52.69575035,51.76800968,Mode32,0.03818591,-0.010270327
16.11826347,52.23504817,52.70096739,51.76912894,Mode32,0.038307579,-0.011807569
16.2010978,52.23822636,52.70627562,51.7701771,Mode32,0.038428418,-0.01366322
16.28393214,52.24141453,52.71167466,51.77115439,Mode32,0.038548375,-0.011401292
16.36676647,52.24461259,52.71716415,51.77206104,Mode32,0.038667386,-0.012532256
16.4496008,52.24782047,52.72274371,51.77289724,Mode32,0.038785389,-0.012155268
16.53243513,52.25103808,52.72841298,51.77366319,Mode32,0.038902323,-0.012532256
16.61526946,52.25426534,52.7341716,51.77435907,Mode32,0.039018126,-0.013286232
16.69810379,52.25750213,52.74001919,51.77498507,Mode32,0.039132738,-0.009893339
16.78093812,52.26074837,52.74595538,51.77554136,Mode32,0.039246098,-0.011401292
16.86377246,52.26400394,52.75197979,51.7760281,Mode32,0.039358145,-0.009893339
16.94660679,52.26726874,52.75809203,51.77644546,Mode32,0.039468823,-0.010328907
17.02944112,52.27054265,52.76429169,51.77679361,Mode32,0.039578075,-0.0174331
17.11227545,52.27382555,52.77057837,51.77707273,Mode32,0.039685885,-0.014794184
17.19510978,52.27711732,52.77695164,51.777283,Mode32,0.03979221,-0.009893339
17.27794411,52.28041783,52.78341106,51.7774246,Mode32,0.039896993,-0.009516351
17.36077844,52.28372696,52.78995618,51.77749773,Mode32,0.040000179,-0.011459871
17.44361277,52.28704456,52.79658652,51.7775026,Mode32,0.040101714,-0.009516351
17.52644711,52.29037051,52.8033016,51.77743941,Mode32,0.040201547,-0.017056112
17.60928144,52.29370465,52.8101009,51.7773084,Mode32,0.040299663,-0.009893339
17.69211577,52.29704685,52.81698389,51.77710981,Mode32,0.040396024,-0.009139363
17.7749501,52.30039695,52.82395001,51.77684389,Mode32,0.04049058,-0.010270327
17.85778443,52.30375482,52.8309987,51.77651093,Mode32,0.040583282,-0.015171172
17.94061876,52.30712028,52.83812934,51.77611122,Mode32,0.040674085,-0.016737704
18.02345309,52.31049319,52.84534132,51.77564506,Mode32,0.040762975,-0.014098788
18.10628743,52.31387337,52.85263396,51.77511278,Mode32,0.040849922,-0.012532256
18.18912176,52.31726068,52.86000661,51.77451476,Mode32,0.040934912,-0.017927248
18.27195609,52.32065495,52.86745855,51.77385135,Mode32,0.041017916,-0.019812188
18.35479042,52.32405601,52.87498905,51.77312297,Mode32,0.041098893,-0.015288332
18.43762475,52.32746369,52.88259736,51.77233002,Mode32,0.041177807,-0.015288332
18.52045908,52.33087782,52.89028268,51.77147296,Mode32,0.041254623,-0.018681224
18.60329341,52.33429823,52.89804421,51.77055226,Mode32,0.041329307,-0.016419296
18.68612774,52.33772474,52.90588109,51.76956839,Mode32,0.041401826,-0.016419296
18.76896208,52.34115716,52.91379245,51.76852187,Mode32,0.041472154,-0.013780379
18.85179641,52.34459531,52.92177739,51.76741324,Mode32,0.041540261,-0.007137264
18.93463074,52.34803901,52.92983498,51.76624305,Mode32,0.041606125,-0.004121359
19.01746507,52.35148808,52.93796426,51.7650119,Mode32,0.041669724,-0.01177828
19.1002994,52.35494232,52.94616424,51.76372039,Mode32,0.041731038,-0.01554816
19.18313373,52.35840154,52.95443392,51.76236916,Mode32,0.041790052,-0.020825992
19.26596806,52.36186556,52.96277225,51.76095886,Mode32,0.041846751,-0.020943152
19.3488024,52.36533417,52.97117817,51.75949017,Mode32,0.041901127,-0.013403391
19.43163673,52.36880719,52.97965059,51.7579638,Mode32,0.041953171,-0.011141463
19.51447106,52.37228443,52.9881884,51.75638046,Mode32,0.042002881,-0.014911343
19.59730539,52.37576569,52.99679046,51.75474092,Mode32,0.042050257,-0.017173272
19.68013972,52.37925078,53.00545562,51.75304594,Mode32,0.042095301,-0.017173272
19.76297405,52.3827395,53.0141827,51.7512963,Mode32,0.042138022,-0.012415096
19.84580838,52.38623166,53.02297051,51.74949282,Mode32,0.04217843,-0.016184976
19.92864271,52.38972708,53.03181784,51.74763632,Mode32,0.042216542,-0.014677024
20.01147705,52.39322556,53.04072347,51.74572765,Mode32,0.042252362,-0.008645216
20.09431138,52.39672691,53.04968616,51.74376766,Mode32,0.042285909,-0.024595873
20.17714571,52.40023095,53.05870466,51.74175723,Mode32,0.042317208,-0.017173272
20.25998004,52.40373748,53.06777771,51.73969726,Mode32,0.042346296,-0.012649415
20.34281437,52.40724634,53.07690405,51.73758864,Mode32,0.042373211,-0.017173272
20.4256487,52.41075734,53.0860824,51.73543227,Mode32,0.042397995,-0.011895439
20.50848303,52.4142703,53.09531151,51.7332291,Mode32,0.042420699,-0.017927248
20.59131737,52.41778506,53.10459009,51.73098003,Mode32,0.042441342,-0.008645216
20.6741517,52.42130145,53.11391688,51.72868602,Mode32,0.042459962,-0.012649415
20.75698603,52.42481929,53.12329059,51.72634799,Mode32,0.042476626,-0.024713032
20.83982036,52.42833844,53.13270998,51.7239669,Mode32,0.042491404,-0.010153168
20.92265469,52.43185874,53.14217379,51.72154368,Mode32,0.042504379,-0.013169072
21.00548902,52.43538004,53.15168079,51.71907929,Mode32,0.042515633,-0.020072016
21.08832335,52.4389022,53.16122975,51.71657465,Mode32,0.042525259,-0.014040208
21.17115768,52.4424251,53.17081947,51.71403072,Mode32,0.042533357,-0.008762375
21.25399202,52.4459486,53.18044879,51.71144842,Mode32,0.042540034,-0.018681224
21.33682635,52.44947261,53.19011655,51.70882867,Mode32,0.042545403,-0.020189176
21.41966068,52.45299701,53.19982164,51.70617238,Mode32,0.042549587,-0.014157367
21.50249501,52.45652172,53.20956298,51.70348045,Mode32,0.042552715,-0.013403391
21.58532934,52.46004664,53.21933952,51.70075376,Mode32,0.042554926,-0.024713032
21.66816367,52.46357171,53.22915025,51.69799317,Mode32,0.042556364,-0.013169072
21.750998,52.46709688,53.23899422,51.69519954,Mode32,0.042557188,-0.01166112
21.83383234,52.47062209,53.24887052,51.69237367,Mode32,0.04255756,-0.008645216
21.91666667,52.47414732,53.25877829,51.68951636,Mode32,0.042557655,-0.008645216
8.083333333,42.54820592,43.17444209,41.92196976,Mode33,0.014962488,-0.022956756
8.166167665,42.54944535,43.16777142,41.93111928,Mode33,0.014963176,0.014656785
8.249001996,42.55068491,43.16117654,41.94019328,Mode33,0.014965896,-0.001463304
8.331836327,42.55192482,43.15466086,41.94918878,Mode33,0.014971912,0.003910059
8.414670659,42.55316541,43.1482281,41.95810272,Mode33,0.01498243,-0.017095625
8.49750499,42.55440708,43.14188228,41.96693188,Mode33,0.014998056,-0.000975536
8.580339321,42.55565027,43.13562754,41.975673,Mode33,0.015019283,-0.02198122
8.663173653,42.55689549,43.12946826,41.98432272,Mode33,0.015047126,0.015632321
8.746007984,42.55814332,43.12340906,41.99287757,Mode33,0.015082541,-0.02198122
8.828842315,42.55939443,43.1174548,42.00133405,Mode33,0.015126422,-0.027354583
8.911676647,42.56064955,43.11161051,42.00968859,Mode33,0.01517961,-0.01221003
8.994510978,42.56190949,43.10588141,42.01793757,Mode33,0.015242894,-0.001463304
9.077345309,42.56317512,43.10027286,42.02607737,Mode33,0.015317005,0.014656785
9.160179641,42.56444735,43.09479037,42.03410434,Mode33,0.015402631,0.014656785
9.243013972,42.56572718,43.08943952,42.04201485,Mode33,0.015500404,0.009283422
9.325848303,42.56701564,43.08422599,42.04980528,Mode33,0.015610911,0.025403511
9.408682635,42.56831379,43.0791555,42.05747208,Mode33,0.015734695,0.004397827
9.491516966,42.56962276,43.07423378,42.06501174,Mode33,0.015872251,-0.006348899
9.574351297,42.57094372,43.06946657,42.07242086,Mode33,0.016024031,0.004885595
9.657185629,42.57227785,43.06485956,42.07969613,Mode33,0.01619045,0.010258958
9.74001996,42.57362638,43.06041839,42.08683437,Mode33,0.016371878,0.004885595
9.822854291,42.57499058,43.05614858,42.09383258,Mode33,0.016568652,-0.016607857
9.905688623,42.57637172,43.05205554,42.1006879,Mode33,0.016781061,-0.001463304
9.988522954,42.57777111,43.04814452,42.1073977,Mode33,0.017009371,0.014656785
10.07135729,42.57919008,43.04442059,42.11395958,Mode33,0.017253806,0.014656785
10.15419162,42.58062998,43.04088859,42.12037137,Mode33,0.017514559,0.014656785
10.23702595,42.58209215,43.03755311,42.12663119,Mode33,0.017791788,0.014656785
10.31986028,42.58357798,43.03441847,42.13273748,Mode33,0.018085624,0.003910059
10.40269461,42.58508883,43.03148869,42.13868898,Mode33,0.018396166,0.004397827
10.48552894,42.58662611,43.02876744,42.14448478,Mode33,0.018723483,0.00977119
10.56836327,42.58819119,43.02625803,42.15012435,Mode33,0.019067621,0.00195503
10.6511976,42.58978548,43.0239634,42.15560756,Mode33,0.019428595,0.001467262
10.73403194,42.59141037,43.02188608,42.16093466,Mode33,0.019806397,0.017587351
10.81686627,42.59306724,43.02002816,42.16610633,Mode33,0.020200997,-0.000975536
10.8997006,42.5947575,43.0183913,42.1711237,Mode33,0.020612335,0.00977119
10.98253493,42.59648252,43.01697672,42.17598832,Mode33,0.021040336,-0.000975536
11.06536926,42.59824368,43.01578515,42.18070222,Mode33,0.021484899,-0.003418333
11.14820359,42.60004235,43.01481685,42.18526785,Mode33,0.021945905,-0.009279464
11.23103792,42.60187988,43.01407163,42.18968813,Mode33,0.022423213,0.012213988
11.31387226,42.60375762,43.0135488,42.19396644,Mode33,0.022916666,0.015144553
11.39670659,42.6056769,43.01324721,42.19810658,Mode33,0.023426089,0.001711146
11.47954092,42.60763902,43.01316526,42.20211279,Mode33,0.023951286,0.015144553
11.56237525,42.6096453,43.01330088,42.20598973,Mode33,0.02449205,0.010015074
11.64520958,42.61169701,43.01365159,42.20974244,Mode33,0.025048154,0.014900669
11.72804391,42.61379542,43.01421449,42.21337634,Mode33,0.025619361,0.009527306
11.81087824,42.61594175,43.01498627,42.21689722,Mode33,0.026205414,0.012457872
11.89371257,42.61813724,43.0159633,42.22031117,Mode33,0.026806122,0.015144553
11.97654691,42.62038309,43.01714156,42.22362461,Mode33,0.027421397,0.00977119
12.05938124,42.6226805,43.01851678,42.22684422,Mode33,0.028050961,0.010015074
12.14221557,42.62503064,43.02008435,42.22997692,Mode33,0.028694506,0.001467262
12.2250499,42.62743465,43.02183946,42.23302984,Mode33,0.029351719,0.014900669
12.30788423,42.62989367,43.02377707,42.23601027,Mode33,0.030022275,0.015144553
12.39071856,42.63240876,43.02589193,42.23892559,Mode33,0.03070584,0.008549791
12.47355289,42.63498101,43.02817869,42.24178333,Mode33,0.031402067,0.013923154
12.55638723,42.63761144,43.03063185,42.24459104,Mode33,0.032110689,0.01367927
12.63922156,42.64030109,43.03324584,42.24735633,Mode33,0.032831687,0.012457872
12.72205589,42.64305097,43.03601506,42.25008687,Mode33,0.033564978,0.016365952
12.80489022,42.64586208,43.03893387,42.2527903,Mode33,0.034310203,0.023204598
12.88772455,42.64873541,43.04199664,42.25547419,Mode33,0.035066981,0.00977119
12.97055888,42.65167189,43.04519778,42.25814601,Mode33,0.035834918,0.01367927
13.05339321,42.65467243,43.04853175,42.26081311,Mode33,0.036613619,0.016365952
13.13622754,42.65773791,43.05199313,42.26348269,Mode33,0.037402682,0.016609836
13.21906188,42.66086916,43.05557657,42.26616175,Mode33,0.038201699,0.005619226
13.30189621,42.664067,43.05927689,42.2688571,Mode33,0.039010255,0.010992589
13.38473054,42.66733219,43.06308904,42.27157534,Mode33,0.039827933,0.013068571
13.46756487,42.67066548,43.06700816,42.27432279,Mode33,0.040654311,0.021128615
13.5503992,42.67406756,43.07102957,42.27710555,Mode33,0.041488962,0.017831235
13.63323353,42.67753911,43.07514881,42.27992942,Mode33,0.042331454,0.018441934
13.71606786,42.68108076,43.07936162,42.28279991,Mode33,0.043181354,0.031264642
13.7989022,42.6846931,43.08366399,42.28572222,Mode33,0.044038225,0.023509947
13.88173653,42.6883767,43.08805213,42.28870126,Mode33,0.044901624,0.015449903
13.96457086,42.69213206,43.09252253,42.2917416,Mode33,0.045771109,0.020823266
14.04740519,42.69595969,43.09707191,42.29484747,Mode33,0.046646232,0.026349304
14.13023952,42.69986003,43.10169727,42.29802278,Mode33,0.047526545,0.020823266
14.21307385,42.70383348,43.10639589,42.30127108,Mode33,0.048411595,0.028959648
14.29590818,42.70788043,43.11116529,42.30459556,Mode33,0.049300933,0.0235672
14.37874251,42.71200121,43.11600332,42.30799909,Mode33,0.050194099,0.01552624
14.46157685,42.71619611,43.12090807,42.31148415,Mode33,0.051090638,0.026196629
14.54441118,42.7204654,43.12587793,42.31505288,Mode33,0.051990094,0.010381889
14.62724551,42.72480931,43.13091158,42.31870704,Mode33,0.052892003,0.02888331
14.71007984,42.72922801,43.13600797,42.32244804,Mode33,0.053795907,0.02888331
14.79291417,42.73372165,43.14116637,42.32627693,Mode33,0.054701344,0.031875341
14.8757485,42.73829034,43.14638629,42.33019438,Mode33,0.055607852,0.034562023
14.95858283,42.74293414,43.15166756,42.33420073,Mode33,0.056514968,0.026501978
15.04141717,42.7476531,43.15701027,42.33829593,Mode33,0.057422229,0.00977119
15.1242515,42.7524472,43.16241482,42.34247958,Mode33,0.058329168,0.023815297
15.20708583,42.75731639,43.16788185,42.34675094,Mode33,0.059235325,0.019052633
15.28992016,42.7622606,43.17341231,42.35110889,Mode33,0.060140234,0.015144553
15.37275449,42.7672797,43.17900739,42.355552,Mode33,0.061043433,0.010992589
15.45558882,42.77237352,43.18466859,42.36007846,Mode33,0.061944456,0.024425996
15.53842315,42.77754188,43.19039762,42.36468614,Mode33,0.062842844,0.007084509
15.62125749,42.78278453,43.19619648,42.36937257,Mode33,0.063738132,0.021739315
15.70409182,42.78810119,43.20206742,42.37413496,Mode33,0.064629862,0.032486041
15.78692615,42.79349156,43.20801292,42.3789702,Mode33,0.065517572,0.013923154
15.86976048,42.79895528,43.2140357,42.38387485,Mode33,0.066400802,0.030043243
15.95259481,42.80449195,43.22013872,42.38884519,Mode33,0.067279099,0.021739315
16.03542914,42.81010117,43.22632513,42.3938772,Mode33,0.068152005,-0.003422291
16.11826347,42.81578245,43.23259832,42.39896657,Mode33,0.069019107,-0.010017053
16.2010978,42.82153531,43.23896186,42.40410875,Mode33,0.069880292,-0.027602425
16.28393214,42.82735925,43.2454195,42.40929899,Mode33,0.070735185,-0.011482336
16.36676647,42.83325372,43.25197518,42.41453227,Mode33,0.071583341,-0.01954238
16.4496008,42.83921816,43.25863298,42.41980335,Mode33,0.072424317,-0.016855699
16.53243513,42.84525195,43.26539714,42.42510676,Mode33,0.07325767,-0.01954238
16.61526946,42.85135444,43.27227204,42.43043684,Mode33,0.074082966,-0.024915743
16.69810379,42.85752494,43.27926214,42.43578774,Mode33,0.074899766,-0.00073561
16.78093812,42.86376274,43.28637204,42.44115344,Mode33,0.075707648,-0.011482336
16.86377246,42.87006707,43.29360637,42.44652777,Mode33,0.076506179,-0.00073561
16.94660679,42.87643714,43.30096983,42.45190445,Mode33,0.077294942,0.004881637
17.02944112,42.88287214,43.30846718,42.4572771,Mode33,0.078073549,-0.05446924
17.11227545,42.8893712,43.31610314,42.46263926,Mode33,0.078841884,-0.035662469
17.19510978,42.89593347,43.32388248,42.46798446,Mode33,0.079599628,-0.00073561
17.27794411,42.90255806,43.3318099,42.47330622,Mode33,0.080346385,0.001951072
17.36077844,42.90924404,43.33989006,42.47859801,Mode33,0.081081762,-0.003178407
17.44361277,42.91599044,43.34812753,42.48385336,Mode33,0.08180537,0.001951072
17.52644711,42.92279629,43.35652678,42.48906579,Mode33,0.082516851,-0.051782558
17.60928144,42.92966056,43.36509215,42.49422897,Mode33,0.083216096,-0.00073561
17.69211577,42.93658224,43.37382785,42.49933663,Mode33,0.083902832,0.004637753
17.7749501,42.94356028,43.38273789,42.50438266,Mode33,0.084576703,-0.003422291
17.85778443,42.95059358,43.39182608,42.50936109,Mode33,0.085237364,-0.038349151
17.94061876,42.95768106,43.40109604,42.51426608,Mode33,0.085884491,-0.040791948
18.02345309,42.96482158,43.41055111,42.51909204,Mode33,0.086517983,-0.021985178
18.10628743,42.972014,43.4201944,42.52383359,Mode33,0.087137625,-0.01954238
18.18912176,42.97925717,43.43002873,42.5284856,Mode33,0.087743325,-0.040548064
18.27195609,42.98654992,43.44005665,42.53304319,Mode33,0.088334867,-0.053981472
18.35479042,42.99389109,43.45028039,42.53750179,Mode33,0.08891197,-0.021741294
18.43762475,43.00127944,43.46070183,42.54185705,Mode33,0.089474369,-0.021741294
18.52045908,43.00871377,43.47132256,42.54610498,Mode33,0.090021814,-0.045921427
18.60329341,43.01619282,43.48214378,42.55024185,Mode33,0.09055406,-0.029801338
18.68612774,43.02371531,43.49316635,42.55426428,Mode33,0.091070886,-0.029801338
18.76896208,43.03127998,43.50439076,42.55816919,Mode33,0.091572087,-0.010994568
18.85179641,43.0388855,43.51581715,42.56195386,Mode33,0.092057469,0.001463304
18.93463074,43.04653057,43.52744527,42.56561588,Mode33,0.092526859,0.022956756
19.01746507,43.05421386,43.53927453,42.56915319,Mode33,0.092980109,-0.014169017
19.1002994,43.06193401,43.55130396,42.57256407,Mode33,0.093417078,-0.041035832
19.18313373,43.06968969,43.56353225,42.57584713,Mode33,0.093837652,-0.078649373
19.26596806,43.07747952,43.57595773,42.5790013,Mode33,0.094241732,-0.062041516
19.3488024,43.08530213,43.58857841,42.58202585,Mode33,0.094629249,-0.008307886
19.43163673,43.09315616,43.60139196,42.58492036,Mode33,0.095000154,0.007812203
19.51447106,43.10104022,43.61439574,42.5876847,Mode33,0.095354425,-0.019054612
19.59730539,43.10895294,43.62758684,42.59031904,Mode33,0.095692056,-0.035174701
19.68013972,43.11689294,43.64096204,42.59282383,Mode33,0.096013075,-0.035174701
19.76297405,43.12485884,43.65451788,42.5951998,Mode33,0.096317534,-0.036150237
19.84580838,43.13284928,43.66825064,42.59744791,Mode33,0.096605512,-0.063017052
19.92864271,43.14086289,43.68215641,42.59956938,Mode33,0.096877121,-0.052270326
20.01147705,43.14889833,43.69623104,42.60156562,Mode33,0.097132399,-0.009283422
20.09431138,43.15695424,43.7104702,42.60343828,Mode33,0.097371476,-0.105516188
20.17714571,43.16502929,43.72486942,42.60518916,Mode33,0.097594539,-0.035174701
20.25998004,43.17312216,43.73942406,42.60682027,Mode33,0.09780184,-0.002934523
20.34281437,43.18123156,43.75412938,42.60833374,Mode33,0.097993652,-0.035174701
20.4256487,43.18935622,43.76898056,42.60973188,Mode33,0.098170281,0.00243884
20.50848303,43.19749489,43.78397269,42.6110171,Mode33,0.098332086,-0.040548064
20.59131737,43.20564636,43.7991008,42.61219192,Mode33,0.098479202,-0.009283422
20.6741517,43.21380941,43.81435988,42.61325894,Mode33,0.098611902,-0.002934523
20.75698603,43.22198288,43.82974489,42.61422087,Mode33,0.098730659,-0.088908331
20.83982036,43.23016562,43.84525078,42.61508045,Mode33,0.098835983,-0.020030148
20.92265469,43.23835655,43.8608726,42.6158405,Mode33,0.098928448,-0.0415236
21.00548902,43.24655462,43.8766054,42.61650385,Mode33,0.099008652,-0.07327601
21.08832335,43.25475886,43.89244435,42.61707337,Mode33,0.099077256,-0.030289106
21.17115768,43.26296832,43.90838471,42.61755193,Mode33,0.099134967,0.007324435
21.25399202,43.27118214,43.92442186,42.61794241,Mode33,0.099182553,-0.045921427
21.33682635,43.2793995,43.94055135,42.61824766,Mode33,0.099220819,-0.056668153
21.41966068,43.28761968,43.95676886,42.6184705,Mode33,0.099250633,-0.013681249
21.50249501,43.29584202,43.9730703,42.61861373,Mode33,0.099272926,-0.008307886
21.58532934,43.30406592,43.98945175,42.61868008,Mode33,0.099288679,-0.088908331
21.66816367,43.31229089,44.00590955,42.61867222,Mode33,0.099298936,-0.0415236
21.750998,43.32051652,44.02244027,42.61859277,Mode33,0.099304805,-0.030776874
21.83383234,43.32874249,44.03904074,42.61844424,Mode33,0.099307456,-0.009283422
21.91666667,43.33696859,44.05570811,42.61822908,Mode33,0.099308131,-0.009283422
8.083333333,42.37362953,42.9269586,41.82030046,Mode34,0.087540144,0.022299043
8.166167665,42.38088086,42.92985227,41.83190945,Mode34,0.087540148,0.022520025
8.249001996,42.38813219,42.93277155,41.84349282,Mode34,0.087540164,0.022425318
8.331836327,42.39538352,42.93571708,41.85504996,Mode34,0.087540199,0.022456887
8.414670659,42.40263486,42.93868948,41.86658023,Mode34,0.087540262,0.014855505
8.49750499,42.4098862,42.94168941,41.87808298,Mode34,0.087540353,0.014950212
8.580339321,42.41713755,42.94471755,41.88955755,Mode34,0.087540478,0.00734883
8.663173653,42.42438891,42.94777457,41.90100325,Mode34,0.087540642,0.007569813
8.746007984,42.43164029,42.9508612,41.91241939,Mode34,0.08754085,0.00734883
8.828842315,42.43889169,42.95397814,41.92380524,Mode34,0.087541108,0.007317261
8.911676647,42.44614311,42.95712615,41.93516007,Mode34,0.087541419,0.022362181
8.994510978,42.45339456,42.96030599,41.94648313,Mode34,0.087541791,0.022425318
9.077345309,42.46064605,42.96351843,41.95777366,Mode34,0.087542227,0.022520025
9.160179641,42.46789757,42.96676428,41.96903086,Mode34,0.08754273,0.022520025
9.243013972,42.47514913,42.97004434,41.98025392,Mode34,0.087543304,0.022488456
9.325848303,42.48240075,42.97335946,41.99144204,Mode34,0.087543953,0.022583163
9.408682635,42.48965243,42.97671049,42.00259437,Mode34,0.087544681,0.014981781
9.491516966,42.49690416,42.98009829,42.01371004,Mode34,0.087545489,0.014918643
9.574351297,42.50415597,42.98352375,42.02478819,Mode34,0.087546381,0.007506675
9.657185629,42.51140786,42.98698779,42.03582792,Mode34,0.087547359,0.007538244
9.74001996,42.51865983,42.99049133,42.04682833,Mode34,0.087548425,0.007506675
9.822854291,42.52591189,42.99403531,42.05778847,Mode34,0.087549581,0.007380399
9.905688623,42.53316405,42.99762069,42.06870741,Mode34,0.087550828,0.022425318
9.988522954,42.54041632,43.00124846,42.07958418,Mode34,0.087552169,0.022520025
10.07135729,42.54766871,43.00491961,42.09041781,Mode34,0.087553605,0.022520025
10.15419162,42.55492121,43.00863514,42.10120729,Mode34,0.087555137,0.022520025
10.23702595,42.56217385,43.0123961,42.1119516,Mode34,0.087556766,0.022520025
10.31986028,42.56942663,43.01620353,42.12264973,Mode34,0.087558492,0.022456887
10.40269461,42.57667955,43.0200585,42.13330061,Mode34,0.087560318,0.014981781
10.48552894,42.58393263,43.02396207,42.1439032,Mode34,0.08756224,0.01501335
10.56836327,42.59118588,43.02791535,42.1544564,Mode34,0.087564262,0.011228444
10.6511976,42.59843929,43.03191944,42.16495914,Mode34,0.087566383,0.01870355
10.73403194,42.60569288,43.03597546,42.17541031,Mode34,0.087568602,0.018798257
10.81686627,42.61294667,43.04008455,42.18580878,Mode34,0.087570921,0.014950212
10.8997006,42.62020064,43.04424786,42.19615343,Mode34,0.087573337,0.01501335
10.98253493,42.62745483,43.04846654,42.20644311,Mode34,0.087575852,0.014950212
11.06536926,42.63470922,43.05274176,42.21667669,Mode34,0.087578464,0.011196875
11.14820359,42.64196384,43.05707469,42.22685299,Mode34,0.087581172,0.018640412
11.23103792,42.64921868,43.06146652,42.23697084,Mode34,0.087583976,0.018766688
11.31387226,42.65647376,43.06591844,42.24702908,Mode34,0.087586876,0.015044919
11.39670659,42.66372908,43.07043164,42.25702652,Mode34,0.087589868,0.014965997
11.47954092,42.67098466,43.07500733,42.26696198,Mode34,0.087592954,0.015044919
11.56237525,42.67824049,43.07964671,42.27683428,Mode34,0.087596131,0.011275797
11.64520958,42.68549659,43.08435097,42.28664222,Mode34,0.087599398,0.018782472
11.72804391,42.69275297,43.08912132,42.29638463,Mode34,0.087602754,0.018750903
11.81087824,42.70000963,43.09395895,42.30606031,Mode34,0.087606197,0.015029135
11.89371257,42.70726657,43.09886505,42.3156681,Mode34,0.087609726,0.015044919
11.97654691,42.71452382,43.10384081,42.32520683,Mode34,0.087613341,0.01501335
12.05938124,42.72178136,43.10888739,42.33467533,Mode34,0.08761704,0.011275797
12.14221557,42.72903922,43.11400597,42.34407246,Mode34,0.087620821,0.01870355
12.2250499,42.73629739,43.11919769,42.35339709,Mode34,0.087624682,0.018782472
12.30788423,42.74355588,43.12446367,42.3626481,Mode34,0.087628622,0.015044919
12.39071856,42.75081471,43.12980503,42.37182439,Mode34,0.087632638,0.013136681
12.47355289,42.75807387,43.13522286,42.38092488,Mode34,0.087636728,0.01316825
12.55638723,42.76533337,43.14071822,42.38994852,Mode34,0.087640891,0.016905803
12.63922156,42.77259322,43.14629215,42.39889429,Mode34,0.087645127,0.015029135
12.72205589,42.77985342,43.15194565,42.40776119,Mode34,0.087649435,0.016921588
12.80489022,42.78711399,43.15767971,42.41654826,Mode34,0.087653814,0.015092273
12.88772455,42.79437491,43.16349526,42.42525457,Mode34,0.08765826,0.01501335
12.97055888,42.80163621,43.1693932,42.43387923,Mode34,0.087662771,0.016905803
13.05339321,42.80889789,43.17537439,42.44242139,Mode34,0.087667346,0.016921588
13.13622754,42.81615995,43.18143966,42.45088023,Mode34,0.087671982,0.013184035
13.21906188,42.82342239,43.18758978,42.45925501,Mode34,0.087676676,0.01685845
13.30189621,42.83068523,43.19382547,42.46754499,Mode34,0.087681427,0.016890019
13.38473054,42.83794846,43.2001474,42.47574951,Mode34,0.087686231,0.015967469
13.46756487,42.84521209,43.20655621,42.48386797,Mode34,0.087691086,0.016014823
13.5503992,42.85247612,43.21305246,42.49189979,Mode34,0.087695989,0.015060704
13.63323353,42.85974057,43.21963666,42.49984447,Mode34,0.087700939,0.015999038
13.71606786,42.86700542,43.22630927,42.50770157,Mode34,0.087705932,0.015139626
13.7989022,42.87427069,43.23307069,42.5154707,Mode34,0.087710967,0.01556144
13.88173653,42.88153638,43.23992124,42.52315152,Mode34,0.087716039,0.015514086
13.96457086,42.88880249,43.24686121,42.53074378,Mode34,0.087721147,0.015545655
14.04740519,42.89606903,43.25389079,42.53824726,Mode34,0.087726289,0.015811808
14.13023952,42.90333599,43.26101015,42.54566184,Mode34,0.087731461,0.015545655
14.21307385,42.91060338,43.26821935,42.55298741,Mode34,0.08773666,0.015710301
14.29590818,42.91787121,43.27551842,42.56022399,Mode34,0.087741885,0.015649409
14.37874251,42.92513947,43.28290732,42.56737161,Mode34,0.087747133,0.015631378
14.46157685,42.93240816,43.29038592,42.57443039,Mode34,0.0877524,0.015577224
14.54441118,42.93967729,43.29795407,42.58140051,Mode34,0.087757684,0.015951685
14.62724551,42.94694686,43.30561151,42.58828221,Mode34,0.087762983,0.015593009
14.71007984,42.95421687,43.31335795,42.59507578,Mode34,0.087768294,0.015593009
14.79291417,42.96148731,43.32119303,42.6017816,Mode34,0.087773613,0.01607796
14.8757485,42.9687582,43.32911633,42.60840007,Mode34,0.087778939,0.016093745
14.95858283,42.97602953,43.33712737,42.61493169,Mode34,0.087784268,0.016046391
15.04141717,42.9833013,43.34522562,42.62137699,Mode34,0.087789599,0.01501335
15.1242515,42.99057352,43.35341048,42.62773655,Mode34,0.087794927,0.016030607
15.20708583,42.99784617,43.36168132,42.63401103,Mode34,0.087800251,0.016937372
15.28992016,43.00511927,43.37003744,42.6402011,Mode34,0.087805567,0.015044919
15.37275449,43.0123928,43.37847809,42.64630752,Mode34,0.087810874,0.016890019
15.45558882,43.01966678,43.3870025,42.65233106,Mode34,0.087816167,0.016968941
15.53842315,43.02694119,43.39560983,42.65827255,Mode34,0.087821445,0.014997566
15.62125749,43.03421604,43.40429922,42.66413286,Mode34,0.087826705,0.016953157
15.70409182,43.04149132,43.41306974,42.6699129,Mode34,0.087831944,0.017016295
15.78692615,43.04876704,43.42192046,42.67561362,Mode34,0.08783716,0.01316825
15.86976048,43.05604319,43.4308504,42.68123597,Mode34,0.087842349,0.013262957
15.95259481,43.06331976,43.43985855,42.68678097,Mode34,0.087847509,0.016953157
16.03542914,43.07059677,43.44894388,42.69224965,Mode34,0.087852638,-0.029931994
16.11826347,43.07787419,43.45810532,42.69764306,Mode34,0.087857733,-0.031840231
16.2010978,43.08515204,43.4673418,42.70296228,Mode34,0.087862792,-0.030074054
16.28393214,43.0924303,43.4766522,42.7082084,Mode34,0.087867815,-0.029979347
16.36676647,43.09970898,43.48603541,42.71338254,Mode34,0.087872798,-0.0300267
16.4496008,43.10698807,43.4954903,42.71848583,Mode34,0.087877739,-0.030010916
16.53243513,43.11426757,43.50501572,42.72351941,Mode34,0.087882635,-0.0300267
16.61526946,43.12154747,43.51461051,42.72848443,Mode34,0.087887483,-0.030058269
16.69810379,43.12882777,43.5242735,42.73338203,Mode34,0.087892282,-0.029916209
16.78093812,43.13610846,43.53400353,42.7382134,Mode34,0.087897029,-0.029979347
16.86377246,43.14338955,43.54379942,42.74297968,Mode34,0.08790172,-0.029916209
16.94660679,43.15067102,43.55365999,42.74768205,Mode34,0.087906354,-0.033622193
17.02944112,43.15795287,43.56358407,42.75232168,Mode34,0.087910928,-0.030231899
17.11227545,43.1652351,43.57357049,42.75689972,Mode34,0.087915442,-0.030121407
17.19510978,43.17251771,43.58361807,42.76141734,Mode34,0.087919894,-0.029916209
17.27794411,43.17980067,43.59372564,42.76587571,Mode34,0.087924281,-0.029900425
17.36077844,43.187084,43.60389205,42.77027595,Mode34,0.087928602,-0.033669547
17.44361277,43.19436768,43.61411615,42.77461922,Mode34,0.087932853,-0.029900425
17.52644711,43.20165172,43.62439678,42.77890666,Mode34,0.087937033,-0.030216114
17.60928144,43.20893609,43.63473282,42.78313937,Mode34,0.087941141,-0.029916209
17.69211577,43.21622081,43.64512313,42.78731848,Mode34,0.087945176,-0.02988464
17.7749501,43.22350585,43.65556662,42.79144508,Mode34,0.087949135,-0.029931994
17.85778443,43.23079122,43.66606218,42.79552026,Mode34,0.087953016,-0.030137192
17.94061876,43.23807691,43.67660872,42.7995451,Mode34,0.087956819,-0.033890529
18.02345309,43.24536291,43.68720517,42.80352064,Mode34,0.087960541,-0.033780038
18.10628743,43.25264921,43.69785047,42.80744795,Mode34,0.087964181,-0.0300267
18.18912176,43.25993581,43.70854359,42.81132803,Mode34,0.087967739,-0.037628082
18.27195609,43.26722271,43.71928349,42.81516192,Mode34,0.087971215,-0.037707005
18.35479042,43.27450988,43.73006916,42.81895061,Mode34,0.087974605,-0.037517591
18.43762475,43.28179734,43.7408996,42.82269507,Mode34,0.08797791,-0.037517591
18.52045908,43.28908506,43.75177385,42.82639628,Mode34,0.087981126,-0.037659651
18.60329341,43.29637305,43.76269092,42.83005518,Mode34,0.087984253,-0.037564945
18.68612774,43.30366129,43.77364989,42.8336727,Mode34,0.087987289,-0.037564945
18.76896208,43.31094978,43.78464981,42.83724975,Mode34,0.087990234,-0.037454453
18.85179641,43.31823852,43.79568979,42.84078724,Mode34,0.087993085,-0.022425318
18.93463074,43.32552748,43.80676891,42.84428605,Mode34,0.087995842,-0.022299043
19.01746507,43.33281667,43.8178863,42.84774703,Mode34,0.087998506,-0.029995131
19.1002994,43.34010607,43.82904111,42.85117104,Mode34,0.088001073,-0.030152976
19.18313373,43.34739568,43.84023247,42.85455889,Mode34,0.088003544,-0.030373959
19.26596806,43.3546855,43.85145958,42.85791141,Mode34,0.088005918,-0.037754358
19.3488024,43.3619755,43.86272161,42.8612294,Mode34,0.088008195,-0.037438669
19.43163673,43.36926569,43.87401776,42.86451362,Mode34,0.088010374,-0.037343962
19.51447106,43.37655606,43.88534727,42.86776485,Mode34,0.088012455,-0.037501807
19.59730539,43.3838466,43.89670936,42.87098384,Mode34,0.088014439,-0.037596513
19.68013972,43.39113729,43.90810328,42.8741713,Mode34,0.088016325,-0.037596513
19.76297405,43.39842814,43.91952831,42.87732797,Mode34,0.088018113,-0.022646301
19.84580838,43.40571913,43.93098373,42.88045453,Mode34,0.088019805,-0.022804146
19.92864271,43.41301026,43.94246884,42.88355168,Mode34,0.088021401,-0.022741008
20.01147705,43.42030152,43.95398295,42.88662009,Mode34,0.0880229,-0.022488456
20.09431138,43.42759289,43.96552538,42.88966041,Mode34,0.088024306,-0.030531804
20.17714571,43.43488438,43.97709549,42.89267327,Mode34,0.088025616,-0.037596513
20.25998004,43.44217598,43.98869263,42.89565932,Mode34,0.088026834,-0.0374071
20.34281437,43.44946767,44.00031618,42.89861916,Mode34,0.088027961,-0.037596513
20.4256487,43.45675945,44.01196551,42.90155339,Mode34,0.088028999,-0.037375531
20.50848303,43.46405131,44.02364003,42.9044626,Mode34,0.088029949,-0.037628082
20.59131737,43.47134325,44.03533915,42.90734735,Mode34,0.088030813,-0.022488456
20.6741517,43.47863526,44.0470623,42.91020822,Mode34,0.088031593,-0.0374071
20.75698603,43.48592733,44.05880892,42.91304573,Mode34,0.088032291,-0.037912203
20.83982036,43.49321945,44.07057846,42.91586043,Mode34,0.088032909,-0.022551594
20.92265469,43.50051162,44.08237039,42.91865284,Mode34,0.088033452,-0.02267787
21.00548902,43.50780383,44.09418419,42.92142347,Mode34,0.088033924,-0.03034239
21.08832335,43.51509608,44.10601935,42.92417281,Mode34,0.088034327,-0.030089838
21.17115768,43.52238836,44.11787537,42.92690135,Mode34,0.088034666,-0.029868856
21.25399202,43.52968066,44.12975176,42.92960956,Mode34,0.088034946,-0.037659651
21.33682635,43.53697299,44.14164807,42.9322979,Mode34,0.088035171,-0.037722789
21.41966068,43.54426533,44.15356383,42.93496683,Mode34,0.088035346,-0.037470238
21.50249501,43.55155768,44.16549858,42.93761678,Mode34,0.088035477,-0.037438669
21.58532934,43.55885005,44.17745191,42.94024819,Mode34,0.088035569,-0.037912203
21.66816367,43.56614242,44.18942337,42.94286146,Mode34,0.088035629,-0.02267787
21.750998,43.57343479,44.20141257,42.94545701,Mode34,0.088035663,-0.022614732
21.83383234,43.58072717,44.21341911,42.94803523,Mode34,0.088035679,-0.022488456
21.91666667,43.58801954,44.22544258,42.9505965,Mode34,0.088035683,-0.022488456
8.083333333,35.52639864,36.1535536,34.89924369,Mode35,0.15805748,0.040535298
8.166167665,35.53949123,36.16173492,34.91724753,Mode35,0.15805748,0.040550477
8.249001996,35.55258381,36.16994471,34.93522292,Mode35,0.158057481,0.040543972
8.331836327,35.5656764,36.17818365,34.95316915,Mode35,0.158057484,0.04054614
8.414670659,35.57876898,36.18645243,34.97108554,Mode35,0.158057489,0.027022809
8.49750499,35.59186157,36.19475178,34.98897136,Mode35,0.158057496,0.027029314
8.580339321,35.60495416,36.20308243,35.00682589,Mode35,0.158057504,0.013505984
8.663173653,35.61804675,36.21144514,35.02464836,Mode35,0.158057515,0.013521162
8.746007984,35.63113934,36.21984067,35.042438,Mode35,0.15805753,0.013505984
8.828842315,35.64423193,36.22826982,35.06019403,Mode35,0.158057547,0.013503816
8.911676647,35.65732452,36.23673341,35.07791562,Mode35,0.158057568,0.040539635
8.994510978,35.67041711,36.24523227,35.09560196,Mode35,0.158057593,0.040543972
9.077345309,35.68350971,36.25376724,35.11325218,Mode35,0.158057623,0.040550477
9.160179641,35.69660231,36.26233921,35.13086541,Mode35,0.158057658,0.040550477
9.243013972,35.70969491,36.27094907,35.14844075,Mode35,0.158057697,0.040548308
9.325848303,35.72278752,36.27959772,35.16597731,Mode35,0.158057742,0.040554813
9.408682635,35.73588013,36.28828612,35.18347413,Mode35,0.158057793,0.027031483
9.491516966,35.74897274,36.29701521,35.20093027,Mode35,0.158057848,0.027027146
9.574351297,35.76206536,36.30578598,35.21834474,Mode35,0.15805791,0.013516826
9.657185629,35.77515798,36.31459943,35.23571654,Mode35,0.158057977,0.013518994
9.74001996,35.78825061,36.32345657,35.25304466,Mode35,0.15805805,0.013516826
9.822854291,35.80134325,36.33235845,35.27032804,Mode35,0.158058129,0.013508152
9.905688623,35.81443589,36.34130614,35.28756564,Mode35,0.158058214,0.040543972
9.988522954,35.82752854,36.35030073,35.30475635,Mode35,0.158058306,0.040550477
10.07135729,35.8406212,36.35934332,35.32189908,Mode35,0.158058405,0.040550477
10.15419162,35.85371387,36.36843505,35.33899269,Mode35,0.15805851,0.040550477
10.23702595,35.86680654,36.37757705,35.35603603,Mode35,0.158058622,0.040550477
10.31986028,35.87989923,36.38677052,35.37302794,Mode35,0.15805874,0.04054614
10.40269461,35.89299192,36.39601663,35.38996722,Mode35,0.158058867,0.027031483
10.48552894,35.90608463,36.4053166,35.40685266,Mode35,0.158058998,0.027033651
10.56836327,35.91917735,36.41467166,35.42368304,Mode35,0.158059138,0.02027307
10.6511976,35.93227008,36.42408306,35.44045709,Mode35,0.158059283,0.033787727
10.73403194,35.94536282,36.43355207,35.45717357,Mode35,0.158059435,0.033794232
10.81686627,35.95845557,36.44307997,35.47383117,Mode35,0.158059595,0.027029314
10.8997006,35.97154834,36.45266807,35.49042861,Mode35,0.158059761,0.027033651
10.98253493,35.98464112,36.46231768,35.50696456,Mode35,0.158059933,0.027029314
11.06536926,35.99773392,36.47203014,35.5234377,Mode35,0.158060113,0.020270902
11.14820359,36.01082673,36.48180678,35.53984668,Mode35,0.158060299,0.033783391
11.23103792,36.02391956,36.49164897,35.55619014,Mode35,0.158060491,0.033792064
11.31387226,36.0370124,36.50155808,35.57246672,Mode35,0.15806069,0.027035819
11.39670659,36.05010526,36.51153547,35.58867505,Mode35,0.158060896,0.027030399
11.47954092,36.06319814,36.52158253,35.60481375,Mode35,0.158061108,0.027035819
11.56237525,36.07629103,36.53170064,35.62088142,Mode35,0.158061327,0.020276323
11.64520958,36.08938395,36.54189121,35.63687668,Mode35,0.158061551,0.033793148
11.72804391,36.10247688,36.55215561,35.65279814,Mode35,0.158061781,0.03379098
11.81087824,36.11556983,36.56249525,35.66864441,Mode35,0.158062018,0.027034735
11.89371257,36.1286628,36.57291151,35.6844141,Mode35,0.15806226,0.027035819
11.97654691,36.14175579,36.58340576,35.70010583,Mode35,0.158062508,0.027033651
12.05938124,36.15484881,36.59397939,35.71571823,Mode35,0.158062763,0.020276323
12.14221557,36.16794184,36.60463375,35.73124993,Mode35,0.158063022,0.033787727
12.2250499,36.1810349,36.61537019,35.7466996,Mode35,0.158063287,0.033793148
12.30788423,36.19412797,36.62619005,35.7620659,Mode35,0.158063558,0.027035819
12.39071856,36.20722107,36.63709463,35.77734752,Mode35,0.158063834,0.023654445
12.47355289,36.2203142,36.64808523,35.79254317,Mode35,0.158064115,0.023656613
12.55638723,36.23340735,36.6591631,35.80765159,Mode35,0.158064401,0.030413942
12.63922156,36.24650052,36.67032948,35.82267156,Mode35,0.158064692,0.027034735
12.72205589,36.25959371,36.68158556,35.83760186,Mode35,0.158064987,0.030415026
12.80489022,36.27268693,36.69293252,35.85244134,Mode35,0.158065288,0.027039072
12.88772455,36.28578018,36.70437148,35.86718888,Mode35,0.158065594,0.027033651
12.97055888,36.29887345,36.71590351,35.88184338,Mode35,0.158065903,0.030413942
13.05339321,36.31196674,36.72752967,35.89640382,Mode35,0.158066218,0.030415026
13.13622754,36.32506007,36.73925093,35.91086921,Mode35,0.158066536,0.023657697
13.21906188,36.33815342,36.75106823,35.9252386,Mode35,0.158066858,0.030410689
13.30189621,36.35124679,36.76298246,35.93951112,Mode35,0.158067185,0.030412858
13.38473054,36.3643402,36.77499445,35.95368594,Mode35,0.158067515,0.028724339
13.46756487,36.37743363,36.78710494,35.96776231,Mode35,0.158067848,0.028727591
13.5503992,36.39052708,36.79931465,35.98173952,Mode35,0.158068185,0.027036904
13.63323353,36.40362057,36.81162421,35.99561693,Mode35,0.158068525,0.028726507
13.71606786,36.41671409,36.82403419,36.00939398,Mode35,0.158068868,0.027042324
13.7989022,36.42980763,36.83654509,36.02307017,Mode35,0.158069214,0.027883874
13.88173653,36.4429012,36.84915732,36.03664508,Mode35,0.158069562,0.027880621
13.96457086,36.4559948,36.86187125,36.05011835,Mode35,0.158069913,0.027882789
14.04740519,36.46908843,36.87468716,36.06348971,Mode35,0.158070266,0.028307359
14.13023952,36.48218209,36.88760524,36.07675895,Mode35,0.158070621,0.027882789
14.21307385,36.49527578,36.90062562,36.08992594,Mode35,0.158070979,0.028097242
14.29590818,36.5083695,36.91374836,36.10299064,Mode35,0.158071337,0.028042274
14.37874251,36.52146325,36.92697342,36.11595308,Mode35,0.158071698,0.028091821
14.46157685,36.53455703,36.9403007,36.12881335,Mode35,0.15807206,0.027884958
14.54441118,36.54765084,36.95373003,36.14157164,Mode35,0.158072423,0.028723254
14.62724551,36.56074467,36.96726115,36.1542282,Mode35,0.158072787,0.027886042
14.71007984,36.57383854,36.98089372,36.16678337,Mode35,0.158073151,0.027886042
14.79291417,36.58693244,36.99462734,36.17923754,Mode35,0.158073517,0.028731928
14.8757485,36.60002637,37.00846155,36.1915912,Mode35,0.158073882,0.028733012
14.95858283,36.61312033,37.02239578,36.20384488,Mode35,0.158074249,0.028729759
15.04141717,36.62621432,37.03642943,36.21599921,Mode35,0.158074615,0.027033651
15.1242515,36.63930834,37.05056181,36.22805487,Mode35,0.158074981,0.028728675
15.20708583,36.65240239,37.06479219,36.24001259,Mode35,0.158075346,0.03041611
15.28992016,36.66549647,37.07911975,36.25187319,Mode35,0.158075711,0.027035819
15.37275449,36.67859058,37.09354364,36.26363753,Mode35,0.158076076,0.030412858
15.45558882,36.69168472,37.10806292,36.27530652,Mode35,0.15807644,0.030418278
15.53842315,36.7047789,37.12267664,36.28688115,Mode35,0.158076802,0.027032567
15.62125749,36.7178731,37.13738377,36.29836243,Mode35,0.158077163,0.030417194
15.70409182,36.73096733,37.15218323,36.30975142,Mode35,0.158077523,0.030421531
15.78692615,36.74406159,37.16707393,36.32104925,Mode35,0.158077882,0.023656613
15.86976048,36.75715588,37.1820547,36.33225706,Mode35,0.158078238,0.023663118
15.95259481,36.7702502,37.19712437,36.34337603,Mode35,0.158078592,0.030417194
16.03542914,36.78334455,37.2122817,36.35440739,Mode35,0.158078947,-0.054060797
16.11826347,36.79643893,37.22752546,36.36535239,Mode35,0.158079297,-0.057442172
16.2010978,36.80953333,37.24285435,36.37621231,Mode35,0.158079645,-0.054070555
16.28393214,36.82262777,37.25826709,36.38698845,Mode35,0.15807999,-0.05406405
16.36676647,36.83572223,37.27376234,36.39768213,Mode35,0.158080332,-0.054067302
16.4496008,36.84881673,37.28933877,36.40829468,Mode35,0.158080671,-0.054066218
16.53243513,36.86191125,37.30499502,36.41882747,Mode35,0.158081007,-0.054067302
16.61526946,36.8750058,37.32072973,36.42928186,Mode35,0.158081341,-0.054069471
16.69810379,36.88810037,37.33654151,36.43965923,Mode35,0.15808167,-0.054059713
16.78093812,36.90119497,37.352429,36.44996095,Mode35,0.158081996,-0.05406405
16.86377246,36.9142896,37.3683908,36.46018841,Mode35,0.158082318,-0.054059713
16.94660679,36.92738426,37.38442552,36.470343,Mode35,0.158082637,-0.060814873
17.02944112,36.94047894,37.40053178,36.4804261,Mode35,0.158082951,-0.054081396
17.11227545,36.95357365,37.4167082,36.4904391,Mode35,0.158083261,-0.054073807
17.19510978,36.96666838,37.43295339,36.50038338,Mode35,0.158083567,-0.054059713
17.27794411,36.97976314,37.44926598,36.51026031,Mode35,0.158083868,-0.054058629
17.36077844,36.99285793,37.4656446,36.52007125,Mode35,0.158084165,-0.060818126
17.44361277,37.00595273,37.48208791,36.52981756,Mode35,0.158084457,-0.054058629
17.52644711,37.01904757,37.49859455,36.53950058,Mode35,0.158084744,-0.054080312
17.60928144,37.03214242,37.5151632,36.54912164,Mode35,0.158085026,-0.054059713
17.69211577,37.0452373,37.53179255,36.55868206,Mode35,0.158085303,-0.054057545
17.7749501,37.0583322,37.54848128,36.56818313,Mode35,0.158085575,-0.054060797
17.85778443,37.07142713,37.56522811,36.57762614,Mode35,0.158085842,-0.054074891
17.94061876,37.08452207,37.58203179,36.58701236,Mode35,0.158086104,-0.060833304
18.02345309,37.09761704,37.59889104,36.59634304,Mode35,0.158086359,-0.060825715
18.10628743,37.11071203,37.61580465,36.6056194,Mode35,0.158086609,-0.054067302
18.18912176,37.12380704,37.63277141,36.61484267,Mode35,0.158086854,-0.067590633
18.27195609,37.13690206,37.6497901,36.62401403,Mode35,0.158087092,-0.067596054
18.35479042,37.14999711,37.66685958,36.63313465,Mode35,0.158087325,-0.067583044
18.43762475,37.16309218,37.68397868,36.64220568,Mode35,0.158087552,-0.067583044
18.52045908,37.17618727,37.70114627,36.65122826,Mode35,0.158087773,-0.067592801
18.60329341,37.18928237,37.71836124,36.6602035,Mode35,0.158087988,-0.067586296
18.68612774,37.20237749,37.7356225,36.66913248,Mode35,0.158088196,-0.067586296
18.76896208,37.21547263,37.75292899,36.67801626,Mode35,0.158088399,-0.067578707
18.85179641,37.22856778,37.77027966,36.6868559,Mode35,0.158088593,-0.040543972
18.93463074,37.24166295,37.78767349,36.69565242,Mode35,0.158088783,-0.040535298
19.01746507,37.25475814,37.80510946,36.70440682,Mode35,0.158088967,-0.054065134
19.1002994,37.26785334,37.82258661,36.71312007,Mode35,0.158089143,-0.054075976
19.18313373,37.28094856,37.84010397,36.72179315,Mode35,0.158089313,-0.054091154
19.26596806,37.29404379,37.85766059,36.73042698,Mode35,0.158089476,-0.067599306
19.3488024,37.30713903,37.87525556,36.73902249,Mode35,0.158089632,-0.067577623
19.43163673,37.32023428,37.89288799,36.74758057,Mode35,0.158089782,-0.067571118
19.51447106,37.33332955,37.910557,36.75610211,Mode35,0.158089925,-0.06758196
19.59730539,37.34642483,37.92826172,36.76458794,Mode35,0.158090061,-0.067588465
19.68013972,37.35952012,37.94600132,36.77303892,Mode35,0.158090191,-0.067588465
19.76297405,37.37261542,37.96377499,36.78145585,Mode35,0.158090312,-0.04055915
19.84580838,37.38571073,37.98158192,36.78983954,Mode35,0.158090428,-0.040569992
19.92864271,37.39880605,37.99942133,36.79819076,Mode35,0.158090538,-0.040565655
20.01147705,37.41190138,38.01729248,36.80651028,Mode35,0.158090641,-0.040548308
20.09431138,37.42499671,38.0351946,36.81479882,Mode35,0.158090739,-0.054101996
20.17714571,37.43809206,38.05312699,36.82305712,Mode35,0.158090829,-0.067588465
20.25998004,37.45118741,38.07108893,36.83128589,Mode35,0.158090913,-0.067575454
20.34281437,37.46428277,38.08907974,36.8394858,Mode35,0.15809099,-0.067588465
20.4256487,37.47737813,38.10709873,36.84765753,Mode35,0.158091061,-0.067573286
20.50848303,37.4904735,38.12514527,36.85580173,Mode35,0.158091127,-0.067590633
20.59131737,37.50356888,38.14321871,36.86391905,Mode35,0.158091185,-0.040548308
20.6741517,37.51666426,38.16131842,36.87201009,Mode35,0.158091239,-0.067575454
20.75698603,37.52975964,38.1794438,36.88007548,Mode35,0.158091287,-0.067610148
20.83982036,37.54285503,38.19759426,36.88811579,Mode35,0.158091329,-0.040552645
20.92265469,37.55595042,38.21576922,36.89613161,Mode35,0.158091366,-0.040561318
21.00548902,37.56904581,38.23396812,36.9041235,Mode35,0.1580914,-0.054088986
21.08832335,37.58214121,38.25219042,36.912092,Mode35,0.158091427,-0.054071639
21.17115768,37.59523661,38.27043557,36.92003765,Mode35,0.158091451,-0.054056461
21.25399202,37.60833201,38.28870306,36.92796096,Mode35,0.15809147,-0.067592801
21.33682635,37.62142741,38.30699238,36.93586244,Mode35,0.158091485,-0.067597138
21.41966068,37.63452281,38.32530304,36.94374258,Mode35,0.158091497,-0.067579791
21.50249501,37.64761822,38.34363456,36.95160187,Mode35,0.158091506,-0.067577623
21.58532934,37.66071362,38.36198646,36.95944078,Mode35,0.158091513,-0.067610148
21.66816367,37.67380902,38.3803583,36.96725975,Mode35,0.158091515,-0.040561318
21.750998,37.68690443,38.39874963,36.97505923,Mode35,0.158091518,-0.040556982
21.83383234,37.69999983,38.41716002,36.98283965,Mode35,0.158091519,-0.040548308
21.91666667,37.71309524,38.43558904,36.99060144,Mode35,0.158091519,-0.040548308
8.083333333,62.66974735,64.29963012,61.03986459,Mode36,0.050408931,0.014825911
8.166167665,62.67392294,64.29074283,61.05710305,Mode36,0.050408882,0.012166328
8.249001996,62.67809852,64.28193561,61.07426143,Mode36,0.05040869,0.013306149
8.331836327,62.68227407,64.27321041,61.09133774,Mode36,0.050408264,0.012926209
8.414670659,62.68644958,64.26456926,61.1083299,Mode36,0.050407521,0.010010588
8.49750499,62.69062501,64.25601424,61.12523578,Mode36,0.050406416,0.008870766
8.580339321,62.69480033,64.24754747,61.1420532,Mode36,0.050404915,0.005955145
8.663173653,62.69897551,64.23917112,61.15877991,Mode36,0.050402946,0.003295562
8.746007984,62.70315051,64.23088742,61.17541359,Mode36,0.050400442,0.005955145
8.828842315,62.70732527,64.22269866,61.19195188,Mode36,0.050397339,0.006335085
8.911676647,62.71149975,64.21460716,61.20839234,Mode36,0.050393578,0.01406603
8.994510978,62.71567389,64.20661529,61.22473248,Mode36,0.050389104,0.013306149
9.077345309,62.71984762,64.19872549,61.24096976,Mode36,0.050383863,0.012166328
9.160179641,62.72402089,64.19094022,61.25710157,Mode36,0.050377809,0.012166328
9.243013972,62.72819362,64.183262,61.27312525,Mode36,0.050370896,0.012546269
9.325848303,62.73236575,64.1756934,61.2890381,Mode36,0.050363082,0.011406447
9.408682635,62.73653718,64.16823702,61.30483735,Mode36,0.05035433,0.008490826
9.491516966,62.74070785,64.16089552,61.32052019,Mode36,0.050344603,0.009250707
9.574351297,62.74487768,64.1536716,61.33608376,Mode36,0.050333871,0.004055443
9.657185629,62.74904657,64.14656799,61.35152515,Mode36,0.050322104,0.003675502
9.74001996,62.75321444,64.13958746,61.36684143,Mode36,0.050309276,0.004055443
9.822854291,62.75738121,64.13273284,61.38202959,Mode36,0.050295362,0.005575204
9.905688623,62.76154678,64.12600697,61.39708659,Mode36,0.050280343,0.013306149
9.988522954,62.76571106,64.11941275,61.41200937,Mode36,0.050264199,0.012166328
10.07135729,62.76987395,64.11295309,61.42679481,Mode36,0.050246916,0.012166328
10.15419162,62.77403536,64.10663097,61.44143976,Mode36,0.050228478,0.012166328
10.23702595,62.7781952,64.10044935,61.45594105,Mode36,0.050208876,0.012166328
10.31986028,62.78235337,64.09441127,61.47029547,Mode36,0.050188099,0.012926209
10.40269461,62.78650977,64.08851977,61.48449976,Mode36,0.050166142,0.008490826
10.48552894,62.79066429,64.08277792,61.49855067,Mode36,0.050142998,0.008110885
10.56836327,62.79481686,64.07718881,61.5124449,Mode36,0.050118665,0.006463105
10.6511976,62.79896735,64.07175557,61.52617914,Mode36,0.050093141,0.010898488
10.73403194,62.80311569,64.06648131,61.53975006,Mode36,0.050066427,0.009758666
10.81686627,62.80726176,64.0613692,61.55315432,Mode36,0.050038526,0.008870766
10.8997006,62.81140547,64.05642239,61.56638855,Mode36,0.050009441,0.008110885
10.98253493,62.81554672,64.05164406,61.57944939,Mode36,0.049979177,0.008870766
11.06536926,62.81968542,64.04703738,61.59233346,Mode36,0.049947743,0.006843045
11.14820359,62.82382147,64.04260554,61.6050374,Mode36,0.049915146,0.011658369
11.23103792,62.82795477,64.03835172,61.61755782,Mode36,0.049881397,0.010138607
11.31387226,62.83208522,64.03427909,61.62989136,Mode36,0.049846506,0.007730945
11.39670659,62.83621274,64.03039082,61.64203466,Mode36,0.049810485,0.008680796
11.47954092,62.84033723,64.02669007,61.65398438,Mode36,0.04977335,0.007730945
11.56237525,62.84445859,64.02317998,61.6657372,Mode36,0.049735114,0.005893194
11.64520958,62.84857675,64.01986367,61.67728982,Mode36,0.049695792,0.009948637
11.72804391,62.8526916,64.01674423,61.68863897,Mode36,0.049655403,0.010328577
11.81087824,62.85680306,64.01382472,61.69978141,Mode36,0.049613965,0.007920915
11.89371257,62.86091105,64.01110816,61.71071394,Mode36,0.04957149,0.007730945
11.97654691,62.86501548,64.00859755,61.72143341,Mode36,0.049527985,0.008110885
12.05938124,62.86911626,64.0062958,61.73193671,Mode36,0.04948347,0.005893194
12.14221557,62.87321331,64.00420582,61.7422208,Mode36,0.049437965,0.010898488
12.2250499,62.87730655,64.00233042,61.75228269,Mode36,0.049391495,0.009948637
12.30788423,62.88139591,64.00067235,61.76211946,Mode36,0.049344081,0.007730945
12.39071856,62.88548129,63.99923432,61.77172827,Mode36,0.049295748,0.007097025
12.47355289,62.88956264,63.99801893,61.78110635,Mode36,0.049246519,0.006717084
12.55638723,62.89363987,63.99702873,61.79025102,Mode36,0.049196414,0.008934776
12.63922156,62.89771292,63.99626615,61.79915969,Mode36,0.049145433,0.007920915
12.72205589,62.90178171,63.99573354,61.80782987,Mode36,0.049093584,0.008744806
12.80489022,62.90584617,63.99543315,61.81625918,Mode36,0.04904089,0.007161034
12.88772455,62.90990623,63.99536712,61.82444533,Mode36,0.04898738,0.008110885
12.97055888,62.91396182,63.99553748,61.83238616,Mode36,0.04893308,0.008934776
13.05339321,62.91801288,63.99594613,61.84007963,Mode36,0.04887802,0.008744806
13.13622754,62.92205935,63.99659489,61.84752382,Mode36,0.048822227,0.006527114
13.21906188,62.92610118,63.99748541,61.85471695,Mode36,0.04876573,0.009504687
13.30189621,62.93013829,63.99861922,61.86165735,Mode36,0.048708558,0.009124746
13.38473054,62.93417064,63.99999775,61.86834353,Mode36,0.048650742,0.008427846
13.46756487,62.93819818,64.00162224,61.87477411,Mode36,0.04859231,0.007857935
13.5503992,62.94222085,64.00349383,61.88094786,Mode36,0.048533294,0.007540975
13.63323353,62.94623861,64.00561349,61.88686372,Mode36,0.048473722,0.008047905
13.71606786,62.95025141,64.00798205,61.89252077,Mode36,0.048413628,0.006591124
13.7989022,62.95425921,64.0106002,61.89791823,Mode36,0.04835304,0.0074145
13.88173653,62.95826198,64.01346846,61.9030555,Mode36,0.048291991,0.00798441
13.96457086,62.96225967,64.0165872,61.90793214,Mode36,0.048230511,0.00760447
14.04740519,62.96625225,64.01995666,61.91254785,Mode36,0.048168633,0.007351262
14.13023952,62.97023969,64.02357689,61.9169025,Mode36,0.048106387,0.00760447
14.21307385,62.97422196,64.02744782,61.92099611,Mode36,0.048043807,0.007097925
14.29590818,62.97819904,64.03156919,61.92482889,Mode36,0.047980924,0.007462024
14.37874251,62.98217089,64.03594062,61.92840116,Mode36,0.04791777,0.008047776
14.46157685,62.9861375,64.04056157,61.93171344,Mode36,0.047854377,0.007224529
14.54441118,62.99009886,64.04543134,61.93476638,Mode36,0.047790778,0.008617816
14.62724551,62.99405493,64.05054909,61.93756078,Mode36,0.047727006,0.007034559
14.71007984,62.99800572,64.05591384,61.9400976,Mode36,0.047663092,0.007034559
14.79291417,63.00195121,64.06152448,61.94237795,Mode36,0.047599071,0.007098054
14.8757485,63.0058914,64.06737974,61.94440305,Mode36,0.047534973,0.006908084
14.95858283,63.00982627,64.07347823,61.9461743,Mode36,0.047470833,0.007477994
15.04141717,63.01375582,64.07981845,61.9476932,Mode36,0.047406682,0.008110885
15.1242515,63.01768007,64.08639876,61.94896138,Mode36,0.047342554,0.007667965
15.20708583,63.021599,64.09321739,61.94998061,Mode36,0.047278481,0.008554835
15.28992016,63.02551263,64.10027249,61.95075278,Mode36,0.047214497,0.007730945
15.37275449,63.02942097,64.10756209,61.95127985,Mode36,0.047150633,0.009124746
15.45558882,63.03332402,64.1150841,61.95156394,Mode36,0.047086924,0.008174895
15.53842315,63.0372218,64.12283637,61.95160723,Mode36,0.0470234,0.008300856
15.62125749,63.04111433,64.13081665,61.95141201,Mode36,0.046960096,0.008364865
15.70409182,63.04500163,64.13902258,61.95098067,Mode36,0.046897044,0.007604984
15.78692615,63.04888371,64.14745177,61.95031565,Mode36,0.046834276,0.006717084
15.86976048,63.05276061,64.15610172,61.9494195,Mode36,0.046771824,0.005577263
15.95259481,63.05663234,64.16496988,61.9482948,Mode36,0.046709721,0.008364865
16.03542914,63.06049895,64.17405366,61.94694425,Mode36,0.046648,-0.017361592
16.11826347,63.06436047,64.18335038,61.94537055,Mode36,0.046586689,-0.017995512
16.2010978,63.06821692,64.19285734,61.94357649,Mode36,0.046525797,-0.01565186
16.28393214,63.07206835,64.20257179,61.9415649,Mode36,0.046465349,-0.016791682
16.36676647,63.07591479,64.21249093,61.93933864,Mode36,0.046405377,-0.016221771
16.4496008,63.07975628,64.22261193,61.93690062,Mode36,0.046345913,-0.016411741
16.53243513,63.08359287,64.23293196,61.93425377,Mode36,0.046286988,-0.016221771
16.61526946,63.0874246,64.24344814,61.93140105,Mode36,0.046228633,-0.01584183
16.69810379,63.09125152,64.25415759,61.92834544,Mode36,0.046170879,-0.017551562
16.78093812,63.09507368,64.26505742,61.92508995,Mode36,0.046113755,-0.016791682
16.86377246,63.09889114,64.27614471,61.92163757,Mode36,0.046057292,-0.017551562
16.94660679,63.10270395,64.28741656,61.91799134,Mode36,0.046001521,-0.020149194
17.02944112,63.10651217,64.29887006,61.91415428,Mode36,0.045946467,-0.013752158
17.11227545,63.11031586,64.31050231,61.91012941,Mode36,0.045892139,-0.01508195
17.19510978,63.11411508,64.3223104,61.90591976,Mode36,0.04583856,-0.017551562
17.27794411,63.11790989,64.33429144,61.90152835,Mode36,0.045785759,-0.017741533
17.36077844,63.12170037,64.34644254,61.8969582,Mode36,0.045733762,-0.019579284
17.44361277,63.12548657,64.35876084,61.8922123,Mode36,0.045682597,-0.017741533
17.52644711,63.12926857,64.37124349,61.88729364,Mode36,0.045632289,-0.013942128
17.60928144,63.13304643,64.38388766,61.8822052,Mode36,0.045582847,-0.017551562
17.69211577,63.13682024,64.39669054,61.87694994,Mode36,0.045534289,-0.017931503
17.7749501,63.14059006,64.40964933,61.8715308,Mode36,0.045486641,-0.017361592
17.85778443,63.14435598,64.42276127,61.86595068,Mode36,0.045439927,-0.014891979
17.94061876,63.14811806,64.43602362,61.8602125,Mode36,0.04539417,-0.016919701
18.02345309,63.15187639,64.44943367,61.85431912,Mode36,0.045349377,-0.018249492
18.10628743,63.15563106,64.46298874,61.84827338,Mode36,0.045305563,-0.016221771
18.18912176,63.15938213,64.47668615,61.84207812,Mode36,0.045262735,-0.019137392
18.27195609,63.1631297,64.49052329,61.83573612,Mode36,0.045220908,-0.018187541
18.35479042,63.16687385,64.50449755,61.82925015,Mode36,0.045180102,-0.020467184
18.43762475,63.17061466,64.51860636,61.82262295,Mode36,0.045140336,-0.020467184
18.52045908,63.17435222,64.5328472,61.81585724,Mode36,0.045101627,-0.018757452
18.60329341,63.17808661,64.54721754,61.80895568,Mode36,0.045063993,-0.019897273
18.68612774,63.18181794,64.56171493,61.80192095,Mode36,0.04502745,-0.019897273
18.76896208,63.18554628,64.57633692,61.79475565,Mode36,0.044992011,-0.021227065
18.85179641,63.18927174,64.5910811,61.78746238,Mode36,0.04495769,-0.013306149
18.93463074,63.19299439,64.60594509,61.7800437,Mode36,0.0449245,-0.014825911
19.01746507,63.19671435,64.62092655,61.77250215,Mode36,0.044892452,-0.016601711
19.1002994,63.2004317,64.63602316,61.76484023,Mode36,0.044861555,-0.014702009
19.18313373,63.20414653,64.65123265,61.75706042,Mode36,0.044831817,-0.012042426
19.26596806,63.20785896,64.66655277,61.74916515,Mode36,0.044803245,-0.017617631
19.3488024,63.21156906,64.68198129,61.74115683,Mode36,0.044775844,-0.021417035
19.43163673,63.21527694,64.69751602,61.73303786,Mode36,0.044749618,-0.022556856
19.51447106,63.2189827,64.71315482,61.72481058,Mode36,0.044724568,-0.020657154
19.59730539,63.22268644,64.72889555,61.71647732,Mode36,0.044700695,-0.019517333
19.68013972,63.22638824,64.74473612,61.70804036,Mode36,0.044677997,-0.019517333
19.76297405,63.23008821,64.76067446,61.69950197,Mode36,0.044656468,-0.010646566
19.84580838,63.23378645,64.77670853,61.69086437,Mode36,0.044636106,-0.008746864
19.92864271,63.23748305,64.79283633,61.68212976,Mode36,0.044616901,-0.009506745
20.01147705,63.2411781,64.80905588,61.67330032,Mode36,0.044598851,-0.012546269
20.09431138,63.24487171,64.82536524,61.66437818,Mode36,0.044581947,-0.010142724
20.17714571,63.24856397,64.84176248,61.65536545,Mode36,0.044566174,-0.019517333
20.25998004,63.25225496,64.85824572,61.6462642,Mode36,0.044551516,-0.021796975
20.34281437,63.25594479,64.87481309,61.63707648,Mode36,0.044537954,-0.019517333
20.4256487,63.25963353,64.89146277,61.6278043,Mode36,0.044525465,-0.022176916
20.50848303,63.26332129,64.90819295,61.61844963,Mode36,0.044514024,-0.019137392
20.59131737,63.26700814,64.92500186,61.60901442,Mode36,0.044503621,-0.012546269
20.6741517,63.27069417,64.94188775,61.59950059,Mode36,0.044494238,-0.021796975
20.75698603,63.27437947,64.95884892,61.58991002,Mode36,0.044485841,-0.015717928
20.83982036,63.27806411,64.97588367,61.58024455,Mode36,0.044478394,-0.011786388
20.92265469,63.28174817,64.99299035,61.57050599,Mode36,0.044471856,-0.010266626
21.00548902,63.28543172,65.01016733,61.56069612,Mode36,0.044466185,-0.012422367
21.08832335,63.28911485,65.02741302,61.55081667,Mode36,0.044461334,-0.01546189
21.17115768,63.2927976,65.04472585,61.54086934,Mode36,0.044457253,-0.018121473
21.25399202,63.29648004,65.06210428,61.5308558,Mode36,0.044453889,-0.018757452
21.33682635,63.30016223,65.07954682,61.52077764,Mode36,0.044451183,-0.017997571
21.41966068,63.30384422,65.09705198,61.51063646,Mode36,0.044449075,-0.021037094
21.50249501,63.30752606,65.11461834,61.50043378,Mode36,0.044447499,-0.021417035
21.58532934,63.31120779,65.13224449,61.4901711,Mode36,0.044446385,-0.015717928
21.66816367,63.31488945,65.14992905,61.47984985,Mode36,0.044445659,-0.010266626
21.750998,63.31857105,65.16767068,61.46947143,Mode36,0.044445244,-0.011026507
21.83383234,63.32225264,65.18546809,61.45903719,Mode36,0.044445057,-0.012546269
21.91666667,63.32593421,65.20332,61.44854842,Mode36,0.044445009,-0.012546269