-8.975928693646234840e-04
-8.975928693646234840e-04
-8.975928693646234840e-04
-8.975928693646234840e-04
-8.975928693646234840e-04
-8.975928693646234840e-04
-8.975928693646234840e-04
-8.975928693646234840e-04
-8.975928693646234840e-04
-8.975928693646234840e-04
-8.975928693646234840e-04
-8.975928693646234840e-04
-8.975928693646234840e-04
-8.975928693646234840e-04
-8.975928693646234840e-04
-8.975928693646234840e-04
-8.975928693646234840e-04
-8.975928693646234840e-04
-8.975928693646234840e-04
-8.975928693646234840e-04
-8.975928693646234840e-04
-8.975928693646234840e-04
-8.975928693646234840e-04
-8.975928693646234840e-04
-8.975928693646234840e-04
-8.975928693646234840e-04
-8.975928693646234840e-04
-8.975928693646234840e-04
-8.975928693646234840e-04
-8.975928693646234840e-04
-8.975928693646234840e-04
-8.975928693646234840e-04
-8.975928693646234840e-04
-8.975928693646234840e-04
-8.975928693646234840e-04
-8.975928693646234840e-04
-1.703518902818980663e-01
-2.231010771133249138e-01
-7.049851867033408818e-03
-4.644102242806767977e-01
-6.466544651053408588e-01
-3.442001750963453177e-01
-9.651490922665333372e-01
-4.922798858582199122e-01
-3.973778997340047803e-01
-1.517751222161414781e-01
2.494199092237457949e-01
-9.868633438919371947e-02
-7.590164609810857999e-02
-1.179425993946865425e-01
2.378233265116902473e-02
-2.735858263606957830e-01
-3.548448976615786177e-01
-2.276313946692401224e-01
-6.659145650353098800e-02
-2.648871934372473702e-01
-4.292234392267657572e-01
1.377369875843366953e-01
-6.480843395079399771e-02
-2.898551943810070419e-01
-3.460896515120968076e-01
-1.129091549748839213e-01
-1.479162045205472398e-01
-4.473133076866980806e-01
-4.417208875278927915e-01
3.685528878430073818e-01
8.592730860342071564e-01
2.019603822121102121e-01
2.260351023066233811e-01
-3.609046571920343852e-03
-6.580305065923787167e-01
-3.759855837716315902e-02
2.401399847192129400e-01
1.284498251464071261e-01
-1.333656584091588160e-01
4.840704257521190601e-01
3.951413328420886328e-01
-1.033022585273088295e-01
8.742195657681613163e-02
1.816819184210502480e-01
1.381226186699369973e-01
6.684150313867623372e-02
-3.507759045932502540e-01
-5.049078420967349073e-02
-7.867117594002361047e-02
9.642605647522276002e-02
4.497624654310390380e-01
1.132985632381693086e-02
-1.693070541840702437e-01
4.923216368368049656e-01
9.544481888677869286e-02
-1.626614268769235316e-01
1.759399073470770680e-01
1.301369162914350897e-01
-2.253238911602901684e-01
-1.629005345769176660e-01
5.434839627642098492e-01
3.604578922645667038e-01
2.303901401201031152e-01
2.064794852345252230e-01
5.850040114807825153e-02
2.882224794792281330e-01
-2.900043570040027330e-01
-4.528801155220887331e-01
-6.403433628592447580e-01
-1.058739866438924926e+00
-9.121185502575097637e-01
-1.846932526264524199e-01
-1.989846042970221385e-01
-1.661789668928685126e-01
4.121930381034778074e-02
1.188567420368139421e-01
-1.749961805373172197e-01
-4.802343487149026702e-01
-1.454321984065622131e-03
1.971432686833851644e-01
1.686487080789421666e-01
-6.667170204062549121e-01
-5.799710102759751962e-01
-1.536737346466418019e-01
-5.517096731075450400e-01
1.948110293031593832e-01
1.463722027588300612e-01
-2.116596835079939121e-01
-4.993756022538697881e-02
4.256130038488995515e-01
-2.009079156336033012e-01
-6.941388357844262558e-01
1.452151877749231490e-01
3.330318490529262515e-02
-4.397837936636743716e-01
-9.802687742355445377e-02
3.371652204356002103e-01
9.512447499664682116e-02
-5.669102312413498712e-01
1.411329121751531412e-01
5.184541878273005722e-01
4.117422272367379787e-01
-1.081497894614216887e-01
-4.448447929675349855e-01
-4.482905708810810963e-01
-1.278775697260757516e-01
3.832370121139312413e-01
2.396739941114745531e-01
1.970193413046027187e-01
8.659705095419092946e-02
-1.335892789608689735e-01
6.031460921600435565e-01
8.091540150112414009e-02
3.719928710991156628e-01
1.632320674196406363e-01
-2.112387715210319733e-02
4.721887319916191761e-02
4.996868243889463490e-01
4.176066306072877543e-01
3.320946620983211139e-01
4.064281037500629412e-01
1.373414115806984026e-01
4.974592855136277664e-02
7.168767884288967940e-04
2.308462499588883887e-01
3.894033229041742317e-01
3.902046729608643627e-01
7.417033018708540926e-01
3.926754809166157351e-02
2.349701117751975543e-01
-7.170209123629285586e-02
1.337990140966276165e-01
2.978108126610347073e-01
1.435844300668649154e-01
5.615501386214694080e-01
4.743424957365026395e-02
-5.344824174413564943e-02
1.311019002352367957e-01
-3.553273429173067210e-01
1.864753662410311430e-01
-1.181779200608085861e-02
-6.460955489615519687e-01
-2.426589024912121084e-01
-1.372278757769968827e-01
2.177315661917823483e-02
4.473633605488830933e-01
1.911302771446410365e-01
3.926291206348674415e-03
2.516375323797980235e-01
7.597743734165788299e-01
3.157171526675871531e-01
-1.903817133695132890e-01
6.819679478258438426e-03
1.337045997192742516e-02
-3.819095925087055421e-01
-2.609781418465775826e-02
7.447521806492693464e-02
3.381753531384719402e-02
4.743917821984927619e-01
6.143550149281820083e-01
7.491538887565223348e-01
-2.262681613938612724e-01
-1.291483892462435834e-01
2.065889996295006692e-01
-1.374898267931690468e-02
2.085797084411446511e-01
3.379301218305164611e-01
4.697882007273673777e-01
1.357277048927875152e-01
7.388554209899044628e-03
4.521981127999624706e-02
-3.316846713046677636e-02
-5.175097340206787772e-02
3.180146998869973207e-01
3.932208299505065563e-01
-2.337077969055970095e-02
-2.937179344498741518e-02
1.134028920056426193e+00
1.379311240069570399e+00
2.134371130156922092e-01
4.079922278495369259e-01
6.058655305042992545e-01
-9.422818057654132329e-02
6.101499689143777827e-01
6.632411831532549762e-01
2.253368999701995667e-01
5.330023503151994912e-01
3.187725203992978762e-01
1.955384354445357520e-01
3.948900048995770094e-03
1.431740791461968143e-01
2.196384741306150190e-01
3.592150716188602377e-01
2.995729466976495003e-01
1.304925919519264732e-01
6.408620088951885174e-01
9.444977253101539683e-01
4.129570266544552726e-01
2.942129272650764182e-01
1.735342887508460330e-01
2.516609012507351473e-01
3.480087663113006768e-01
8.195629984857735195e-01
8.490432513416114046e-01
4.975657811571727596e-01
3.057650515785717560e-01
1.862594040549196417e-01
2.324457352149295608e-01
1.924138330635612182e-02
8.081943181863238124e-02
6.126508774646084454e-01
5.352831800520969630e-01
-1.906792109081101028e-01
-1.392139483649604270e-01
-9.851210430782554317e-01
-5.915916132117603476e-01
-2.209848730422671881e-01
-1.945967884372033219e-01
9.033399186427175376e-02
-2.659447245584857233e-01
6.064848183655716790e-03
-2.329289340678319595e-02
-2.361048124166380269e-01
-2.360195793021715172e-01
-1.056407821552163839e-01
-3.550219953963227870e-01
-7.212768846219368424e-01
-3.057775916803116556e-01
-5.492065595940337497e-01
-3.881665069778660326e-01
-3.120215077445772506e-02
-6.415166527595600465e-02
-9.224716899219133071e-01
-2.197385983889999228e-01
-3.644441592757947657e-01
-3.094796971243822803e-01
-1.473103370586269223e-01
-1.495401242470918990e-01
-1.486007434359642825e-02
-7.784097757694884434e-01
-1.078252852769109316e-01
1.226221131979406825e-01
1.946960032388970162e-03
-1.434049054147930047e-01
-1.014706978155558437e-01
-3.148404178012130239e-01
2.501427264267532258e-01
-5.203427348825200305e-01
1.565499349740135868e-02
-1.610969035611603262e-01
1.227839203502772092e+00
4.020886295429114687e-01
-1.312135590581690880e-01
7.125332154384494965e-02
1.306304297620235200e-01
-7.487261932910659334e-01
-1.629126766555193395e-01
3.089832247548325306e-01
4.479969399633288440e-01
3.841248291017679284e-01
3.235995118007167770e-02
-3.435248147585992506e-01
-3.869034396646346963e-01
-3.409802165790232209e-01
-2.054090388310359228e-01
-3.745690927893192135e-01
8.049972263821271456e-02
2.680438360133207132e-01
-2.219274474184038670e-01
-6.844086945757088536e-01
-2.967123093262382660e-01
-5.189357135721609504e-01
8.019171839225108789e-02
-2.950371481842090082e-02
1.618173633133371814e-01
-1.893124406496894674e-01
-4.465620006887735527e-01
-2.075736699769362981e-01
-9.195350508268683443e-02
1.864487964882627635e-01
3.194540561872118434e-01
1.871012503498127311e-01
3.954581673934642327e-01
-2.924920152527518136e-01
-6.349005573469312935e-02
2.861404676506197897e-01
-9.386152603009636497e-01
-4.170175854747938948e-01
-7.107497048005577411e-02
-3.197441916262377393e-01
-1.000434466711049158e-01
-5.461604832867806847e-01
-5.531877010350120388e-02
-3.429255397360074786e-01
1.168684024650627623e-01
5.452121650505038775e-02
1.191923900447395754e-02
-1.681948168040815761e-01
2.523759450813062855e-01
-1.640688133747755795e-01
-2.371793834854853400e-01
2.858451746770374405e-02
4.577623991384051627e-01
-2.903915250017389260e-01
-1.624216926638571978e-01
-2.966017614133724112e-01
-2.045945049795513115e-01
-3.045767868985461702e-01
-3.090779469904649662e-02
-1.247601755839321085e-02
-2.824824289894579121e-01
-6.972786188001844909e-02
-3.305306652013770274e-01
-2.106972115503663590e-01
-2.769814060697222136e-01
-9.277868723630278147e-02
2.922583733895762759e-01
2.016349291489279438e-01
-1.660136766409712472e-01
6.050141656536463936e-02
-2.794210246719401949e-02
-5.502216859936025217e-02
-1.075049099131985819e-01
-1.122739715062869709e-02
-3.109190584353795361e-01
8.560439644497319645e-02
5.701888231693591838e-05
-3.250988434800488047e-01
-3.412382036497721427e-01
-1.736135549359751895e-01
2.526806378962319077e-01
-2.806650749884849749e-01
-4.524100240395121514e-02
4.635717885355380985e-01
-1.853415861646682816e-01
-3.260838341375756899e-01
4.538212849717512820e-02
-3.885993109444563776e-01
1.419182654553088063e-01
5.600243343073749852e-02
-2.710188719678923719e-01
-6.640605330458223543e-01
-1.904112125926251953e-01
4.570500670802932208e-01
-1.018661462388005950e-01
7.963332348324148047e-02
1.113832133421959747e-01
-2.664605724173067514e-01
-1.713271162369054135e-01
-1.370936263818616219e-01
4.564808542587125428e-01
5.844226859114631106e-03
2.454235469518314117e-01
1.238408968364998475e-01
-7.572881597516241126e-01
-7.749021096572134004e-01
-9.370469735451786297e-01
-7.506757755376243235e-01
7.280573479938713399e-01
5.709350359454145041e-01
1.478696205231884442e-01
-1.022846102151696024e-01
-3.906582291279125409e-03
-7.127888580045892153e-02
1.132512447204152006e-01
-2.039019609672463040e-01
-8.948196320670623316e-02
4.281650507014411050e-02
-4.040387766560847235e-03
-1.808441302555307550e-01
-2.314761174007215205e-01
3.311597395741883165e-02
-1.411605486740043734e-02
6.393852150636010478e-02
-5.428789752331390772e-02
-1.808946168776617847e-01
-4.740428407273503120e-01
-1.984986763453671504e-02
-1.814744408881049376e-01
-2.906318122781056945e-01
-2.060290880363014471e-02
9.551007252606097744e-03
1.801317260764960515e-02
-5.146518008601434768e-02
-4.071029989850719760e-02
-1.659464798041715705e-01
-2.851123307869643519e-01
-2.403296757414756513e-02
-1.974696736759259941e-01
4.768646383983281278e-02
-1.811318889460970527e-01
-1.629126132835378299e-02
2.325181968609194572e-01
-1.864361217318654951e-01
5.466112849932727169e-01
4.818836106050385926e-01
-2.830519265950743463e-02
-1.763969752603080920e-01
1.285638722083048691e-01
1.954403420566313276e-01
2.733235365279192419e-01
1.149153025368436776e-01
5.617120199725802454e-01
-9.980858363076706985e-02
-5.669561756557207205e-02
-2.802000902551947670e-01
-1.055688199484529632e-01
-4.732674456754670800e-02
-1.731150586111354084e-01
-4.088696476829183912e-01
2.005106916113917337e-01
1.896681673266764623e-02
-4.995969325809588302e-01
1.983052715869459970e-01
-8.904910938914462060e-03
-2.569211737412105956e-01
-5.387418768096430277e-02
-6.412868438388839853e-02
3.704225838732726206e-02
-2.409025925831606574e-01
-1.143887456364168012e-02
9.550261350746126754e-02
-1.309642450613170972e-01
-4.471142943991018165e-03
-3.288528883692876659e-01
2.001585719640494865e-01
6.308256251163914252e-03
5.169979377713669610e-02
4.542049402879101971e-01
-8.412677285196999977e-01
1.167246674495529268e-01
2.120602952178859690e-01
-1.073175561653420124e-01
5.444538597280601522e-02
-8.828497437261695335e-02
-1.711395192678453192e-01
1.080664979331562442e-01
-2.113339344278685195e-01
-1.466671269159814939e-01
-3.127712076713478617e-01
-6.293951111049982117e-02
1.827564552785914953e-01
4.674357150310497477e-01
-7.319582389169003445e-02
-6.419875580779558361e-03
5.652191032098725643e-01
-1.664291941811680831e-01
-8.222664643756545655e-02
5.385590983020857037e-01
-2.547629542163596383e-01
-3.619191273991913954e-02
2.133167428860313630e-02
-7.926617956654960495e-02
-5.278920862420475452e-02
-9.956503907277432230e-02
4.502802549921982034e-01
-8.143391358974838568e-02
1.964599553194180948e-01
1.187718377036005996e-01
-2.954345105635577257e-02
-3.853861898423523447e-01
-9.836300139876870408e-02
1.634122687971430732e-01
6.036977946951931351e-01
-2.371421889764029900e-01
6.022276414234911668e-02
5.109700253761420563e-02
3.183924989184179211e-01
-2.784247149115630093e-01
-2.629536585226274759e-01
2.348195211761887682e-02
-4.395481383562704902e-01
-1.501244764081571120e-02
-2.130973525790257617e-01
-1.108692398910154364e-01
-5.325363495116787471e-02
3.115532990178654024e-02
-3.159494789750280086e-01
-2.189162567635596912e-02
8.487722808442384193e-02
-4.500857052057713470e-01
-5.298092633201607893e-02
-2.559445466486857945e-02
-2.365743854481834330e-01
-5.075166596898803562e-01
-3.426755276673755235e-01
-3.812305378099601350e-01
-2.949010758633064944e-01
6.517253008475998310e-02
1.151522049971634154e-01
5.349519959578821759e-02
-2.669355887095687940e-01
-1.635039926511117903e-01
-7.912646622978027414e-03
1.233581289940000568e-02
1.327240611179610619e-01
2.498284562928937136e-01
1.434299767107364842e-01
-1.017117024787463249e-02
-7.088209150691325566e-03
5.411985828127852116e-01
2.193633891372170075e-01
-5.610976085140343544e-02
-2.737938955078936254e-01
2.119327107134333088e-01
8.300577055504010371e-02
3.449386895599684810e-02
2.889223420247588603e-01
2.017007486370893388e-01
1.152860979359083410e-01
-1.632488360254404913e-01
-1.265743716462584545e-01
1.191668977652513839e-01
1.883804756051706830e-01
3.135760837264333634e-01
-9.898806963210539378e-02
4.270206355669275977e-01
-2.410537727419282406e-01
2.152508510666774066e-01
2.145222611454377856e-02
5.296316743844714514e-01
1.619261985260403991e-01
1.556228638860346347e-01
2.550674145985002972e-01
1.072384736842030561e-01
3.087328103290928188e-02
9.357504633972215866e-03
4.840020539634082297e-01
2.032794966954829530e-01
4.934783225391597278e-02
1.037588085241196445e-01
1.011188742842919763e-01
2.222689041549556210e-01
3.358332253419546096e-03
5.436635849499052986e-01
4.706696577093683609e-01
-3.448194454742656290e-01
-3.959366644989166240e-01
5.219990132946168010e-02
1.779237765106478630e-01
9.187530144928968134e-02
-3.992037105045800893e-01
6.041496608351788755e-02
2.762438430121120780e-01
-8.763275373958131012e-03
-1.245482067063867632e-01
-5.287677397869023493e-02
2.280796898482080060e-01
1.335469031754484004e-01
-7.018362112487283588e-02
3.644514542014630210e-01
6.261742239133928634e-02
2.170260734330977381e-01
1.273089367438005326e-01
2.849582028305198689e-01
-3.254112051007220230e-01
-3.395361799619438514e-01
1.581199999133790501e-01
9.054754928116029444e-02
-3.934107885550876260e-02
1.635157043604316685e-01
-2.834253540610413014e-01
-2.737019356104483103e-01
-1.406130609509899376e-01
1.254662529009624716e-01
2.049053864066341935e-01
1.382479600815153531e-02
2.294057776054690412e-01
1.033475664875880495e+00
9.414298186995866125e-02
-2.764138104776178717e-01
2.248852816729353110e-01
2.083064451172840503e-01
2.002861083459960556e-01
2.935560580635341865e-01
-3.776543969821424263e-01
1.196136633015105165e-02
-3.405620984637151016e-01
7.699637425491432947e-04
-2.723806546516206462e-01
-2.086666404478942916e-02
8.422023255152757959e-02
1.471702689285610960e-02
-1.207254840162756693e-02
1.173070674706123140e-01
2.675120739561076544e-01
1.656581762762490972e-01
9.471968140710882930e-03
1.451696844113074814e-01
5.035311786934973388e-02
-1.525012226021507100e-01
-2.150503796587121819e-01
-7.977208214800233232e-01
-3.604179627431159383e-01
-1.200778000411953095e-01
4.342083190944688309e-01
6.609149605563358065e-02
-1.013055026758799687e-01
-9.029884458891349053e-02
-4.582992715669552131e-01
-2.272983678970021404e-01
-4.400183349574021685e-02
2.563225846967013277e-01
-4.663109598038028131e-02
-4.392026037278102257e-01
1.172604606127571475e-01
2.695241509886150411e-01
-3.715509955557157462e-01
-1.347194797168752844e-01
4.376234609373591544e-01
1.196502665688831298e-02
1.421135254355251343e-01
-3.239248913140944930e-02
-9.018529942488437423e-02
8.066478404764818033e-02
4.866803771949866353e-01
5.580143026327698264e-02
1.236365889974345988e-02
8.144079532830249268e-02
-9.429093203834232328e-02
6.560222394042876382e-02
5.372408520479152183e-02
-4.934465853158682969e-02
1.223305568377551500e-01
4.220398699977481044e-02
-2.116969014797243365e-01
1.202711725479900656e-01
-1.531968535771887352e-01
-3.365275745786250328e-01
4.996438037779771801e-01
-5.298202007961539534e-02
-4.634458988992097572e-02
8.287412800263316282e-02
1.069358815605726820e-02
-2.690450441002302240e-01
-1.983472016717809649e-01
3.345921421388165506e-01
-1.471775915214394437e-01
-1.705888592263353765e-01
5.017408534997776226e-02
3.950997473581872865e-03
-6.666561750435397171e-02
-4.306030819163615964e-01
-4.410196214311126739e-01
1.467425033908508203e-01
1.371899928254986800e-02
4.894990537698636901e-01
-5.603891169127680344e-02
3.010429476299558704e-01
-2.703814893910408412e-01
-1.165711894931117411e-02
2.639185091984195819e-01
3.145873472170019336e-01
2.138779546399799947e-01
-2.571867044727927376e-01
-2.248453892271036203e-01
-1.016750665225003847e-01
-1.869161362924496861e-01
3.910660316083515720e-01
1.029236691559989869e-01
-1.566611405221570441e-01
1.173118417437636340e-01
-2.899037899840071347e-02
-9.494327716747584522e-02
-1.897718481992665962e-01
5.085397362261363519e-01
1.647878974166045452e-01
-3.287071905232325508e-01
-1.182164627113370531e-01
6.205786655869593299e-02
-1.598065222790696557e-02
-9.044069774684974916e-02
4.660284625155056842e-02
7.146564606405141074e-02
-2.396023206833569341e-01
-8.845724669321465561e-02
3.518427556757334346e-02
9.728732146424730332e-02
-5.015267140083680408e-02
1.006186629347884803e-02
1.063152123475217481e+00
4.525200029207307462e-01
-2.247956810887144496e-01
5.742380270693517308e-02
2.848201830179609637e-02
3.167392908073131674e-01
-1.639718238955120699e-02
2.422943317007447972e-01
-2.166781093574585842e-02
3.120988943190368681e-01
1.717023875675554867e-01
-6.559869584862262903e-02
4.036859572577399663e-02
-2.229497963616564049e-01
-2.087136122947023664e-01
-1.212496792000291312e-01
-4.434164794752347427e-02
5.708161720867295230e-01
-8.655417099282058935e-02
2.940329961060135222e-01
3.031720281207791468e-01
3.867438796604215634e-01
1.728132949167786869e-01
-5.646577191107796656e-01
6.542745965774023065e-02
-2.724781820249794553e-02
1.758211587379169272e-01
2.597231942888775236e-01
1.156342753027830850e-01
-4.728410485433662963e-02
-4.005945199435183568e-01
3.257555936049078699e-02
-1.213138996411930320e-01
-6.838518762249228000e-02
-6.719391215982123411e-02
2.079321019857539310e-01
3.114482169855743443e-01
5.669254835531120085e-01
-7.795334879879041168e-01
2.725101521809085714e-01
1.547480182667215209e-01
4.081904033397273923e-01
3.112379759494208337e-02
1.591409430979594253e-01
1.388076343903072440e-01
2.962678298694225720e-01
1.974228580045916115e-01
7.601831356210166091e-02
3.018455824534895804e-01
-2.529950784657623575e-01
1.070832563764315681e-01
-1.323863410605066460e-01
1.022824924430886517e-01
-3.307391268381764532e-02
-1.805374828157005063e-01
4.604636077096126989e-01
8.558493541169387431e-01
1.279533181020359178e-01
1.024786274658368995e-01
-1.794556727122459394e-01
2.873560882957327811e-01
3.470086920329931712e-01
3.149400483060859623e-01
4.437364980300110839e-01
-1.312408271213424960e-01
9.841113410581026066e-02
-2.715726040380817552e-01
6.411894834593831471e-02
-4.860129330103128420e-01
1.811207936281951716e-03
2.782815523834089241e-02
5.915993805711469156e-01
2.861128459299686067e-01
-6.728498863501388705e-01
7.750271527217730827e-02
2.281105588957735297e-04
2.997419646148738459e-01
1.087953371815295334e-01
-8.001050004931239447e-04
2.150428382136565508e-01
1.107280256808323982e-01
-6.777710173798882909e-02
-3.047490107473728727e-01
-1.017503574511800651e-01
-1.450326033393324054e-01
2.901751951102064520e-01
4.572154909645830267e-01
9.502930965859898715e-02
3.306535165659253428e-01
-3.578743000589815204e-01
-2.340525891325980212e-01
4.619396907469637548e-02
5.548743534930772325e-01
9.989783336735166830e-02
2.710273487928352987e-01
2.036366309331461011e-01
-1.677079787549679291e-01
-3.096388469819620903e-01
2.610896077979091984e-02
4.674479922900612872e-01
8.069717286467351092e-02
8.522038734559084228e-02
1.335656470707174692e-01
-2.092541884046807965e-01
-7.704556064315669639e-01
-3.901716687006560186e-02
-6.158098700518332969e-02
6.166977449222393881e-01
-2.445648619776155663e-01
6.685163705628499597e-02
-1.949465187519115739e-01
-3.396812013368712135e-02
9.910842429903549133e-02
1.269991696694839356e-01
1.226996653869113704e-02
-4.217713445661721017e-01
-3.752544974122085097e-03
-4.325802373541364210e-01
-2.871412175313443060e-01
-4.000453698876595132e-02
-1.418383883861217276e-01
-2.691090807465246759e-01
-2.516992685552481013e-01
-1.604196319093261214e-01
-1.804951425394328846e-01
8.958155160093191072e-02
1.024120635149980280e-01
-9.606659283562697660e-04
2.591198111937201842e-01
-3.483496080252995730e-01
-4.834061925346015698e-03
-1.877525832483510071e-01
-1.209579903001846424e-01
1.901812419041682203e-02
1.414052095030120804e-01
1.205175047939558569e-01
-3.838177115722211652e-01
-2.800931038726005573e-01
-3.636617932254682661e-01
-1.697248562312089759e-01
-1.507839654413750397e-01
1.440251233827840802e-03
2.612764775756878377e-01
3.446298044083955653e-02
-6.375878677526916061e-01
5.141193086957862590e-02
3.605012486969427776e-01
9.148975502121413361e-02
-8.932194676661697752e-02
-1.106671219583982707e-01
1.416487280518890016e-02
-9.779097469725360481e-02
-3.852540810976752272e-01
1.333979098353245130e-01
1.891442936400493102e-01
7.574908999542592780e-02
-9.713886042862705794e-02
3.437952185814954209e-01
2.669181272033830932e-01
-1.009427033544159358e-01
4.566697612402845219e-01
-3.852475910805351900e-01
-1.900348455659445213e-02
8.550310149802783227e-03
-1.748992057934652677e-01
-1.781183505188155825e-01
2.793095684737028628e-01
1.909335828974710880e-01
-7.341046040269344486e-02
1.941115852094831840e-01
2.092370690813935286e-01
-2.497579113833722775e-02
-2.058860979763460497e-01
4.233915066642169461e-02
1.301780626761134263e-01
-1.243078128076405969e-02
2.167886497435725368e-01
1.551668581236261557e-01
5.215460960080849917e-01
2.618462806184024827e-01
-5.911710240351506496e-01
-5.692879860725560959e-02
-2.314154137665625499e-01
1.857671503524328804e-02
-6.216873534386822484e-03
-3.869518219464637143e-01
6.787038940333138537e-02
2.470278300654781267e-01
2.540804736578063106e-02
1.781442074274798004e-01
-3.836994927437221148e-01
1.401757860928222986e-02
-6.226284733427688012e-02
7.090358989787953758e-02
2.971748141932752940e-01
1.212942801171796106e-02
-1.027703770611125000e-01
-2.658768980501896931e-02
-2.200548186443362086e-01
-3.583793071997247726e-01
-1.891874614867220528e-01
8.722254219074616899e-02
1.271990589939815397e-01
1.031824682216174460e-01
-4.394521037958450810e-02
-2.149150386043862104e-01
-2.967280548481425195e-01
-1.860535565588864459e-01
8.092745094529131544e-02
1.638328658302835028e-01
8.134354561914761139e-02
-1.075689937390177653e-01
-4.619387076087265176e-01
-1.459860687061446949e-02
1.331702673069085421e-04
1.317563623741861700e-01
-2.731596665237119859e-01
-2.894373678563453289e-01
5.221637706027014714e-01
9.892979944032093131e-02
-5.519287154607588342e-02
-1.463251700293748125e-02
4.939261733140866417e-02
-1.160436288299679514e-01
1.054198712301122887e-01
3.405136578260724023e-01
-1.708621934654747793e-02
-2.046688257219921384e-02
-2.190852802969045499e-02
5.065834151278814090e-02
-7.021225288024429689e-02
-4.083010886744416201e-02
-4.104892136651338425e-02
3.373185719214971123e-01
3.572883907491468392e-02
2.956657842218333304e-02
2.361728410131913591e-01
-2.075796579321329341e-02
-1.624346634403925071e-01
2.689366770710067134e-01
-3.544172702884586246e-02
3.819320495753767211e-03
-3.461060913495020430e-02
9.198438070099911046e-02
-1.986023740666755522e-01
-2.679054078232177005e-01
-6.324878787733013985e-02
-5.928565358660198292e-02
6.281638581011977918e-01
-1.078590596318792887e-03
1.231581889122156381e-01
2.380577573855395812e-01
5.728885113362688214e-02
-2.942690111451994328e-01
5.446559114038392879e-01
-3.986440351279967043e-02
-1.649586427914291262e-02
-2.311799776191102995e-01
1.805661471604148383e-03
-3.812337729417598631e-01
6.002729062648395203e-02
2.619068933877884420e-01
4.351696795828352560e-01
-8.329733692712966431e-02
-1.304490677902937767e-01
1.274288045341223918e-01
1.629735746051312051e-01
-2.626694129682606293e-01
-2.270411307365221426e-02
3.033125285714944885e-01
1.840102084467958032e-01
-8.716065986643305175e-02
-7.617506802751637940e-01
-3.772619835744913663e-01
-1.205731296213667231e-01
1.538100486954691037e-01
-1.095857745356533380e-01
5.712570941145893588e-01
-4.280342724591038733e-02
-5.049056204562423211e-01
-2.474038858536911356e-01
-6.939408861524407057e-02
2.020342913945768204e-01
-3.086022586225800612e-02
-6.656445272056302764e-01
-2.142102964121174805e-02
-6.744809045489690291e-01
-5.712926343643842664e-01
-1.156634646742338429e-01
4.042366494915120567e-01
5.742540172276113797e-01
1.489647824764195050e-01
-4.294429957832289202e-01
1.073351668916725926e-01
3.228980094330457379e-02
-1.992912542393884823e-01
-8.232913317039508572e-02
2.710761443205439991e-01
5.614098517522701434e-03
-1.989400774647742398e-01
-2.396850154494198706e-02
1.572851268079037690e-01
-1.991384066470387459e-01
-1.866114088954944072e-02
-8.728727127617183501e-02
-2.217053366374783785e-01
-9.150942111939436296e-02
1.704991146503405663e-01
-9.036983658619686388e-02
-2.863164491917760124e-01
-2.154249209487530681e-01
2.371777184205239863e-01
-4.229666826410764802e-02
3.680870288003510460e-01
1.544500641752879488e-01
-1.704265360273425900e-01
-2.474810846142197207e-01
-2.797696780609671974e-01
3.326734705833186978e-02
-1.142409670813193494e-02
3.899494966769703752e-01
9.954361458654671646e-02
1.812263517025005100e-01
-1.336884944386399765e-01
-7.668747849899227864e-01
7.571046795609087665e-02
3.802510793134319944e-02
-3.064140737012172565e-03
5.224455473640245151e-02
-1.351757313517182313e-01
-6.401867983452563804e-02
-6.295541728008806348e-02
7.940631158241778786e-02
-3.213633349889907093e-02
7.463739876734806766e-02
5.316869521656101411e-02
1.193383744853859368e-01
-1.226937121482472165e-01
-2.225655709169830840e-02
-8.022636011747960594e-02
1.615221815514445991e-01
-4.430068648787918728e-02
-3.475117093446061234e-01
-7.075052641355095151e-02
-2.930999084258603671e-01
6.409062785253213934e-02
-1.739113405570806015e-01
-6.134869764116088892e-02
1.416029615578734413e-01
-5.484931336985936212e-02
-1.245141795871108070e-01
-1.926503403586443675e-01
1.178668203070614151e-01
-8.489615382137082056e-02
-9.975246288858086174e-02
1.247863712551771087e-01
-7.222335319547161792e-01
-1.926071164327133184e-02
9.997934893679824575e-02
-2.357438378196169693e-01
2.985297741626892210e-01
5.558438554230827888e-01
2.854509072926768032e-01
1.668726585953810571e-01
-1.177392195510666983e-01
1.136667890700061578e-01
-2.599930294914415754e-02
-3.650936438271212281e-01
-1.423960413584862417e-01
2.129505356556769813e-01
-1.062215245302349231e-01
7.213297655126188479e-02
-1.620098306321062775e-01
3.316746872473356200e-01
2.575706094992766815e-01
1.755347598989047131e-01
2.363487045520263619e-01
-3.013386603870247815e-01
1.973881257502516362e-01
1.140528646009235092e-01
1.765739239491083412e-02
-5.433121919315461179e-01
-1.175069523320484283e-01
6.673484317076292527e-01
-1.601635553674960188e-01
5.744865092673508145e-02
1.074289197164566279e-01
9.521086530495044553e-02
-1.875080713531486754e-01
4.358477662469599501e-03
4.404226077959572105e-01
-8.593549445025761013e-02
4.926835572571411914e-01
3.348243410193106617e-02
7.214372141303142250e-02
2.582982430566522700e-02
-3.528733768032706331e-01
-2.929809722260516835e-01
5.148197138730673528e-01
4.481824941234977683e-02
-6.550936798225309721e-02
2.913384677816397428e-01
-8.097804115925355539e-02
2.222090584137247915e-01
-7.411351142321130625e-02
-3.603996820745161145e-01
1.887528197926302553e-01
-7.913505927120599581e-02
1.099968274861838902e-01
4.350860719247421904e-01
5.585616651646631015e-01
1.270283096935921896e-01
9.799925983384527584e-02
-1.078381563241923580e-01
2.100573493702017625e-01
2.154401664237069747e-01
1.970824219733774973e-01
1.758607387304954028e-01
2.128118571485808075e-01
2.793505540762901140e-01
1.056551565596512976e-01
-1.203049581191738965e-01
5.366664580928685868e-02
1.134206404446709282e-01
-6.558971965966485518e-02
1.520833908507378263e-01
2.920181011946104688e-01
7.101216147606674578e-02
1.010837589591531832e-01
-1.145454387605359531e-01
-4.115816506428947585e-01
-2.068197047222105345e-01
2.929084343464037343e-01
-3.685244455101714389e-01
3.488160425223706396e-01
2.575463287712767557e-01
-4.000732616901505473e-02
4.054674185051552193e-01
1.877625198253283709e-02
-1.003179144218046270e-01
-6.258842694148733510e-02
-2.131011372001223314e-01
6.441358134792142531e-02
-5.590007795507852956e-02
-1.120655290180306990e-01
7.919371914876072172e-03
1.647054822934908291e-01
-4.430573896566222802e-02
6.108698323702636823e-02
-3.915464382997435044e-01
-1.726401371493591907e-01
1.790670283430324528e-01
9.605999831630156471e-01
-6.594117150590439458e-02
-8.280883022533691573e-02
-1.425207569846484446e-01
-8.159505265954375419e-02
-1.199563228879682759e-02
1.056737533354113467e-01
4.047571342986437948e-01
-1.246593129575769010e-01
-3.118848627611981589e-02
-1.818841215886651125e-02
-8.421518953726161646e-03
-5.550849921797994940e-02
-1.676701427724999055e-02
2.968008349034773757e-02
4.872066470949834582e-01
1.530272331125055729e-02
-3.205282679581583083e-01
1.379207959194506672e-01
-1.796082058076689802e-01
2.029596016175493761e-02
8.875071985781336770e-02
1.019710383643745027e-01
-6.583858487524585357e-02
-6.844422974363831291e-02
-1.347760654187164786e-02
-2.913565645551130512e-01
-1.452083461884434712e-01
8.609051786287297281e-02
-9.748720977447986047e-02
-4.062313367667801794e-02
1.430288783775978956e-01
1.184194539388498668e-01
4.652977633332454344e-02
-9.930661503399838830e-02
-1.504205585109467599e-03
2.417367963819633606e-02
-1.112577271493106063e-01
-1.052447163016713566e-01
3.063713350336746619e-02
9.785414885451361455e-02
-1.828616058582089865e-01
9.409853443163944051e-03
6.151464685787323000e-02
9.055602243265389872e-02
2.162066934069016219e-02
-1.276976814201247375e-02
-8.676618026902446074e-03
-4.726101479717504938e-01
-9.602566345767624481e-03
3.809132326288898196e-01
1.088180691503314590e-01
-6.570576796235473582e-02
6.686598269551354001e-02
-1.355469241291907823e-01
3.132245630990500573e-01
1.465282300372132418e-01
2.521492666324142151e-01
4.605364166442350859e-02
4.112206733627547517e-01
4.598881682769682122e-01
3.400067008389866252e-02
2.751624044399836669e-02
-3.389343448621668503e-02
-1.133472469126075438e-02
-3.067069889365357516e-01
-5.954455687816968545e-01
-9.466010457764245656e-02
-4.242219488493447210e-01
4.130273118241687413e-01
4.282647178806123223e-02
1.958842783888471994e-01
-5.774103639096474921e-02
3.587753833690461858e-01
-1.739530454193310982e-01
-5.305343017295309771e-01
-1.423859468340631877e-03
-6.595066451335344915e-02
2.076920198440585785e-01
-5.858839468728282290e-02
1.432100345584799705e-01
-1.747974978053055406e-01
-4.151002702124542143e-01
1.401246307258791415e-02
-8.660394034392634999e-02
9.108513254278889637e-02
5.459275390908675529e-01
-1.282991745929526473e-01
2.533847973045010304e-01
1.538264382224394655e-01
9.709343982774740200e-02
1.183488739181693394e-01
-5.264458175815023983e-02
1.291848638048211095e-01
3.562463113916679996e-02
-3.806890781455884998e-01
1.550786809188936244e-01
1.623483832315233966e-01
1.687107344728631109e-01
-3.841946823442360381e-02
1.270628657659710892e-01
1.197131547471115831e-01
1.636017035780175377e-02
1.649043410634926377e-01
-1.765137141608837390e-01
1.020798342510045170e-01
-5.093827666234693879e-02
1.575919408283028567e-01
1.568872851054192441e-01
-2.568756782152974982e-01
-1.342817880199646124e-02
2.341733583503049498e-01
1.359515644522313327e-01
-1.400375066342438302e-01
5.550781908434061773e-02
1.800723228249318242e-01
-2.152020575188933471e-01
-1.968884270130287217e-01
8.766372728538564252e-02
1.609213567112887933e-01
2.986272800448113492e-03
-4.351942996497010219e-02
1.653038312749854355e-01
2.666029166943937323e-01
-8.723309972101733756e-01
-4.675841668220188652e-01
4.200681903470467882e-01
-1.567958133289764355e-01
-1.663661737083700909e-01
-4.119214262698522866e-02
5.309441184639772902e-03
-4.326781614788055008e-01
-1.705980979609335590e-01
7.739877514489867938e-02
-8.444430042574886663e-02
-1.923320866580148780e-01
5.997544643674651565e-02
9.091275427600638281e-02
1.431063543359434309e-01
8.034438661363235701e-02
2.036589575938928531e-01
1.222728648048060085e-01
-1.146911056503158999e-01
-2.765460718023571990e-02
7.540960163480958656e-02
-2.816596107131960625e-01
3.311431892862656129e-02
2.750235958386438861e-01
5.913443504839252518e-02
-1.945768753108787219e-01
2.576361700702328728e-02
1.840407877844486839e-01
-3.824684793456454290e-01
-2.410220579466672564e-01
4.761515455930098728e-02
2.299846877100317558e-02
-6.194870767697263636e-02
-6.706953190686638921e-02
1.386681045338653273e-01
4.005485255512761245e-01
-1.384867252032134233e-01
4.018403848770626952e-01
4.012162500652369235e-01
2.142454228252446413e-01
7.931079182326983279e-02
-2.762387283734488164e-01
1.084039029578873908e-01
-1.601197900200211910e-01
9.328341603701008344e-02
-1.294166878423398670e-01
-5.248268295161168107e-02
2.808739618831666493e-02
-1.366535012521284675e-01
6.173810280771512005e-03
-2.990449994543674661e-01
5.748445870103997823e-02
-5.247932369726671792e-02
-2.105568501268354764e-01
2.115798870352376126e-01
-1.779004135162489120e-01
-4.912325757806692561e-01
-1.364699900432016499e-01
1.109240600649416958e-01
-1.201215994663836217e-01
-1.368899972952613009e-01
-2.452663504979898379e-01
-2.068364897456457241e-01
-1.639333861606183107e-01
-9.147108737194961647e-02
1.040865455083995195e-01
-4.141219565789520940e-02
-2.322025967585818890e-02
3.684179699629965277e-01
-6.644052885225862348e-02
2.808075118808179074e-02
2.020416827903917800e-01
4.475594590957656521e-02
4.097581438675944598e-01
-2.871652607847455241e-01
-1.320931960436491359e-01
-8.881146171638099052e-02
-2.630559282935874266e-01
-9.646689778458672482e-03
2.443821157265075872e-01
9.881398646637681773e-04
1.915245190358237648e-01
3.298954533806885969e-01
3.116311950499830313e-02
2.515745740551898479e-01
-1.953214305255136229e-01
-1.414001338439812433e-02
2.289448599361324499e-01
9.254000450076811657e-02
-4.277285848938977009e-01
1.956975419338931044e-01
-9.948958726013021336e-02
7.288886848453436651e-02
2.131116264232387203e-01
-1.684004215938885579e-02
-1.164590383698620446e-01
2.831626310546944136e-01
3.782819181337238046e-01
4.553116140767284048e-02
1.857835694170399399e-01
1.863936589919974185e-01
-2.358301529913131578e-02
-8.259304247136119159e-02
3.059833888931610124e-01
-3.052314207962183445e-01
7.964547923347145564e-02
2.162420285124467267e-01
3.773664872737813591e-01
4.094655168290928238e-02
-3.504301943358403282e-01
-4.487307703370008866e-02
8.559670469565520967e-02
1.022007602852221669e-01
-1.289059459053003287e-01
3.524787307098793676e-02
3.902580416386198237e-01
2.893468593427794486e-03
-7.343230613708258414e-02
-1.805740517350392094e-01
7.900506506093469064e-03
-3.265550070748082789e-02
2.879099907158821914e-01
-2.112105639478447164e-03
1.775558853695008710e-01
1.140590609976632475e-01
2.634937136801701607e-01
-9.544940894468489923e-02
-1.661303585982112363e-01
-3.111718897119087890e-01
2.384547044708272834e-01
-2.647463916601914824e-01
6.401532862576786442e-01
-4.390236593584078556e-02
1.667786024261582248e-02
-1.603227958865748592e-01
-2.416110300701494740e-01
2.390166856659580730e-01
-5.858626043988157672e-02
3.889866117924946076e-01
6.472379935280589414e-02
5.835906146283875717e-02
3.905054853561379380e-02
-6.921909867382207426e-02
-2.625011029010446140e-01
2.401639986810324423e-01
-7.125629159380318933e-01
5.928123300051560962e-01
-1.636416882836737308e-01
-3.456389827562040412e-03
-6.465709604262756538e-02
6.121305469196409305e-02
3.644706102925708291e-01
5.681512705206609448e-02
2.242382720384464012e-01
-1.397942784848370430e-02
-8.236201359838915548e-02
1.150353807647025092e-02
2.306607673606498043e-01
2.407105837069516974e-01
3.489853259838418542e-02
2.493849464368004254e-01
-1.888554486521818454e-01
9.359182860155498829e-02
-1.765834606972441906e-02
2.588817758064002605e-01
4.987543753296763138e-01
2.976369817409668661e-01
-8.346493200163251913e-02
1.017987125363506093e-02
1.065368447664873236e-01
1.555795453674420348e-01
3.622284899177045103e-01
4.852121950805152184e-01
2.703806024351420589e-01
1.197439406010819274e-01
5.789309790456295679e-02
6.214758809587507538e-02
4.705289267324325869e-02
2.340449009543172088e-01
2.872886450423153826e-01
6.695347947905040675e-02
-5.155485105920682987e-01
-1.677480663805616667e-01
5.266046618366441306e-02
-9.503881283836766725e-02
2.887170056769022275e-01
-3.569137625711058665e-02
-7.490129973731486646e-02
2.908461347815493037e-01
3.266964942059338850e-02
1.599320023538980673e-01
-3.256132632218836781e-02
1.650540344239186108e-01
4.670621864636218534e-01
-2.951280143091986052e-01
9.326381758304688741e-02
-9.757665867112791380e-02
5.371611022659949358e-02
-1.522712954787298900e-01
2.598016613253194551e-01
1.174952376666134335e-01
2.853721577298960407e-02
1.396331869594976127e-01
4.110591069412877774e-01
1.771369579537512562e-01
1.193955216061837327e-01
2.528872506666144937e-01
6.275457396323441683e-02
-5.235669631433628041e-02
-1.981467376624418408e-02
1.900440467888379337e-01
1.226282964656607022e-01
-8.214908946302678094e-01
1.604803502134516738e-02
-1.996932403322561334e-01
-2.409732232829585319e-01
-2.475691355499532176e-01
-5.432740514459573344e-02
-2.236230175764491457e-01
3.421195783484986541e-01
-1.306639024461973553e-01
3.420597416947876446e-01
-1.229243110730484853e-02
-2.027551901971964277e-01
-1.746187044259034649e-01
5.881490272258611124e-02
7.699355872468748030e-02
9.987829992315420957e-02
1.797662627413237207e-02
1.054729519420979228e-02
3.661224415200198812e-01
1.724822907447047804e-01
3.764713902624045039e-01
2.674943372850731582e-01
-1.181166836198556114e-01
3.066794031332207293e-01
2.622628753263414048e-01
-8.824823313196131225e-02
2.293186826570623588e-02
1.396247778287352526e-01
2.476667640363205622e-02
9.669151442803086693e-02
2.979887947134945980e-01
7.976332470543802400e-02
-1.513921166672304863e-01
-1.039195516223576088e-01
4.383149774515891078e-02
6.033054439724487572e-02
4.102105496839292958e-02
-1.293188259642114868e-01
-1.455587206611927767e-02
-1.989219485724250114e-02
7.640913577431171499e-02
2.553055284813027237e-01
-1.258596603339152964e-01
-1.575758484133227832e-01
1.417510674659017700e-01
-2.326362028715884545e-01
-1.130928819494686315e-02
-7.303101914192973443e-02
7.854742675818936204e-02
-4.155997203510857635e-02
2.345755490147005337e-02
2.328583444632711941e-01
-3.855997454779943462e-02
7.734481378316443445e-02
2.280539625938498849e-01
9.897772889727415868e-02
1.560279559715263831e-01
-7.005417938037547532e-02
2.983022876297052040e-02
-2.092952167665413643e-01
2.147089674009107496e-01
1.757219473070294538e-02
-8.011766510572249089e-02
1.741616820026145596e-03
-4.977187998792937523e-02
-3.420596304325805859e-01
-2.779287285154095066e-01
2.237676124129512334e-01
4.555670167333709941e-02
-8.837486954098021374e-02
2.434589120007923241e-02
1.755106604226740197e-02
-2.245555066105247854e-01
-4.486674293229772625e-02
5.176651431230304412e-02
5.508877349131831025e-01
-4.493472354553577630e-01
8.544657475225335419e-03
6.455176266585345435e-02
-2.041456263251947567e-01
-9.466787421726609308e-02
-1.104838200117740088e-01
-6.140227888697920300e-02
-1.654710027796333915e-01
-3.736228215636742955e-02
-9.916699789446077606e-02
-7.720978918595821673e-03
5.091871029355137662e-03
-8.058444615974241776e-02
4.011386740065777667e-01
4.205109106510192540e-01
2.051498520691295568e-01
2.253332842028605565e-01
-3.000142129414315462e-01
7.446363693210025780e-02
-2.174442502819002032e-01
4.344981233906501650e-02
-2.508019063801291693e-01
1.468015870325658535e-02
4.353475108939592331e-01
-8.023690167444637311e-02
-7.306222115786275770e-03
-1.896141734555590458e-02
1.410724768452008560e-01
-7.366440854400156668e-02
2.497422506944240589e-02
3.422498661533223685e-01
-3.701395124655584151e-02
-1.202515666449618936e-01
-6.690468070392069366e-02
-1.079082879671940665e-01
2.699683491711281635e-01
5.975112933158907569e-02
-2.977749860249593317e-01
8.092342325446681695e-02
-1.092714497693973580e-01
1.791859999351722368e-02
-1.590374815229597394e-01
-9.013649820664851320e-02
-1.317932196634319375e-01
1.786931859369010334e-01
2.180739260288246800e-02
-2.345495660558449130e-02
4.591465543975772889e-02
3.527925454217914480e-02
1.956913474118704421e-01
2.242970552125850559e-01
1.427446946129712901e-01
-2.063530534365222435e-01
-1.261114646057181765e-01
1.468613505799083729e-02
-1.832823656675463264e-01
1.768226908626153726e-01
-1.606935427855757381e-01
-5.801327434135995081e-02
-4.872284539313658652e-02
2.272781690492441803e-02
-4.510664853375430383e-02
-1.911214404982993220e-01
1.465634221172040508e-01
-5.524633105861909144e-02
-2.293480210545982209e-02
1.113109511365565768e-01
4.110596892802366453e-02
-7.352040292631260854e-02
-4.201604505525408095e-02
1.194666333129239533e-01
4.866291369230675290e-01
-1.757183471553165899e-01
1.398356390642692126e-01
-1.060847331018811845e-01
1.533322005460443505e-01
3.074162998264464708e-01
1.412260552531058311e-01
-3.381599852080949264e-02
-5.490456924088109592e-01
2.006080436707696757e-01
-2.441037911169317565e-01
-1.227299336533146795e-01
-4.805211521656478635e-02
-1.266700518041568579e-01
-5.336987954698811654e-02
-2.615233060278775445e-01
-1.520016976647953766e-01
-2.235953762886989382e-01
1.834079266543928721e-01
3.555819755607063024e-03
5.483211319173388054e-02
4.694644216599156428e-01
-3.921588219537089914e-01
-1.727443791245572291e-01
-1.191827339902034599e-01
-1.381064399499329076e-01
2.188944008844360412e-01
5.277929367454588933e-02
1.998862810951132774e-01
-2.128597516626443698e-01
-1.385826699711318888e-01
-1.496187497244667597e-01
-1.220236587081405810e-01
1.824125273136225356e-01
1.493255372934985947e-02
-2.067136231155125847e-01
1.261159447977395487e-01
-6.873876897587496426e-01
7.481844671276269287e-02
2.604719373973021224e-01
7.104189824145142051e-02
2.981886080596943822e-01
9.647904124798332981e-02
2.470037910353978239e-02
5.259406863590916636e-02
3.930807931221662055e-01
3.737328173350141225e-01
-1.262448884654822912e-01
3.957802469696417025e-02
1.199231447664765235e-02
-3.523095827568409333e-02
2.841209376826413571e-02
-7.123188746608838384e-02
-3.807392387230196240e-01
3.008686215901604788e-01
9.410786618797123415e-02
2.601171592700516899e-01
-1.024188960800803821e-01
-2.472168971382503189e-02
-1.455234892908589261e-01
-2.140462051173427638e-01
-4.994407354393121806e-04
-1.185363585460954133e-01
2.724268117622719032e-01
-1.348212034720612518e-01
-1.942031062806640340e-01
-1.127273385790470983e-01
-1.627045110352024759e-01
1.741424893786445646e-02
7.026560018291902465e-02
-7.598426246359876735e-02
2.656182377840530240e-01
-8.214610710711750530e-02
-2.703466415789160249e-01
-1.520917338037971744e-01
2.145984801595260394e-01
-3.799875127073974040e-02
-7.278351244546135690e-02
2.038581816898419330e-01
4.490977009488060501e-02
-2.654047847069970212e-01
-1.159304063233898840e-01
4.391097328293925434e-02
-2.165020058276665715e-01
2.579444107902584271e-02
-5.808698817745508447e-02
3.073862309042217356e-01
4.485203833558268349e-01
3.299777166308157789e-02
2.287577617722014733e-01
-2.958259018607836133e-01
-1.278293477027745567e-02
2.833315123397631696e-01
1.175266890810471171e-01
-3.119341019682347893e-01
2.341228438780876830e-01
1.141442541562393831e-01
-6.951352665665497255e-02
-4.839951723808580408e-02
2.226170954752586251e-01
3.014516652782694636e-02
-3.094263947137297355e-01
1.228861319893841397e-01
2.540266574696917745e-01
2.278345067408638763e-03
-2.894600107541513423e-01
1.177998697979005249e-01
6.347352729837506535e-01
-1.748869114647201919e-02
2.892905454568530099e-01
4.916133241100023032e-01
-1.957325658625362896e-01
2.023635087222932366e-02
1.479516049604960755e-02
4.071736341234415829e-02
3.361613906306060856e-02
-6.490993850792625697e-02
-6.170003136876328620e-02
1.407400216714659591e-01
-9.638444195863175856e-03
-2.157336387828321378e-01
-9.018877667721279801e-02
2.388591487683862646e-01
4.361451196360970339e-01
-9.371209326930579619e-02
3.349276122605072126e-01
-3.502777622725960355e-02
-6.782016964007638038e-02
8.183975522258728208e-02
2.367115608155956341e-01
4.676466393536041211e-02
4.230005730607031694e-02
-1.152754203977488651e-01
-9.044263571844365912e-02
2.615382368827472506e-02
6.908365136692706278e-03
1.316022485671295705e-01
2.924601328237095288e-01
2.222812684295448760e-01
1.236872692800176365e-01
-7.153746089566850874e-02
-8.332964908566314888e-02
-6.422007905216853274e-02
1.083372921324782800e-01
2.359639285537264708e-01
7.341751878835563183e-02
1.642469057288715173e-01
-4.093680475653772577e-01
2.120069411464499121e-01
-2.982740147058241531e-01
-3.133797321748454066e-03
8.248814786346750361e-02
2.370234877352729030e-01
-2.653363635697836842e-01
-1.908846294612339123e-01
1.072364623602959227e-01
-1.425314104457146673e-02
-2.526850814708863843e-02
2.242017064744241117e-01
1.955612578237924393e-01
1.232566905638152327e-01
2.233773874005950122e-01
3.363535752074220953e-01
-2.959349822441812924e-02
-1.138796473420095878e-01
-1.645789011356544318e-01
1.310410202887747344e-01
-5.637826695127285542e-02
3.853695996154344883e-01
-3.302986522793978363e-02
1.558835806603176555e-01
-5.520239919792827021e-02
-1.585713124163666554e-01
-6.572954532568262009e-02
-1.558928017715418557e-01
1.878596158725533705e-01
-4.462175907993454899e-02
-4.588089435930084448e-01
-4.990840837632162102e-02
-7.821899365047181585e-02
-7.053058171527733233e-02
2.141321800457818003e-01
-1.435285121005984987e-01
1.506468998539737814e-01
-3.197912669026189980e-01
9.963304824035938700e-02
3.063104156934540745e-01
6.351401076932634837e-02
1.320631301725156692e-01
9.583364735627548925e-02
-2.059044147126079805e-01
1.320074854589933233e-01
-1.026421590297558056e-01
-3.433071736303550808e-02
4.276958569540816393e-03
-1.320546474070238563e-01
8.659247763482284810e-02
-1.900388314892252906e-01
-1.448907184488483491e-01
-2.053221222828068571e-01
1.834737650115124685e-01
2.593006333907655891e-01
1.796505937475130488e-01
1.814416098471718364e-01
-2.769897103558316420e-01
-4.295146352060074529e-02
2.274460447573204980e-01
2.305509877202542579e-01
1.751200680166427326e-01
1.047076956879971904e-01
1.246219567296384667e-01
-1.307581170940078086e-01
-4.778599874406613823e-02
-5.041516471158176138e-01
-5.015596205012493036e-02
-4.292656308568093548e-04
9.119159319099678918e-02
7.329794969959747830e-02
-4.637875412569539800e-03
-4.177844905517195118e-01
1.428240764293198586e-02
-3.061555690813225553e-02
-2.710453049224000877e-01
-2.615373043254663396e-02
1.869991031318893882e-01
5.172963925122382733e-02
1.132599854134527621e-02
1.100728594688209633e-01
1.814294976153942029e-02
-1.024415728663833763e-01
2.940206290426950475e-01
2.962222339490072076e-01
1.319666672746169500e-01
1.589988696489378073e-01
2.240507175091526193e-01
9.808751630935609589e-02
-1.184342589743959812e-01
-3.906413005973108366e-01
2.862947134780021163e-01
-4.393587853885348032e-02
3.921849996869464228e-01
-1.168741104044508788e-01
4.784082619556585120e-02
-1.264339514920355956e-01
-1.398394971182582713e-01
2.560957051148938790e-01
-3.041061830943096386e-02
2.373157001331036575e-01
-6.976630730104289857e-02
1.406290016886909133e-01
-1.477305375133198401e-02
-3.567270001727551043e-01
-2.787249426042061051e-01
3.954785798595427670e-01
2.102825526473283552e-02
2.774213767246027640e-01
-1.609480131400438385e-01
3.849980519809382273e-01
-1.912869089022145863e-01
3.581805240370281723e-02
1.606921214891156025e-01
2.352473440689381023e-01
-9.579120327163530638e-03
9.334880222683682172e-02
2.271687801585166658e-02
1.777463433906499857e-01
7.731547151132750484e-02
-5.500007654653015637e-02
-1.329391100027740302e-01
-1.693663396248043795e-01
-6.472486852001367863e-01
-1.407026474138085292e-01
-2.872703715332923791e-01
-3.256443066208067338e-01
-4.489544706333747914e-02
-3.402623161704917271e-02
-9.430722385166652455e-02
1.670889991938895591e-01
-1.073415685854056389e-01
-2.651682445396938981e-01
-2.499926455646002132e-01
-1.764585994523317214e-01
-1.911313354619298133e-01
-7.628593005441242081e-02
1.996564128929345927e-01
-1.626396611221578303e-01
-2.565670745686501539e-02
1.207305281696068738e-01
-3.952266652611474695e-02
1.701173321455316245e-01
-4.351582067573576684e-01
-4.424505843464335286e-02
1.019638573943533744e-01
1.010125702471922904e-01
-1.167912945056766710e-01
1.680766437640763417e-02
2.274009413181703465e-01
-1.100195629906287192e-01
-1.446512418588585258e-01
3.165477319768552483e-02
1.669751987309928132e-02
-2.903409322020665193e-02
-4.401411212905664838e-02
3.063982470408079667e-02
7.079377549575610606e-02
3.389958854699748891e-01
-7.508938518961552067e-01
-2.113817060335714676e-02
-2.332035586817323702e-01
-2.735127360450787665e-02
2.634279912541074853e-01
8.597259155660762209e-02
-2.158223056354444114e-01
-2.526984005016677526e-02
1.374955756198763535e-01
-1.673374805840515678e-01
6.415680597734514656e-02
2.078309250062468361e-01
-1.651626657668980869e-02
-1.556210345251165250e-01
-7.342598409170129903e-02
2.251758623515050933e-02
-7.962374491331289383e-02
-4.664194364157053796e-02
2.429958084209044022e-01
-1.198898450063323462e-01
-5.524208618878463373e-01
-6.236908343869771443e-01
3.049385257303897090e-01
-3.109929915385719057e-01
-8.312851717652877670e-02
1.244487738862683733e-02
-3.388196414511548404e-01
-3.209322084676212161e-01
-2.971643536099582428e-01
-1.586398195650756404e-01
-4.084178187662412807e-02
2.537923040972731026e-02
-2.773504651821364075e-01
-2.037338196185612682e-01
-1.315700311146977552e-01
7.003476990246733369e-02
1.115235164400812662e-01
-3.757177439837697946e-02
-2.894666295496218233e-01
2.884544782440349731e-01
-1.543186833608723163e-01
2.671180768815904494e-01
-1.574748505738364224e-01
3.255529335422233106e-02
-5.806689535331976959e-02
-2.854650642546268102e-01
1.618277952052586122e-01
-8.387939595802307302e-02
1.115239743764141339e-01
-1.186115906169088324e-01
-2.120665050116815956e-03
-3.462763619874158899e-02
1.161690282880806051e-02
-1.847712590796077858e-01
3.277508560450250186e-01
-1.194087333058677231e-01
4.584672054057848389e-01
-4.178795025627142223e-01
7.721075181110470531e-02
3.987603333438963227e-01
-3.590864377506262639e-01
-4.644143129257645441e-02
-2.281271337430843538e-01
4.525031902099680425e-01
-4.926311066390664517e-01
5.330970895592988118e-02
1.365192909490362816e-01
2.326132411638092978e-01
-7.740960322044750097e-03
-1.522617454431885453e-01
-1.017097549550925462e-01
-1.819807604172867521e-01
2.146795824660508722e-01
3.832816348121013267e-02
-5.185426794587365551e-01
2.604769775906862900e-02
9.192268604452227820e-02
8.096511123136854171e-02
-4.083421248018666017e-01
2.292010982616322079e-01
-1.092332614112459868e-02
-4.857597839913351812e-01
1.021097680718429102e-01
1.343164647327398098e-02
-3.501002757002449894e-02
-1.597556253256956216e-01
1.658724640390341620e-01
-1.219618300187129585e-02
4.160306437600956586e-02
-6.988430054909823275e-01
1.963561543361971307e-01
-1.252871761158748654e-01
3.544249530556445316e-01
2.624188949099642149e-02
-1.662957482696594130e-02
-2.394708818390148264e-02
4.419231549398889430e-02
-5.211498795515689259e-02
2.892063603913915815e-01
4.723807157880663410e-02
-2.429576973928803119e-01
-3.859268354124735512e-02
-9.020548048944877426e-03
-1.286324933343795940e-01
1.361650317149772638e-01
3.148096523484342768e-01
1.219974662724413461e-01
1.538660464008805850e-01
-3.528566310739033041e-01
7.145475911722741491e-02
-8.081395729723429844e-02
1.162094988452580524e-01
2.780313961883069118e-01
8.582568318396192886e-02
9.992978279448840040e-02
-1.218823461833111743e-01
1.898067436522861418e-01
-9.043633987880116826e-03
5.359985774885878129e-02
2.658458257907955757e-01
1.251174602422226168e-01
8.974793489624907639e-02
-1.187259874081328798e-01
1.491536020944351226e-01
-8.257850977606309706e-02
-2.186582980540747179e-01
7.822189312213052859e-02
-2.990575235522876379e-02
-1.304691720637620733e-01
8.786050399543199330e-02
-2.698432223053995327e-01
1.625480420489252009e-01
2.850159284216908229e-01
3.800638197447414601e-02
-1.497732335457694630e-01
4.500235692918985730e-01
3.177185099495548615e-01
1.068468476074132568e-02
-4.203006867621219677e-04
2.340044011733249246e-02
3.226920131070948883e-01
-1.313724101449097459e-01
2.945414573522394872e-02
-5.138418056367629605e-01
-6.326215063328905971e-03
-3.180025749792334509e-03
3.582398987729692452e-01
1.493316856712229718e-02
-2.316067845165727390e-01
1.351183674278929048e-01
8.424418755473336851e-02
3.510606065772423068e-02
1.358918413718376017e-01
2.723226440486750111e-01
-1.286703637093873365e-01
-1.349836280312383674e-01
6.225219325219615712e-02
3.610850562905294943e-03
-3.141003547084338099e-02
2.540852935980971727e-01
1.304731637275030262e-02
5.193708307741595753e-01
-1.037712494164873822e-01
3.839658376323737063e-03
-3.020151990962697264e-01
-1.841960843552531979e-01
-2.198442027985392511e-01
-1.653699745910757191e-01
5.107595081511939056e-03
6.542424809786054340e-02
-1.418288529938649678e-01
1.374654004540616994e-02
4.713500891750231347e-01
1.337601285159453063e-02
4.012121284297631707e-02
1.467766023826275711e-02
-1.550865043852335534e-02
-8.132543731797746422e-02
-1.268079368586208788e-01
-1.653798465048878785e-01
-2.203161452994387981e-01
1.158242749833299744e-02
1.799356173794443292e-01
4.579376516806804576e-01
-1.726364055312419321e-01
1.254076598442590840e-01
-4.301605966235830941e-02
6.229075725372523048e-03
6.651194939452993726e-02
1.123806578060912859e-01
3.419743931609233734e-01
-1.307311023809279958e-02
1.477592735929993129e-01
8.329308207282458409e-02
-1.920494803066671169e-02
3.750298158721984687e-02
-4.169216780654327881e-02
7.637578113577386113e-03
-4.020001619242359603e-02
-3.610567650797902872e-01
-1.270029149319416018e-01
1.315201778008742162e-01
-2.081400719157724122e-01
-3.513498099124126584e-02
-2.427170583910348844e-01
6.466559511200267729e-02
-4.944429746589098507e-01
-9.403100290284631402e-02
-3.175322910801798293e-01
-8.913129721430919361e-02
2.952965062154954898e-03
2.013353633334944229e-03
-1.096176572273008763e-02
1.394091768827853961e-01
1.357817367274737341e-01
-1.028569067331005921e-01
-1.854229247536212100e-01
3.319658524530596372e-02
-2.814895147233119066e-01
-2.145364316947306338e-01
-2.336030214210526590e-01
-8.907358481373761627e-02
-9.155265101452995935e-02
2.409257832413062459e-04
-1.277595285831809035e-01
-3.575361808194565949e-01
-2.252107227591940500e-02
-2.888231213374106363e-02
2.944078274488149197e-02
9.715093978680880427e-03
5.169127773321721686e-03
-1.513447451700513369e-01
-3.017863315372114677e-02
-1.586175254920552391e-01
2.743433240635640424e-01
-2.833907663275923028e-01
1.249352352101299884e-01
2.845184181104910837e-02
-1.432063297394712553e-01
-1.637256186439561834e-02
-1.959942731838872076e-01
1.425768139270633672e-01
-2.288413094340668585e-01
3.687832760336747645e-02
1.510910106476244172e-02
-1.093664881620566021e-01
3.934969671426701704e-02
-1.415093215984352115e-01
-3.562324059182425673e-02
-2.205545756249858713e-01
-1.486480708497050496e-01
5.972903656869382044e-02
-4.462987302942513224e-01
6.679351787306939126e-02
-2.239695544780563041e-01
-2.324696130952031980e-01
-1.956519227234597147e-01
2.056856169666524542e-02
-4.814279294786846103e-02
-1.390823300155323294e-01
-5.247948653722476348e-02
-2.174206724070787966e-01
-3.039408498029956829e-01
-1.640447878888712796e-01
-6.398820435798389938e-02
-5.346419534152005437e-02
-1.182637622755846329e-01
2.341205467782802307e-01
1.050268611440536431e-01
3.947262358731463694e-01
-1.200557307919156713e-01
-1.537895424676483935e-01
4.235390166577101406e-03
9.338776258335802771e-02
-1.980403401628285376e-01
-1.575994983115331372e-01
-2.747751132495105178e-02
2.019134090374976112e-02
-2.534337823181401217e-01
-1.770305801925357858e-01
-1.271787036217870426e-01
-1.725704690318731471e-01
-1.277108037211594216e-01
-4.973302525980347055e-02
-3.785602411528060651e-01
-8.949382714909051573e-02
2.009942884650408809e-02
5.653187647792488196e-02
-2.657392052461262089e-01
5.654231526594907797e-02
-2.781640023031739517e-02
1.373242849136993571e-01
-2.553018298428674226e-01
-9.643885494508055989e-02
-2.157129204679919254e-01
-3.713909432645498554e-02
1.532158108152672504e-01
-2.229825211027559873e-02
1.479722970054958009e-01
-1.481621864473942896e-01
-9.157125361266599262e-02
-2.241858759665013301e-01
-5.944285488231487724e-02
-1.492337475665706514e-01
-6.328286885047120468e-03
2.068491289633179742e-01
4.338613902465545680e-01
-2.153229581424198069e-01
5.983164733561175536e-02
-1.566214527803155843e-01
2.377747107445287722e-01
2.270337477671914572e-01
-2.138867078141714340e-01
8.939981412827895102e-02
4.169033428923550264e-03
3.278560431396919383e-02
4.546846626803872221e-02
2.917689580476690026e-02
-1.498115368276584439e-02
3.102436589376329074e-02
-3.276119720177862737e-02
1.872537433299447385e-01
-1.063605113811462444e-01
7.873164035411201953e-03
1.498303278073848388e-01
-1.072527660880166905e-01
-1.310309894356286309e-01
7.031380502354685896e-03
-3.727798915892184539e-02
4.926233737124488532e-02
-3.876963080399748601e-02
3.170047072765341811e-02
4.848578790547262984e-02
-1.121018151631042598e-01
-1.544129909512274683e-02
-1.370799994660494292e-01
-6.973794500209806735e-02
-5.482961918053789324e-02
4.157039887201797318e-02
-3.061982986954934760e-01
1.256774843260467095e-02
-1.761997543509720987e-01
6.443570859243213933e-02
-7.153705398202002408e-02
1.533691228852357771e-02
-2.675079590851255906e-01
-4.709644689384969579e-02
-1.082574446502051757e-01
-2.101147368663355552e-01
1.337554400193188484e-02
-2.592784053990735207e-02
-1.801158938136804000e-01
-2.103219040239757975e-01
7.539499646395794730e-02
5.667309156012494825e-02
-8.993248534578073342e-03
1.871421886720070135e-02
1.639262244179593708e-01
-8.678206421481293731e-02
4.088145771492420755e-01
4.905848719183456552e-01
-5.790574745725091121e-02
-2.728548444500834558e-01
-1.652354487054351340e-01
-1.073495922444986199e-02
1.050421130406369308e-01
2.917561864762737711e-01
-2.705114857674967288e-03
-4.363650166200962882e-02
-3.016226532615781109e-01
-1.722242043138569600e-01
-2.059490282998930888e-01
-4.681576557042828324e-02
1.634229841387601634e-01
5.342642182008495999e-02
1.654822633012925648e-01
-3.951289270266702958e-02
-3.698748521837054160e-01
-1.390746936422066482e-01
1.725460077062903122e-02
1.102896465893393463e-01
4.740680399731787564e-01
2.859941952014902200e-02
4.709050229972422397e-02
-1.116152764943620507e-01
3.737756220459299838e-02
-2.484838625008186502e-02
9.606827171983442493e-02
-1.133491508017980820e-01
-8.814475506121575987e-02
-2.410820764627833943e-02
-6.586742357642978718e-02
9.469350410240662264e-02
-1.229915607307341396e-01
1.440247164729343277e-01
-1.810941210696767334e-01
-3.070272633102724136e-01
-6.471183228214920369e-02
-1.542758980339402342e-01
-4.034051722301166265e-01
-8.501884031240465600e-02
-1.010952557813255825e-01
1.397063914273184715e-01
-8.343819667916312077e-02
7.587609847368653737e-02
-1.047997479610174310e-01
-2.912502494634330308e-01
-4.896108381029519452e-02
1.874709869925302030e-02
7.436208716153705489e-02
-4.158234263318699026e-02
2.669711713843366321e-03
9.096750863256318487e-02
1.256253708024168692e-01
-8.554182243940783303e-02
-3.890731272995969214e-01
-5.863388086257290688e-01
3.469788267476343058e-01
-3.190368293865267213e-02
-1.630223377207161428e-02
1.113488529420283424e-01
4.778833178252926001e-02
1.076795507309374345e-01
-1.712751080387358016e-01
1.017313217122548380e-01
-2.348976496550673337e-02
1.253607404261671276e-01
1.995297562078627435e-02
-6.516791161475379845e-02
-2.200999374375237627e-01
-2.441726876822375436e-01
-9.327953679800372877e-02
-1.471129785394048595e-01
1.466713491528898461e-01
1.587996922677297751e-01
6.112762289994343873e-02
-8.983867835038071570e-02
-1.338882330879652693e-01
1.385332639601376536e-01
6.293187149366745101e-03
6.878329641639546049e-03
1.311148797644735853e-01
6.113083471527684665e-02
-1.172261926602236048e-01
-1.358499930259424449e-01
-7.727218092343052236e-02
-2.428026390453869032e-02
2.323258966098436795e-01
-3.484925850257772351e-02
8.349116825652708185e-02
-6.455567762353063566e-02
4.200636559005190701e-02
-3.665043079770758383e-01
1.896232284836827098e-01
1.677101118358788612e-01
1.586635498285974000e-01
-5.742933798037716531e-02
-8.098534482501222598e-02
-4.146371234120118099e-01
2.607297780218504335e-01
-7.765173950485682042e-02
-1.085353161163094687e-01
-8.211487437896557162e-02
2.528372026773997860e-02
2.498450564845157429e-01
-1.375702278819742330e-01
-1.116902302495381138e-01
-3.942516448813722096e-01
2.034174475082708156e-01
-1.332971053757309732e-01
-1.680998770082612059e-01
9.196070337261250116e-02
-2.735562232341958167e-01
6.970528122421414119e-02
1.111020662940929160e-01
-2.718860443209191163e-03
8.966821383313493266e-02
-2.489090683890678446e-01
-7.843825078313058918e-02
-3.608653349247367692e-01
-6.104878209121121502e-02
6.090324429971758109e-03
-4.607385265488964793e-02
-2.633651092908171482e-02
-1.884033972081295416e-01
-4.408740705544399452e-01
-1.943345028485952697e-01
-1.927260294510461380e-01
5.842188830977025349e-01
3.045395301281900724e-01
-3.792096422655815563e-02
-1.005093027727673241e-02
1.235996587046402952e-02
-9.976355526004267171e-02
3.264858220952088774e-01
3.250875139843117934e-02
8.674257598984796980e-02
6.729651955668129390e-04
-3.576814680753991754e-02
9.288734303961508620e-02
-4.586627143977958093e-02
1.027286517951851164e-01
1.192032872184269066e-01
-1.658027735451084728e-01
1.970642891360915583e-01
5.335134973627796151e-02
-8.225376077249922993e-03
4.077290135946837757e-01
2.321528827962676678e-01
-5.296822026865397742e-02
-8.918169932629285701e-02
9.488131441713425207e-02
-5.435770121618186540e-02
-7.436454809501423513e-02
2.680550065107986657e-01
9.868538397282751451e-03
-7.901494915324024093e-02
-1.648294778972494157e-01
7.895411797785398256e-02
2.265012160442159972e-01
1.066822401897385975e-01
-1.975624002684886193e-01
1.148447031916813993e-01
-8.040978686330110814e-02
-1.942564383626328717e-01
-1.833666222447856986e-01
2.468190047517915819e-01
1.144966727042856652e-01
-1.515483767948970495e-01
1.626674309246279107e-02
5.812490207276674314e-02
4.422814251112461292e-02
8.004837415455239025e-02
1.692444986261879350e-02
4.470889525618915866e-02
2.303751791837058312e-03
-5.009427680312680126e-02
8.632710293941768531e-02
1.568432794767896377e-01
8.891748045735935191e-02
1.201640923882639211e-01
-1.022389209787320508e-01
-9.633377586903972556e-02
-1.416142996589843661e-01
8.355776317915135365e-02
6.392236167179161932e-02
1.428998744097060014e-01
2.234329027284663594e-02
-6.350626701365126581e-02
-1.165572252091791328e-01
-7.054217655452657207e-03
-1.443597236121966498e-01
-1.459890995406617487e-01
2.733164140489782040e-02
4.436432302311911491e-02
-1.550982386374797073e-01
-1.037590607967604078e-01
-3.654369933979225160e-01
-1.673210046075049029e-01
2.445776894235090482e-01
1.947000581583627210e-01
4.127849975568673169e-02
1.309582920410749529e-01
-1.876056886021201242e-01
1.713195843746320446e-01
-8.628219463958052005e-03
1.169044003550296917e-01
-4.811160751807257163e-02
1.357658451687707435e-01
2.487694408699449300e-02
3.949067674021509294e-02
1.455573600913317722e-01
-2.308273694593706016e-01
-1.681789829160966754e-01
-2.117497856203054696e-01
-3.037594109551882693e-01
-8.889607549812814091e-03
-9.934126723216976651e-02
2.592124461148578862e-01
-8.928840539801309595e-02
1.150461961341259776e-01
-9.714504452980092519e-02
-1.603048532545984506e-01
1.573252926404318797e-01
-9.303109663157017872e-02
2.253413266272812354e-01
-2.380834967714366701e-01
1.081339731273170540e-01
2.337340521606675464e-02
-1.139445701549235135e-01
1.294858901980193155e-01
1.505530474200903954e-02
-1.213628111987193614e-01
2.617451179979271014e-01
-3.350115541903801453e-01
2.410692384072287975e-01
-2.921100470495847923e-02
4.185299106122166574e-02
1.258825058215294335e-01
-8.810324276965111889e-02
-1.158603590358993907e-01
1.320224320416105677e-02
-1.177757482866578498e-01
3.740105570769017979e-02
-2.462327963551822763e-01
5.235459985675787464e-02
-1.889872614099375597e-02
1.106628115105170590e-01
1.152696854075241362e-01
-3.939611683076074677e-02
-1.397336428730563962e-03
3.131313756976050744e-01
-1.199368080043703017e-01
1.624522725430184097e-02
-2.369183035347283417e-01
-1.029710290232224296e-01
-1.607417072567199900e-01
1.181035494053000318e-01
1.821853014246045122e-01
1.241338282866061848e-01
-1.079160134751360606e-01
-3.766083641268301863e-01
-7.414021710421676847e-02
9.812640751704464204e-02
2.510180647498078677e-01
2.453055236010279194e-01
1.411399797599653394e-01
-1.548368829073940578e-01
-1.624619534549634758e-01
-6.732228899065435812e-02
2.201934716902960998e-01
-1.656974041268786391e-01
2.184339221151724852e-01
-8.126405863558905374e-02
8.354373947632870445e-02
-1.790948204542610611e-01
-5.816377108793985978e-02
2.879465846041595611e-02
-1.883649930348221258e-01
-1.288205743827036120e-01
-1.167536440962478328e-01
-1.812412148622713839e-02
9.644551966879644223e-02
-6.254043773323401945e-02
-2.515752650482450115e-01
-2.328720352636932944e-01
-6.098244218260213956e-02
-1.034875183354173889e-01
3.080388210131420057e-01
2.496118527777728413e-01
-1.552450196292357310e-01
7.234171809482162208e-02
-2.746850810663936659e-01
1.902632888242484707e-02
-1.434596094786807496e-01
-6.402367975896529340e-02
1.755368082014793218e-01
-1.320199921549846944e-01
-1.696392905286331354e-02
-2.352302669909038246e-01
-6.506850580668861739e-02
-1.199405003366990075e-01
-9.125718199521353977e-03
9.889141089722139344e-02
-4.891418124087098694e-04
4.009058506403895966e-02
3.465471438372410562e-01
2.028070672450544773e-03
1.012683461030385867e-01
2.171335361952136112e-01
-3.296328974838107218e-02
1.482893180263000488e-01
3.234721419771856565e-01
2.717373766197749355e-02
9.605036378528968022e-02
-1.214876727137922385e-01
-1.291965338116847495e-01
-7.212309556067902916e-02
-3.854432718456373905e-03
-1.316146156092438679e-01
-2.094300724425199045e-01
1.208206760808301639e-02
1.544340294463510815e-02
2.136032556606395905e-01
-3.145647464490989309e-01
-1.339436322509479083e-01
2.558621432222975556e-01
1.905113559585048522e-01
2.134740474432747226e-01
-3.384191240797403133e-02
-1.221775492388232076e-01
-1.479148355193855291e-01
-5.752366430272057296e-02
2.669368012980107285e-01
2.022153365827224492e-01
1.720344566906193695e-01
-1.687576825390771362e-02
-1.122339274292259298e-01
-9.013270695825849332e-02
-1.005680782056461581e-01
2.433059419784838057e-02
3.065494394565298486e-01
9.381085594476801237e-02
2.282210164892252979e-01
-1.649544751271346532e-02
-1.194631664226386975e-01
-2.794458150461959778e-01
1.292313714425586402e-01
2.074743931502624414e-02
-1.586827173183939094e-02
2.310563867230528978e-01
1.163593557345513896e-01
-1.997716003116726813e-01
-2.180774081771547912e-01
-7.627003967342609048e-02
-4.212287042522582653e-02
8.776230925315454956e-02
2.757313882861364140e-01
-1.108838227762815598e-01
3.041726037746830813e-01
4.623437999005248766e-01
9.684092973079044819e-02
-1.225174973410686485e-01
-1.501897984508994977e-01
2.380284894804622076e-01
1.246394336037907058e-01
1.028486314804259172e-01
-4.878777643974704925e-02
-7.338439462723745157e-03
-1.377457128374446338e-01
-1.040043320870572413e-01
1.902420450730862300e-01
1.027830504493851688e-01
8.964804856298400071e-02
-1.272920734248696728e-01
3.494961229688367532e-02
2.365063294258736709e-02
-4.070673192462538337e-01
-2.295209829360359555e-01
1.630687824131155095e-01
2.172078395700580145e-01
3.969939067028606383e-02
1.284459190009979435e-01
-1.839148694720000587e-01
4.468391660440836077e-02
5.000445986788889380e-02
2.068114303948702937e-01
-2.356494805283131377e-01
8.262681887207816434e-02
-5.694139464258595601e-02
-5.311278135101370201e-03
-4.863014778524736570e-02
-2.300625060904590846e-01
2.266897870630177614e-01
4.074480147748924669e-02
1.802403038396406254e-01
-2.761311282929173050e-01
-1.187805719824712863e-01
8.425186667261959361e-02
1.199082356114951342e-01
1.079851794147526217e-01
-6.016899417090480762e-02
-6.534161434655033629e-02
-4.614120683079830226e-02
7.576847013786942864e-02
1.198043532060384664e-01
6.317329811764836600e-02
-4.222702729336205718e-02
-4.755917640053104051e-02
-6.925482833021266715e-02
-5.597480948123225580e-02
-1.329481762605894679e-01
-6.185429868590529984e-02
3.708920387593894197e-01
2.523466463837732987e-01
6.984238962123817673e-02
-6.628387674254222761e-02
-2.186048461978175039e-01
2.617117778582376403e-02
-1.359780251063581191e-01
-6.474163152739750848e-02
3.915160884142800633e-03
-2.660423788006026635e-01
-1.708303024115689350e-01
3.337678654830759234e-03
-2.787313850929704420e-02
-2.037028153636138636e-02
-1.026156470117143282e-01
-2.190092654323674837e-01
3.518599812188726306e-01
8.287692617884379054e-02
-4.514077102744927517e-02
2.582166831032135512e-01
1.911335744134618625e-02
-1.021605751873884832e-01
-8.465524000496485457e-02
-3.494441866963720056e-01
1.607189377996024945e-02
3.177899147915194678e-02
-1.048358050812002173e-01
1.261041236634451446e-01
-9.527457276579864853e-02
-9.962418052744376196e-02
-1.444460052120664639e-01
8.006617848648643621e-02
-9.222313891688791593e-03
-8.414782322637334722e-02
-5.383738889318284704e-02
6.675436227089268093e-02
2.645328165491787065e-01
2.035139660161768838e-01
-2.021399222391848383e-01
1.791234124732610233e-02
7.544719987335204991e-02
7.314232721109334423e-02
5.809637615859881976e-02
-6.665509868881687450e-02
-3.645934261932261018e-03
2.970038861771726046e-01
1.437995282544944076e-01
-5.263428142266288190e-02
-8.530378187922486519e-03
2.851306809882850693e-02
6.510660640257719123e-02
1.762479156629521426e-01
-5.508027271766300845e-03
-2.212668459804679674e-02
-2.322226686348670965e-01
6.862341897757430476e-02
1.420864559784818237e-01
-2.071908017991903328e-01
-4.331345255538036898e-02
9.405976254874920395e-02
-1.544591897823079651e-01
2.838398673116579451e-02
7.002484168726590130e-02
1.124946805853552501e-01
-2.589278542146137840e-01
-6.920463317475486487e-02
-4.856593819947430113e-02
-1.267199649277074847e-01
5.219590617925651266e-02
8.659958814142426631e-02
3.006441221887102416e-02
-1.537925629783240718e-02
-4.014621732461942094e-01
-1.011307142208803800e-01
9.027642662932887363e-02
-1.252372121065987720e-01
-1.300889026668047288e-01
-1.681206542154877470e-01
6.928913833752649298e-02
-3.452705169096758481e-02
-3.874879300353103323e-02
3.485792057613979478e-01
1.238139862473362079e-01
3.875287195802342155e-01
3.091759986749534339e-02
6.325096711129375715e-02
1.016971544466545169e-01
1.020669136476655692e-01
-3.850224358523346990e-01
-6.223285608942560193e-02
-3.375966493872049057e-01
8.289005085123263283e-02
1.138352237029307580e-02
6.184679398935503253e-02
6.030217886685745182e-02
-5.787262947389962969e-03
8.777849693484826576e-02
-3.128838741913868553e-03
8.151263309353040665e-02
-9.764247845626339295e-02
-9.213040228025413253e-03
2.065257964324811180e-02
5.557486248307709487e-02
7.806767263086429598e-02
1.616234083696553581e-02
5.295032818100982308e-02
-1.008884011632488753e-01
-7.645258422624480465e-02
1.038103675552908001e-01
6.499633865294318635e-02
-2.346785893558706593e-01
-2.426893289849013369e-01
-3.932900477415222223e-02
1.160022563720448929e-01
-7.674402824304747683e-02
-1.501658352908268046e-01
-9.341343278599584243e-02
1.486282386696239077e-01
-5.471754249585730062e-02
-7.608783993206438834e-02
4.766123814906818301e-02
-1.141575091321405111e-01
5.715963273724961741e-02
-9.682884813622277820e-02
-1.476012870418435541e-01
-1.522024809115643529e-01
2.014121121071648368e-01
-2.586770658030489445e-01
-1.749300308947278424e-03
-1.508233876963044617e-01
-2.522834134231092262e-01
5.911525683356812222e-02
3.297787132437789148e-02
4.279945954005372200e-02
6.600443703402796014e-02
-2.949588146131993521e-02
-1.002548629012347398e-01
-1.578764840049981522e-01
-5.109479454001925741e-02
-7.787130040598524983e-02
-3.845891930109623935e-02
2.426676449998885904e-02
-1.329558611008655744e-01
4.686537308686727216e-02
-2.273747490911930402e-01
-3.795638747216894399e-02
-1.636756658231159484e-02
1.569469159619065191e-01
1.425302862291926986e-01
1.407985859408693308e-01
-2.868936455403669483e-01
-2.560818955085683579e-01
-1.038471442215530838e-01
-6.800837820897139008e-02
-2.442702591748753538e-01
-1.326954951471497890e-01
8.454664531708262765e-02
6.527717294331772391e-02
3.067453215990452106e-02
5.896568897125913783e-02
1.783858287004357057e-03
9.150450567882795205e-02
3.402261125983617740e-01
-9.114793171257466742e-02
2.081848068293585055e-02
-3.272447170213074186e-01
1.794455926920385802e-01
-1.047186585134968068e-01
2.665869257497501151e-03
2.857622085071943041e-01
2.898854617593072183e-02
1.167303885555977770e-02
-3.378857429249116362e-01
1.253078656157072535e-01
-2.085039109947800853e-02
4.962568271437017842e-02
1.894650695232759363e-01
5.082861782989289701e-02
2.805820445094625026e-01
9.168261762689768057e-02
-4.772183830316562569e-01
8.755344225846517503e-02
-2.063005781995107812e-01
8.153943171881795904e-02
3.816551941370549539e-02
-7.140679162962494664e-02
-1.337464453246731827e-02
-5.150066313320508793e-02
5.572243292954078692e-03
-7.919264869062037082e-02
1.776374963599071030e-02
3.295138203140633437e-01
2.110377048559330393e-01
-1.286984713249777340e-02
7.372144433537813901e-02
-1.321707273902579249e-01
9.760603679085161355e-02
-1.014131108420840283e-01
-5.822730268034841117e-02
3.528475034557790324e-02
-5.305675336740438286e-02
1.462965559842497286e-02
1.452831835922487602e-01
-8.442552835446674731e-02
-2.672575524357840432e-02
-1.597754658517443194e-01
8.112813016461081772e-02
2.128153141204218446e-01
9.376152675534374370e-02
1.187782911830061322e-01
-1.236253181673064167e-01
-4.095508525405618105e-02
-1.750940961950790964e-01
1.223179150600833265e-01
6.246464313073692154e-02
-1.639237508654238853e-02
7.581334937600243962e-02
5.778745306230521905e-02
-1.056712442316778827e-01
-1.279763004586707276e-01
-1.092995899133043514e-01
-1.677728403597644191e-01
2.971482286799300154e-01
-7.061394984212895909e-02
-1.321919515234840775e-02
-1.247792470980040036e-01
2.210841438003280091e-01
-2.895999983979326009e-01
-1.506769509111054173e-02
1.007616612869816908e-01
-5.806215045174829142e-02
2.072638523283063666e-02
2.735866359458422048e-01
-1.184071067594661408e-01
8.287983610774839194e-02
-1.734251039499336844e-01
-3.580223525851065902e-02
-1.540386326968114783e-01
-3.544182245916646656e-02
-2.302306090366842695e-01
-2.644019341973856060e-02
-6.015531945281365339e-02
-2.959387961087565563e-02
-1.288418810330433373e-01
-1.525883739192885336e-01
-4.428685468957444665e-02
-2.601526645375851765e-01
-1.206477093994264838e-01
-4.106847367717260389e-02
-2.217934508722097312e-02
-1.393570332075298734e-01
8.711246807356447241e-02
9.380532004830813286e-02
6.505172021207744626e-02
-2.849769059741762423e-01
2.075663301591525178e-01
-3.984637790939339619e-02
-1.024682116520334724e-01
-2.103971592440966876e-01
-5.393919680863814604e-03
7.189511245681047547e-02
-3.140615052941992946e-01
-1.828249663027054217e-01
1.536367424769980172e-01
-8.938686104937720867e-02
-1.277060371499728064e-01
-3.127877563160812863e-02
-9.384938086899463627e-02
-8.653516181239906402e-02
-1.045414920576835660e-01
1.383883521571935837e-01
-2.987887858054010803e-01
-2.970349642843749666e-02
8.963975968285012308e-02
2.004570679406129236e-03
-3.532390582869874285e-01
-1.674657956303240991e-04
3.063733925734041241e-02
-3.259033269978231506e-02
1.349606775521467461e-01
7.408392620896886438e-02
2.384350582291373116e-02
-4.141327099294578873e-01
-1.595367971055820233e-01
-6.986070133293367790e-02
-1.018013270110185581e-01
-9.333919754527719714e-02
7.122490778546787527e-02
3.861090535196990414e-01
9.526627245243986242e-02
-9.949576295429847506e-02
-1.096190621535814147e-01
-2.800161462821069286e-02
1.364995436646344318e-01
1.218213029297443746e-02
-3.927800443300495659e-02
4.458451025888446329e-02
1.584567300706293536e-01
3.002505087992188640e-02
1.377978944489854085e-01
-1.666619446020179973e-01
-3.222626831485317367e-02
-1.180807478480374734e-01
3.653096807297671195e-02
2.836797672048455010e-01
-7.662147536093720512e-02
9.237115050657158932e-02
6.793314662598241849e-03
-3.258200233211699937e-02
5.840792627575562557e-02
6.585955740670879771e-03
5.103577690088578755e-02
-4.182333963652243997e-02
-8.411346150596170357e-02
-1.233705648044238490e-01
2.469394564340146592e-02
3.538825170949143339e-02
-2.721795890401316337e-02
6.308688385464394921e-02
-3.214949245638050457e-02
-2.901321680806063022e-02
-9.623568379438705855e-02
-5.179381986571809926e-02
3.700627523116121337e-02
3.030600575575080335e-01
2.074440183334575472e-01
1.741684891548992420e-01
-1.863804099674016765e-02
-3.077450412414285408e-01
-1.796869629672546709e-01
-1.013599151654841490e-01
-7.780205516491268958e-02
2.024579339244517509e-02
1.430312804220009726e-01
-6.498673253641716607e-02
-1.219994279396226650e-01
1.535654982616485864e-01
-7.477294330664921440e-03
9.408898341027215062e-02
-2.286965230332558829e-01
-1.506442710919755346e-01
2.039441807715341656e-02
-1.733039212126172568e-01
7.260279363255175977e-02
2.763732395677952897e-02
-1.796859003751942185e-01
1.873649691264952510e-01
6.458630752984938217e-02
-6.675100482773703436e-02
-1.230760901683846387e-01
6.063824928682241128e-02
-5.973482695627092137e-02
-2.127128857415798713e-01
2.058327399848806361e-01
6.934972990249766919e-03
-1.034993359743243552e-01
-1.512683150296169621e-01
5.552011478206846096e-02
3.535672401664220477e-01
3.041924074757467247e-02
-8.376510155486516229e-02
2.107545708110946103e-01
-2.777534472203555677e-03
9.332391750685875564e-02
-9.542934845458184157e-02
-9.822477830540564739e-03
1.126070578248095366e-01
1.284140559830878880e-01
-1.294732563572659478e-01
-8.657190242171410033e-02
-9.121705935065625714e-02
3.076568005505130390e-02
-1.278639773889000963e-01
-6.807562174421102896e-02
2.597035158845647368e-02
-3.902366821123935681e-02
-2.099389354087300916e-02
2.873923947458900327e-02
1.096348296882356937e-01
3.382754058057642066e-01
-2.413193317409323968e-01
1.440291504694135027e-01
1.981689264995368377e-02
-1.470711589075231474e-01
-7.310866783527843193e-02
7.527918222848248297e-02
4.039517719396420320e-02
-5.633731104931687106e-02
1.295682614464193361e-01
8.183294779690576670e-02
-7.062262067694972945e-02
-5.131545043708216763e-02
1.267010501657746431e-02
-3.923537777743806715e-02
-3.928704275728742146e-01
-4.501944909060986988e-02
1.825185206159982976e-01
1.881899385202566444e-01
-5.991628591359519918e-02
-2.239091983931897623e-01
-8.359290342000399998e-02
1.860304980457236357e-01
-9.803100228349267975e-02
9.520783112897730771e-02
-1.322932967059476175e-02
-1.000340080820780186e-01
2.864238118163211274e-03
-2.020289799645673123e-01
-1.038876697749179789e-01
-7.342399110014345698e-02
3.543910713515843747e-02
3.251059226794730250e-01
-4.987298410325174264e-02
6.098986694998147218e-02
1.808675787322411577e-01
1.195788146935604021e-02
-1.164312663340492382e-01
6.500250656838428565e-02
-5.514625565124117168e-01
-7.261009932803705325e-02
5.584507365091613551e-02
3.055464913583967324e-01
2.507910507519386586e-02
8.986949966952151314e-03
1.461923483113435895e-01
-2.916253944031772516e-01
-1.830637236950176105e-01
-8.978474277855652552e-02
2.367995636839836937e-01
4.481001789041401742e-03
1.507597795254359344e-02
-5.841849100215915080e-02
-4.613662928779147659e-02
-4.089861130103318865e-01
-3.247363547807391448e-02
1.792255462614029959e-01
1.201678830410287807e-01
2.286611004102245548e-01
6.657484274984772077e-02
6.132429477809264035e-02
-3.013792154549602229e-03
-2.119974116943603715e-01
1.665035505313432473e-01
-2.346984478329599763e-02
5.231820670218404606e-02
9.548472609973605169e-03
-2.913461599815952985e-02
2.757518035664317524e-01
7.883933803908955984e-02
8.833330988850349175e-02
6.662572081157379367e-02
4.965515392411679746e-02
-6.803619912335043263e-02
3.520982776880492854e-02
2.930149250569917541e-02
-2.264394182432221958e-01
3.392908854168898147e-02
1.323167373030171567e-01
-4.173000457342805614e-02
4.069095451476465591e-03
4.365079878533764668e-02
4.151215636101245748e-02
-8.847387224788867688e-02
8.932750167526845586e-02
1.916739165895784691e-01
-3.282557220137260166e-03
2.283535316465071241e-02
3.791666234904533805e-02
2.138567441340756270e-01
1.526737566338768892e-01
-2.697589562351206949e-01
-3.364908846445767432e-02
-1.352488165119676566e-01
-3.086246082581770717e-02
7.954751993476426308e-02
2.095490108161975756e-02
-3.551990097307985983e-02
-1.472394303410790306e-01
-1.633567219127662895e-03
-1.445486534100135501e-01
-1.386337085840931294e-01
-3.579219779141779023e-02
-9.435901443789715404e-02
-3.297870508276191936e-02
1.063473670091691081e-01
6.692730524011793192e-02
3.253781748257777995e-01
-2.617016253966228945e-01
3.545500806333802546e-02
5.420759586503137023e-02
1.967279000830468028e-01
-1.053592582227575597e-01
-3.729480984084287964e-02
4.821694946414810390e-02
-8.819718461565238810e-02
-1.749560146393886462e-01
-2.467374575849255736e-02
2.170267729271155022e-01
-1.217692026654382809e-01
-1.164799255887860874e-01
-2.368199056482292800e-02
-9.426355335240794997e-02
2.179507099354585364e-01
-1.043556630214220182e-01
2.207376085041471980e-01
3.744050577505643740e-01
-7.788579943307563647e-02
-5.805563356266803254e-02
2.044920120133526253e-01
-1.009148047402098070e-01
2.901690243910767797e-01
-7.683408008879022422e-02
-2.288913274016120963e-02
-1.160535243495552926e-01
1.610965758095093958e-01
-3.836765362516657007e-01
1.775132344283622265e-01
1.220960292931019819e-01
2.753035314292048147e-02
-2.284280598223696890e-01
-4.091288546665248216e-01
-3.487943986681575279e-03
1.225044724366849830e-01
-1.167168754343587966e-01
-6.874625286197126595e-02
-1.875313147582422513e-01
-3.302687535968612531e-01
-1.433025382482256693e-01
1.809626077023546442e-01
-9.438924303406834304e-02
3.428746965903164273e-02
8.095591182687883469e-02
-1.343600658511470702e-01
-2.299918007908028916e-01
-1.048095192652871710e-01
8.311060687551830028e-02
-5.836525221340625041e-02
6.917689284184388998e-02
1.672539480137485990e-01
1.368746617879020022e-01
-3.721984888105622780e-02
-1.092244068655230382e-01
-5.047600372498693699e-02
8.965775883858534412e-02
8.086544538050747383e-03
-1.238499104057542710e-01
-2.462612672333483188e-01
1.219327546854441918e-01
-5.457529763423099589e-02
-9.496492997320198082e-02
-1.604824728156823144e-01
-8.635123788413168189e-02
8.384086362161687067e-02
-8.940815369266028045e-02
-2.693280148562791215e-02
3.845408197503802361e-02
2.946489997122366325e-02
6.563730027510987497e-02
-1.003475356099516914e-02
3.225411506830359876e-02
1.205936615072294160e-01
1.323047398691486187e-01
9.907211527263339035e-02
-1.135863522526075475e-01
2.336538452142969055e-02
1.268479781609116730e-01
-3.122539071470277830e-02
-4.807461699605213024e-02
1.314839153391448856e-01
7.341609936098561495e-02
-2.757632007967310006e-01
-1.872003946324537482e-01
-3.080085225283592590e-02
-2.890625779263563538e-02
4.006718386544467214e-01
4.735453965573354490e-03
1.568493209128443977e-01
5.869226294237946812e-02
-1.105081270171787006e-01
-2.354416604208264124e-02
2.802296817956170371e-03
-1.209912967094748798e-01
-7.672544873872302884e-02
7.257793019586025740e-02
4.209755770006693570e-02
-1.387716032001685973e-01
-1.118370690143333582e-02
-3.733857361924364932e-02
4.474333289620022192e-02
4.873728461237143705e-02
-5.647755358441716722e-02
-1.790124284667590493e-01
1.087776844871083948e-01
1.372409863317980705e-01
-2.933232776991337443e-01
3.313303694153635348e-01
-8.644682869226153615e-03
6.560356205020419218e-02
7.813894363843235102e-02
-3.525050615915729935e-02
-4.792256584789160445e-02
-1.866347304650557981e-01
-4.739288098662040177e-02
-1.499126989381783376e-02
7.094345187977263434e-02
7.890323585491396119e-02
-1.491074414810290294e-01
-1.146957531774113054e-01
-2.063198091670546408e-01
-4.100748421717428233e-02
2.275566425975274754e-01
3.456374604666481720e-02
2.191603836636335512e-01
7.788345043329517048e-02
5.898433601124704329e-02
4.901903748160217622e-02
1.526911668269708144e-01
4.593204899027646636e-03
-1.916421521532903419e-02
2.656311908139402655e-02
2.425799304247668042e-03
8.529591834840474784e-02
-2.044551270864292461e-02
1.239883371155390268e-01
6.479005215642150151e-02
5.109046464361290812e-02
-3.804577496423385691e-02
-1.132379594883053953e-01
1.089216112215845439e-01
-8.124241118528365002e-02
1.974547091363672013e-01
-5.368383270162025572e-02
3.976729014401422790e-02
8.859416264645045280e-02
3.956595686762681002e-02
1.463381332512927180e-01
-3.821573082433562391e-02
5.867092965565975232e-02
-2.431834631357633267e-02
1.695631990709932368e-02
9.519473021657560985e-02
1.323457737586222586e-02
1.849725037417631474e-02
-5.107334043360533399e-02
3.606242156179509384e-02
2.324772907114325965e-02
9.179564963290975932e-02
-1.259166744461924503e-01
-2.512060176851741988e-01
-1.252478754778486858e-01
1.481223015505218066e-01
7.491729428182390682e-02
1.738783592821872004e-01
-2.043500900264425824e-01
1.167992919805941471e-01
-4.885323275691390993e-02
4.334741200858566873e-02
-1.851445828521634113e-02
1.231121202967034867e-01
-7.237000061627932301e-02
6.755887363325063788e-02
-4.445158231684404049e-02
1.575095173847944063e-01
1.263137440912506272e-02
3.288552083599299847e-01
-3.772971313265585745e-03
5.247198097010333934e-02
-8.300643910812151305e-03
9.332112071198175873e-02
-8.681023039947867448e-04
9.303819284420258851e-02
2.241917259910539834e-02
7.231643356267311584e-02
-3.731719827208664075e-03
1.292260924913871678e-01
-1.309578015605423473e-01
-4.623393434988355699e-02
8.648063857599160020e-02
3.244353568914027514e-02
9.234698275032675319e-02
2.146242580793879251e-02
6.430009013726546707e-02
9.565369199899627015e-03
-9.524995376478840800e-03
3.501255371133776828e-02
-5.204443557537963283e-04
6.272229620206375145e-02
4.214780088999402902e-02
6.065098886383471499e-02
2.139994176677506299e-01
2.039286082485368967e-01
-1.249292485520009377e-01
-1.268280117541785261e-02
-1.903661236101659160e-01
1.022339233145019705e-01
8.655493831358386514e-02
-1.743093544456869246e-02
1.088637769910064113e-01
2.584184224564453625e-03
-1.499627679539628222e-01
2.025948789470849443e-01
-1.663177595259577590e-01
1.150148576598223477e-01
-1.727778221625251853e-01
5.607315918917186309e-02
-8.230996460813846255e-03
-2.021325694782095117e-01
-5.329964124383598095e-02
-5.925924040865615527e-02
-1.225265390762467349e-01
1.447473085041379483e-02
2.431322482666229204e-02
-4.448085643862432353e-02
-1.693581845969819866e-01
-3.607138019926855316e-02
-6.216114490962429406e-02
-9.233500972918541605e-02
2.508457360045760615e-02
8.000734193577959882e-03
-6.100355044980555752e-02
-1.514788466012987889e-01
-1.374943315704391933e-01
6.109476982480246954e-02
-6.781273344434043948e-02
1.766398830394731168e-01
1.722552709285914418e-01
5.522933550835495975e-02
-6.073981562960373976e-02
-4.769365226172912059e-02
3.302982661486035532e-02
-4.858071545211198328e-02
-7.962293140804883873e-02
8.401941579506098934e-02
4.056472262654704092e-02
9.492870594820747299e-02
-1.184468128386336472e-01
-1.977275805468773906e-01
1.623595172135450238e-03
-1.251607788291606849e-01
2.544633182142042732e-02
2.699209734388502077e-02
1.525101504935920047e-02
-2.990790689320899642e-01
1.327925972726743953e-01
1.836907808438549838e-01
-2.699373017264563093e-02
8.209949358027474053e-02
-5.514385403268511586e-03
6.495375119578634948e-02
-2.002225303998578232e-01
2.341922333759559882e-01
2.362369159209044001e-01
-2.706513250382183364e-02
3.977234298945383356e-02
5.687507878633253633e-02
-5.881010560068038878e-02
-2.756414440518121789e-01
-1.464346265370390088e-01
-8.163965279243469431e-02
1.210746567973048915e-01
-2.511851633663109151e-01
-7.549979209177670736e-02
-7.307723584308781217e-02
8.402108778730152383e-02
1.502586371560340681e-02
2.913795271619720184e-01
2.463062727072479544e-02
1.635681796368889940e-01
4.750880625242084182e-02
4.027124719559702776e-02
4.970651608748537231e-02
-8.941191367884636365e-02
-1.339222479864854154e-01
-1.917204447678216156e-02
-3.811310768072060928e-01
1.496805492018309092e-01
-2.958707423305633258e-02
1.504119122926840801e-01
-2.708597878973853512e-01
-3.340537649742286036e-02
-1.236581021685287940e-01
-1.072435619952274571e-01
3.562264111377418108e-02
8.274824168112425438e-02
1.217945333630536808e-01
-1.285149675476447428e-01
-1.029111145276812994e-01
-1.605158884354837556e-01
-1.355012743165548150e-01
5.339925813955894579e-02
1.125470326406452226e-01
4.440822477650309408e-02
4.050015335228895341e-01
4.598610907794833946e-02
-1.990625644861266849e-02
-1.122361738634634898e-02
1.558493152430876494e-01
-8.274745392120262666e-02
-9.228587716950016617e-02
1.595766450029947048e-01
-8.160023804392774367e-04
1.322348009442116112e-02
-5.211785256990147247e-02
1.357996122224517932e-01
4.692483742183999051e-02
-3.119546549871848526e-02
-2.305687677639376917e-02
1.833919460593207706e-01
2.962864717721798782e-02
-6.136660971062729564e-02
-1.988801381715639971e-01
5.225086106389860152e-01
2.481004418906786885e-02
1.935118181468188092e-01
7.954177629638130298e-02
7.974702526941673808e-02
-7.892152656763526397e-02
3.175297150990102901e-02
-2.483239227678064182e-02
-4.254059667045675258e-02
1.577636092775044629e-01
-4.636843512414548507e-02
1.203708772169468227e-01
4.789973024143349099e-03
3.262012136104944227e-02
-6.859207765184253611e-03
1.762580458790525065e-02
5.101696003261291940e-02
1.366110427174502540e-01
-9.956130143510980024e-02
1.722461530056811768e-02
-1.995840642720403402e-01
-6.721337027536748721e-02
-1.560204978196179648e-01
-1.087600650472455160e-01
-2.062818018167956180e-01
-3.255368205301837486e-02
4.240375519373767305e-02
-1.420942208594717093e-01
-1.198158400054380734e-01
-3.071286923187234452e-02
-3.099331337277666867e-02
-8.437474182840772052e-02
4.105134004407586662e-02
-5.202309835228946522e-02
-1.264343224474600014e-01
2.954320267314005169e-02
9.820984010694749911e-02
-4.330729292437240918e-02
-3.615437647028120760e-01
-2.198340473715899163e-02
1.228866196292827118e-01
-2.495174033663729793e-02
2.920496636572834925e-02
-8.772359879634805679e-02
1.157307062203400683e-01
-3.033341972184833701e-01
-4.121476362282201766e-02
7.241195121881470464e-02
4.180674352985312009e-02
3.178588084921574186e-02
-8.524144151343636400e-02
2.106301625494765850e-01
1.269314198873388033e-01
-4.446320530749340860e-01
-2.249939083883693847e-02
1.773451580572428521e-01
-1.302503874432874853e-01
1.210937668092401248e-01
-5.775341653145942694e-02
9.987359093777618824e-03
-1.581338084987571613e-01
1.273658509039955235e-02
-1.391131155156659638e-01
8.422352447580248175e-03
-1.494322647441518881e-01
1.431539294352431047e-01
4.448977266992742291e-02
5.973094810106870101e-02
-5.271422820473899845e-02
-1.663876641908012544e-01
-1.917568586655755136e-01
1.569681185825143044e-01
1.078043377951620405e-02
3.483143107891120693e-02
-2.181396066615083340e-01
1.535855600313754815e-02
-6.195265162775753093e-02
2.256034930869311832e-03
1.376709353498595245e-01
7.069265808508859439e-02
4.359648062505575017e-02
-2.403638689453801713e-01
-6.226328783282714108e-02
-2.659220740627701168e-02
1.121427087635008812e-02
1.418339933539014830e-01
6.327130325429355939e-02
-2.516044450622280104e-01
5.103434115629072038e-02
-4.080299928687483035e-01
-3.148260831057597686e-01
8.941808495337616458e-02
-9.691220681753305588e-02
1.184029636125472906e-01
1.781856297523851801e-02
5.381805679769578743e-02
-1.106780229369711960e-01
3.779248965826658563e-02
-2.305168327381117432e-01
-5.704513688498515783e-02
5.235803436197757413e-03
1.059183616621340862e-01
1.294041921015516572e-01
4.495301333403602800e-02
-3.828177016824855367e-02
8.744286014051950995e-02
-8.470436397957450958e-02
1.732072391516264465e-01
1.083529992186064647e-02
3.498920876121357215e-02
-1.051907869714594629e-01
3.244421127789564457e-02
-3.018248409817613220e-01
-9.865993036863021648e-02
7.606094402441541946e-02
6.361910277291099591e-02
-1.497146366233520660e-02
-1.417542598005582799e-01
1.909219423872105664e-02
-1.099292906486688537e-01
-1.131237248656379556e-02
5.536954332382789529e-02
9.708657848572532778e-02
-1.069019232846020635e-02
-9.028845137681554278e-02
-1.219089825616568278e-02
2.147958615313741992e-01
-1.040004011020424085e-01
-1.753525679048853481e-02
4.501329832908197021e-02
-1.362048636180011318e-01
8.094833462225485554e-02
-5.537893931452003704e-02
-2.765106389462429828e-02
1.465179352021450387e-01
-5.798255782329397867e-02
3.399226206264631227e-03
-1.659896166148462637e-01
-8.649715282795268634e-02
1.696252041087113749e-02
1.917990346553891459e-02
5.432435375574205111e-02
5.263787023911840196e-02
-1.197835259803754215e-01
-1.146743169457518502e-01
-7.402576258920282037e-02
-1.060694162593136119e-01
-4.324844167461169842e-02
3.954440918479525113e-02
1.015858899739187360e-03
2.677217043219987797e-02
1.550932116437960667e-02
-3.469232736026290481e-02
-1.653246624253108255e-01
-6.060876982098475918e-02
8.619881565498128950e-02
1.088402364270411350e-02
1.160456391272091797e-02
-5.504204896119677809e-02
-1.152233704145354670e-01
2.972919710742893615e-02
-2.852898482848744560e-02
1.358402506521920634e-02
-3.413630386277537697e-03
-6.240507537272379536e-03
4.167257793261593124e-02
1.551460673467457696e-01
-1.659935637627030225e-02
-8.697139672636347574e-02
-9.027676471635957822e-02
1.044361318917985393e-01
-2.502962064106603948e-02
-1.156867946692594629e-01
-2.930153437113904372e-02
-1.648362607870383634e-02
-6.210115055832587244e-04
2.645429577615851860e-02
-8.098480521251787134e-02
1.729429987614751751e-01
-7.841883425301791888e-02
2.630751440592026258e-01
2.174489701038773426e-01
-1.456968920188284056e-01
-5.435938991486102823e-02
2.987373581440456657e-02
9.937589015985674734e-02
2.526397948110973776e-02
-4.083096734766165914e-03
-1.211783793450720015e-02
-1.493608339129921803e-01
-5.218733815329128917e-02
5.848639202744301130e-02
8.712876780754275075e-02
6.896029031173928070e-02
6.371460655413960748e-03
2.261858379332904456e-01
-2.296710596923289341e-02
-2.717181076077697099e-01
4.112909916425385587e-02
9.414317320772698505e-02
-3.956231843255887670e-02
-2.427258075681015120e-02
1.305734565440324346e-01
-7.973695915647892318e-02
-7.000877683379365390e-02
3.881171599249826770e-02
1.355869571710546506e-01
3.621109289356775479e-02
-1.609903298179878040e-01
7.164236218631227227e-02
-3.433352745907696651e-02
-4.906136750111859263e-02
2.207064133989534993e-01
2.579997648795981369e-01
2.003454581229210940e-01
-1.832684377168316003e-01
-1.080577455368695455e-01
1.945633536989505724e-02
-1.041650070137292161e-01
-1.805683504885437496e-01
2.634709459356537539e-02
-1.223315539333712579e-02
1.649755334490908207e-02
-3.492856459143726250e-02
1.537971436230245736e-01
-3.036579242797112985e-02
-7.272848377884727489e-02
2.718950026076603216e-02
1.457233418424968598e-02
6.775588281231170740e-02
-1.118829124320024114e-03
-1.759482374851970843e-01
3.302358127061991167e-02
-2.487017916853214439e-01
-1.611382311090322692e-02
-1.825148365459625388e-01
-1.569284915438712846e-01
-2.753960492823232312e-02
-2.019874193488742087e-01
-1.124435712379863624e-02
-7.231594189770437775e-02
-7.674771384526787865e-02
9.348284648483597137e-02
1.099621358514861064e-01
-1.007655899659387067e-01
1.617005096874944425e-01
5.205216999232284425e-02
-2.849049346852544282e-03
2.463886045216455781e-02
3.588490083550790327e-02
-3.310785949780920001e-02
2.305412970957100224e-02
1.095666959413579278e-01
3.202493703299104377e-02
-2.023660289908167376e-01
1.801248314326893141e-01
5.774332785830901815e-02
-1.620684030507361581e-02
-1.977716058095204538e-02
1.107374857715152754e-02
5.656498374994753386e-02
-1.629396345375428989e-01
3.088653948098365326e-02
-4.271971995230677138e-02
-7.572095409064623361e-02
-4.924274647430152557e-02
2.280027168672342855e-02
-5.939576022952118561e-02
-8.477588763256648299e-03
-4.294074136091423077e-01
3.408812624452774165e-02
9.718596771587498240e-03
2.139086237834346427e-02
5.805518049137482761e-02
4.728871556403065057e-02
2.711788210007421221e-02
2.164846905732727839e-02
6.613696644454782059e-02
-1.904674410315417010e-01
8.158039179686278619e-02
-2.812197347491967453e-02
-3.662238937445540937e-02
1.406674203107037384e-02
6.760514305896916758e-03
8.650920031834130608e-02
-8.311737374481542595e-02
1.140546743553334103e-01
-3.180641188813074227e-02
-1.650243302714292926e-01
1.142229368390050431e-01
4.910430675189737110e-02
-8.848171524587331027e-02
-1.952570443610927575e-01
-7.684192655301605793e-04
1.075353191694563004e-01
-4.900051601300237786e-03
-7.241662476541224636e-02
4.308439193809165957e-02
2.346651160780096820e-02
-1.237538270241246990e-01
-4.307910845700752694e-02
1.023394477278103815e-01
3.149014504236515716e-02
7.866763922049288538e-02
-7.398038577052908071e-02
1.294067195346136068e-01
1.270348730787046465e-01
-1.448177507858271207e-01
1.879821433029957300e-02
1.017068868765014095e-01
-1.229538195226473341e-01
1.317195220323379712e-01
-1.759931259702712247e-01
9.712897068769787978e-02
-1.672139405523814445e-02
-2.732942143819803299e-02
-1.149357573212015649e-01
-5.978286502240332673e-02
-1.384914713129541397e-01
2.116352422023718913e-02
-7.121963001047260100e-02
-1.509648944715059372e-02
6.253528207113309700e-02
2.513096265096743109e-01
-1.079111693713357689e-01
-1.230783665437235747e-01
-1.734595579010515531e-01
6.470937269712738471e-02
-4.346924504148670654e-02
1.138333760390874624e-02
4.338361240852603266e-03
-8.403824688243423033e-03
-4.230860271451209603e-02
-6.393820679150676034e-02
3.211421218234286612e-02
9.305700047560687416e-02
3.659608869429774314e-02
-1.183885923427071413e-02
-1.541778446250715445e-02
-3.432863414822039383e-01
3.941702034284700479e-02
-1.045862059320256249e-01
1.889259636501848805e-01
5.990289356189313491e-03
-4.911334653365029973e-02
3.983895738675806431e-02
2.686945323574992384e-01
1.007000307055744281e-01
4.522494876353412574e-02
-1.524911203002453884e-02
3.740799237652787657e-01
-6.827669363994823271e-02
6.895697130950735609e-02
-7.528223414424473070e-02
-1.534619546557240526e-02
-9.007105602067107253e-02
-9.671166216702931084e-02
1.682127020290115071e-01
2.785327434809660441e-02
-5.713017764284095829e-02
2.142044291612681117e-01
-9.507165221514776721e-02
6.196201905707345026e-02
6.750575868731596707e-02
3.920346278201927159e-01
-2.054364206383040709e-02
-2.294854166845755050e-01
-9.150962711557088236e-02
3.777843585857675740e-02
1.017639089498918598e-01
1.884139248904234676e-01
3.653301144432834491e-01
1.110109281486292010e-01
-1.478873477977988848e-01
-4.094997630420315476e-02
-3.795673785042559811e-01
9.864526238677866210e-02
2.847533128142919479e-01
2.176541227061678796e-01
2.134439287908089233e-01
7.122548801450082068e-02
-9.986975148496980703e-02
-7.496876581033598552e-02
1.682495013731950817e-02
-8.223306043137257326e-02
-3.142423949023482460e-02
2.799750354373124403e-02
1.098775686601715235e-01
5.888076930599066457e-03
4.075609209693552282e-02
2.934730352132357105e-03
1.163733280841995621e-01
1.174840912693078249e-01
-1.682722861978609014e-02
2.823514294806665770e-02
8.622169127683206036e-02
5.482365454175525121e-02
-1.567862051254198530e-02
-8.187227764271508279e-02
1.518200371717154940e-01
6.920289179745740468e-03
6.462326851240959846e-02
1.936320160561729453e-01
9.010830972196838540e-02
-8.498184500953241682e-02
-1.525524476100668658e-01
7.694931134003775430e-02
-6.686942496458958551e-02
1.692758956236437018e-02
1.223844182122233448e-01
4.955660196669755407e-02
1.046728169769224892e-01
-4.743425951819820602e-02
-3.539547636021653787e-01
-2.760983603153003424e-02
1.810627670528700273e-01
8.621802481014911868e-02
-3.227230956720151395e-02
-1.630539493194972100e-01
-4.036082806403004652e-02
2.892032484289771069e-02
-6.328999001757176779e-02
-3.072712743092586782e-02
2.983637213643306613e-02
1.583825109495257122e-01
3.909760661223678907e-02
4.799358202925217524e-03
-3.413028625729540300e-02
6.338379200517138545e-02
1.613573066731309458e-01
-2.743047602158705800e-01
1.550908105970448536e-01
-8.729775161818140172e-02
1.212452015114920227e-02
4.593583427445707690e-02
-1.732637276804037119e-01
-1.334320254389980420e-01
1.317954010564520440e-01
-9.244433114273301055e-02
-1.390548644612196738e-02
2.029159997630724382e-02
3.390525623938982214e-02
-1.894295485067167273e-01
-1.635779243296636709e-01
-2.449009067273789919e-02
-4.037820463803908078e-02
1.687656365337307507e-02
3.714122266365100372e-02
6.862918085949477887e-02
1.915175397014653308e-02
7.691329749183619877e-03
7.644176438247959546e-03
9.753394674128362807e-02
-4.697568598700739562e-02
-1.130155920360886024e-01
-1.570246278737566781e-01
-9.910612635926356606e-02
7.128943127986987760e-02
-1.694192634393248270e-02
2.990683533231971222e-03
3.039591855906464621e-02
-7.502979316859116621e-02
-2.243374492211153495e-02
1.279948622681763293e-02
1.334769529938378135e-02
-1.471216393300562794e-02
-2.498509014324741540e-02
4.536984251206076929e-02
-2.013757101719835726e-02
-1.151363456846506671e-04
-1.788294276447293524e-02
-6.048854711338679663e-02
8.761390300199230208e-02
2.504459256732773781e-02
-4.535685738087501945e-02
4.028945852856851556e-02
-6.213349448096890104e-02
-5.700036345378158703e-04
4.339918915168666791e-02
7.321187864309253342e-03
-6.302796962751285037e-02
-5.537296145879433418e-02
8.273036345809939296e-02
1.887799109156769461e-01
6.539133569358676623e-02
6.348170335057662372e-02
-7.423746433998823502e-02
8.485387630566247619e-02
1.227474682355091107e-01
-1.049413869541368227e-01
-9.286161692660335754e-02
-5.420464416845464234e-02
5.614062499297333558e-02
-5.991711307535464714e-02
4.204256261518533877e-02
1.683125304928338381e-02
1.171641695849565679e-01
7.391761265048514551e-02
7.869462378670924463e-02
8.174644124614492691e-02
-3.397887641057949389e-03
-1.307301714180123253e-01
7.579536882629969718e-02
-1.115298053205992235e-01
2.031490275045904070e-01
4.248195244606391835e-02
1.511842722949900963e-01
-1.272481575643951424e-01
6.104218731831086153e-02
4.088877472451456219e-02
4.108352692624109986e-02
8.114536315526338361e-02
3.423832176419912970e-02
1.368546867961528135e-01
-1.005875961126204282e-01
-1.018201386244988599e-01
-7.463787205120182844e-02
-1.951999125042830005e-02
1.091401932871584185e-01
9.826450048391924263e-02
3.208923267711964039e-02
4.873223800288555008e-02
-2.242339218470419671e-02
-3.133953269743663256e-02
3.216435668197681341e-02
-2.556422837807944548e-01
-3.145203874811914463e-02
1.031328861364671536e-02
8.742370977282748826e-03
1.108364149893162516e-02
1.241981026589294296e-01
-4.368961722543043130e-02
-1.950651156496139571e-01
2.004739343296684222e-03
8.893330992666877155e-02
3.568041864101881289e-02
-1.131061801447663315e-02
-1.071857166843298709e-01
-4.783419323122088673e-02
7.177439776792854387e-02
1.315982262741353381e-01
3.739961662043523455e-02
-6.061018215268582782e-02
6.645832205263829673e-02
2.319906120130905275e-02
-6.669225832517397534e-02
2.778293389897649318e-02
4.802146924546938506e-02
-1.202465962931927868e-01
-2.321612463780443544e-02
8.415449412366937665e-02
-4.493338861052376815e-02
-1.151415624338899546e-01
-6.022648691948021688e-02
3.564335332887857977e-02
2.317206024468984604e-01
-5.533258614145627335e-02
-1.062963644843277211e-01
5.260320171225409125e-02
3.296700424078811628e-03
-1.026863180568445000e-01
2.996853964260675629e-01
-1.675624960319622436e-01
-4.429143623164392973e-02
1.011456643207088446e-01
1.269067696962945628e-02
-2.644382823233377977e-02
-2.251577663181925440e-02
6.991837523636020013e-02
1.098635988094273652e-01
9.400750351450357784e-03
6.891337183406001654e-02
-4.565226567724364054e-02
-4.189554339798476530e-03
-1.564440800756738137e-01
-7.208651353901276981e-02
7.022956082203174466e-02
8.475352187799682635e-02
8.945975923647868366e-02
-3.489071215542608774e-03
8.098748436535933848e-02
-1.511183697332250941e-02
-6.595475418115649691e-02
6.294033412509071612e-02
8.567921467814934577e-02
1.065859712137482013e-01
-4.185778286321983205e-02
-6.002663950367992385e-02
-8.995721080030831540e-02
-1.253772256115235073e-01
4.685254693599943260e-02
-1.421845423762942706e-01
4.994944169774362397e-02
4.989861859811880324e-02
4.808467224948133334e-03
1.219133464555961222e-01
9.370481065934753440e-02
-1.454848911694305857e-01
-4.861072113765622232e-02
-5.563256943080062758e-03
-8.142722634426603767e-02
-4.869990871888023841e-03
-1.273956686360323276e-01
9.801024556225100548e-02
-2.919228841652372203e-02
1.251441389925021241e-01
1.188341813225750054e-01
3.390820865597242873e-03
-7.128385075889308309e-02
2.461478512288889642e-01
-1.786105975837784521e-02
-9.143658655635347049e-03
-1.614242133265271772e-01
6.530742467790931483e-02
-7.056180609990071739e-02
-1.296726580437910226e-01
-7.999474778785493900e-02
-4.716979936837163018e-03
-6.754539528610636889e-02
1.682191964512366050e-02
6.882470948124279342e-02
4.323953020141822756e-02
-1.277015332087461930e-01
-9.950238160811621102e-03
5.487750719798505095e-02
2.955143180947078507e-02
2.599521856477648302e-02
2.739965751720024323e-01
2.590289063206357642e-02
-4.789238239124068985e-02
-2.493408894860320579e-01
-1.287940010588395079e-01
1.298023308032998993e-02
5.819503088595964768e-02
-1.314531115230207214e-01
-4.807796470158975932e-02
-1.548789113555337944e-02
3.628056611386937247e-02
-1.852011396361054885e-01
-5.875964169461527636e-02
-3.303791635644973135e-02
6.211330066436969444e-02
1.374886736281151142e-03
-2.940139105295973276e-02
-8.409398807678039600e-02
-1.379818644160996366e-01
-1.688622519419741563e-01
1.788936123067235706e-01
1.127058270700031922e-01
6.779252937294119596e-02
-5.141659484722805457e-02
-1.683690107545298964e-01
-9.472401245306127926e-02
-2.406583668207059046e-01
7.748650265241066593e-02
-2.254285162580478216e-02
1.909087471697921978e-01
-5.791598349901824760e-02
-1.136572960289267686e-01
-1.021425269511585798e-01
-1.606131926283694833e-01
3.769732333272182018e-02
-1.205495293801281571e-02
2.831966865795444432e-01
6.230874952224790819e-02
-4.708535354465411688e-02
-6.760496942056297420e-02
-7.754364761693879893e-02
-2.171742139412649597e-01
-2.208721658562878137e-02
-2.724187283344050442e-02
1.498943985880308305e-01
-2.120159681209376756e-01
3.612993160489483963e-02
1.016966277544286423e-01
1.051344450184858309e-01
-6.663627190870008259e-03
1.523039542628768991e-02
-1.055001978589460571e-01
-5.196801054797887953e-02
3.506351503755014698e-02
-7.184761983629570081e-02
5.841209204837933405e-02
-2.185667864233521371e-02
4.195686920375178430e-01
4.289956881772908487e-02
-1.597870798769468192e-01
6.088429797141407807e-02
-2.376439183916498332e-02
-5.808637707255666360e-02
-7.673519819004291642e-02
-4.230155512725394806e-02
4.303449276678739804e-02
-1.309277562152887930e-01
4.875099325652855475e-02
1.082809106145742883e-01
5.014730690796728035e-02
-3.661220931097296238e-02
-4.724629389163441384e-02
-7.651907933768553605e-02
-7.266626313630418499e-02
-1.249133300910856559e-01
1.131642163423148689e-02
-1.532340436700624919e-01
6.317062505257199645e-02
-4.708031894401408513e-02
-9.032303039659558830e-03
3.025332022756019226e-03
-1.358553400970129166e-01
-5.897620238838508638e-02
-1.241097639124379703e-01
8.979922840143586549e-02
-1.609004048816409516e-01
7.317038526475419524e-02
9.009206703427770357e-02
1.120501206354204415e-01
4.321155512849902958e-02
3.356465286666057146e-01
2.749613970740640359e-02
1.439714145912659726e-01
1.031886831583203185e-01
-1.022646314683603314e-01
-1.508101968992688890e-01
1.848050219189457943e-01
-1.559398207654444368e-01
-1.411938308020265487e-01
8.298590040012294999e-02
1.210242128872100059e-01
-1.339562333046925846e-01
-8.237858990582289098e-02
1.771685065054811881e-01
-1.159542427299872086e-01
-1.032496081899558216e-01
1.328934045022014676e-01
8.002154149352046220e-02
-9.025327963725114644e-02
3.853293465142339919e-02
2.139431355682447355e-02
2.352140860845362280e-01
-1.680156566504418247e-01
-4.835195598412207751e-02
-3.584675620311863348e-02
-7.150827485301056163e-02
3.710138798975613772e-02
4.909483668547477697e-02
1.371908120792571240e-02
1.114818882516215998e-01
-1.685437735432318285e-01
-7.473146723155872639e-02
-2.268477979460575833e-02
5.676875932245668138e-02
-1.217927194175251887e-01
-1.932286463680114308e-01
-8.239283885105498639e-02
-5.697913343055272667e-02
9.974847568194494807e-02
7.797794595493126417e-03
-1.349716534290753764e-02
3.268825256629314530e-02
9.311736291299288482e-02
9.076769973850905282e-02
-7.469078272076730418e-02
-1.629954060760148149e-01
-1.051977275498992698e-01
1.752533016766313900e-02
4.564529216103356546e-02
1.435256718855307534e-01
2.535918633702056654e-02
-7.645068572063901113e-02
-1.909596396801253315e-01
-5.620842455518317016e-02
-2.769285243687606007e-02
-3.184931633297378301e-02
8.973469533605174520e-02
1.761747868695395236e-01
-3.339055151223314314e-03
-1.967657570660518232e-03
9.221610038505555218e-02
2.683800459153282136e-01
1.056307945343661209e-01
3.298369892208043164e-02
-4.222602021668651028e-04
-1.192461234776926865e-01
5.798803579775402978e-02
-8.312866625079110006e-02
-8.347797258749893590e-02
-3.276997958421423024e-02
-7.435962810934204636e-02
-1.702200122513128910e-01
3.602255242907135419e-02
-1.155801069143855275e-01
3.344078957089965387e-01
-2.087310512043599048e-02
-2.037040382803487204e-02
2.270037731673195738e-02
-1.779424588172359156e-01
4.044865169823782559e-03
-5.615505614949415497e-02
-1.249973125997289186e-01
-9.207153424960089205e-02
-7.307547879392414791e-02
-1.619636257449721950e-02
-7.189714110593625751e-02
-5.530807515459527229e-02
-7.767378010107046926e-02
-7.356456311293579908e-02
-9.937000749824384527e-02
-1.932158360005140074e-01
-9.685618153500207342e-04
-1.419815134479947977e-02
-9.702688990011806847e-02
1.579415502037677735e-03
3.828988946778548452e-02
4.213168364810825767e-02
1.867195399711048809e-01
1.355098363227801722e-02
-9.658151975235704928e-04
6.334461787624553683e-03
-5.155247885238144895e-02
2.568907294764165294e-02
8.690487440557551069e-02
3.429402155515331313e-02
2.514657902415945792e-02
5.117890980892970954e-03
5.234780064265793370e-02
1.479027512136491807e-01
9.124622869608722819e-02
-7.803791180543309669e-02
-2.748910069876196044e-02
1.474847351565008059e-03
2.346569488438564680e-02
5.061475929745264807e-02
-2.066179562300668460e-01
-2.595200995392648105e-02
1.098266334665575286e-03
3.471181604544702759e-03
-7.218616651805620510e-02
4.897244942629497277e-02
4.452237243461548005e-02
-2.171160022289851388e-01
-8.942447371898901154e-02
1.579636348231577836e-02
4.833728383787219696e-03
1.011866118947185172e-01
-5.231649464373188535e-02
-2.592898158499533021e-02
6.308866877357215130e-02
-2.777004863983628669e-01
8.820195945093155243e-02
2.195481934825994907e-01
4.212790909858246668e-02
-3.785876280013732859e-02
-9.131227404641170664e-02
-7.141063602581106118e-04
-2.049450592706085483e-01
-3.528195951816489456e-02
-5.362530660004090344e-02
6.419144367572704457e-02
1.680209508044768277e-02
1.021479171482824189e-01
1.856231338403382669e-01
-1.117728351581886992e-01
-1.033133996565141488e-02
2.491308758654589006e-01
1.254188264339124448e-01
-1.233455604709137593e-01
-6.049966669953095455e-02
-8.491597855096098824e-02
-1.146568594443514305e-01
7.175843814185703384e-02
2.353784753450294254e-01
9.362603492750541656e-02
-1.504498898013555824e-03
-3.965195529573603550e-02
-2.227525248628869914e-02
-5.591608059698859046e-02
-2.719392426815399333e-02
1.632901285707545336e-01
6.920446108184388767e-02
-7.509406270276205997e-02
8.333838973771745540e-02
5.011531235308688131e-02
9.566341618062970675e-02
-1.002702489828490168e-01
3.619626400821743251e-02
-7.578506380317012736e-02
-1.730132558763751716e-01
1.373340912843749873e-01
-3.098191154612646436e-02
-1.575434709441227848e-02
-9.015115134440332412e-02
7.341479162636509181e-02
7.815274213832304473e-02
-1.549446600194063495e-01
-3.300901489918317555e-02
-2.543239048695895496e-02
1.004933078753345449e-01
8.843044899708293882e-02
5.805825181739092400e-02
-1.692594007169366255e-01
-5.758376084774888271e-02
-1.602817646442838417e-01
3.484197872944169716e-02
-1.112939892350656990e-01
-9.100484490816725114e-02
6.107402372451112976e-03
7.211968140556905549e-02
-5.207286629377568671e-02
-6.454001727301460212e-02
4.689807774069942176e-02
-5.004279366658109102e-02
-6.024121902643525539e-02
-1.573812107990530187e-02
3.972240908376049873e-03
-7.902252272930160304e-02
-1.730528465329353449e-01
6.843475044068525470e-02
-1.413521530087476497e-01
-1.537304644149250880e-02
-1.123909591021284848e-01
-4.339162802793827128e-02
1.651395863615700288e-01
1.245833455953551383e-01
1.299906882987466039e-01
3.111103191904879620e-02
-1.660892299475746903e-02
-1.912335462509971717e-02
-2.578815892679698317e-03
-1.244668699462232186e-01
-5.055679983597278354e-02
2.715065052780919752e-02
-1.333196875400867801e-02
6.815067897258235419e-02
2.601984238982649744e-01
7.274341332043772479e-02
2.552537887149420870e-01
-1.293871287064826403e-01
6.721936037228168348e-02
2.359258685904128128e-02
-1.271522988265696708e-01
2.149272011662639939e-02
-1.170504873780188193e-01
-1.557141553149406221e-02
-5.018255434338114197e-04
-1.414490310468084211e-01
9.693362399413853192e-03
-2.281972715191681739e-02
8.462799599994066946e-02
2.959792174645117097e-04
5.811460028671947692e-02
2.544525857376522381e-03
2.497110859656987703e-01
-8.804172703310356868e-03
-1.007067780015926395e-01
6.471214416173577677e-02
2.101600414422616012e-02
-1.584858908047386272e-01
-5.112234246584383690e-02
-1.067655121665149337e-01
9.762524907865768875e-02
1.793429440326600732e-01
2.130236564816181261e-02
-9.817132366058181625e-02
1.199110827584413258e-02
-4.314200897848485816e-02
-6.583464758950968720e-02
-4.438709488186454166e-02
-4.180955192841683682e-02
-1.152208326634277490e-02
-5.210778976404451673e-02
1.635040896745674210e-01
-9.854930902223576691e-03
1.365905912174556619e-02
-6.725760857244358903e-02
1.463008666325605889e-01
1.355215149714592837e-01
6.027300905663334450e-03
3.031392522927860156e-02
6.708473343582163628e-02
-2.226328853542722253e-02
-7.923148671664000109e-02
1.485059151818516332e-01
1.455254067650100791e-01
9.290421219834528455e-02
1.157218105544898651e-01
7.083577002853060078e-02
-1.656693869814808429e-02
-1.652159556168803778e-01
5.743322084232724972e-02
2.078752462146943314e-01
1.378943557229982686e-01
1.545205543819712368e-02
3.887870362522380385e-02
-9.066873036941207331e-02
-6.608359395878306286e-02
-1.377544188028260487e-02
2.020096621365551418e-02
-2.214329989341382032e-02
-9.640149836035510900e-02
-3.888163093243159063e-02
-8.920902252939362509e-02
-6.016783767709567993e-02
-2.605105036729622459e-01
-6.815299163853645592e-02
1.949698061769077340e-01
7.166464003635183988e-02
1.054102839488235271e-01
1.077419575670832408e-01
-7.755005853419968953e-02
-1.360740087877898852e-01
-1.755197865306998284e-02
-4.961765133289424562e-02
-6.172678857064992780e-02
2.500849846371507382e-02
1.463299665103218739e-01
-7.852159562766337919e-02
-5.316083391663014440e-02
-3.916167664321946323e-04
-4.506430944368513582e-03
3.950975121915562688e-02
4.894834103351909660e-02
1.722348250428228922e-01
-7.934823654157900641e-02
-2.388012410788704076e-01
-4.003050499317852007e-02
3.832159814209758208e-02
8.549881067394264622e-02
-4.173367048403693602e-02
7.483036806017873133e-02
-7.659577981390722906e-03
-5.541338615597559553e-02
8.083361013978700160e-02
6.112637688278597936e-02
-4.055623145671224256e-02
-6.944327851712586881e-03
5.796931549790360766e-02
1.190620954722480113e-01
-4.032797222039592039e-02
9.316641541530338438e-03
-3.187770599341044342e-02
-1.393053407638049912e-01
-3.046733107499445883e-02
-9.264242917865317395e-02
-5.683810176791325580e-02
1.227735825886066001e-01
-3.220491322148766322e-02
6.791915136542664433e-02
1.730897553000566025e-01
-9.376516139748657108e-02
5.877303508153432915e-02
-1.922643968879839405e-01
-5.163022744228713129e-02
-4.128500482021889642e-03
3.569776029790738131e-02
7.439845028504765700e-02
-4.487349290363891463e-02
-3.514473512147271717e-02
-2.175333601431797548e-01
-5.558944745183268948e-02
1.672371613014144165e-01
-5.092435924250744705e-02
1.319674375350263773e-01
2.304653512732587339e-01
3.160329793563662615e-02
1.489055267967252238e-01
-1.067936844470722263e-01
2.853454262237338848e-02
-9.184004450208396730e-02
-7.196015700118528480e-02
5.319725677332207137e-02
1.571712518130043423e-01
-5.198070598615400773e-02
9.434120060377779171e-02
4.190035713553545010e-02
9.055439678534640130e-03
-2.715161553238819997e-02
7.166568852980569060e-02
2.978974696092250365e-02
3.489344517212180502e-02
3.201459278790885592e-03
2.220343969467254985e-01
7.969876874333968464e-02
1.671732963402543497e-03
7.340573462559947526e-02
1.505730557027342986e-01
2.515640343024337297e-02
-8.794928439578586499e-02
-5.110288689195535694e-02
6.113864251167960666e-03
2.624084676374207475e-02
1.066486121146592719e-01
-2.473075250701222555e-02
-1.385335628116093551e-02
-7.504120446378524656e-02
-1.374136951068080995e-02
3.814318547040683460e-02
-3.767339591707181273e-02
7.585779144153434461e-02
-1.345621849630478928e-01
-1.759010833544551525e-02
1.614647592485635719e-01
-2.913053575220616795e-02
-1.266564687441268724e-02
4.696342513197081930e-02
-5.677725625148858507e-02
3.725027398767147974e-02
1.223641633458449479e-01
-8.511803843624093924e-02
-1.084553879908962265e-02
4.914675363608106418e-02
6.025470455317948060e-02
3.005320675498291891e-02
-2.692819643278529518e-02
-5.730355010241790226e-02
-4.532065928530458476e-02
7.756802184934524780e-02
6.326309325562759489e-02
-8.962801396387126696e-02
-5.533607171250692208e-02
1.535186341486351365e-02
1.881297207382886250e-01
-2.719939720479986472e-02
-1.065783806023439945e-01
2.393202547025743976e-02
-3.456204857086507543e-02
-4.058021169149036295e-02
3.517436591825785080e-03
1.235594742883053404e-01
-1.646522463050100957e-02
4.255657735957195723e-03
2.116346930291181788e-02
1.045413914240146819e-01
-8.666616446543144725e-02
6.699195871125031287e-02
-1.464196545446543908e-03
-1.038490226813303802e-02
-2.087232650840664117e-01
-1.286749670928834521e-01
-9.392316097738999392e-02
6.351764039538067286e-02
-3.831461061279149011e-02
-5.941685128099404717e-03
-8.107423386132019474e-03
7.618439041857219540e-02
9.937275567799577769e-02
4.467369237922211994e-03
5.530582615240003941e-02
2.727268513451430731e-02
7.138296783904876652e-02
1.299191744220365777e-02
9.168509337898294448e-03
8.997481804547739076e-03
2.990247070988227840e-02
9.164034730502783332e-02
-6.525632612622580229e-04
-4.426114755788843058e-04
-8.704299787762145857e-03
1.254838181766051997e-01
-1.057168172483995312e-02
2.503507517494307777e-02
7.125704143269556007e-04
-5.213779168230169014e-02
-2.994019554560106711e-03
9.287031536754822292e-02
1.515305394070054767e-01
6.578726839004910010e-02
5.225003233209300074e-02
4.383107299503929966e-02
-1.644772743220709529e-02
1.684678431800234674e-02
1.291773484243252945e-01
2.521935054277253327e-02
1.775314017064406058e-01
-1.189222892239274465e-01
-8.463042033520816465e-02
2.004310686736475011e-03
-1.055263649561685030e-01
-3.115001740429473170e-02
9.667420150973450241e-03
-4.907664856417426336e-02
-1.437466886402282429e-01
4.217597642029814742e-02
6.302858951971032631e-02
6.171660054405724016e-02
8.385586647464896015e-02
-8.193942009637295021e-02
3.448191699255614973e-02
-1.785227278049319674e-02
5.420517327990950068e-02
3.330026953087143055e-02
-1.478261997603939615e-01
-6.259452255408146093e-02
9.990888911203324452e-03
1.028659220924862949e-01
7.873634999414533264e-02
7.164699213193941041e-02
3.996065708524239313e-02
-1.202569134479583579e-01
-4.425498429333508260e-02
-6.477496194712713262e-02
-5.013592900942164671e-02
3.809682682283696553e-03
9.985940079380627166e-02
1.569640626599519695e-01
4.994587749920517683e-02
-2.744155336571471593e-01
-3.774679829174357876e-02
-7.726488507934794157e-03
4.106209538086484645e-02
-4.663056802957614433e-02
5.738276926528876332e-02
6.685157366976546278e-02
-9.981677716635817266e-02
-6.153469998778424155e-02
-8.592751791483523027e-02
1.840609362825943729e-01
-1.809131862520503287e-01
-3.549045436360320077e-03
5.887554749890144823e-02
4.155934011978365539e-02
-7.756352372740658863e-02
8.858022867596177310e-03
4.624985036764310206e-03
1.445607566525264343e-01
1.093625495026047112e-01
-2.197566563147933250e-02
-1.219381860248263116e-01
-2.057560893968765070e-01
3.735638424670364305e-02
-9.894252578415152488e-02
-1.050482444508369084e-01
3.081849422593174043e-02
-2.155734333702265249e-02
-1.432216193082689049e-01
-1.352414928172075981e-01
3.268268789270926955e-02
-1.195825052511167164e-01
-5.102429670616311780e-02
2.910215741798016786e-02
1.659817922764325049e-01
-6.625606020355435249e-03
-1.950547103270796057e-01
-9.046548568507858934e-02
6.787846935223607048e-02
-1.649346970580400640e-01
8.908733739528670870e-02
5.248043491547872696e-02
1.744169145165840734e-02
4.103842502005475290e-04
-3.544284151266057642e-02
1.758085589175287788e-01
7.541711174824949904e-02
-5.905888468619327480e-02
2.073278009033448568e-02
-8.025477083606775627e-03
1.118992565114789728e-01
-2.069227473294091291e-02
7.136677515861472587e-02
1.839965975396867792e-02
1.080830529727994649e-01
1.143878583328425541e-01
1.017018533141382380e-01
2.398464125628708976e-02
-2.363059256247564965e-01
1.782202964231751618e-01
-1.929880313175329903e-02
-2.077274743749584276e-02
1.262850836938669563e-01
1.121588750478357405e-01
-2.902020858247192359e-02
-1.845760674853199057e-01
1.401335632466975956e-01
-5.181468221508224795e-03
4.680016424624602878e-02
1.292390565955642001e-01
-1.305866367122217753e-03
-2.701511867756068927e-02
-1.595034880154932444e-01
-1.351719933170304200e-01
-6.963343253724220416e-02
-1.135860317010922299e-01
-3.938894158230717840e-02
-1.215074806173464389e-01
4.743583006420697828e-02
-5.140461660220921325e-02
2.969026076880713211e-02
6.899269309953151227e-04
-3.039448090153464010e-02
-1.408883736925091446e-01
3.544456595585330355e-02
-6.495362777863498971e-02
-2.773081787587898875e-02
-2.637115730890318144e-01
-1.360723605227891486e-01
6.783364906629665847e-02
1.398532398915067476e-01
1.005150869378766271e-01
-4.355889362170255186e-02
-9.195072899965840707e-02
1.644409283355325116e-02
-1.067989960002606181e-01
-7.903343770443706229e-02
-3.196448596679408310e-02
-1.624129954325576053e-02
-8.964773147094562411e-02
-5.085513031143309992e-02
1.638327467069095045e-02
-1.624916541612258028e-02
-1.416607236422441282e-02
2.362028671919092632e-02
4.431142413673151703e-02
-2.545579366298842405e-01
-5.957307096245520461e-03
-5.333962151652030248e-02
2.272450767045474107e-01
-5.669353143969507736e-02
-1.278881260995615166e-01
8.738342331863244161e-02
1.639780293414614953e-01
-1.193964200451105850e-02
6.404015930416909197e-02
-6.120604831474163454e-02
-9.740334740612950626e-02
-8.050297779438479739e-02
-2.393994330618315347e-02
2.004549069871335715e-02
-1.679894504871574934e-02
5.527899165137724335e-02
6.650131185243050164e-03
6.186467445346841010e-02
1.298513561587445742e-01
9.567343918104480316e-02
-3.953941262763810971e-01
2.266111482640889921e-02
1.432161643548615464e-02
-8.584417299358059611e-03
-4.330409399477281457e-02
1.153842987398943920e-02
1.308342388043686466e-01
5.028485736305159104e-02
2.973558476854224961e-02
4.951555061453285882e-03
7.375253090495945130e-02
-1.931684438067114012e-02
-5.396052257318781440e-04
1.447553819182116619e-01
4.820945474278159198e-02
-6.974679213542833711e-02
-9.488854378777508702e-02
-9.952945839093785274e-02
1.234545711324330636e-01
-1.335557302203507941e-02
-3.704572778514787779e-02
-1.580641583134618708e-02
1.133758622209155367e-02
1.037356323381453393e-01
3.450166444160094464e-02
1.065166817136109327e-02
-1.343046642309802252e-01
6.607824497898186211e-02
-1.477460994279509651e-02
-1.590748187405659209e-01
-1.613478826998777094e-01
-2.490222897608375049e-02
1.476290284833690902e-01
1.260738283234819068e-01
-2.060173865324742629e-02
1.194318579516019108e-01
9.146117871338704797e-02
-2.188197853200527301e-02
2.785735900682764082e-02
-1.135750140217327842e-01
-2.156642470534111955e-02
7.589308211038212071e-02
1.719833267282522005e-01
-3.992232954598700506e-02
4.222743455798599194e-02
-3.407087645475029292e-02
-1.809605549759063237e-01
-1.288651706394028928e-01
-2.068764713247822629e-02
1.354600249749202956e-01
-9.817797635634126219e-02
-1.435817115520171827e-01
-2.881677444644772934e-02
-2.284374621297975000e-02
-3.567247624319894173e-01
-2.794782096003025143e-02
2.976466202797894978e-01
1.551059789807471834e-01
1.321623609933725296e-01
3.573787883871395489e-03
-1.026332637181431445e-01
1.904610546693832202e-02
-2.497325961098122715e-01
1.092815928630468253e-01
-2.329149176698082080e-01
1.450486647067651680e-01
1.391767329713200774e-01
8.947546566902636611e-02
2.324028373759234184e-02
-1.226524792139449122e-01
3.424008373999389704e-02
2.406918487778776927e-01
-2.114883064888831155e-01
5.121695267495664228e-02
-2.023704734277666784e-01
-1.229022736221147410e-01
-2.107924467508900113e-01
2.846053990963945748e-03
1.659772677995675350e-01
7.801946883858634774e-02
-1.078456294409025212e-01
-1.877518264546772231e-01
-1.170545248818779943e-01
-1.586048719662630502e-01
-4.215638916319603378e-03
1.712857577875446236e-01
1.128504324876286602e-01
3.182980707997187242e-01
1.544163795649990990e-02
8.579405228899986136e-02
-4.841037334741924575e-02
-1.251900422039313177e-01
-1.848386527727375606e-01
3.240489967967347118e-02
7.698064108772170733e-02
-4.950350274207555162e-03
7.362037367512506633e-05
5.480468919610568396e-02
7.334731655797982475e-02
-1.965050462775732448e-02
9.694434924052292013e-02
1.080035455494329916e-01
-5.015752170221589312e-02
-4.564716309512169973e-02
1.293625996955617974e-01
6.881926250576421433e-02
4.446429321247327704e-02
-6.578969158235335735e-02
5.950512904994610663e-02
-3.566456068628400672e-03
-1.567542338035004396e-02
1.008894962298343551e-01
6.765699990054967194e-02
6.572901754584309364e-02
8.633753473324856653e-02
-2.966938199578488325e-02
5.348013115594652672e-02
5.157246121077394517e-03
5.196114852603373607e-02
-5.099620501394858813e-02
-5.225230751882055380e-02
4.352136570384232406e-02
1.493125027489439205e-02
-2.657009969589628762e-01
-3.123146031355930954e-02
1.018909160135046260e-01
4.112529634654881611e-02
2.029044072188165293e-01
1.217604122749199741e-01
-4.359211217787972714e-02
-2.408663634650724528e-01
-1.013448974393471452e-01
-1.431546532720896769e-01
-6.715618666759241850e-02
2.738138527490657781e-02
-1.036152413157628294e-01
-9.844978047918260394e-04
7.443575655128752133e-02
2.825704096644284305e-02
1.772311599578563560e-02
-9.598280981449990035e-02
6.924745564406308007e-02
-1.677650382564243592e-01
-1.816367995300308957e-01
-1.913541303359100609e-01
7.614948776029405175e-02
-1.644910218694399240e-01
2.084499705988459295e-01
1.037490513509942425e-01
1.004138214783131672e-01
-1.353316089896280661e-01
1.989716335698342789e-02
1.001840802815785053e-01
-1.855069767935938752e-01
1.317612732421256649e-01
5.859549731694059516e-02
3.878034283324879178e-02
-1.598837373714458165e-01
1.980800663953563578e-02
2.301443471349081879e-02
3.834273744628005111e-03
-2.471185538613364652e-01
1.565317509306879129e-01
3.577695789421372341e-01
2.136439027995420126e-01
-6.926344995711476021e-03
8.706940913989660857e-02
5.982749727301144016e-02
-9.877250405050169713e-02
4.996525130016916255e-02
1.122683862482916628e-01
2.446597035359635366e-02
-2.160515665442485495e-02
-3.602702923431325144e-02
1.602382845941225167e-02
1.229961714870964201e-01
4.449943782063380676e-03
-1.609735114237053621e-01
-9.129158401255670074e-02
1.382180786546380324e-01
1.179379060655367240e-01
-9.582420875554220618e-02
-9.049976437931413209e-02
4.542498260994431297e-02
9.809603775231771905e-02
1.131047821912737061e-01
8.828157489867119456e-02
1.254356900165693456e-01
-1.012613717949988196e-01
-1.347003525189264528e-01
3.196711488733161577e-02
-6.729925284297416654e-02
7.458861402148392501e-03
1.449424994020031415e-02
1.645167144091178382e-02
3.818129634444263065e-02
-2.990799534134338036e-02
-2.903251253366205542e-02
-3.808160987224473715e-02
-1.313627976199991700e-02
-7.717820883531060182e-03
1.041234223033688372e-01
8.816240091825069958e-02
2.031990325901443240e-01
-7.084401174247370592e-02
8.199976371949389137e-03
4.739871505373640173e-03
9.172129914734818146e-02
-9.545187834593692189e-02
1.226863695456884007e-01
-6.002543135716455203e-02
1.353561953187420452e-01
1.288019811447428664e-01
-1.028881944718031266e-01
1.499429794797746060e-02
-6.862694371106954627e-02
-1.987245089714804180e-01
-1.036623442755214564e-01
-1.149909248276759083e-01
-5.263948301288173121e-02
-2.703127358037655040e-02
3.755599904296541558e-02
7.450027263405721578e-02
1.427974748939805916e-01
-2.987758235862300604e-02
-1.069272401478209844e-01
-2.025405911916369761e-02
-9.293645686519645677e-02
1.683353461553283720e-02
1.200039355964797362e-02
1.516388513129906523e-01
-1.591037794934995198e-01
9.166088440669965115e-03
-7.669966774425750200e-02
-2.013671542442793672e-01
8.976847642485123735e-02
1.000301307701663978e-01
7.616190276571349616e-02
-1.713370378228027957e-01
2.441913660833307242e-02
7.214500811868861108e-02
4.129187323083977762e-02
1.001192027736291651e-01
-2.664054041512261758e-02
-1.364310574617439431e-01
-3.684415965541473770e-02
-3.763843975749083318e-05
-7.888031213674836714e-03
1.214997349453725978e-02
-6.993520547836715694e-03
-1.967804908196201918e-03
-7.053685174608381736e-02
2.138633248990013114e-01
1.171811517934527418e-02
1.886532164345868651e-02
4.473816894467373684e-02
-6.170899520594342463e-05
1.075296154102804991e-01
-1.155564308493370190e-01
-2.207742680125799814e-02
5.046482025749811362e-02
2.897696537656982776e-02
-9.440655157486082388e-03
-1.522060475491751608e-02
3.331044204071675376e-03
-7.567093584318895783e-02
-2.772033456680519925e-02
-1.033155568306102709e-03
2.351125632263013909e-02
1.332389692521245006e-02
7.772490424134415044e-02
-1.293566061493406638e-01
1.801438848353884570e-01
-1.015574671557889358e-01
-1.015340403423441312e-01
2.456534650387299026e-02
4.764949126529674506e-02
2.045578700337302713e-02
-4.152749911288264317e-03
3.876658363971270671e-02
-7.208333274336202467e-02
6.127820925071637143e-02
2.009767621987128619e-02
4.220806574099895958e-02
1.313244604388661037e-02
-2.291271293785365759e-01
-5.442958717700975557e-02
1.148971482304584762e-01
-1.232564315190437243e-01
-2.004616776860311620e-03
-4.334627351730810374e-02
-7.048772566709703147e-02
6.326244346052671726e-03
1.800291935672751822e-03
-5.012266685642329661e-02
4.439471122590113450e-02
-9.148934533464429808e-03
1.362652547277263398e-02
5.180832999316493936e-03
4.283583629962767897e-02
-3.513134740765211112e-03
-1.152848786890890986e-01
3.021745326385505762e-02
-6.991454029912791412e-02
-4.096071841980415684e-02
2.492955986578080166e-02
-7.912953063073961332e-03
9.212929237311362485e-02
-9.042622257272956571e-03
-8.552704964709806346e-04
-4.801743887085047763e-02
-6.102711579672694120e-02
-1.491929564220901942e-02
3.648633865753703881e-02
-5.441219123834840216e-02
-4.287762915058850738e-02
7.896423663969349971e-02
-4.393667258911593959e-02
5.151299101974361055e-02
-8.655800902329580104e-02
3.400837691118368394e-02
1.196963938404571604e-01
8.502477835254082517e-02
-2.371675046045638446e-01
8.443408327989014583e-02
-1.308127786023234596e-01
8.587724906118514995e-03
-1.329002231083838137e-01
-9.728315997166164797e-02
9.335422436777832123e-02
4.583868128328059260e-02
-7.766791616768006778e-02
6.347808637335895787e-02
1.123945388698281179e-02
-1.076681852192729744e-01
-3.077417556122592768e-02
3.081025933856842286e-02
5.640079407361057312e-02
-6.572255458119809213e-02
-4.033559405435249712e-02
1.632013185819051679e-02
2.056926143237472471e-02
-1.031931897230653483e-01
-7.779567419085366142e-02
1.620574897407061621e-01
5.765392428509147349e-02
3.427191833254670389e-02
-2.621606329714430521e-03
-3.281369841440592849e-02
5.351868318257812542e-03
-4.237982258620694165e-02
3.324715154721812754e-02
-9.558021990299160608e-02
-3.828885517135881961e-02
5.641574084612410722e-02
-5.297855377762761275e-02
1.271255066239671272e-01
-1.145443388659905526e-01
6.331198290352575697e-02
-1.064532836969463991e-01
-5.093249204867566354e-02
1.487249031024072132e-01
-6.477545541053111866e-02
-1.335315411615786707e-01
-7.760534423167883555e-02
9.850994120917005992e-02
1.659169552011916793e-01
-5.503187027257751274e-02
-6.823159401357552743e-03
-1.146349992317930722e-01
-1.091772964339125240e-01
8.694365114200082456e-02
8.408311827568215602e-02
1.188683314084161696e-01
1.211943847075642317e-02
1.691059985306748170e-01
-7.895735355519448162e-02
-1.638931370218084937e-01
-2.111793093692622414e-02
-1.605589856594019649e-01
1.080333624684311766e-01
1.115814387185985884e-01
-8.848745746671421442e-02
-7.209816954721987026e-02
8.360670817262483290e-02
-1.682207293850923949e-02
-1.117651490955409305e-01
-1.000461674064362511e-01
1.045648714127719314e-01
5.112161688080742866e-02
-2.764620219679246940e-02
3.333915456898396690e-02
-2.083114539888247796e-02
3.254773808569629001e-02
5.998986943768101071e-02
-1.768299040794199251e-01
-1.024460189081911610e-01
6.958768279362342879e-02
1.017381820146000260e-01
-2.943974978646229229e-02
-4.007975724254562305e-02
-5.098916763872477637e-02
1.568614170013203461e-03
3.946532631546466330e-02
7.402059929231162572e-02
1.056101206894247690e-01
-5.997948404546947498e-02
5.791812040888289631e-02
5.609361014582760901e-02
-1.496185181889342353e-02
3.377239757042409252e-02
2.144839449568000100e-01
1.903569372088563874e-02
1.486519040195130037e-01
-4.006137074354332306e-02
-4.083540452849385161e-02
-2.579268128793649195e-01
5.318530857121492317e-02
-5.764306087439015347e-02
-4.984047309968605427e-02
6.215684816474141734e-03
-1.387833781767001604e-02
-9.734250215894728331e-02
4.689669387700844128e-02
-9.801141926920370340e-02
1.106915312555701719e-01
6.014631924024348153e-02
8.696749069454065562e-02
4.366841069952367288e-02
-7.047882287357314091e-02
-1.055697624343386321e-01
1.446340023712551492e-01
1.088706497187447303e-01
-1.758272380194764173e-02
-4.137198474598159648e-02
3.106051031389870515e-02
-1.367683546027883001e-01
-2.229114551967006225e-02
-2.277389245981770172e-02
7.665438235914182052e-02
3.882952805769403909e-02
-3.752955282194679609e-02
-4.708543626317890363e-02
-6.068332531832761056e-02
-7.412106738661179868e-03
2.837319215738146050e-02
8.191899266290411652e-02
-2.912731376989610710e-02
7.650721173745951564e-02
-1.353298660331994085e-01
-1.704054734149940686e-01
-1.880318214423682133e-01
7.348973836945432714e-02
-5.364016670165421691e-02
-4.409292552831716588e-02
5.968887944158675352e-02
-7.449110989846706443e-02
9.721144202206452242e-03
-1.877340584140980984e-01
1.550943722198584035e-02
-1.463746783120277173e-01
-6.352703852224239611e-02
-4.241332341566148023e-02
1.874850417468926136e-03
5.371973097734104863e-02
-1.057642195038288047e-01
7.939766861024322164e-02
7.556591330913012272e-02
-4.861541793578873227e-02
3.959499321531548960e-02
-7.950783183698080514e-02
-2.904151961171979601e-01
-3.146523453397915837e-01
8.366100112160529401e-02
2.297495209357351964e-01
7.878007642802086971e-03
1.509210088845415812e-03
-1.860292813481410901e-02
-2.311759170566292376e-01
-2.823001820172910681e-01
-1.227944686608016187e-02
1.143497453276521025e-01
-2.206938657025800735e-02
-2.236103594492098307e-02
-2.921186847657622140e-02
-7.983115621622058344e-03
-1.612782069437593002e-01
-9.360691117036790132e-02
2.759617543091399949e-01
6.111439159701739787e-02
3.262981888356086910e-03
-4.882275031134535731e-02
4.328179788615565786e-03
1.695768517379308768e-02
-1.102294923474022303e-01
-9.752092247166863764e-03
1.056044750959589107e-01
4.156293600985069836e-02
1.494113641118742855e-02
7.014694562036868919e-02
-3.434463323152185665e-02
-2.087008962409888091e-01
-6.846632330089183482e-02
6.465318278497828031e-02
1.275755374093322514e-01
6.248182372949416530e-02
1.711470117598432386e-02
2.574251351876173377e-01
-6.180567046083321886e-02
2.455990590726365649e-02
4.704606795959654503e-02
8.358024967442009845e-02
1.631285724820405458e-01
6.594796614006584283e-03
1.321877563545638956e-01
-7.729696868266502929e-02
-6.596180995426437210e-02
-3.750345755403014514e-02
4.548827212491655947e-02
6.197765514814344845e-02
6.735030399624662711e-02
-6.668796185231851137e-02
6.985288507032386129e-02
-2.239980867328419667e-01
-1.880499564149797909e-01
-1.140743880336936994e-01
-4.579341175148846782e-02
-8.217967757153024633e-02
7.931784531751834288e-02
-2.796220544707557834e-02
-2.301875732850180989e-02
5.127123229310138336e-02
4.468155510728676755e-02
1.240813068655950702e-01
1.767978780958630591e-01
9.549025884836147976e-03
-1.772304466687036340e-01
-4.299571181099361844e-02
-1.820721741177264430e-01
1.193500121198931840e-01
5.542732096647354917e-02
-2.253926870008966452e-02
1.374784659073867155e-01
-7.587549995699502392e-02
1.031276904870336020e-01
3.125473592345798246e-02
-1.172344674116304886e-01
1.020975155711377307e-02
-1.867750335579442325e-02
1.162303874176810747e-01
-3.147618915737067369e-03
1.480882754522199196e-01
9.859952841296304449e-02
-9.919655378659016087e-02
8.161231326880447057e-02
3.880322430943552448e-01
-5.226460018668888791e-02
1.063887506560241974e-01
1.586787907186639965e-02
1.230313466326863475e-01
2.897561632000349996e-01
-1.250588321206929088e-01
3.476813600368882685e-03
-6.264929997169717268e-02
1.095518330520202088e-01
-2.150797601833131373e-02
4.098135119672810522e-02
-5.298081799580081630e-02
1.849646580056017470e-03
3.301720214734246706e-02
-1.752364029295563203e-02
2.739996835008918358e-02
-7.939817944033200625e-02
-9.391483643538836579e-02
5.725678868607100847e-02
-1.730853508633171944e-01
-6.656527674752862889e-02
-5.537728790189535774e-03
1.131542521520065570e-01
1.908252903261650479e-01
1.434839850452042723e-02
4.328042593660096082e-02
-1.149031722461998917e-01
2.904600936567368341e-02
2.261237448877641970e-02
1.270983872575676132e-01
7.985439443575204077e-02
5.442325120733999821e-02
6.325659200573086061e-02
-1.287689612996597843e-01
-1.154413835471269564e-02
3.083623101115059439e-01
4.900517285936038109e-02
1.182830777417756135e-01
2.242918372280992556e-01
2.303548963239273814e-02
1.403948401925161904e-02
-1.243476139815436199e-01
-9.412070456190074763e-02
8.751705649692052835e-02
-2.809456708782950146e-02
2.573559070212229349e-02
1.542130142391141823e-01
5.705780347693112375e-02
1.175842393714453676e-01
2.459474848093310545e-03
-5.630076843334407000e-02
4.476065299117840818e-02
-2.265054455011176679e-02
-2.455931526178530347e-02
-2.056651207722056396e-01
2.274702925647238000e-02
2.729144225004469931e-02
6.371450091761278467e-02
-2.693967841934161514e-02
-1.376106373572241748e-01
4.651697363276221381e-02
-1.803694627145481788e-01
-8.358983095392329143e-02
4.019457909882932778e-02
1.141478570751810473e-01
4.537346772064582145e-02
-1.827771038596170614e-02
1.432590671164331829e-02
-1.302931081997463214e-01
-9.784942192656816140e-02
2.126278840293973835e-02
-1.378229711533386359e-01
3.202182160760964468e-03
9.411301314188878428e-03
2.938826777964652186e-03
-5.779214589072844549e-02
-3.441557048430416987e-01
-3.986093171958976500e-02
7.495602341193763340e-02
-5.068983461821440634e-02
1.311925444676395602e-01
4.383603198541560775e-02
1.230452505828361354e-01
-3.889878995789684824e-02
6.404845816834951744e-02
1.425591499085968605e-01
1.700493391123185372e-02
-2.397430723238675593e-02
-1.213456953183309969e-02
-2.385660359381246501e-02
-5.072434527695145884e-02
-1.201444724344620379e-01
1.007691918083385152e-01
1.224815933793000668e-02
1.420124540829610926e-01
2.129597228895744876e-01
1.446056417067437816e-01
1.026426865145727008e-01
-1.049185404733407878e-01
6.843711120778433847e-03
3.893476569771287671e-02
1.556358572416023933e-01
9.818194007824156133e-02
1.089594795184605780e-01
7.629839879181161966e-02
-1.244262515504858113e-01
7.309816834423876752e-02
1.001639058871738180e-01
3.770178555825275807e-02
1.334519310962508643e-01
-6.615631615519399628e-03
8.964340208184429226e-02
7.647373487540218284e-02
-2.315544056871720324e-01
-6.432070315767782209e-02
1.136484796508148432e-02
1.199529859078003052e-02
2.099742527324084673e-02
6.785077871609207500e-02
-1.529103771809556950e-02
2.079402481252095036e-01
-3.965294488205680160e-03
-3.548311095598292997e-02
1.923115257491190763e-02
-2.389066536326492005e-02
-2.495098650986546721e-02
1.325495744890507477e-01
1.820670719203257570e-01
1.523897312176427168e-02
-1.183714391668969166e-03
1.307682463130535322e-01
-7.515780602713550973e-02
-3.078974420783016711e-02
-8.115627902088594359e-02
9.222025735101320454e-02
1.326865634935631665e-02
-8.803429314801377442e-03
1.501675342066537688e-01
-1.866454209903493228e-02
-4.113341805153523240e-02
-6.509678249341810385e-02
6.242224968449188588e-02
-1.467954238335997946e-02
-6.646724537174016068e-02
-9.572698354615289534e-03
6.608125842096859714e-02
-7.105397296926413420e-02
-2.014566721517103143e-01
-4.006219591403856889e-02
1.008876953659995218e-01
8.704591094501287762e-02
1.148824565449579477e-01
-9.270037005250530981e-02
-2.120487567911131643e-03
2.900838312298693045e-01
1.723716901748087102e-02
2.933236074831837431e-03
3.766430613736621025e-02
-3.172461528459574742e-02
1.202352482727549188e-02
-1.456902471542149968e-01
-2.395893395201869128e-02
-1.092156982128378306e-01
-1.270403042367187485e-01
2.178510679940371675e-01
-7.316004976387052890e-03
-7.949514861067552562e-02
4.747117047910971027e-02
3.095436623332417092e-01
8.434100307851445655e-02
-2.360427953886321539e-01
2.182351997761753509e-02
-5.935123021691723205e-02
-9.261351443686319240e-02
4.064198793836178158e-02
8.256852139723686035e-02
-7.197818505845293702e-02
-2.621196405439341626e-01
1.020038624034446013e-02
1.286444062135262967e-01
-1.613923070133185811e-02
-5.484079733792689149e-02
8.792066331706697990e-02
2.515090571034006017e-01
1.646567233964832400e-01
-1.173397508485289620e-01
-1.089824348335908522e-01
5.610425495391185152e-02
4.995978895563369521e-02
-5.410401127021785897e-03
4.556514495738708814e-02
-1.951537742162202937e-02
5.361029332202969788e-02
3.952389553724689614e-02
-8.738577456253898701e-02
5.072141036816564530e-02
1.287481222077055121e-01
-5.219687008152535529e-02
4.247447296146496937e-02
-7.504861010252500408e-02
1.962541294340858222e-01
-8.426274792434022831e-02
5.386288136552645767e-02
-8.560676206755844786e-02
1.215513469166184385e-01
4.576230478531635032e-02
1.801915335568411436e-01
5.183174483186601261e-02
-5.407253587108111492e-02
6.554189839477249369e-02
-3.010704464640546335e-02
2.813115506754243489e-02
-9.027903629525232607e-03
9.349763094119430129e-02
2.218667958290289691e-02
-2.882107139888971381e-01
2.666826581300895532e-02
6.096393780520948519e-02
-1.408450490220883033e-01
-7.706548131097458454e-02
1.157761389264155144e-01
2.816428782251071544e-02
8.400430681923710952e-02
-6.712101018665828089e-02
-6.376359699092901123e-02
-3.662430810633798134e-02
8.458712856298568339e-02
-8.518820431851649444e-02
-9.274477851871773537e-02
1.110356064072971494e-01
1.120150579160000409e-01
-3.162027491335839963e-02
-4.075810392885290817e-02
-1.550519949854516355e-01
-1.033088302837004702e-01
-9.208706917503652056e-02
-1.670091025731759160e-01
5.695227193823672318e-02
-9.493636778946723531e-02
1.158276034983824615e-01
-6.792643981398500952e-02
1.009756564016248553e-01
-4.473290127821229895e-02
-1.490857795568074212e-02
-4.077198692657164891e-03
-6.153410672765211725e-02
5.935071703145959610e-02
-7.079509615425966804e-04
1.153010519141847851e-01
-5.047935795694347139e-02
4.162815940839310197e-02
1.485494127373964135e-01
2.405256157047787682e-02
-1.798844352011445130e-02
6.416746778693613318e-02
-4.534127805116636156e-02
1.094589668983708963e-01
-6.763219517706595477e-03
-2.174495486291583984e-02
-1.503506888655286450e-03
2.826704585137944023e-02
4.180111609106604981e-02
3.326542026284352166e-02
8.611158577617875065e-02
1.718825166845561192e-01
-2.568025295211103301e-02
-6.494269329373210387e-02
-6.260387273541659359e-02
-1.061408575946487173e-02
-2.780917413321730772e-02
2.513663163804050193e-02
-4.599681496578830742e-02
7.927046404032503379e-02
-1.335152518921795331e-02
3.531633086494767593e-02
7.468323724600033076e-02
1.001497382246711587e-01
3.301845450220722289e-02
7.974397417128123444e-02
-7.015071648245685410e-02
-2.178667907453980465e-03
2.249464022928831727e-02
7.380617795952353066e-02
8.037722366116768768e-02
2.211093731428574044e-02
9.034834474762406739e-03
-5.540507162554898085e-02
-3.446785820599658490e-02
-2.351326416946826134e-02
2.247094242157677418e-02
-1.179596490497685501e-01
2.049451532956836908e-01
1.231638583167329049e-01
1.346180617243443456e-01
-4.964304920106889230e-02
1.856465641584252244e-02
-5.272688539138620234e-02
2.356917675635109705e-02
7.360104837681440137e-02
5.803607141064219543e-02
2.634592299031347437e-02
7.890783242498637445e-04
-5.133962939552871169e-02
6.418666514424767322e-02
4.541577525859327030e-02
2.773088381477712208e-02
8.311571592066646641e-02
-1.032962297636563775e-01
1.704360577429658019e-01
-2.236970468900381301e-02
-3.638895954019553958e-02
-4.844980379172295765e-02
4.154803641888660942e-02
-6.981964477308717949e-03
1.522974543724492889e-02
8.275593386334290091e-02
-4.141651350641115635e-03
-1.068317465454788825e-02
4.211319542674193950e-02
4.607591114389828629e-04
2.168905568763657837e-02
2.421701566639062123e-03
9.622805878888474052e-02
1.581579830333204942e-02
-1.902607946558242460e-02
-3.743048887003667252e-02
1.299808564044761527e-01
-4.786444116609486071e-02
-6.724023410663775013e-02
-1.269354481647319011e-01
-1.454239234290068128e-01
-9.099408799453973309e-03
1.731126538772364415e-02
3.090856517419385621e-02
-8.257470699356549149e-02
1.103503230604291618e-01
-6.318678630611805624e-02
1.647437678284148846e-02
5.914510533445514057e-02
-3.224317573692287581e-02
2.081393618948550531e-02
3.132257756083520195e-02
5.470489474381772660e-02
1.031800451263343160e-01
8.061255528041215423e-02
8.008394470760353545e-02
-2.206557977764970601e-03
-1.209982596753327450e-01
2.297881814602377622e-03
-5.865248646240796282e-02
9.984460933824895745e-02
-3.964664803052581066e-02
1.103838549386501958e-02
-9.643513989984414669e-02
-1.701076696753782702e-01
1.949857037934091784e-03
-5.501689221474290875e-02
1.409425147483521490e-01
-3.546611460412178729e-02
5.646569449619528308e-02
4.188162188224921201e-02
-7.775140403012510693e-02
-2.225798967443182730e-01
-1.057498866376588437e-01
-1.108260031434943754e-01
9.156325351005321911e-02
-3.011825603571334498e-02
6.969809044272852472e-02
8.296982995219005785e-03
2.124720392238641647e-02
-1.253025836461271747e-01
1.184971672911629831e-02
-1.431473655700128168e-02
-1.061972105309205161e-01
-7.174697356529675940e-02
-2.530877451773270222e-03
1.035871948472429499e-01
-4.192501871417098763e-02
-3.029602722093058947e-02
4.053397279205976644e-02
-4.995715393104666752e-02
4.177977145369290296e-02
4.355450942009984200e-02
-2.920542847061735614e-02
-6.446657940979946821e-02
4.991825840876804726e-02
8.522605606675423551e-02
-1.459662431530972439e-03
-7.242611541842215728e-02
-1.476342764286097883e-02
-2.899727720711196832e-02
-5.577965866175615267e-02
-7.725307907595208023e-03
-5.844309444652917573e-03
-5.901728776767124762e-03
-6.085956113729217715e-02
-1.253379582373479600e-02
3.151314862727861484e-03
6.921734889168508487e-02
-5.336539781783629366e-02
9.620982294772081889e-02
5.375245941236954372e-02
-1.408261230580552803e-01
1.017880808274688048e-01
7.530915698328323471e-02
-3.456887639062942302e-02
-1.858503194492135413e-01
3.627464762036698709e-02
-1.950424415895609526e-02
2.453160909853331802e-04
-7.500493241327585436e-02
8.487935535008259147e-02
-1.005806792143552376e-02
1.039134899206064500e-01
-9.955914881741212419e-02
1.276100306799880096e-02
-6.104651459358913929e-02
3.507099903151263132e-02
7.162794569576408366e-02
5.998242138367319842e-02
-6.686250640449528659e-02
-6.541855646080953213e-02
-9.065411849878998729e-02
8.406476701378261251e-02
-3.245040980855964236e-02
1.447317990738823494e-02
3.530039628157144449e-02
-3.502885097669453801e-02
-7.607163091656223008e-02
-7.164643981409166140e-02
4.185418774165104022e-02
-6.852122878195936184e-02
-4.319664045723441842e-02
-7.007236398153537937e-02
9.959083823796018031e-02
3.310637944523166926e-02
-3.561856089654980018e-02
9.895290059811007177e-02
9.914104757699551684e-02
5.048886478965893682e-03
5.403007162706285893e-02
1.272556157026686480e-02
-7.114331232608664402e-02
3.671990014548805192e-02
9.324063313368174954e-02
4.140609637476166255e-02
3.353350277641357902e-02
1.033495616390195555e-02
9.214828979759209088e-03
2.578539856694009313e-01
5.087298119486171472e-02
5.723135454619845963e-02
-1.130400791957313356e-01
-3.960285602098588022e-03
1.035247762279712103e-01
1.024519176174778536e-02
1.046933132426808473e-02
-1.935376702776631097e-01
4.782772600412836528e-02
1.026841417010125775e-02
-8.471197051221718288e-02
1.004306079034520544e-01
1.683951260179916004e-02
-6.398318494236483744e-02
-1.931489673556554543e-01
6.514986697237279412e-02
2.582729964686613505e-02
-1.261006795941369552e-01
-3.547239753006634078e-02
7.037535436539951034e-03
7.128684451259570398e-02
1.249609063195472880e-01
-1.331352172921495269e-01
-6.393139722215078480e-02
-5.223301408372075377e-02
-1.149483454238966196e-01
-3.828147217953886683e-02
1.739179392759832715e-02
1.214141093923719189e-01
-7.565666423141356733e-02
5.003316456442129939e-02
-2.200047317546899653e-02
-1.677609366256315945e-02
3.129429020981818604e-02
9.137422839316898526e-02
6.757213957368849756e-03
-1.893694388270414086e-01
-2.234723915543758987e-01
2.809917871664844302e-01
7.269912129549072066e-02
-2.248219861670400221e-02
-1.893158695081752219e-01
1.006764163190518591e-01
8.023645606013349307e-02
-8.078206436393758905e-02
3.920412911810185197e-02
-8.282650912003849952e-02
-6.052047072225141128e-02
-1.076582374914697160e-01
1.451049724656499895e-01
8.077170942284017663e-02
-4.606410274305088037e-02
-1.186919393588370701e-03
6.461739927012163931e-02
-1.094107842769890954e-01
-8.155927012784668084e-02
-1.841544531092498826e-01
9.715643248252983644e-02
4.300456549352519309e-01
-1.087061597652693445e-01
7.229992599696495603e-02
-1.220080437425489495e-01
-8.845521643016815427e-02
1.876966161984286539e-04
3.088113713948576269e-02
-8.481943669222376248e-02
9.882657949906925587e-02
-9.938607535473543975e-02
4.325689590365934534e-02
-3.960875650282302124e-02
-5.299733648267885427e-02
-4.283340554788121063e-02
-2.194017581290636648e-02
4.585384983129165565e-02
-8.932537224238838378e-04
1.088344199218150427e-01
-5.050850121336910442e-02
-1.509082915799059010e-01
1.144955259891913130e-02
5.175315170229522095e-03
4.808101012832496218e-02
-3.392850925711644872e-02
-6.772826584996292920e-02
-7.153035992328023174e-02
-6.552754235823925189e-02
1.249617859418141082e-02
2.135532225153997585e-02
4.103389517273112186e-02
-4.089993083243281813e-02
1.419724461859775688e-01
-2.810931343348268066e-02
-4.056931493208133094e-02
-5.844473148456699740e-02
-2.585764556171105209e-03
4.162469886720068096e-02
-6.338735726416924732e-02
4.443207047068269133e-02
-2.235363813990421875e-02
2.310269302753220622e-02
2.764496089741876050e-02
-2.593858529850275041e-02
-3.174325117693577170e-02
-5.667736905196617964e-02
3.864068674148102289e-02
7.949580575560538653e-02
3.736089485211376710e-02
-4.472089594113710931e-02
-9.060892587005761611e-02
-1.234961217110455978e-01
-1.488527214963770717e-01
9.964072989918799916e-02
7.882324580854441209e-02
1.304831375560930665e-04
5.348420626704829262e-02
-2.735146202077461813e-02
-4.563865180428961638e-02
-4.221256008568861212e-02
1.917602874104055652e-02
9.204687738118953744e-02
7.383527502333478432e-02
1.031055684065784739e-02
-1.821535403325912766e-02
-3.429411318851188772e-02
-2.780692937667763459e-02
2.450168691413192462e-02
-4.874538946602121475e-02
-7.504823738774305496e-03
-1.451508400779367644e-02
5.861401913475194903e-02
-2.741752921462943179e-02
-5.426386890296466120e-02
-2.421392240041637944e-02
1.161771396541202567e-01
-5.966737041236091360e-02
-5.552423320248282834e-02
2.354352492093774937e-02
1.087995542738377924e-01
-5.538095825428262370e-02
8.313437943430007637e-03
-1.572135644195596371e-01
-3.967887707445059281e-02
-8.875535903919344605e-02
4.122648512452175423e-02
2.231020157800935877e-01
2.567908821344593723e-02
-1.624339165649480998e-01
4.745634678265984313e-02
6.583662707663015534e-02
1.685599554627454505e-02
7.160514647781897335e-02
9.463055263520356308e-02
3.709364343247432277e-02
-4.411086281705011575e-02
-9.630385964772142371e-02
-4.950793141781904133e-02
-5.306901165647952973e-03
2.765930734540234665e-02
5.424236510064592981e-02
3.643035552918561827e-03
-5.226676978170340798e-02
-1.351285386919826859e-01
1.279713735062482649e-01
6.435140803908348528e-02
1.771281250874099933e-01
1.623698138316736761e-01
7.914803224163527440e-02
-5.627798426191508996e-02
-3.807778891325541010e-02
1.168658549041571848e-01
4.363064384141986107e-02
-1.060829544041229783e-01
-4.017755535247283238e-02
3.768250925100020965e-02
2.052371647298569662e-02
-1.791509553459758319e-01
-8.338488871631857813e-02
-1.741261630150969103e-02
-8.693221374480640182e-03
-7.101455423426655811e-02
4.342311002216210636e-02
9.970711327908270138e-02
9.230220783107044580e-02
-8.103388319650804694e-02
1.842724453513597260e-02
-1.824877374679957642e-01
-2.062148469397060563e-02
-2.612972887948375803e-02
-7.405428025422679250e-02
-9.199773725546787906e-02
-1.009410257264830788e-02
-7.440705045747125768e-02
-1.753705516675313769e-01
1.673430926838516408e-02
-5.452147763541265874e-02
-4.533071755616659843e-02
1.047871897932713299e-02
-1.258629133115831029e-02
1.176835729239286144e-01
3.839688544711609974e-02
-1.357985039869022137e-01
1.267951303959359566e-01
1.845165836969092643e-01
-3.143867843046257299e-02
-1.879541735599479443e-02
1.260665336218057264e-01
2.379646191655215154e-02
-6.054286918094550773e-02
4.947284359139252075e-02
4.185342778157803700e-02
-7.397857736238242117e-03
-5.057554816464990971e-02
4.456047575870485805e-02
5.178943546120606117e-02
-1.233757262934416510e-02
-9.378001383546888392e-02
6.597358763558758277e-02
-2.654746016451826202e-02
-9.491432339892403452e-03
-7.424573903952164100e-02
-4.200453937679239635e-02
-7.334921782224831932e-02
-4.505199592240277662e-02
4.629625496362738124e-02
-1.343609706680276572e-01
-1.182383002416332318e-01
-4.191244246851781423e-03
-7.232990592120962237e-02
-5.959356623736929842e-02
5.305561540735490716e-02
7.468662976810516718e-02
-2.206750518726703983e-02
-6.820851597512846143e-02
4.847237811053671519e-02
8.786910384248514116e-02
3.248836327444703381e-02
8.518644062314968679e-02
2.518043608398074992e-02
7.394259289311385860e-03
-2.212699735784496025e-01
-4.497752953429667855e-02
6.913286749618520466e-02
2.455000664288993148e-02
3.892204342045518101e-02
-2.591907274257860064e-02
-2.342344371135907447e-02
5.667739416192645041e-02
8.965755003106951060e-02
-3.054117451495268198e-02
3.534805720614818403e-02
-1.286641752594739896e-01
-1.249237752431799908e-01
9.223741562860660048e-02
1.568897249329205545e-01
-1.098728291182824585e-01
-4.393166807980602995e-02
1.028402228730326690e-01
8.912175945505576569e-02
8.109493052847500938e-02
-3.076879038585753415e-02
-1.585223252124706370e-02
-9.169003276388980328e-02
-1.234873774347891862e-01
5.082961483929478164e-02
7.982614060489598429e-02
5.710499651918832242e-02
-7.293362412787439408e-02
-2.872109733252242725e-02
-1.234495016420302654e-01
-9.472503134187064411e-02
7.748938808148442270e-02
3.287778157363295019e-03
7.964036669342332286e-02
1.588774420028369605e-01
6.743020239373316571e-02
-1.717956039707412841e-01
-1.377079535613665202e-02
-1.164002025548981772e-02
-9.747561240941646221e-02
3.857375190523557734e-02
3.552893936652810197e-02
-1.668746501892970080e-01
1.290992773581572418e-02
-3.618749258615065051e-02
1.342468587930821522e-01
1.078268718678733334e-01
-1.687481496560706146e-02
1.362417330130347506e-02
7.850174378102153794e-02
-5.969719101807727940e-02
1.143485674841078076e-01
-7.497635881610208337e-03
-5.389465840684008746e-02
-7.725933527151732788e-03
2.769256665109803839e-02
-1.015295137127087376e-02
-1.913451905189304803e-01
9.228979779914814330e-02
-1.744365001464618509e-02
-1.895634528484010581e-02
-7.423501821622993657e-02
-1.428161535895528314e-02
-6.143441011677252400e-03
-1.441970577115471164e-01
1.025900836839392510e-01
1.529740290626508889e-02
2.712433900626899375e-01
-3.864308207582907440e-02
5.102455281555293154e-02
2.513595065756320940e-02
-9.761222098125030278e-02
-2.306914342287959274e-01
5.941195565367842629e-02
-1.168351199331498814e-02
2.587066435019368116e-02
8.616725513785251922e-02
3.072177436305458670e-02
-6.777656389797281911e-02
-3.111874194207094046e-02
9.885629011741986494e-02
-7.800070397234598607e-02
-6.087368309920816040e-02
9.074512897492131858e-02
-4.320749933280060295e-02
-1.494471972212003119e-01
-1.788731584026994476e-02
-8.782414032480197197e-02
-1.167342446749390916e-01
-6.206831796979141863e-02
9.330418283985578154e-02
2.135627327786871477e-01
6.352942236388760266e-02
3.305240812672897294e-02
-1.409270331027047407e-01
9.913209936657182975e-02
-8.011232860650632434e-03
3.758708136088500379e-02
9.064768694643550451e-02
1.349796902087245787e-01
7.021231217938651847e-02
-1.460195049530464140e-01
1.036290890898179055e-03
-8.113950299469721572e-02
2.654354280496422011e-02
1.355327748740219329e-01
8.932476280160385473e-02
1.526355068189982345e-01
-3.478225239926882595e-02
-2.961886847402450673e-01
-8.659147338845707420e-03
9.889986716505596090e-03
4.645725717001605859e-02
3.248224920224242890e-02
7.475900787020485494e-02
1.517777522879348515e-02
-3.807818153518348347e-02
3.961016228671185302e-02
-1.469391235019079124e-02
1.946766127086218753e-02
-3.606727141221945099e-02
-1.267895384571106066e-01
-1.138639968884384845e-01
2.710609616634784835e-02
1.399817710555221473e-01
-4.141924826304375570e-03
2.801302296529256317e-02
8.614289694655551111e-02
5.641152733534150754e-02
-9.833843662067550187e-03
-2.242473224500325657e-02
2.947699599143358343e-02
-2.416906420872758088e-02
6.431138982205850119e-02
3.218731276109497441e-02
1.420356428164703810e-01
6.536348941719824501e-02
-4.066072552965326742e-02
9.878818255335257426e-03
-9.046320313070518870e-02
-2.418665035392002574e-02
4.741970965390387982e-02
1.255977071149722568e-01
-6.997324617249217615e-02
-1.640788664074692427e-01
-4.545148141741819220e-02
1.391115096902127007e-02
-2.011301205464557235e-02
-5.876886936173051842e-03
-2.388328936489263546e-02
-1.345596546565051566e-01
-7.279783900602150581e-02
-1.036829569203832485e-01
-6.739882462891774728e-02
3.901260398467566032e-02
4.834234383678387426e-03
1.355202079458571809e-02
1.692989942219887134e-01
-1.270100142883694681e-02
-7.745034561587563204e-02
-1.525430731456100253e-01
-6.153361148870360731e-02
-9.065025214646406371e-02
-1.918473671012001225e-01
-8.760557427344281556e-02
3.157016529702165453e-02
-3.893837685547816424e-02
1.666252880813766379e-02
4.103460568518610407e-02
-7.391416818935483968e-02
-1.522883988035458880e-01
4.965694163823825003e-02
1.440307170667782036e-04
-1.599464329386647218e-02
-5.241237243526291299e-03
-6.849537303518055467e-03
4.912101787096645467e-02
-9.483087522142620573e-02
-2.115455116186930676e-02
5.338474609202572413e-02
2.909491952150457250e-02
2.255788914712116011e-02
1.925745778394167239e-03
-1.178076870694911259e-02
2.732790206660930254e-02
4.716888090986987025e-02
7.891752924204515143e-03
-6.806555018254746570e-02
7.371265143349357840e-02
-8.358543478077441746e-02
1.257335273234419515e-02
1.568978066200454186e-02
1.307343296583451595e-02
9.331528726135537855e-02
-5.620601116805125363e-02
-1.736047652587937584e-01
3.331367577102908178e-02
2.921532432846564789e-02
2.826945956733394397e-02
-5.117115837140821105e-02
8.356780724377772807e-02
-5.393721937855640303e-02
-2.941221116761496418e-02
6.616635691351695561e-03
-2.272083547759396957e-02
-4.983829401880379012e-02
-9.162757255442624538e-02
1.637725312038360304e-01
3.635533996401255075e-02
4.777604252727874617e-03
-3.201509560563858131e-02
1.207310692005327118e-01
1.225696070825736152e-02
4.460703018485095289e-02
-6.390762877648770157e-02
1.303075083909850662e-01
-5.136122309025501625e-02
8.012306224181925396e-02
3.371812306042597587e-03
-5.773694776449445759e-02
-6.857691657248704553e-02
-4.042701632123425065e-02
9.520244444851390375e-02
1.155031311372555977e-02
6.882350369174360105e-02
1.037393480018281716e-01
8.970844469103911312e-02
-5.147821304538878484e-02
-8.407562657098474612e-02
-2.132710112826828597e-02
-7.884972335092145512e-03
-4.668237263707384482e-02
7.410053286517816196e-02
-2.336065034985710873e-02
-6.408695494000708759e-02
5.603150368366571071e-02
1.095384830543136012e-01
1.189643841475399554e-02
-1.055529086419470658e-01
-6.445491303833102148e-02
-2.172447224744167293e-02
-5.263759800329426142e-02
2.298933544280967745e-02
3.300233597218085735e-02
-6.533696203640095099e-04
-1.214909601657737231e-01
-1.828885552627090502e-02
7.221394102983196006e-02
-6.553553747478656211e-02
-2.301534869137009665e-01
9.867145311986223744e-02
1.539443398667451057e-01
1.680399243742269205e-02
1.349668285294111092e-01
3.786191440302985427e-03
-1.465411512181101668e-02
3.091795520994535321e-02
1.058895297691661488e-03
-1.874549528235850970e-01
-4.583039989992392094e-02
1.210044586465723188e-01
7.736639252188880211e-02
1.864492872365475229e-02
-1.628375930149974365e-02
-9.871250692850178088e-03
-9.506640059639467899e-02
4.666180370209535577e-02
-3.716570807891861339e-02
2.698679883361599849e-03
1.285620090779551472e-01
7.838783498026045959e-02
8.358904817018791497e-03
-1.670702938579510521e-01
6.856606670511160295e-02
2.018870327217362759e-01
-5.448413079757115883e-03
4.928569575651210559e-03
8.102256319063097512e-02
-1.245065850604533397e-02
-1.158437833008025969e-01
4.272636871751799015e-03
1.332849447899032980e-01
1.786189081861148942e-02
2.141945216880892788e-01
-6.773966435917666562e-02
-5.868220501044363324e-02
-1.376370682346143501e-02
9.135806050766588637e-03
-6.631514975744139118e-02
2.057280072115298397e-01
-8.307005938846605264e-02
4.106270394850797950e-02
-9.307669726749635830e-02
-7.649312613248275550e-02
-9.457333561405679989e-02
9.239527036610518940e-02
-2.918831869344695046e-02
7.091630621621226524e-03
1.845613433662368630e-02
7.961709440549295802e-02
-6.176374467369700333e-02
1.677310269092559258e-02
-1.778595076069274666e-02
-1.899643798709747117e-02
-1.475386557952781674e-01
1.635968302356236720e-02
-5.370180308493568977e-02
-2.366726229321020059e-01
-1.157934392066116008e-01
1.316145346858900965e-02
-2.547963712595010741e-02
6.796104124382790213e-02
-7.822423093487425316e-02
-6.439514383632907735e-02
-1.109066722744358330e-01
-7.022784600502433860e-02
-5.008415695821344382e-02
-7.579361346884502804e-02
3.461287135198957282e-02
1.059793495966941945e-01
6.441641680003654113e-02
-5.579927141533470164e-02
-1.168226729031283592e-02
3.036736324184831012e-02
6.138878924672583684e-03
9.814793606055537134e-02
1.257300525614334086e-01
-1.122558269890980981e-01
3.834088007956977517e-02
-6.882730950432265626e-02
1.149626279632136733e-01
-2.135277016544399054e-01
1.010183377804004523e-01
4.751658582942831083e-02
4.016579435015130844e-02
-5.469938473193568934e-02
-6.480971727025339191e-02
-7.371050285278921144e-02
-1.108325944676097352e-02
-5.554649125891434475e-02
2.154378836088313987e-01
5.669252061039588286e-02
4.746428394337550566e-02
-9.012442904207522421e-02
1.412846688082929070e-01
1.167417141826404270e-01
-6.372743094511321149e-02
-4.075873663359519394e-02
1.515037211453084363e-02
3.241591317309409914e-02
-7.059753806826540856e-02
5.710953614841998704e-02
6.407093470100234944e-02
-1.154019663476090057e-01
-1.825056000712041437e-02
-1.064450481677512994e-01
2.411374101935410616e-02
-7.179887225511219322e-04
-9.313354974978868550e-02
-3.802044898282083002e-02
2.455747701967856134e-01
-1.455522467359841310e-01
8.598493548901768591e-02
1.035679945073368913e-01
1.346107564284798608e-01
6.442540976191257242e-03
3.636213000730844497e-02
-3.651404516996192839e-02
9.910389048999297679e-02
2.286667123405265213e-03
6.813560050668480972e-02
-3.667407018988577683e-02
1.016368017052479561e-01
-3.068114469115017923e-02
5.276757251288402562e-02
-9.760291608224126725e-02
4.785472514524978863e-05
3.493581488646441829e-02
1.765332175742570231e-01
1.063118136677977943e-01
3.671301774469303697e-02
1.189926566091313864e-01
8.244656674736229943e-03
-4.131032967934266525e-02
2.901714393521888716e-02
1.669168452094213495e-01
1.448658255240782289e-01
-1.980464150622408478e-02
4.085040392367911971e-02
-7.894024140663538636e-02
-1.389674285143622720e-02
2.998923288323596115e-01
-4.598720057867864558e-02
4.963846736085582995e-02
-4.739739177956628358e-02
-5.851762583853218486e-02
2.107112273584187678e-01
-1.665316009765393374e-02
-1.132413820803658683e-01
-3.807111120145483668e-02
3.953984280438493926e-02
1.604750976209576990e-02
6.629014237632306628e-02
-2.051563474647135482e-02
2.948831804498046327e-02
-6.474858247432198344e-02
-9.018965745538579104e-03
-3.234625651315992806e-02
-8.436271846963674936e-02
-4.353207834013932132e-03
3.295388494176448163e-02
5.389948701742160869e-02
4.505868732778906677e-02
-2.441154500235742653e-03
2.891873169785125208e-02
-1.577310034858964150e-01
1.765373756007737951e-02
5.316581892130939346e-03
1.073862384758943883e-01
-1.820991770094872175e-02
6.461105309613732195e-02
1.352301285913402353e-02
-8.778299426920593840e-02
-1.381888542018933075e-02
1.934967491452697919e-02
5.956683318222000950e-02
-5.621030603272279087e-04
-6.326858193193213298e-02
6.447345518792950425e-02
-1.964819249238256849e-01
-1.289211379337399932e-01
4.640687771508253401e-02
5.169320022382235813e-02
1.796979575209025626e-01
-1.583655074230322368e-02
-3.333262230483880623e-02
-3.951437721402571018e-02
2.801100294033320205e-03
2.886469248822524231e-02
-7.766828043957538924e-03
7.628488480579032061e-02
1.185533991782859904e-02
5.065969401496830948e-02
-1.258392651993129815e-02
-3.207247285615300036e-02
1.314104382968663519e-02
-5.123848955775491681e-02
8.677165197328130103e-03
5.898199180517689488e-02
6.645549810182033168e-02
-4.666826697103744481e-02
1.507765887640001232e-02
-3.458453281815469099e-02
8.025141720768214082e-02
-3.736100831597388705e-02
-2.212333334994212586e-02
9.968687839660919647e-02
-2.633050302981781218e-03
-2.681270495937194270e-02
-4.727705818814512823e-02
5.128725819943012049e-02
-5.457387422929543819e-02
-4.335418059034077710e-03
2.164154102237183241e-01
4.706012343474456211e-02
-2.408585639982784021e-02
6.209506372343342843e-03
3.632778973193634409e-02
8.155777865956790121e-03
-1.194594271700481491e-01
-1.656659192085005727e-01
-5.715361149305724087e-02
-7.052224192386906398e-02
-3.377483352728415794e-02
5.143526184199169460e-02
-3.923043428283880252e-02
2.680630242711459776e-02
1.902559910281879235e-02
1.249768001345030397e-02
-1.172560959399360572e-02
-3.058151690030942726e-02
1.144057148794842271e-01
8.881293129102084405e-02
5.313423994942641920e-02
1.234717703355731055e-01
-5.113398528302563750e-02
-3.259258878644677448e-02
-1.726773188780403312e-02
8.714074330707549665e-02
-1.397544229545754843e-02
-6.738740192196071566e-02
-3.097917520441815023e-03
-9.660627136011183669e-02
-8.617079615056665032e-04
7.967541026605168275e-02
4.129132054060071638e-02
-7.734328597426193275e-02
-2.268137689479056071e-02
5.255696281401742859e-03
-1.652415619976370931e-01
-2.730560870770366161e-02
-9.566998431363638034e-02
-4.597163076617731547e-02
6.919463744284559681e-02
-9.381334929628815100e-02
-8.618635996861183368e-02
-6.252277793020682983e-02
5.246961180665834362e-02
1.153340447128707730e-01
5.112707696903922780e-03
8.266921091079212913e-02
-5.076544771442965259e-02
8.740185612371095814e-06
-1.278164097940144746e-02
-3.294439026675791138e-02
2.341737870481684983e-02
-2.676225191336278550e-02
3.093862229273022790e-02
7.378231707491932079e-02
5.661908113879503962e-02
-2.640251118256273927e-02
2.145675147125903834e-02
4.476243640523084460e-02
3.886868449463920516e-02
8.005731480539753087e-02
4.103227323480379551e-02
9.052299556421174523e-03
4.432823427458662015e-03
-4.680649994781137246e-02
-4.122815647132994921e-02
-2.697652277190616329e-02
7.343457415560437906e-02
1.909119121066230745e-03
2.963385412070410757e-02
-1.242094350603166301e-02
-1.818824069907041263e-01
4.210553167906545130e-04
5.167198600823073168e-02
1.150995927982451442e-03
4.354804381292894100e-02
5.240159774304461310e-02
-1.630681532002064282e-01
-6.269039056921284214e-02
7.313012966026368952e-03
-1.202814358106221292e-03
1.306090490643821607e-02
-9.581458511220335150e-02
1.616461232605078194e-02
3.876959455488045159e-02
1.045160440587977052e-01
7.497116458367385217e-02
-6.533536397082883446e-03
7.602327884882838227e-02
6.300611726904858934e-02
4.066364180853839633e-02
5.019262197181607876e-02
-3.406261648675278780e-02
5.629859104202069447e-02
4.336069366824142624e-02
-9.050507755116815600e-02
-6.044972741455603704e-02
-5.007180020707298340e-02
3.333717568417626786e-02
-1.739349060744373784e-03
-8.391270128727043587e-02
3.599921344851805816e-02
-1.032589329467985956e-02
-6.383927303905036210e-02
-8.284451330029142524e-02
8.091013441109376481e-02
7.573542086866665024e-02
2.221017702953540784e-01
8.863349177922759392e-03
8.665052391220376404e-02
6.091334658562249510e-02
5.431545250782614243e-02
-2.285099417088966300e-04
1.502785058983659855e-02
-9.381254312271515572e-02
1.042680976203388538e-01
1.743352189923264711e-02
2.293117465322067755e-02
9.863867385257539533e-02
1.157906574331678817e-01
1.297283785857798188e-01
2.666671829660745285e-02
4.793290441977030719e-02
-1.840860901047032885e-02
-1.665016616167943816e-02
-5.412483118858339021e-02
-9.847092106274726864e-03
-4.073511044324513997e-02
1.440465999698218869e-01
-1.417000049894072411e-02
3.959548820785436379e-02
2.578984091475309409e-02
9.262638741165346579e-02
2.398925247708166494e-02
-1.054539704785514703e-01
-2.785355707957356750e-02
-2.144465178270566277e-02
-4.670291163595091666e-02
5.077484265513040537e-03
4.720217939809526198e-02
3.286019822802360713e-02
-5.131050650435688837e-02
1.604743610677703989e-03
1.183983223527840939e-01
1.914841674737453002e-03
2.495681071970742154e-02
-9.775015919563549704e-02
-6.371308814715989643e-02
-3.582236057987493640e-03
-8.499792908665827762e-02
-1.337949228017305536e-01
-7.453680727935672878e-02
7.669204862280044888e-02
-1.704030417076746184e-02
-7.910671981859265789e-02
-6.615585156793019062e-02
-2.953555750332224894e-02
9.825304327685354527e-03
7.028624056423100896e-02
3.060131266568443323e-02
-9.562343276642203127e-02
-2.972572282972818850e-02
6.858342640546383207e-02
9.963693556270291143e-04
9.265500629626888252e-03
3.125747338160605321e-02
6.576080660573882519e-02
4.384449521224830643e-02
-1.094079571678465285e-01
6.528831350676390921e-02
-6.556355877268055243e-02
2.213118637523585341e-02
-7.126444626705677465e-02
2.582508579127917175e-02
4.974746603392021099e-02
-5.123517182614462789e-02
8.682925410504814534e-02
-1.967361254459924769e-02
-6.931920728142962861e-04
1.562498003136973956e-01
-2.247233105324101393e-02
-1.071342211371882763e-01
-8.059782703808537896e-02
-1.707391512134916189e-01
-1.070501790024973865e-01
-2.162380717063848989e-01
1.377317762287801235e-02
-9.281182702231710949e-03
-3.614437638123411262e-02
3.632687886087995408e-03
2.692623269004885619e-02
-1.283726328902443647e-01
-2.479689518058858164e-02
-9.016679658842702283e-02
-4.958154643097992947e-02
4.513628482120715310e-03
-1.977183468122344773e-02
1.074075566527145503e-01
1.971346147780955738e-01
-2.192678634066474314e-02
7.579478772699366207e-02
-7.758824479008631647e-02
-2.345551887065163918e-03
-3.702883793950121488e-02
6.943260900761202836e-02
-1.737163463278708353e-02
1.137660568655536331e-01
1.729532051318508415e-02
5.720308904443235920e-04
4.089009748262485179e-03
2.310291141242004978e-02
5.214761933634658869e-02
-2.497574388581818433e-02
4.824011307775227797e-02
-7.739765018039513472e-03
-4.875958644957653632e-02
3.230978660945914988e-02
3.107264638080822414e-02
-7.277365505137239898e-02
9.008578717830106886e-02
1.300985268829290276e-01
-7.071957246186295898e-02
7.121716881612764893e-02
-1.362446314931143286e-02
-6.807754611075231277e-02
9.879033120027483350e-03
1.361678594214288385e-02
1.548612959209704626e-02
-1.379173674790047308e-02
-3.947173751623959947e-02
-1.477469652786221783e-02
6.824608448836295971e-02
9.270830669234600419e-02
-4.363648090289005965e-02
-3.601519203701671057e-02
5.991738645882661168e-02
2.859739519824778392e-02
-9.880362726497710080e-02
-5.407833665240771581e-02
-1.350029150836905556e-01
3.461333244387766045e-02
3.755749476563217948e-02
2.548626418018393874e-02
7.102843517631511616e-02
-7.325926949573588129e-03
-6.046531417004108455e-02
-8.757043459108063144e-02
1.944668284049177326e-02
4.680250136823073392e-02
5.320799079695968936e-02
8.092476896588186863e-02
-1.294831221148723677e-01
5.244264847062219542e-02
-5.896255606636366386e-02
2.115975462496306678e-02
1.560648837705995093e-02
9.769131366270371319e-02
-1.154422291308941917e-01
-1.151034197608761522e-01
9.125948606694747611e-02
8.514886390821910234e-02
6.052416752636318592e-02
2.999291545149784105e-02
1.759889445728506779e-02
9.408753453643831088e-02
-1.227354679515634817e-01
-4.427708054291477902e-02
-4.602044692864822040e-02
-2.039106601156579976e-02
-3.272595403986504510e-03
1.245324255478919284e-01
-1.514459147391729842e-02
1.606678008360551690e-01
-1.589906604631594889e-01
1.220242493551119828e-01
-3.701377375563805888e-02
3.648795250602103468e-02
1.049545670517094409e-01
8.158826674167085624e-02
-4.906899763255701680e-02
-1.734291422313355424e-02
1.093627024522078606e-01
-8.541518190746964778e-02
-3.998422154156165004e-02
1.776700327737688531e-02
6.858957807904347836e-02
-3.862701674278602726e-02
-6.978037764704379114e-03
3.945980180559197775e-03
-4.674207753967204310e-03
-7.884933645757197240e-02
-1.768753673844702390e-01
-9.907554904951175467e-02
1.028365633854529532e-01
1.247581703120576313e-01
4.323203734270977122e-02
-3.614917704077025284e-02
1.436999720096111474e-02
-1.152292440655740824e-01
8.057801188911192097e-03
1.729717639131573004e-01
-5.232664111686624597e-02
-4.124260405412698283e-02
2.994773166756133434e-02
-3.702400108617785127e-03
-1.073828930065682391e-01
-1.466572773381040473e-01
2.825034067562165463e-01
-6.723914285933176027e-02
3.352804895738398846e-03
2.098525184224812531e-02
-1.753821302619756328e-01
-1.311451321998640951e-01
3.812542396874223083e-03
-7.082927984495240858e-02
2.283290805500324053e-02
2.860678178633218466e-02
3.803823411606566812e-02
-1.519223082944591852e-01
-4.434350793426843074e-02
3.182698373939888553e-02
3.606910745650882683e-03
-2.141352290332580038e-03
5.688796659789801397e-02
-1.833148149384911454e-02
-4.530549718502071416e-02
-2.846491194157476159e-03
-2.030983354135330876e-01
-1.352016541684073481e-01
-2.580208857427954139e-02
-1.695562827661076591e-02
-3.567958032920874600e-02
6.200374753287031526e-03
-7.896748970562703432e-03
-1.038341138733427094e-02
-6.419552937645585378e-02
9.783679151421617592e-02
1.026162171736854090e-01
3.927722610862780309e-03
6.634644632941423537e-02
1.981783076782746567e-01
2.030173260385496892e-01
1.776100106191582512e-04
-1.093967708314947662e-01
2.741254602577914562e-02
3.408602263231456930e-02
9.723208154216456123e-02
1.873064952890448331e-01
1.522730196277541012e-02
6.062091996052765275e-02
7.762982211321493853e-02
6.615652449096637300e-02
-1.160086561956611730e-02
1.378653412496829156e-01
1.052575217035066485e-01
6.724125742580780440e-02
7.841892224065045991e-02
9.891250247062090273e-02
5.331167266058399468e-02
-2.441693335200273984e-01
-6.050791097908009286e-02
2.182755060183627378e-03
1.003907608660793566e-01
8.334588322826557566e-03
-1.495286701928584538e-01
-1.023895179849612647e-01
2.507520671930088541e-02
-3.767624430644408821e-03
3.358451014793382983e-02
2.157032094324872265e-02
-6.929701645545277740e-03
7.619719299562756343e-02
3.450677491405352432e-02
4.364563907549954408e-02
-2.982900963301544223e-02
7.743388320954197601e-02
1.054619461224021448e-01
-5.365956704969890995e-02
-1.938273169062686152e-02
-2.039804105593603228e-02
5.798201782662319032e-02
2.701566648585353517e-02
1.328756481823243490e-02
1.116048698186718341e-01
5.196030032583841968e-02
-2.349131868826299235e-02
9.159046520393411550e-02
7.984822821892895162e-02
2.937149729172402329e-02
-1.647174071165490722e-02
-2.370189200721950148e-02
-4.077128657975073039e-03
-6.396455685959585857e-02
5.134876035251313003e-02
4.143078625642051399e-02
4.963116237339757625e-02
-5.024866446516190049e-02
-4.316574683711462551e-02
-1.866380096274296019e-01
-1.810811093263854921e-01
-6.997307455263557241e-02
1.992884520733538278e-01
1.050792469961737141e-01
-6.949725927570264694e-02
-3.733378599188157121e-02
-9.242029690613745574e-03
7.265751676667689396e-02
-3.271772245116364580e-02
-1.022580976926426855e-01
-6.742538748435483731e-02
-1.044366641285017494e-02
-1.052819221525162774e-02
9.796811640557680223e-02
-4.033475430855152505e-02
3.930173046407393206e-02
9.796331399128375972e-02
5.368044637788795675e-02
-6.931411424012902389e-02
-1.076081060680044027e-01
-1.830038254771165079e-02
6.940795331260965484e-02
-4.358237274032311648e-02
2.365134845461639157e-01
-2.953760799000637940e-02
-4.454804092676140775e-02
-7.537122529053749687e-02
6.912468341855047826e-02
8.840164365862364371e-02
-1.336507024646943660e-02
1.852009380057272336e-01
-5.505367586232938482e-02
7.589033802550605723e-02
8.734986757571834570e-02
-4.540552437519276147e-02
6.070044892999513358e-02
1.719733902816544119e-02
-4.376525441727885379e-02
1.099738330770722999e-01
-6.189481015811107434e-02
8.922674040099506931e-02
-2.125712876726218101e-02
-4.042533042396860565e-02
-7.765079739147073834e-02
1.791567441390891913e-01
-7.690686215235674472e-02
-1.246260669865322801e-01
-5.486271318190058532e-02
-5.255378744106077582e-02
-1.182555485377451837e-01
1.049259813668498333e-02
1.367524682089917010e-01
1.505932314447528397e-01
1.198953016904154012e-01
-3.962702002754051045e-02
-4.966185717726533805e-02
-2.375857532107070874e-02
-3.376472039177428469e-02
-1.942206798835148240e-01
3.409927408472688409e-02
-5.434139175095632768e-02
-2.618877813654442444e-02
-2.619660115124721952e-02
-4.647935929844571740e-02
-5.066845026829090541e-03
-9.532589460976399753e-02
8.250527786000770580e-02
-6.594784651892607319e-02
1.191883178079354011e-01
2.225391770337492234e-02
1.186637946635296370e-01
6.737217420986027494e-02
-9.938133039262922810e-03
-1.594681729275904680e-01
2.052716261602905989e-01
-5.487222857955770944e-02
-9.318869058540801831e-02
-4.469845242742000874e-02
-2.746451940870083333e-02
7.975705492471593661e-02
-6.495342565902896548e-02
1.723924618695546994e-03
2.534946970011563161e-02
3.987483140000997774e-03
5.563091448784671794e-02
1.440789261190702497e-01
1.562106348382452312e-02
1.195761325667614727e-01
4.383783360568483528e-02
-3.561307058563273342e-02
3.874163660064235820e-02
-2.742458908771691281e-02
-1.367224668670353471e-01
-2.398924891350220565e-02
-1.004804381929221870e-02
1.251350793365963721e-01
7.123771763091743536e-02
4.579968325735737336e-04
-6.444493314008693796e-02
-1.035201612158812290e-01
-1.432281554846755699e-02
4.444148333347661822e-02
1.745786933927765683e-01
9.598344076889678278e-02
6.602931263993618016e-02
-1.538635135729169399e-02
-1.340816230399313191e-01
-9.759503405586136826e-02
-6.510756709922242702e-02
2.203808065185502985e-02
-8.003998965393351039e-02
4.341916068504795417e-02
1.740349210978982264e-02
7.548329140708587293e-02
-1.790453793218656914e-02
-1.006282524236431358e-01
-2.066448276791117006e-02
-2.189858191725806980e-01
-1.941769499971050458e-02
7.659567569178308589e-04
-4.158284205537215311e-02
-7.256986818427695052e-02
-6.777956715798592879e-02
2.402525849883614326e-02
-7.375895885436473121e-02
-2.718210772960156230e-01
5.074518951273723766e-02
1.451819281667500114e-02
2.062008355088325862e-01
-3.249049104891974654e-02
4.888099555743208313e-04
-9.340598067241409619e-02
-3.406694094259602595e-02
-4.967318235102709256e-02
-3.224726466575991712e-02
1.192294861409480267e-01
-3.226145065141976243e-02
-4.396195193477497182e-02
-5.047745123692009422e-02
-1.721720230648390512e-02
-9.619859569122066190e-02
-6.538154126509862496e-02
7.706023476748305456e-02
1.060390170646730024e-01
2.078416138120500190e-01
-8.572571418079745487e-02
1.261070689663265805e-02
-8.746062038250857970e-03
6.905353530481449925e-03
-1.547738114383793995e-01
6.565032759295172902e-03
-1.781767967804524788e-01
-7.462391967743881027e-02
-4.269736322217995012e-02
-4.609640678581439915e-02
-1.050016515090657077e-01
-3.979869476099143211e-02
8.366698593708367382e-02
1.992333783827868535e-02
6.627765760940949880e-03
-1.053979834533184945e-01
-8.951603878211571164e-02
-7.835690581817494546e-03
-1.828330743901075695e-01
-1.645810512967289807e-01
-1.391286545888368309e-01
5.063052802019787219e-02
9.873687403085804060e-02
-3.369846071055663389e-02
-2.134067067468135154e-02
-2.070608691202609764e-01
-1.509816049753384959e-01
-3.961568872107647243e-02
5.428084077273265945e-02
8.811464203255235661e-02
-5.994764252143676420e-02
-2.217135576553031298e-02
-2.681856468320348904e-03
-6.343753397781801140e-03
-4.777137463235288373e-02
8.058384779419433541e-03
4.351748698293240319e-02
3.754748472954816396e-02
1.218493737758881285e-01
2.898534650853024086e-02
1.022180717144848677e-01
-1.320079755189718443e-02
5.955587446749469049e-02
3.739409989677063006e-02
1.094870899380996285e-02
-2.716519232755262164e-02
-9.653523753769879812e-02
-1.073897151431158978e-02
1.733205472829237037e-01
8.504983541944860503e-02
1.446089329464250901e-02
-8.728990435922170943e-02
3.024113362025585700e-02
3.226503534579556326e-02
7.702353621487179058e-02
-3.649326293867886234e-03
7.294105022344958729e-03
6.149972406261859648e-02
7.833309959314666004e-02
-3.764132465449977934e-03
-2.625642560585169510e-02
1.526956146205097654e-02
-8.629772079432862508e-02
-3.869851616029587604e-02
2.763967443981704339e-02
2.259732823696669266e-02
-1.861249651096413479e-02
1.589204623390124971e-01
-4.429935972563683183e-02
-8.976562261533335696e-02
-2.109137994203088423e-02
-2.526882450846435271e-02
7.096140182036848876e-02
4.089528006048506747e-02
-2.030702919230924219e-02
