,AF_test,AF_retest,ATR_test,ATR_retest,CG_test,CG_retest,CST_test,CST_retest,MLF_test,MLF_retest,FPT_test,FPT_retest,IFO_test,IFO_retest,ILF_test,ILF_retest,OR_test,OR_retest,POPT_test,POPT_retest,SLF_I_test,SLF_I_retest,SLF_II_test,SLF_II_retest,SLF_III_test,SLF_III_retest,STR_test,STR_retest,UF_test,UF_retest,T_PREF_test,T_PREF_retest,T_PREM_test,T_PREM_retest,T_PREC_test,T_PREC_retest,T_POSTC_test,T_POSTC_retest,T_PAR_test,T_PAR_retest,T_OCC_test,T_OCC_retest,ST_FO_test,ST_FO_retest,ST_PREF_test,ST_PREF_retest,ST_PREM_test,ST_PREM_retest,ST_PREC_test,ST_PREC_retest,ST_POSTC_test,ST_POSTC_retest,ST_PAR_test,ST_PAR_retest,ST_OCC_test,ST_OCC_retest,CA_test,CA_retest,CC_1_test,CC_1_retest,CC_2_test,CC_2_retest,CC_3_test,CC_3_retest,CC_4_test,CC_4_retest,CC_5_test,CC_5_retest,CC_6_test,CC_6_retest,CC_7_test,CC_7_retest
mode1,0,0,0,0,0,0,0,0,0,0,0,0,0,0,0,0,0,0,0,0,0,0,0,0,0,0,0,0,0,0,0,0,0,0,0,0,0,0,0,0,0,0,0,0,0,0,0,0,0,0,0,0,0,0,0,0,0,0,0,0,0,0,0,0,0,0,0,0,0,0,0,0
mode2,-0.484163644,-0.485793878,1,1,0.527201099,0.442238371,0.787871815,0.790003584,-0.652442344,-0.636889153,1,1,-0.447422174,-0.408107135,-2.29760055,-2.195366339,-1.453474244,-1.482164501,-0.388626835,-0.34124841,0.286953854,0.306362006,0.043855523,0.024056419,0.117551009,0.14927182,0.381804729,0.385977412,0.579161275,0.5740286,1,1,1,1,1,1,0.234592143,0.241501443,-0.534257931,-0.538310472,-1.400361708,-1.47513171,1,1,1,1,1,1,0.830899409,0.833998872,0.206376159,0.211870401,-0.406722046,-0.402398283,-1.687613544,-1.805832477,-0.579840785,-0.590442165,0.923076175,0.915312305,1,1,1,1,0.866578861,0.868442031,0.226761217,0.226221444,-0.727841082,-0.703595329,-1.007518093,-1.003015293
mode3,1,1,0.343537773,0.345986724,-0.900153715,-1.011070887,-1.094730746,-1.075683395,0.320654789,0.309028956,-0.636626413,-0.633579148,0.174405805,0.162732625,0.977214225,0.884472943,-0.140484612,-0.143862057,-1.164860227,-1.173211654,-1.195543378,-1.165721363,-0.489929088,-0.468832186,0.273231447,0.278802704,-1.527677225,-1.535177595,1,1,-0.154352633,-0.158566613,-0.085628164,-0.066521041,-1.125188912,-1.048916563,-0.874929865,-0.862238791,-0.83761447,-0.867784322,-0.161044317,-0.147500476,0.687171543,0.693558293,0.000901607,0.009711661,0.08308299,0.092510719,-0.264674271,-0.25625541,-0.253234494,-0.267468633,-0.394192428,-0.398236466,0.087239322,0.133645759,1,1,0.409725329,0.4238174,-0.278093379,-0.350443995,-0.459465792,-0.469638939,-1.355324361,-1.318178686,-1.418179262,-1.416596593,0.067321052,0.053225999,-0.419017238,-0.431266024
mode4,-0.685238363,-0.7393726,0.545543262,0.554277045,0.830541181,0.776326526,-1.632061804,-1.6045414,-0.462559165,-0.470636796,0.062779699,0.062294546,1,1,0.916377583,0.863928605,1,1,-0.750309597,-0.811569405,-0.587290494,-0.585026593,-0.242633476,-0.251091673,-0.805541124,-0.81447732,-1.081300362,-1.067336598,0.487007963,0.472732114,0.329318526,0.338523713,-0.242684684,-0.201641515,-1.916188294,-1.873105558,-1.540892796,-1.533879965,-0.403957331,-0.446735032,1,1,0.86325596,0.864661687,0.422846708,0.436461897,-0.391612673,-0.353203124,-1.870180737,-1.830580737,-1.301488715,-1.297922487,-0.552770712,-0.578355137,1,1,-0.084669591,-0.035393753,1,1,0.429859118,0.391910615,-0.463585548,-0.453318606,-1.336233871,-1.323909698,-1.109976552,-1.079487228,-0.298628702,-0.314366281,1,1
mode5,0.132533777,0.228728637,0.045382129,0.042271544,-1.425189934,-1.423935856,0.271878413,0.263670583,0.306444459,0.321121315,-1.220596538,-1.222569629,0.34770413,0.378612695,-0.909449052,-0.765999759,0.596643793,0.614745067,0.976352386,0.95817029,-0.185347637,-0.213559219,0.478823666,0.49553663,1,1,-0.500740413,-0.529333951,0.180897653,0.199223213,-0.621421692,-0.636974779,-0.053981031,-0.042560165,0.421099385,0.449928473,0.964793422,0.973495116,1,1,0.54219775,0.587092538,0.407973196,0.405945503,-0.451356594,-0.450053383,0.226982024,0.227172339,1,1,1,1,1,1,0.367044229,0.367255131,-0.840585382,-0.889863117,0.037600442,0.054138243,-0.911703522,-1.002244578,-0.444702345,-0.460045542,-0.467653336,-0.439076002,-0.073659084,-0.114496665,0.295733493,0.287256219,0.282810659,0.307247836
mode6,-0.075974291,-0.096455418,-0.359612209,-0.341727738,1,1,-0.970413509,-1.025588008,0.372246359,0.377255427,-0.663974351,-0.673311776,-0.414070455,-0.39500975,-1.048222389,-1.000409656,-0.698508548,-0.693756142,1,1,0.259660312,0.239049664,-0.363414155,-0.32438769,-0.168736531,-0.214671759,0.801245697,0.784683695,0.709291728,0.708998112,-0.550409918,-0.538929263,-1.32247139,-1.293299315,-1.292061374,-1.366149854,0.173467014,0.14118742,0.771248686,0.824077134,-0.692845838,-0.687545428,0.565648281,0.57131272,-0.384367322,-0.35501477,-1.278762355,-1.274741758,-0.987283048,-1.071862761,0.084249124,0.066099356,0.559769372,0.572307491,-0.743227713,-0.746756581,0.161623839,0.15675882,0.765320385,0.753157679,-0.368792574,-0.374174381,-1.318122116,-1.303125054,-0.652457311,-0.702904174,1,1,0.664046926,0.695889217,-0.438655846,-0.430764555
mode7,0.922307874,0.999764654,-0.012838733,-0.000403936,0.038996914,-0.00800881,-1.016397683,-0.994289599,1,1,0.838412622,0.846001405,-0.205265837,-0.175032691,-0.298712436,-0.130490137,0.612533259,0.664041903,0.114816679,0.100745526,0.213170023,0.185883356,1,1,0.248257843,0.199663667,-0.476595734,-0.470794255,-0.501557009,-0.528775602,0.481790515,0.505074739,-0.427543725,-0.416097898,-1.284532722,-1.269313896,-0.358402338,-0.368068482,0.676503106,0.650285144,0.497773541,0.619434391,-0.271801295,-0.264547789,0.383370937,0.392345098,-0.661229341,-0.636305964,-1.086662743,-1.067012207,-0.294903844,-0.300507199,0.606469023,0.595788977,0.425662607,0.514882806,-0.508663508,-0.568103559,0.188519931,0.175805912,0.864843255,0.906998297,-0.247550323,-0.249427305,-0.866559429,-0.872416979,-0.354189306,-0.340726645,0.598909395,0.59030188,-0.270564249,-0.242924836
mode8,0.226535053,0.252148563,0.136530925,0.126093343,0.754448202,0.874738687,-1.083173613,-1.084840885,-0.04407211,-0.030287168,0.497998778,0.499889195,0.06660395,0.062368639,-0.545453205,-0.469216907,0.279058178,0.278120227,-0.893515932,-0.955017281,-0.379286134,-0.370059068,-0.475146475,-0.500390627,0.136319485,0.138413645,-0.684980075,-0.70958502,-0.158152558,-0.129842203,0.302073902,0.295788117,0.390015045,0.360290313,-0.925037911,-0.84830899,-1.308988261,-1.293750651,-0.68459917,-0.671567126,0.24412455,0.257510232,-0.301067637,-0.305469578,0.238663755,0.231881484,0.607371717,0.569031391,0.207171625,0.174563748,-0.333894861,-0.365733685,-0.231924268,-0.23307387,0.205182857,0.211678148,-0.344465311,-0.457744447,-0.577629454,-0.574877759,0.35794035,0.415211812,0.50890295,0.518637718,-0.417889837,-0.418514419,-0.711711591,-0.684826638,0.499912194,0.54044326,0.323019439,0.335307788
mode9,0.25668534,0.274416948,-0.63347087,-0.621790777,0.0527457,0.024636312,0.567833064,0.520171844,-0.08887626,-0.068459993,-0.004088592,-0.000766608,0.391460389,0.399806717,1,1,0.404117469,0.372526914,-1.126907224,-1.064085951,-0.451615714,-0.402169961,-0.791309517,-0.774676978,-0.110269674,-0.112639166,1,1,0.193293194,0.219008909,-0.397959573,-0.388316281,-0.543406605,-0.575590082,0.612605315,0.552909073,-0.058672783,-0.066421696,-1.031655903,-1.019821466,0.396988436,0.369391259,0.256671623,0.25661989,-0.332331383,-0.309865345,-0.399328174,-0.435178212,0.614533383,0.548793512,0.101467499,0.092335222,-0.649418943,-0.622276038,0.495304055,0.469762031,-0.412971301,-0.420067556,0.304800424,0.278187266,-0.327566112,-0.255401999,-0.142016563,-0.139271112,0.969520747,0.925958554,0.536231743,0.556973609,-0.24969177,-0.229099085,0.054791507,0.037485336
mode10,-0.384433015,-0.450786216,-0.312234542,-0.309879523,-1.139489797,-1.178961879,1,1,-0.262923883,-0.287398878,0.040365771,0.043727939,0.238042773,0.249017925,0.030737229,0.086434351,0.876785397,0.927588915,-0.022681477,-0.054016393,0.195077849,0.203848735,-0.184352343,-0.214197291,-0.843936744,-0.848006521,0.665866333,0.722499244,0.608209282,0.603255193,-0.172828352,-0.171021031,0.100981486,0.077215162,0.976153252,0.910421932,-0.131415581,-0.163527919,-0.429746489,-0.47181838,0.765877579,0.854472757,0.112012418,0.118613749,-0.168243052,-0.166723561,-0.025342507,-0.053066121,0.112651206,0.087842062,-0.37320794,-0.380435027,-0.501467474,-0.536302371,0.683486403,0.750729441,0.449675666,0.364978367,0.11134936,0.112302937,-0.329504543,-0.313261163,0.207746592,0.200610328,1,1,-0.028892637,-0.017733336,-0.383785111,-0.394626758,0.282456183,0.316198284
mode11,-0.552831268,-0.542909066,-0.696724009,-0.661953893,0.655996592,0.584165093,0.349668874,0.338135089,-0.355463171,-0.335629758,0.255311938,0.266675116,-0.210424316,-0.241203182,-0.048621266,-0.089226541,-0.239891444,-0.274642585,0.190597885,0.193905726,-0.449848541,-0.446845142,-0.948716764,-0.909594533,0.040574825,0.047930334,-0.147763047,-0.164064193,-0.301855643,-0.30685245,-0.180305695,-0.145032138,-1.048117963,-1.063152232,0.292334414,0.284179753,1,1,-0.211141923,-0.178526805,-0.173252521,-0.25549882,-0.246890337,-0.21444891,-0.18058797,-0.14537136,-1.053692883,-1.083689464,0.705000443,0.685919009,0.956637076,0.946126678,0.074975764,0.084171167,-0.110458819,-0.162264881,0.012445044,0.062934045,0.64841222,0.642560017,0.368125842,0.411911639,-0.70783552,-0.745260248,-0.266154586,-0.278345251,0.185940138,0.160351729,0.07587347,0.081695639,0.332807509,0.315222544
mode12,0.829716064,0.85103059,0.261569774,0.255480328,0.089429542,0.167245387,0.573972579,0.610007433,0.385410066,0.388410448,-0.530849563,-0.546263437,-0.198065845,-0.195631652,0.055703375,0.152439776,-0.428514088,-0.438184764,-0.241858436,-0.242010574,-0.249456832,-0.224808565,-0.257213187,-0.247153417,-0.177491226,-0.150157116,-0.073062136,-0.067823731,-0.379915524,-0.422347767,-0.084037819,-0.092096335,0.483364552,0.520902393,0.640193079,0.652978049,-0.203087364,-0.196676272,-0.474371504,-0.416965818,-0.380172001,-0.391280035,-0.041457589,-0.041159141,-0.125342264,-0.141106888,0.263363282,0.326534062,-0.000423514,0.046697423,-0.362535527,-0.353935206,-0.462132816,-0.434301285,-0.315269421,-0.287580295,-0.539264439,-0.601190907,0.280862784,0.287765199,-0.32106495,-0.414351472,0.17520814,0.185100113,0.457337114,0.482690187,-0.155102298,-0.169934052,1,1,0.149008923,0.151354231
mode13,0.057036617,0.091061019,-0.904260514,-0.895421687,0.553078112,0.503618328,0.231423403,0.307617547,0.297910899,0.289075745,0.26557706,0.285090598,-0.521406924,-0.50437828,-0.777930268,-0.765238665,-0.223178998,-0.215663676,-0.500320217,-0.56977509,0.191656205,0.143993021,0.60183261,0.546207838,-0.009675299,-0.012775919,-1.01739527,-1.013338559,0.155299014,0.179339292,-0.365761328,-0.347506381,0.364914194,0.280297588,0.475369833,0.581159588,-0.933624988,-0.887863269,0.181016956,0.155666568,-0.223400591,-0.195722022,-0.059165266,-0.039996222,-0.404831399,-0.379604281,0.362300015,0.298901447,0.390709816,0.504485747,-0.553047367,-0.536226957,0.167840936,0.152660264,-0.298040398,-0.286203464,0.018620764,0.126276883,0.537885042,0.511764934,-0.308397566,-0.199753466,0.875164824,0.866158806,0.553731235,0.581567553,-1.035087334,-1.013434202,0.403078262,0.398945327,-0.059278356,-0.050560799
mode14,0.144571025,0.158104027,0.236262724,0.22254408,-0.87361685,-0.866329914,-0.290720016,-0.294910505,0.265823525,0.281853471,0.488902335,0.491301601,0.012504654,-0.012447949,-0.426361622,-0.454344034,-0.362894457,-0.401517843,0.387256662,0.324660568,0.861699427,0.835939731,0.598763823,0.572171017,-0.134626656,-0.204734081,0.288134958,0.361982521,0.089704676,0.119633341,0.336502469,0.326596473,0.40729543,0.389193334,-0.517154935,-0.574648117,-0.49680137,-0.58494246,0.262295125,0.233698244,-0.302237462,-0.357765699,0.099734081,0.088589626,0.305612533,0.283405786,0.213704643,0.185526563,-0.446445898,-0.521600127,-0.270192326,-0.321259407,0.27255269,0.247039678,-0.213221351,-0.2546341,-0.376564518,-0.353332117,-0.38919281,-0.353708211,-0.044459512,-0.039956432,0.178611836,0.171450182,-0.235588989,-0.212542506,-0.501449511,-0.470987573,0.577672721,0.545412654,0.082763161,0.0725289
mode15,-0.055395386,-0.007936679,0.189065473,0.191205982,-0.204647637,-0.241697014,0.222906339,0.205014118,-0.053904378,-0.029720754,-0.444788242,-0.472328062,0.009565195,-0.016683845,-0.399667273,-0.43904018,0.565213651,0.567654433,-0.604055369,-0.598680885,-0.144768956,-0.119266969,0.255862259,0.228322197,-0.083497981,-0.09950971,0.66548286,0.645506634,-0.371331628,-0.405571967,-0.082684833,-0.084173229,0.292193073,0.331570652,0.386027678,0.379992966,-0.648896227,-0.665082161,-0.308690152,-0.321222336,0.462603585,0.491886566,-0.110483957,-0.101668802,-0.161998099,-0.172816825,0.158915692,0.201892563,0.534011567,0.495385878,-0.17361858,-0.205814314,-0.00248481,-0.012875246,0.353089018,0.341179337,0.012551514,0.112220994,0.302742945,0.28682524,-0.280164053,-0.37445916,0.132626921,0.1605531,0.855003631,0.844588984,0.117258367,0.125203222,-0.10121959,-0.052837421,-0.178752283,-0.191725264
mode16,0.142934077,0.183088662,0.464379718,0.433423971,-0.04202023,0.02117715,-0.658785507,-0.576023898,0.204461714,0.224779353,0.0776227,0.076112446,0.24533135,0.222884791,0.093255322,0.118114893,-0.291905812,-0.298300921,-0.494043845,-0.477156315,0.136921544,0.113704402,0.667156682,0.667009004,0.548844136,0.531291083,-0.477090502,-0.489052716,0.528905587,0.501448217,0.292579089,0.284167526,0.27476069,0.320797805,-0.900502187,-0.856028561,0.056864336,0.104723254,0.276990813,0.292645701,-0.228773021,-0.284499703,0.269212493,0.223214592,0.234254951,0.214379309,-0.13373043,-0.083282026,-1.122086295,-1.000540698,-0.239548851,-0.192004715,0.151420988,0.166399303,-0.164862649,-0.196225123,0.2322117,0.227207782,-0.329781637,-0.340595039,-0.15581777,-0.153819124,0.235907913,0.281341324,-0.336732225,-0.340501533,0.157743923,0.198028406,0.253468768,0.268020232,0.008765925,-0.020536161
mode17,-0.230943183,-0.22052668,-0.262767822,-0.273145876,0.248021596,0.21578413,-0.80245621,-0.75051933,-0.055445269,-0.040242846,0.053381508,0.052510862,-0.061069069,-0.075947033,0.914187469,0.901447086,-0.049484978,-0.062123022,0.420276288,0.454697453,1,1,0.729408055,0.731237387,0.103813427,0.080066592,-0.512058441,-0.515918173,0.079332775,0.114978694,-0.099787485,-0.102569626,0.870050275,0.813851962,-0.740587018,-0.677471231,-0.095840345,-0.107496549,0.449835536,0.477798492,-0.02029277,-0.06627966,-0.32441967,-0.293439216,-0.193871944,-0.196762695,0.793928089,0.757868608,-0.459568082,-0.428229645,-0.040197768,-0.056805921,0.349259813,0.367139565,0.136826127,0.098209253,0.344457823,0.314069545,0.265799187,0.258140763,-0.086106743,-0.067163302,0.725724037,0.735510372,-0.698004661,-0.654375462,-0.106620239,-0.120792995,-0.125766924,-0.118044147,-0.169724932,-0.193098071
mode18,0.326478234,0.32408557,-0.057444399,-0.077565683,-0.545391621,-0.637521669,-0.789111816,-0.796283008,0.048015548,0.046616185,-0.021449073,-0.019019916,-0.173725227,-0.174042204,-0.343130224,-0.363531706,0.014712741,0.03705098,0.687413934,0.723824152,0.633046753,0.64462212,-0.240580596,-0.235894332,0.400619055,0.418746569,0.298139684,0.255881465,-0.300234873,-0.286767476,-0.015686931,-0.022853715,0.586698703,0.573490066,-0.698923176,-0.665794052,0.279572582,0.277016494,0.093723038,0.095198217,-0.00784349,0.011273808,-0.1987436,-0.197482759,-0.12447077,-0.132623164,0.52527823,0.537693551,-0.402809975,-0.393849819,0.18208416,0.183382163,0.055605205,0.048249535,-0.112215804,-0.078142566,-0.341381709,-0.226742451,0.035453508,-0.00383076,-0.04765235,-0.022225539,0.62771783,0.663366512,-0.470879087,-0.468423525,0.488765635,0.473718298,0.026753308,0.02468736,-0.015251458,-0.000860244
mode19,-0.089622604,-0.077111055,0.008444652,-0.003382874,0.737263349,0.707197644,0.313720351,0.373151737,0.00962299,0.022702893,-0.297494071,-0.285724432,0.087456896,0.054463602,-0.392414318,-0.429962424,0.557116836,0.544926243,0.447314447,0.434788447,-0.435638668,-0.407235151,-0.267681346,-0.251492966,-0.644514351,-0.645333925,-0.615696334,-0.584049937,0.103358945,0.13395133,-0.134602889,-0.140909425,-0.040324799,-0.020572584,0.193660395,0.19316403,0.137129451,0.155240329,-0.109193228,-0.079121046,0.444849311,0.462689179,0.021863898,0.009275213,-0.073298189,-0.067375715,-0.111137568,-0.090463103,-0.621233779,-0.601069192,-0.342703335,-0.332824834,-0.278296135,-0.287029023,0.369101075,0.349813773,-0.449386041,-0.439069803,-0.105932362,-0.113219205,0.086599242,0.095534189,-0.083009822,-0.078701101,-0.031615085,-0.027744946,0.009398916,-0.027715887,0.258315769,0.280176402,-0.136005505,-0.15646876
mode20,0.168942306,0.223175741,-0.309553936,-0.286415292,-0.175649988,-0.199354112,0.388522521,0.352304535,0.259300272,0.258602432,-0.305786912,-0.294022584,-0.156307466,-0.180459062,0.292090002,0.321534712,-0.41311439,-0.402803052,-0.125808916,-0.150981863,0.095589942,0.097146132,0.502760537,0.49478906,0.188479359,0.16293113,0.453469233,0.453686418,-0.346784808,-0.368565487,-0.308288426,-0.299265796,0.073682963,0.069459132,0.667813652,0.660424045,-0.514510587,-0.504741916,0.264333584,0.214304586,-0.29546725,-0.338260816,-0.086724036,-0.057837264,-0.296468566,-0.274958964,0.358744013,0.363090509,0.228338004,0.207868123,-0.46704279,-0.46091656,0.120004149,0.091611751,-0.099220714,-0.087041318,-0.124710965,-0.172117885,0.283252716,0.261145286,-0.037340247,-0.024968443,0.423055789,0.439260769,0.989134155,0.981878592,-0.130545961,-0.089516683,0.12803194,0.072248942,0.017610954,0.003709467
mode21,0.580506713,0.626187617,-0.013818481,-0.019629855,0.46536081,0.397942705,0.224691956,0.178263902,0.334685411,0.352054739,-0.138678875,-0.149950149,-0.24354231,-0.221913514,-0.701578977,-0.66237936,-0.164183979,-0.179269107,-1.05492683,-1.009204566,-0.815715934,-0.750229225,0.176871005,0.214928718,0.416011392,0.395254568,0.61830745,0.608272537,-0.113627377,-0.070855497,-0.12213979,-0.146160155,0.21661585,0.200119217,0.191715762,0.129808539,-0.094448524,-0.098515001,-0.374647757,-0.374890864,-0.148612734,-0.175950286,-0.161564011,-0.133251956,-0.095982555,-0.111995264,0.350195178,0.341260843,-0.149527103,-0.166966549,-0.238970033,-0.208322554,-0.376289536,-0.334987585,-0.270075025,-0.3068196,0.072369767,0.174344459,0.125939522,0.127996795,0.096874006,0.076239783,-0.10600506,-0.103982585,0.135315258,0.140492026,0.227723391,0.240396295,0.340768397,0.336064914,0.045720912,0.010037868
mode22,-0.008551499,-0.01807151,-0.358413636,-0.314724393,0.246404991,0.26325785,0.038880084,0.093982939,0.256231427,0.263995133,0.164143312,0.176016552,-0.071484652,-0.044963664,-0.022716128,-0.031460388,-0.150687295,-0.106024211,0.070053624,0.080072092,0.981761596,0.922587919,0.216478019,0.218702766,0.171475507,0.135030793,-0.811753546,-0.780445258,-0.162095124,-0.177198751,-0.175104709,-0.152085424,-0.099376371,-0.163577984,0.135508441,0.196502129,-0.597840949,-0.592420869,0.390540165,0.395001496,-0.168600633,-0.157195221,0.293189374,0.299145772,-0.016002567,0.01578605,0.08105733,-0.00105609,0.134261475,0.213026476,-0.354820076,-0.346858881,0.245091528,0.249061579,-0.211512346,-0.180211865,-0.292927044,-0.31061441,0.166857666,0.196262022,-0.150306592,-0.122210535,0.083415302,0.043226331,0.186309018,0.218832283,-0.717560979,-0.71658973,0.329274398,0.350986199,-0.33094943,-0.36271632
mode23,-0.050574602,-0.082794179,0.196320032,0.191793043,0.21318425,0.177394431,-0.332613023,-0.302570261,-0.176962887,-0.190046535,-0.118180533,-0.152046263,-0.040890513,-0.042652445,-0.044052996,-0.051987506,0.03249667,0.039909327,-0.29888365,-0.344847335,-0.157206611,-0.16795771,0.479646156,0.476079087,0.188629324,0.179334377,-0.051393531,-0.041173473,-0.290533863,-0.245300159,0.005893697,-0.002659292,0.3788228,0.37499026,-0.48154556,-0.490528629,0.168054823,0.210747251,0.037688033,0.01960439,0.047273267,0.056413556,-0.167655912,-0.136076881,-0.052976379,-0.064023696,0.378549139,0.357983006,-0.271077288,-0.277052261,0.131408638,0.145692591,-0.005839966,-0.030134494,0.094119126,0.115184386,-0.28170036,-0.32188752,0.255406533,0.225613816,0.022998253,-0.040191919,-0.003522532,0.03919143,-0.07279349,-0.082777997,0.519953669,0.572084874,-0.477884821,-0.434500178,0.000624564,0.008589581
mode24,-0.187851354,-0.179558776,0.143064343,0.141823391,-0.261322592,-0.249645251,-0.011275049,-0.08814165,-0.06575946,-0.077035852,0.517964526,0.492914799,-0.036529922,-0.043691286,0.05364707,0.063945697,0.256566653,0.294427272,-0.129171636,-0.076264789,-0.153167164,-0.169043105,-0.142855605,-0.176083285,-0.132348482,-0.068184808,0.651363967,0.602865135,-0.083114348,-0.09932683,0.316075099,0.310796452,-0.390890362,-0.411020857,-0.005694846,-0.030100429,0.502859472,0.538311545,-0.081059017,-0.0614054,0.191403908,0.229279649,-0.044703217,-0.045916707,0.243991287,0.218748761,-0.372139897,-0.40082322,0.196692335,0.183023934,0.311103871,0.339794721,-0.100087116,-0.086391629,0.113593782,0.15679756,-0.380362451,-0.437182009,-0.078007347,-0.062523078,0.08339504,0.082360366,-0.376583927,-0.409317625,-0.38034722,-0.400338465,0.360445763,0.391593843,0.088570868,0.051258211,-0.092075685,-0.125812935
mode25,0.01367153,-0.001094256,-0.250799577,-0.216910564,-0.120271832,-0.082828828,-0.636762373,-0.591601103,-0.134354672,-0.135622312,0.184154091,0.206732527,-0.062884435,-0.07627805,-0.451574299,-0.443747564,0.265472531,0.213764579,0.427815991,0.405622279,0.68631996,0.66083604,0.004879388,0.013854583,0.199521106,0.205306012,-0.568005754,-0.533012913,-0.214698859,-0.257030975,-0.013646776,0.024090612,0.349661815,0.30593837,-0.665307814,-0.618849579,0.463592074,0.484173544,0.032395625,0.066724085,0.204189678,0.191539623,0.042867944,0.075853711,-0.064690218,-0.026162861,0.494574025,0.466704852,-0.405827676,-0.392859302,0.237060723,0.244726502,-0.046042383,-0.022254452,0.052739472,-0.002710404,-0.088040723,-0.075187806,0.352108801,0.344055571,-0.159109161,-0.099541007,0.65422367,0.67067699,-0.730944219,-0.699790953,0.071035951,0.112654538,-0.060510766,-0.068709337,0.204742242,0.207808714
mode26,0.10150056,0.074501715,0.105962567,0.086257405,0.836109351,0.850873358,-0.034216453,-0.056303173,-0.149301368,-0.149399778,-0.208180772,-0.178879831,-0.137474108,-0.14229059,0.113352235,0.124661107,0.170680183,0.212314135,-0.128019887,-0.170317259,-0.412636433,-0.412054274,-0.00230735,-0.021426694,0.193399125,0.165732014,-0.593110601,-0.527901629,-0.57785286,-0.566627291,0.024178924,0.008823777,0.434531345,0.47594542,-0.215886993,-0.239931342,0.0451655,-0.001409396,-0.118263728,-0.136317864,0.1055947,0.162562257,-0.239228779,-0.216351504,-0.094153765,-0.101095196,0.447671206,0.482214839,0.026539062,-0.045124591,0.175355395,0.147717338,0.005838302,-0.009804818,0.04768816,0.115508409,-0.219534578,-0.166836188,0.30484659,0.249016985,-0.051922889,-0.038836387,0.214874662,0.247473248,-0.523739199,-0.483985747,-0.450148047,-0.419019835,-0.011078597,0.029017366,-0.06265483,-0.084269212
mode27,-0.056023086,-0.032810562,0.097611187,0.083971028,0.097300842,0.062993181,0.116038203,0.12767632,-0.038481068,-0.027836982,-0.015616348,-0.015462219,0.036033083,0.009072963,0.166912185,0.15670892,0.243068556,0.200237841,-0.123105361,-0.138266262,-0.073214003,-0.133148197,-0.404628759,-0.403748407,0.605890931,0.617553593,0.422411149,0.400498548,-0.120970191,-0.083848378,0.008604012,-0.028761189,0.194979926,0.216518027,0.030384787,0.008469062,-0.28514061,-0.250245925,0.134673714,0.136971206,0.178424875,0.156811817,-0.098336481,-0.067804846,0.008041445,-0.030677808,0.12144706,0.136745929,-0.46514408,-0.378296315,-0.461344401,-0.398112927,-0.055655297,-0.059982355,0.122476603,0.058411865,0.107007337,0.082194303,0.111713645,0.103344541,0.075708933,0.055096202,-0.054360579,-0.039628891,0.383150478,0.388825208,-0.004046891,0.041493706,0.324283349,0.340030687,0.081588375,0.116153272
mode28,-0.178730832,-0.180698889,-0.510337222,-0.476391755,0.226774873,0.285294582,-0.344731449,-0.314130822,-0.212291755,-0.210725282,-0.156479893,-0.13769593,0.10759032,0.10291982,-0.023667214,-0.008721391,0.411457537,0.396392054,-0.54084805,-0.526874246,-0.151473967,-0.083107853,-0.107078414,-0.098265101,0.193846046,0.176851734,0.329095905,0.282238109,0.236650766,0.193916125,-0.401895879,-0.376409602,0.364180841,0.282273387,-0.243985603,-0.220236735,0.240998216,0.23830397,-0.251090819,-0.260079439,0.337621159,0.360377156,0.336367158,0.320216732,-0.207529172,-0.161857758,0.325204211,0.261513048,-0.187964551,-0.147470106,0.145739093,0.152408876,-0.149663513,-0.143785956,0.248341926,0.256426572,-0.139681833,-0.26000156,0.016465034,0.075042806,-0.221038144,-0.14817931,0.514239052,0.521740264,-0.142905735,-0.109570957,0.428546673,0.434502625,-0.323001116,-0.298190137,0.191336481,0.186197434
mode29,-0.040274711,-0.035713501,-0.183729107,-0.152548868,-0.06620246,-0.071328235,-0.43937019,-0.398170249,-0.011642085,0.005014814,0.120515686,0.122402905,-0.034458939,-0.015219922,0.198728224,0.16900254,-0.036413234,-0.038211303,0.461437571,0.495953402,0.00685386,0.008097864,-0.357303886,-0.385027165,-0.362065704,-0.360080658,-0.207185228,-0.188384661,-0.142860623,-0.163472557,-0.111488221,-0.094572018,0.329374345,0.254139801,-0.647500213,-0.636876091,0.24910235,0.270483407,-0.163670876,-0.13921703,-0.01782052,-0.029782715,0.200556364,0.230978993,-0.036930546,-0.011388032,0.303763877,0.230607844,-0.742670527,-0.708641354,-0.098999306,-0.060194002,-0.262965308,-0.261935972,0.040230264,0.033861427,0.349733762,0.360272106,0.262958387,0.258064561,-0.112545617,-0.057670716,0.248168531,0.271179579,-0.712175755,-0.707740228,0.389792201,0.368617305,0.22701165,0.229732721,-0.032554542,-0.005798126
mode30,-0.049204849,-0.075062165,0.011528556,0.015489826,-0.464199254,-0.443726542,-0.104319794,-0.046589921,-0.030373093,-0.032808359,0.067217284,0.061262881,0.058646227,0.082251695,0.171093878,0.165903469,0.105146355,0.105321122,0.043754128,0.02957173,-0.048445272,-0.06962539,-0.079909651,-0.092078944,-0.202990343,-0.207985797,0.624465345,0.644417374,-0.187684446,-0.132690154,0.007877692,0.012212598,0.040992611,0.045843296,-0.112299525,-0.129209661,0.025811945,0.06849026,0.048483413,0.083277855,0.073376871,0.096568556,0.055127211,0.06844311,0.023943047,0.017711049,-0.023097994,-0.015388216,-0.458262508,-0.472076504,-0.177084879,-0.172682644,-0.016168873,-0.014116733,0.115286693,0.137153829,-0.219559371,-0.180672145,0.01964211,0.05254385,0.160597504,0.171050557,0.24418483,0.27377191,0.442222403,0.416984305,0.361780391,0.425167046,0.18095775,0.178457329,0.138643828,0.128832727
mode31,-0.029628251,-0.062983447,0.16993981,0.147076027,0.04892704,0.017404327,-0.481450312,-0.428047789,-0.088547064,-0.105845785,-0.299456191,-0.287772995,0.064216836,0.081729724,0.220353022,0.223106987,-0.012582095,-0.000468709,0.518962083,0.527376812,0.611106518,0.599062312,-0.118773584,-0.112696401,0.153860712,0.191615358,-0.206202118,-0.216208576,0.063750902,0.075963792,-0.064785763,-0.068011909,0.431746709,0.474691787,-0.495584614,-0.443249987,0.125676222,0.095954762,0.115925976,0.112637627,-0.018674716,-0.010801155,-0.006857322,-0.009657442,-0.055107087,-0.058407994,0.278994724,0.31020828,-0.012931113,0.07434315,0.25856458,0.260484413,0.148250355,0.15686557,-0.087272227,-0.067991855,0.023640175,-0.0664835,-0.009405571,-0.03172674,0.046467283,6.17E-05,0.173700755,0.233639021,-0.042134671,-0.058343948,0.135488578,0.081103336,-0.042177346,-0.10796983,0.1892776,0.201319268
mode32,-0.084769642,-0.046925659,0.012915873,0.021867071,0.131015897,0.166135091,0.342561742,0.317811016,-0.077488246,-0.055675581,0.277514691,0.244853418,0.093778569,0.120614922,-0.164898955,-0.211466551,0.27145546,0.229597341,0.18188489,0.14313165,0.284680038,0.277256933,-0.151958864,-0.11820191,-0.066720791,-0.079154586,-0.35343682,-0.327415306,0.374424522,0.355689982,0.077708825,0.092061285,-0.550602381,-0.567914497,0.493593757,0.512636432,-0.096465451,-0.101275283,-0.077813259,-0.094287928,0.175162794,0.16351029,0.026618684,-0.015510015,0.082623642,0.077686343,-0.332157702,-0.34404293,0.169870695,0.18084357,-0.148281416,-0.137079665,-0.099156473,-0.103247502,0.054823793,0.002794407,0.32331549,0.320899081,-0.163453378,-0.149889049,0.156694941,0.107407472,-0.03563178,-0.05925966,0.509269952,0.530948015,-0.364238456,-0.299208829,0.191016513,0.210433695,0.090047635,0.095174009
mode33,-0.084881897,-0.086821506,0.267659869,0.250670204,0.021265531,-0.057172882,0.059301333,0.080330262,-0.028063615,-0.015404761,0.274659102,0.254211016,0.182787702,0.160510007,0.190968803,0.217993925,0.166688765,0.134294165,0.199796288,0.206482444,0.6697191,0.687051007,0.17777028,0.199024178,-0.263537018,-0.290729496,-0.526850214,-0.498539652,-0.423044692,-0.384689651,0.287470045,0.254575945,-0.38359828,-0.360702479,0.05812362,0.086641567,-0.172053897,-0.167654661,0.046515666,0.076817309,0.179186535,0.170990074,-0.161775618,-0.150310251,0.230361836,0.181655517,-0.367294868,-0.370485244,-0.004393559,0.000946533,-0.130038139,-0.143201594,0.076718787,0.081230142,0.203656308,0.206987972,-0.208383556,-0.123881016,-0.049174227,-0.106795613,0.037573624,-0.018289039,-0.496873053,-0.553973536,0.088824721,0.076300963,-0.134492543,-0.182209522,-0.228028633,-0.207402743,0.285236298,0.300906714
mode34,0.138033659,0.116715852,0.195426925,0.181541579,0.286318979,0.289458145,-0.175757941,-0.124376842,0.056547782,0.056449349,0.060915013,0.076413514,-0.000918944,-0.034691355,-0.639723538,-0.678988945,0.225822773,0.220219515,0.027046116,0.075700855,0.267200728,0.281144948,-0.049235237,-0.063005939,-0.030265805,-0.017815147,-0.047368501,-0.031379698,-0.095293071,-0.047427698,0.201136148,0.192647912,0.035791483,0.085564333,-0.205921651,-0.193405876,0.022714232,0.007324802,-0.050406569,-0.042324011,0.13962057,0.14819249,-0.102147579,-0.071941987,0.138246057,0.115924097,-0.060481239,-0.021715615,-0.173197455,-0.150757552,-0.005860505,-0.016734826,-0.04969825,-0.026293931,-0.009384286,-0.021666735,0.104364205,0.09820688,0.118704572,0.106358261,0.047108975,0.0358032,-0.041490585,-0.053063481,-0.166115341,-0.168452373,-0.050462636,-0.070749918,-0.058181568,-0.095537355,-0.237033312,-0.279630069
mode35,0.329597666,0.387286509,0.07773779,0.093091705,-0.29181216,-0.23075978,0.090981007,0.072110872,0.347958055,0.360168899,-0.135920014,-0.122134097,0.044476807,0.042089137,0.248980005,0.258741636,-0.036245218,-0.050445938,-0.470226402,-0.434583582,-0.398444489,-0.360640164,0.037571366,0.061788596,0.121178483,0.093325272,-0.163761295,-0.171512525,-0.063592181,-0.097324374,0.027505671,0.060621711,-0.037191076,-0.025667518,0.060778492,0.031695308,-0.372580518,-0.399300426,-0.011577102,-0.043715401,-0.023158183,-0.05575566,-0.012984947,-0.008526965,-0.027756979,0.018404609,0.078974098,0.06481738,-0.068216685,-0.056222389,-0.296749438,-0.278813889,-0.102802959,-0.093525792,0.00504192,-0.024509286,0.00644926,-0.085792952,0.043491256,0.018510622,-0.039553328,-0.028509607,-0.036054396,-0.049438998,-0.141941817,-0.173871873,-0.335498015,-0.443850037,0.385136417,0.369208405,0.059090297,0.06887896
mode36,0.043877299,0.05735623,0.080927326,0.073353997,0.392354557,0.382781244,-0.296281447,-0.277322348,0.035782299,0.040696358,-0.022690592,0.010213397,0.138274686,0.147720945,0.15900397,0.146781007,0.007500935,0.000281334,0.11695481,0.194516416,0.055981122,0.093868427,0.236857534,0.210056627,-0.248827868,-0.196221304,-0.315236471,-0.369017595,-0.010630586,0.049765031,0.067119067,0.084435079,0.280526664,0.296379562,-0.338051575,-0.296176376,0.455226493,0.415358793,-0.050334946,-0.01840063,0.054034593,0.03922562,0.028171083,0.024861992,0.063354523,0.064632297,0.11196935,0.120367314,-0.27045419,-0.185351066,0.143308193,0.154149793,-0.057343615,-0.027440947,0.183482938,0.158899896,-0.141394863,-0.069226015,0.16695324,0.140880972,-0.059899734,-0.081628519,0.190087581,0.205847363,-0.899973067,-0.858816264,-0.047016357,-0.092422277,-0.028498195,-0.014829045,-0.085077669,-0.087091468
mode37,-0.08721991,-0.095050743,-0.030272008,-0.039556582,-0.074708418,-0.062271602,-0.099943718,-0.109003248,-0.158617139,-0.143880104,-0.232009303,-0.218625459,0.081474306,0.071706346,-0.169628454,-0.208776484,0.282126397,0.242792284,0.012690856,0.021295989,0.070830821,0.068090006,-0.01412303,-0.01286723,0.185919632,0.209836795,0.486448338,0.439745149,-0.057264247,-0.067313342,-0.033170893,-0.034475862,0.2595063,0.282160958,0.013956909,0.00576669,0.236820973,0.30068573,0.028903457,0.068478914,0.217878448,0.201014905,-0.157745855,-0.171876029,-0.083369788,-0.06637771,0.349106132,0.347120116,0.15253797,0.166097519,0.153094082,0.181563278,-0.055141335,-0.048189498,0.174006834,0.143695814,0.084465915,0.216739117,-0.189512896,-0.185877033,-0.148241932,-0.163167452,-0.004125631,-0.024301261,-0.01076676,-0.030055823,0.465530153,0.46652876,0.115453478,0.114091437,0.093596948,0.109987166
mode38,0.2367328,0.244793004,-0.226536916,-0.21704228,-0.254056161,-0.262933819,-0.210179385,-0.136899079,0.105559787,0.098680293,0.253106496,0.251547738,0.061351402,0.076226297,0.278176498,0.286278025,-0.165437787,-0.14420738,-0.067340037,-0.059415529,-0.150899485,-0.184480728,-0.084087998,-0.101335553,0.125583874,0.099208606,-0.203927904,-0.134621094,0.214628712,0.201497408,0.03099696,0.036716562,0.033146775,0.019390082,-0.178525455,-0.146903463,0.058690775,0.115858424,-0.014085057,-0.010090504,-0.087062252,-0.098345256,-0.098582443,-0.140421341,0.023140847,0.013121607,0.260506553,0.269949957,-0.013859673,-0.032543512,0.081838388,0.096991882,-0.022693389,-0.014848712,0.026838882,0.046700598,0.127340601,0.063763226,-0.219558712,-0.18716811,-0.014719642,-0.030760635,0.439259703,0.419867244,-0.204204613,-0.148820448,0.219225445,0.268612294,-0.085927763,-0.068806188,-0.0907587,-0.074326792
mode39,0.098312474,0.09022993,-0.15081375,-0.152176964,-0.184934832,-0.139547579,0.00725409,-0.017599743,0.151974864,0.149484989,-0.087917865,-0.081677171,-0.074395772,-0.080003445,-0.141194887,-0.169816738,0.123919372,0.101733278,0.379841184,0.425013568,0.392061605,0.3620545,0.153421402,0.160896257,-0.136979673,-0.121694993,-0.127585536,-0.096426743,0.241406479,0.191052719,-0.218214106,-0.219295702,0.261418583,0.248041494,-0.14421901,-0.14919478,-0.139259895,-0.142709169,0.22366375,0.262220945,0.10150846,0.092452715,0.105784044,0.084715083,-0.197257618,-0.177781059,0.186061264,0.18936892,-0.124355377,-0.126048092,-0.134731248,-0.127532197,0.182024145,0.206913169,0.070889338,0.051590229,-0.006780116,-0.01283353,-0.060963994,0.002277729,0.08040323,0.118480059,0.106989954,0.176677386,-0.109059582,-0.127719879,-0.18493261,-0.207712698,0.119265826,0.066531951,-0.035853141,-0.061055242
mode40,-0.147698469,-0.192017991,-0.071312029,-0.038340719,-0.073130723,-0.085005359,0.299088331,0.323045967,-0.165218021,-0.183409795,0.108224855,0.101283289,0.109203192,0.122538517,0.155876376,0.184758558,0.140047032,0.139094201,0.117984648,0.1032127,-0.127491997,-0.139037363,-0.637313874,-0.63533681,0.440422863,0.473498933,-0.138633575,-0.180367795,0.031165796,0.012373736,-0.015498777,-0.012503022,-0.214514612,-0.219942032,0.194453562,0.165511581,-0.239666914,-0.266097686,0.034369902,0.022642423,0.131052086,0.14668376,0.064869852,0.072783477,-0.020144556,-0.002198764,-0.172799246,-0.168710353,-0.209069042,-0.140169963,-0.269376153,-0.249121112,-0.02658602,-0.028470336,0.16747984,0.192378062,-0.051212258,-0.061014164,0.119238891,0.127181378,-0.072210454,-0.055144431,-0.17688819,-0.214045107,0.18247613,0.213376565,-0.257586401,-0.286516503,-0.253295369,-0.240877896,0.030759873,0.061710234
mode41,0.204638464,0.230998779,0.065893353,0.038688317,0.364921382,0.345750864,0.204332178,0.157837738,0.194875553,0.200150234,-0.083839518,-0.07127219,0.066790404,0.030336392,0.132684612,0.104279496,-0.041975519,-0.058794125,0.208850867,0.182901975,0.171387784,0.15754579,0.285238141,0.288509358,-0.033688222,-0.03189923,-0.069040751,-0.064729771,-0.066060676,-0.012659168,0.029975319,0.012709213,-0.081390932,-0.04736857,0.233674604,0.220053916,0.07815159,0.036617893,0.053064688,0.036921439,-0.011191957,-0.051479567,0.006816499,0.027315117,0.022984475,0.003856768,-0.210895221,-0.176677811,0.407631207,0.331635537,0.208438469,0.142747416,0.127450556,0.120951111,0.04116325,0.019516344,0.090008277,0.006631164,0.15341836,0.171705366,0.068795974,0.098829356,-0.265467003,-0.258481432,-0.071894119,-0.059792833,-0.328199541,-0.286201412,0.006509746,0.039031667,0.020335012,0.05769304
mode42,0.236479404,0.20076615,0.002870331,0.005793142,0.153948556,0.117755209,0.056565008,0.071759325,0.298321703,0.256542993,0.10008087,0.079830044,0.013502668,-0.016806363,-0.05678069,-0.04579183,0.091948031,0.109444528,0.387347882,0.325931091,-0.037789611,-0.068122678,-0.29941352,-0.277357307,0.155680041,0.152181817,-0.140319578,-0.173444216,-0.193543187,-0.135433042,0.021562194,0.010698832,-0.16455218,-0.197892092,0.07339131,0.075074904,0.023912979,0.039627178,0.130165326,0.104807357,0.069250459,0.077619972,-0.066619451,-0.05592229,0.018647001,0.005131654,-0.078750694,-0.110290647,-0.12893906,-0.102375145,-0.098125509,-0.082378065,0.039338056,0.037819107,0.076590991,0.094785617,-0.316691318,-0.261759942,-0.090936639,-0.12001237,-0.010319347,-0.050412343,-0.031768157,-0.04929158,0.151763218,0.157147923,0.15483254,0.133543642,0.218957453,0.153852936,-0.098435224,-0.107983571
mode43,0.047515106,0.028408895,0.133182227,0.119973706,0.1166631,0.128466146,0.038589343,0.038840806,-0.003375799,-0.021192515,-0.053216175,-0.06450696,-0.069675622,-0.064521651,0.117318845,0.161062203,-0.104153332,-0.07165975,0.296879932,0.282209106,0.099401264,0.081829089,0.193398834,0.21634661,-0.174369174,-0.161569711,0.457263036,0.475061077,-0.265431837,-0.296731635,-0.000411969,-0.003859839,0.067058373,0.072795964,0.114104815,0.102779042,0.138220417,0.153895597,0.025433541,0.052239544,-0.077850714,-0.050161299,-0.008190253,-0.018261184,0.005921069,0.010812233,0.109672873,0.121405422,-0.057322145,-0.064252232,-0.006931958,-0.0071825,0.00801825,0.005059839,-0.070044653,-0.016990658,-0.079670721,-0.069200979,-0.040484668,-0.072381927,0.027874442,0.014361594,0.000395128,0.019582072,0.295414093,0.291992765,0.096770809,0.190353647,-0.20946414,-0.214357508,-0.209055386,-0.204919618
mode44,-0.002139078,-0.015557962,-0.110168693,-0.089067814,0.082193513,0.093650152,0.102019015,0.098820182,-0.002184646,-0.006838302,-0.079597997,-0.061358167,-0.033485676,-0.030013516,0.18133618,0.152233661,-0.087784996,-0.093273234,0.34655657,0.364991684,0.121333569,0.130680585,0.26647623,0.243674036,-0.287868671,-0.272372081,0.268089987,0.219886684,0.13744117,0.118677823,-0.033781535,-0.021795709,0.284130976,0.277577941,-0.010292112,-0.039655946,0.131966278,0.150729284,-0.016343142,0.036446448,-0.067782764,-0.058798357,-0.011814047,-0.027494819,-0.049501653,-0.024343194,0.192783707,0.181803613,-0.322527217,-0.322088041,-0.156758207,-0.150050752,-0.080330727,-0.075755356,-0.021464129,-0.009436116,0.191638366,0.061026693,0.031814134,0.039974155,-0.229298409,-0.221950995,-0.104505637,-0.128319116,-0.397576576,-0.386341307,0.214447407,0.224906351,-0.103983737,-0.083935387,0.051938147,0.037265614
mode45,0.141534769,0.143821032,0.06939152,0.05508313,-0.150610135,-0.141901497,-0.077309828,-0.018260001,-0.02066242,-0.013901568,0.108669177,0.072489672,-0.035128802,-0.046330383,0.120879961,0.083278174,-0.08829629,-0.072731662,0.219165646,0.233506131,0.031758797,0.051138586,-0.132689078,-0.124352194,-0.019094205,-0.00646437,0.089242129,0.12508574,0.092586466,0.052844033,0.082261007,0.038417015,-0.076814586,-0.036538289,-0.020965522,-0.008589774,0.158018506,0.136486544,-0.031877199,-0.020949606,-0.050970796,-0.05365891,-0.123900012,-0.103190383,0.035882205,0.017342338,0.005160088,0.019325646,0.024138244,0.078257717,0.092757595,0.106367101,-0.036436934,-0.010519328,0.003541541,-0.009752862,0.022512562,-0.021101674,-0.119167239,-0.095792988,0.025755212,0.003445598,-0.245391129,-0.266288489,0.404045908,0.431835187,0.219417301,0.274936068,-0.033153267,-0.030100122,-0.014068442,-0.039159785
mode46,0.294931468,0.298390004,-0.063825927,-0.076869215,-0.068902388,-0.042548925,-0.282312207,-0.294226056,0.123961478,0.113447195,-0.004142466,0.012180121,-0.132904424,-0.131781601,0.002824418,0.062313038,-0.030400817,-0.007891645,-0.039091156,-0.081604993,0.090691015,0.14524659,0.187789132,0.177101837,0.149536804,0.132150562,-0.211917808,-0.183265532,0.090768082,0.07010499,0.0084378,0.001199693,0.217591399,0.250704556,-0.320157103,-0.318781615,-0.122072486,-0.155424021,-0.116023464,-0.165138985,-0.055597822,-0.041163818,-0.037628861,-0.054680233,-0.023467847,-0.027458929,0.142821499,0.1636291,-0.122928801,-0.143297669,-0.043706563,-0.051502651,-0.097536357,-0.119220273,-0.107308782,-0.10139901,-0.144164628,-0.15491964,-0.014760464,0.053374137,0.033829178,0.062211056,-0.053161454,-0.049893913,-0.373525951,-0.397047325,-0.083263044,-0.158061039,0.048304703,0.017501445,-0.032940606,-0.012481544
mode47,-0.162662181,-0.149534476,0.118256978,0.089440422,-0.114877302,-0.092622545,-0.095430254,-0.052702353,-0.063163697,-0.056385445,0.176813398,0.176848366,-0.05685106,-0.052937832,-0.130880389,-0.094931502,0.020659739,0.031632178,-0.208859464,-0.205608041,-0.222610396,-0.182364409,-0.009166184,-0.012595913,-0.002665228,-0.003740909,-0.201702911,-0.213931869,-0.036991731,-0.075934476,0.052988967,0.031765722,-0.010692993,-0.009288787,-0.102803585,-0.108606164,0.192809695,0.192833881,-0.042210173,-0.02537171,0.045759581,0.055033478,-0.016946597,-0.018434266,0.029469219,0.013293354,-0.090187709,-0.098974673,-0.166899593,-0.18589513,0.046516705,0.025116981,-0.077298403,-0.081806697,0.095377973,0.123833598,0.189731268,0.161127093,-0.031013091,-0.02517617,0.073469736,0.037206531,-0.102750376,-0.108821496,-0.353170098,-0.353392033,0.050806104,-0.004506645,-0.157984656,-0.095884389,0.008582662,0.011867868
mode48,0.027526143,0.034371376,0.021986103,-0.010478473,0.171712671,0.148265406,0.056256932,0.012567473,0.052098999,0.056208954,-0.075662728,-0.05665927,0.087337648,0.084368978,0.137365561,0.225104948,0.096325544,0.085839803,-0.077919867,-0.070429395,0.296723817,0.269602134,-0.041983923,-0.055777839,-0.083515352,-0.11683821,-0.113347385,-0.047197458,0.111560602,0.090427724,0.040236322,0.046712709,0.130300018,0.121021831,0.048355515,0.030298716,-0.356790741,-0.368994863,-0.109784963,-0.152392887,0.063743741,0.074794548,-0.116024866,-0.121885092,0.028357571,0.0270225,0.170786828,0.13933632,-0.174989072,-0.202927012,-0.363144582,-0.347122303,-0.205011544,-0.22093785,0.11881408,0.140799799,-0.023331045,-0.036574989,-0.108757428,-0.114414069,0.050178589,0.062952248,0.074894545,0.094654839,-0.24903703,-0.240394884,-0.413377496,-0.387311849,0.124748338,0.149659117,0.05990454,0.08167869
mode49,0.01166018,0.011323722,0.242613543,0.211243815,-0.180829295,-0.127912011,0.35802221,0.273154789,-0.116365228,-0.125855882,-0.175381455,-0.159882396,0.087849564,0.091410651,0.153654123,0.140538293,0.066680261,0.065583344,-0.15110807,-0.19546138,-0.078907663,-0.057860631,0.173853585,0.200167979,-0.213335018,-0.205620289,0.093695205,0.08292742,0.106254185,0.145221959,0.085654827,0.086706444,-0.361337705,-0.312210959,0.376787511,0.368110338,0.187013602,0.26288,-0.147523986,-0.147103744,0.082505827,0.080576894,0.140378179,0.157989801,0.067125193,0.063549965,-0.471528769,-0.439851368,0.176494242,0.142613073,0.109268641,0.135433524,-0.050283064,-0.045885906,0.178904656,0.169369489,0.03019926,-0.057739989,0.19759923,0.222453185,0.112436318,0.143711259,-0.407443649,-0.463065472,0.474561356,0.40889292,0.106641877,0.1622612,-0.184937441,-0.15981128,-0.050040083,-0.061928232
mode50,-0.000391388,-0.027708218,-0.107464831,-0.063919721,0.031657281,0.047706698,0.019647276,-0.003596483,0.06786444,0.047461225,-0.044243486,-0.045540282,0.082550159,0.095650225,-0.232469873,-0.251776765,0.070445962,0.085271424,0.089524949,0.037906486,0.244630158,0.250277354,0.366049875,0.386183333,-0.090715155,-0.114616029,0.332541009,0.363119399,0.043326878,0.011047158,-0.10982073,-0.091525184,0.301771689,0.27330278,-0.063702365,-0.079503788,-0.002321172,-0.028389808,0.021731486,0.001030648,0.106995898,0.093929651,0.059168905,0.037779164,-0.10250893,-0.074449124,0.126657271,0.104109963,-0.089567871,-0.129731182,0.004225349,-0.032538683,0.123480733,0.105579021,0.13702933,0.116589586,-0.095577068,0.03116711,0.049461604,0.028808907,-0.149378011,-0.131048941,0.02612548,0.058274251,0.055216958,0.052855366,-0.026066432,0.031831314,-0.198475107,-0.152600982,-0.023537078,-0.014925419
mode51,-0.007221913,-0.040276167,0.025269597,-0.001368293,0.122901593,0.098737762,-0.225760328,-0.240979862,-0.154121734,-0.161093599,-0.002815259,0.008771738,0.0273702,0.020861569,0.091516661,0.008383605,0.106321387,0.081387034,-0.026138192,-0.061189384,-0.048343553,-0.057095416,-0.069703307,-0.083090369,0.309702592,0.328269584,-0.178767014,-0.172893387,-0.118121355,-0.123467398,0.011739895,0.01178867,0.026939227,0.05515629,-0.124064516,-0.107898006,-0.016603553,-0.03987244,-0.00802685,-0.012533962,0.131110848,0.109189946,-0.019946985,-0.041077806,0.04108784,0.025730547,0.073143301,0.108919397,0.104438959,0.100975337,0.109204723,0.101936327,0.016266966,-0.011306863,0.110205562,0.101511189,-0.040479515,0.101047465,-0.022333977,-0.0346565,0.077100018,0.096123141,0.132145851,0.157834188,-0.258988153,-0.242009867,-0.197635345,-0.218997785,-0.189476195,-0.178447501,0.000927999,-0.025982463
mode52,0.170931854,0.17279259,0.14496182,0.123154408,0.021300081,-0.011200732,-0.040555324,-0.008127746,0.169845001,0.164299408,0.132359476,0.121036202,0.061598051,0.03227811,-0.034814974,-0.008809186,0.016553094,0.006424298,0.032101315,0.077467908,-0.024659067,-0.006194857,0.244139077,0.247445063,-0.275859547,-0.28608092,-0.13855988,-0.113690024,-0.160216331,-0.142665132,0.070578809,0.064451597,-0.075997958,-0.075489366,-0.087733461,-0.036551805,-0.037242397,-0.030040207,0.005870019,-0.001500421,0.014334503,0.000141372,0.028321227,0.03922608,0.097228253,0.088531964,-0.070137706,-0.052935524,-0.046382769,-0.028073003,-0.070720992,-0.071266858,0.001034636,0.001196525,-0.021141644,-0.037160699,-0.274741761,-0.228839383,-0.088089162,-0.127117273,-0.015612116,-0.036380481,0.135114846,0.15250013,-0.236872405,-0.210208501,-0.061817746,-0.037771112,0.103386551,0.084964321,0.082408827,0.119146841
mode53,0.013663383,-0.004865656,-0.16963406,-0.130666256,0.028293526,0.025918803,-0.142717855,-0.161160975,0.025973787,0.032391115,0.014922837,0.015306539,-0.005914342,0.002683795,0.183463303,0.187208959,-0.044166123,-0.042143946,0.169189035,0.183249775,0.167898475,0.215530624,-0.328176509,-0.291751518,0.062266272,0.048250395,0.21744534,0.247453544,-0.02101266,0.034609698,-0.161475055,-0.140947747,0.044050036,-0.014459819,-0.068366579,-0.090782998,-0.055058996,-0.089699698,-0.00354384,0.000201123,-0.019751809,-0.022608913,0.060824702,0.07179093,-0.148682464,-0.136569799,0.13142287,0.082334037,0.004463578,0.005644225,-0.01452676,-0.018761229,-0.036425311,-0.028640089,0.055494183,0.054329704,-0.066959573,-0.10628538,0.111233939,0.090779168,0.080743539,0.106806655,0.421111751,0.480755079,0.054445797,0.047108374,-0.089965592,-0.12817765,-0.079635455,-0.081539442,-0.024342707,-0.024444479
mode54,-0.025544936,-0.029834811,-0.05526044,-0.046345846,-0.188367351,-0.191415064,-0.311311169,-0.334147321,-0.027301003,-0.032246654,-0.040202266,-0.053425075,0.045895083,0.031867753,-0.002185297,0.001535792,0.180438537,0.130986654,-0.029483221,-0.044668985,-0.020794852,-0.001145082,0.073778593,0.075628832,-0.020635653,-0.01138253,-0.272327033,-0.299490319,0.03718358,0.027738248,-0.015941102,-0.021183952,0.115135459,0.143240268,-0.351568162,-0.308124282,-0.059084114,-0.081882661,0.064927038,0.05209893,0.194259949,0.16541424,-0.037902577,-0.026924124,-0.02328445,-0.023068049,0.091983995,0.098749779,-0.235797706,-0.171923051,-0.07834503,-0.04859145,0.104923298,0.101044805,0.261547502,0.231359119,0.18254677,0.172413477,-0.118681413,-0.078830945,0.130057162,0.152622943,0.190304969,0.25164875,0.105215196,0.076369788,-0.045634175,-0.074112583,-0.13423884,-0.097633071,-0.073686652,-0.071708424
mode55,0.123261287,0.140417598,-0.071390429,-0.056358603,-0.40139981,-0.391615631,-0.23961609,-0.240549183,0.026402322,0.035673433,0.052647448,0.054928964,-0.029814639,-0.000537642,-0.066736012,0.023511994,0.032904029,0.067254156,-0.057471201,-0.066706851,-0.010284246,0.035314612,0.045879585,0.061960254,-0.014378135,-0.01751126,-0.21850017,-0.27910952,-0.120888091,-0.137233681,-0.062585808,-0.058658783,0.159789292,0.160045204,-0.275543738,-0.237972511,0.197054596,0.173609878,-0.067752791,-0.041213348,-0.007074707,0.025351496,-0.007811174,-0.025364402,-0.021630592,-0.017230308,0.122643325,0.144369229,-0.061581915,-0.076804966,0.139740464,0.094435117,-0.022212617,-0.011240283,0.010510608,0.066752898,0.036765479,0.021389562,-0.140645642,-0.162080003,-0.019916248,-0.008059744,0.15224409,0.219548087,-0.311932465,-0.327466875,0.065988024,0.03451444,0.009621519,0.026410762,0.075851901,0.071291193
mode56,-0.016143764,-0.046344164,-0.008090348,-0.007428464,-0.35195674,-0.324903376,-0.185886967,-0.195452548,-0.039851592,-0.037470598,0.067582839,0.044285047,0.067796942,0.028876104,0.166307238,0.124362483,-0.042028599,-0.068823586,-0.282795667,-0.24904112,-0.111574709,-0.147769411,0.017214924,0.012236308,0.025355564,0.023577708,0.048115524,0.019579236,0.030696946,0.040429785,0.023210922,-0.000524197,0.25887121,0.286522911,-0.13002484,-0.114418945,0.138622384,0.155455055,-0.170321298,-0.170476271,-0.062392189,-0.086456254,-0.0595769,-0.043024114,-0.03718569,-0.051204264,0.114968003,0.112403282,0.037544469,0.032182083,0.130889529,0.123397081,-0.08241628,-0.080985749,-0.013212707,-0.034333405,0.025140494,-0.019181251,0.010565907,0.050879973,0.006858519,-0.048378274,0.0650462,0.068189092,-0.052580413,-0.071385622,0.058822587,0.101051931,0.089686333,0.07366648,0.040170147,0.049580222
mode57,0.156451247,0.191739193,-0.030992055,-0.020989003,-0.005716225,-0.037980048,-0.093277727,-0.063188911,0.10773798,0.117961545,0.097019491,0.073566558,-0.048905024,-0.032461735,0.096188184,0.161147731,0.084826146,0.038848525,0.218976487,0.25429297,-0.156913437,-0.163270249,0.198748231,0.194119939,-0.264828655,-0.305192361,0.189234465,0.236276203,0.081269584,0.061187546,-0.025895412,-0.042647891,0.02810047,0.045359431,0.093973092,0.116741492,0.152673775,0.163322017,0.054023594,0.054848371,0.054446062,0.037271657,0.050387404,0.058537066,-0.022584486,-0.037642466,0.05036116,0.069314633,0.301201316,0.253534868,0.145832749,0.124846569,0.066498491,0.038715715,0.086310582,0.078288332,0.055901074,0.041573136,0.108721489,0.094508678,-0.095084798,-0.139586348,0.052226729,0.052228557,-0.258584587,-0.215167724,0.092410699,0.122380711,0.074121618,0.099787739,-0.033806846,-0.006458356
mode58,-0.072381877,-0.060388667,0.014806116,-0.008577506,-0.203606454,-0.177673396,-0.090278249,-0.096417687,-0.013174972,-0.011877371,0.053769735,0.065176118,-0.022372568,-0.028235994,0.030858451,0.021881109,-0.111590209,-0.100689944,0.16952487,0.137927416,0.1968211,0.193167622,0.150828149,0.148650276,0.014006808,0.013360611,-0.09848528,-0.198758342,-0.020528218,-0.043344605,0.015775547,0.016743684,0.153753904,0.132332482,-0.20412441,-0.203667113,-0.001317383,0.00666679,-0.019638125,-0.033528816,-0.105906961,-0.085464105,-0.077676362,-0.069564013,0.030711027,0.027032685,0.105677811,0.082707239,-0.200701537,-0.183125991,-0.030249057,-0.039377192,0.016818762,0.009885035,-0.095465748,-0.082925198,-0.064111414,-0.070686713,-0.163589838,-0.164451041,-0.025948732,-0.042997193,0.185798531,0.20062295,-0.24248004,-0.283726525,0.023612489,0.001094908,0.067877119,0.06581731,-0.069110757,-0.073667523
mode59,0.110772944,0.156523061,0.080838712,0.089410576,-0.202534418,-0.188914028,0.080458845,0.0274611,0.248694324,0.251930245,-0.046166336,-0.066992106,-0.022049613,-0.006402851,-0.078953907,0.009720606,-0.068773669,-0.05757673,0.297800838,0.239501089,-0.072916314,-0.102965849,-0.195667261,-0.173670097,0.010835853,0.006866014,0.079353133,0.113114794,-0.100485134,-0.121003048,0.021399824,0.01870273,-0.074777605,-0.045240034,0.103038315,0.102295824,-0.121898667,-0.118553706,0.111023932,0.048272402,-0.087903755,-0.071098858,0.0900162,0.066149079,-0.01167568,-0.014405408,-0.224973454,-0.216365172,0.063254884,0.022685857,-0.037077576,-0.050771114,0.105996719,0.073891781,-0.130194654,-0.090001555,0.069871166,0.055313639,0.144916784,0.136815933,0.018978854,0.063871823,-0.192234778,-0.200699753,0.40003568,0.402759381,-0.035507291,0.03134262,0.284987618,0.279519271,0.015818498,0.026824677
mode60,-0.081546135,-0.051746313,-0.032433945,0.027994669,0.051999799,0.062507845,0.049900306,0.052522304,-0.068930345,-0.048653683,0.179302683,0.190350532,-0.067943898,-0.065004272,0.257797843,0.216117974,-0.001027657,-0.050250867,-0.274441952,-0.290317804,0.004937498,0.010726024,-0.217906377,-0.228954855,0.092396643,0.072629384,-0.23165335,-0.217527123,0.025453478,0.027873248,0.0029728,0.022583515,0.019242684,-0.037646601,-0.056352447,-0.044215794,0.042725033,0.027914084,-0.111487731,-0.149845544,-0.007621504,-0.046360608,0.022412436,0.033244223,-0.050692252,-0.009026345,-0.154640458,-0.203052358,0.142776692,0.103488712,0.153812948,0.115795347,-0.05013493,-0.064830185,-0.004565846,-0.032126787,-9.75E-05,0.072756556,0.018793114,0.015634625,-0.084813002,-0.070975648,-0.27905089,-0.287299794,-0.035076995,-0.068227026,-0.100121154,-0.106040775,0.070782129,0.059766885,-0.003633586,-0.013258996
mode61,-0.146150325,-0.151347211,-0.036740665,-0.01443941,-0.050942243,-0.065395338,-0.241110718,-0.235157885,-0.108405636,-0.110873313,0.143677995,0.127297663,0.048121425,0.059436671,-0.040348589,-0.101051562,-0.0038306,0.004961135,-0.173904851,-0.17589864,0.002462738,0.016252949,0.057631553,0.038896341,0.086918972,0.084072588,-0.225180849,-0.207188078,0.086144905,0.127705045,-0.020273615,-0.014280827,0.064554396,0.040919952,-0.249448009,-0.23924677,-0.123567217,-0.134204177,-0.170819158,-0.184327515,-0.010727729,-0.001691823,0.089959887,0.114719282,-0.016184799,-0.00271444,0.087728764,0.076401393,-0.229452424,-0.240795868,-0.146881014,-0.143530471,-0.140236405,-0.149033622,-0.022828212,-0.028199204,0.073605155,0.037897455,0.01397246,0.005028139,-0.011137825,-0.012703087,0.339431144,0.391361732,-0.502510122,-0.480423527,-0.193480259,-0.214918582,-0.085449089,-0.056385761,0.030544353,0.016451539
mode62,-0.033166359,-0.046279214,-0.024009935,-0.012517531,0.085440254,0.063866077,0.008489489,-0.034606255,-0.01711972,-0.024887777,-0.107898824,-0.090233511,-0.080404144,-0.078025241,-0.056385111,-0.046400288,-0.071651238,-0.043013993,0.132231078,0.15749156,-0.244463372,-0.254901769,-0.081207889,-0.06925204,-0.150904821,-0.144702639,-0.120271555,-0.163424705,0.162609736,0.123024672,-0.023032798,-0.023094594,0.021646755,0.068593607,-0.024774042,-0.043074272,0.236022269,0.28111806,-0.009800717,0.029658635,-0.058513392,-0.029970999,-0.016827349,-0.013689582,-0.060136636,-0.055809727,-0.016741433,-0.000868748,-0.203824016,-0.216006184,0.008947351,0.031069129,-0.074363805,-0.06228379,-0.097431129,-0.076621908,-0.126870287,-0.073061419,0.021365003,0.072564788,0.318766244,0.382532747,0.011836106,0.065983467,0.113300416,0.060644597,0.145966179,0.206213313,-0.009644008,-0.018367868,-0.014378584,0.005137219
mode63,0.029752666,0.023061774,0.00406422,0.013539525,0.137471789,0.135854477,-0.038445571,-0.011569782,-0.043359047,-0.046776398,-0.024560479,-0.021295045,-0.092826687,-0.093277565,-0.001383032,-0.011199121,-0.126420935,-0.138279736,-0.126567573,-0.118108644,-0.417679826,-0.419881758,-0.007460014,-0.027325223,0.01476681,0.033180018,0.022215396,-0.001379879,-0.028265076,-0.03389062,-0.04491231,-0.037714034,-0.191291754,-0.192242816,0.014150414,-0.010368226,0.155688655,0.167429367,-0.081034977,-0.058068951,-0.136110806,-0.143458655,0.095021959,0.058021742,0.032535847,0.034631891,-0.116913979,-0.104836857,-0.006137827,-0.036825946,0.070963538,0.080056379,-0.099987751,-0.096300713,-0.113882073,-0.122243392,-0.198759035,-0.133489324,0.004372925,-0.033655352,-0.054697026,0.015271517,-0.230515251,-0.250021569,-0.017282983,-0.002415503,0.311538907,0.307568216,0.105411327,0.091493109,-0.001485024,0.005357108
mode64,-0.020726071,-0.037361201,-0.061076187,-0.061810988,-0.071875722,-0.086062195,0.085439708,0.067939882,-0.064558944,-0.065351319,0.084725112,0.089917842,-0.074030829,-0.079300146,-0.026340095,0.001348637,0.100026121,0.103015076,-0.142470533,-0.125402291,-0.205462504,-0.180798354,-0.016064327,0.002223358,-0.042742614,-0.067330745,0.235639685,0.223537097,-0.194917176,-0.148981654,-0.028754973,-0.031583008,0.088181306,0.049537717,0.114442696,0.073828177,0.025359535,0.020514047,-0.10003393,-0.091965308,0.096001309,0.101259062,-0.055884129,-0.044368452,-0.051179475,-0.058190153,0.180731528,0.125440094,0.055092285,0.073327158,-0.026414113,-0.000317848,-0.09760405,-0.083784545,0.072164836,0.097333945,-0.103603685,-0.071963704,0.02932759,0.012459313,-0.035983836,-0.050830167,-0.045429935,-0.095565409,0.038660378,0.028965653,0.149625605,0.208282752,-0.024435534,-0.002635568,0.033341091,0.031685791
mode65,-0.085988679,-0.120575873,0.041194927,0.054445233,0.00345276,-0.0135791,-0.078848078,-0.119999489,-0.110133771,-0.124270727,0.053983678,0.050155753,-0.025870387,-0.033733409,-0.069843829,-0.068146538,0.07416222,0.094555439,-0.063865117,-0.084461472,0.111421406,0.080832317,0.032132633,0.020818283,0.029796344,0.052717669,-0.218027317,-0.176321752,0.056716011,0.06156921,0.028693032,0.026951113,0.005074075,0.021640674,-0.001872121,0.027953541,0.160944593,0.18187148,0.025605307,0.068538746,0.06122155,0.094198161,0.006162812,0.028293216,-0.005274821,-3.61E-05,-0.109352727,-0.108181321,0.016519106,0.000454444,0.108645876,0.123273239,0.06578598,0.084603655,0.062209339,0.064372816,-0.105590451,-0.233635698,0.008680987,-0.000883667,-0.100929075,-0.110805253,-0.070608095,-0.047461009,-0.2814184,-0.248216951,-0.074048166,-0.075730682,-0.09362739,-0.107730089,0.023154081,0.025633486
mode66,-0.093490665,-0.110063967,-0.016803806,-0.024610981,-0.031459007,-0.03937944,-0.063963155,-0.088534795,-0.089401162,-0.079489156,0.04695495,0.014162536,-0.027924253,-0.021689632,0.110876265,0.074930628,-0.019433547,-0.004428279,-0.05212751,-0.073144444,0.231180912,0.209194518,-0.25052601,-0.246990863,0.085983169,0.088671155,-0.185488404,-0.174328129,-0.062123003,-0.057464687,-0.004897918,-0.017677234,0.14212289,0.167694405,0.013414218,0.031012344,-0.218486976,-0.239175424,-0.094908892,-0.109346316,0.007116868,0.012545155,0.028124879,0.016304055,-0.04022393,-0.057704523,0.145571643,0.163910983,-0.044427234,-0.047975498,-0.173351011,-0.183452414,-0.172068174,-0.169074595,-0.008374019,-0.006552354,-0.13123385,-0.079571329,0.024867779,0.028750108,-0.085973173,-0.117719956,0.138959767,0.173234827,-0.145559581,-0.139499041,-0.073419531,-0.068665754,0.077505544,0.058791387,0.004596941,-0.02503842
mode67,-0.332471289,-0.327534642,0.038546141,0.04733183,0.023033056,0.036977358,-0.040549291,-0.016286929,-0.158726072,-0.143686557,0.064769757,0.053056452,-0.032545505,-0.016724684,0.036681852,0.03851145,0.15780994,0.148619681,0.018559251,0.028737088,0.053069896,0.038721561,-0.086563181,-0.100335258,0.005931696,0.034364478,-0.057407388,-0.101705669,0.029329055,0.045463652,0.05213935,0.059114805,-0.093332591,-0.123243034,-0.046049891,-0.055853014,-0.119994664,-0.123550713,0.119976004,0.133394267,0.172282039,0.179842172,0.013533332,0.010258744,0.009964031,0.020578507,-0.06592615,-0.096606624,0.012313935,0.070773953,-0.020936328,0.001058259,0.075804863,0.074262974,0.199651437,0.209545037,0.042052668,0.012186215,0.062897711,0.066392398,-0.004213695,0.02024223,-0.030679739,-0.074365118,0.17162126,0.175484336,0.027603581,0.019239453,-0.284079152,-0.225447096,-0.067100405,-0.028576
mode68,-0.058701144,-0.051488072,0.036721895,0.043680352,0.099003299,0.084000031,0.142903404,0.111626907,-0.00903184,-0.01107403,-0.038823359,-0.019031641,-0.013551409,-0.024052031,-0.05497349,-0.028239748,0.055693472,0.09354275,0.144744952,0.17303458,-0.009109651,-0.029949293,-0.225229598,-0.246483759,-0.084242416,-0.087537337,0.067107905,0.064356281,-0.196928758,-0.18413631,0.015413556,0.013594133,-0.050264987,-0.026225077,0.118626443,0.117238391,0.031622596,0.094663712,-0.083043426,-0.134167655,0.079521277,0.11267265,-0.037424909,-0.034982199,0.049759288,0.050953005,-0.146958359,-0.132784769,0.023001367,-0.044900759,-0.021896202,-0.019052262,-0.050882155,-0.07431568,0.039636072,0.079840113,-0.090743367,-0.027103641,0.001983769,-0.021756425,-0.011526138,-0.006067115,-0.266996601,-0.277007697,0.005619656,-0.022413777,-0.160652606,-0.14291055,0.080991937,0.060021912,-0.064504843,-0.075874974
mode69,0.035741882,0.004400543,0.067121337,0.064608563,-0.186521096,-0.147732236,-0.024110829,0.04968922,0.096516537,0.076816467,0.108432609,0.105851642,-0.080431428,-0.077360258,-0.209235646,-0.206465636,-0.074008558,-0.034343306,0.122196377,0.153414128,0.153866696,0.177649684,0.115042718,0.09805052,0.003131786,-0.001565291,-0.118269294,-0.111771514,0.073920372,0.068557982,0.096661985,0.091277048,-0.078344224,-0.066763731,0.041446576,0.077849605,-0.267020123,-0.271940516,0.02903576,0.044722171,-0.065283356,-0.047452935,0.014074313,0.028534939,0.026628432,0.030587355,0.02236128,0.032642027,-0.011159131,0.051728144,-0.227014338,-0.202734106,-0.029498267,-0.024101431,-0.060872147,-0.056205103,0.152254719,0.187145995,0.132403322,0.18671966,0.008029878,-0.000951115,-0.074819053,-0.124542504,-0.237580324,-0.223797874,-0.076192721,-0.12308203,0.103702228,0.077180071,-0.000398094,-0.023943241
mode70,0.017697934,-0.023411854,-0.027887467,-0.015877694,-0.014134082,-0.004470486,-0.063948748,-0.093052309,0.019827912,-0.003842544,0.044315388,0.04539062,-0.060565071,-0.054019975,-0.184275568,-0.164331724,-0.104958757,-0.060239663,0.072194678,0.084810579,-0.02350153,-0.031511897,0.045994889,0.046765162,0.100665054,0.124274459,0.088548124,0.064518838,0.044859139,0.014925987,-0.003246515,0.002678781,-0.02432175,-0.043428778,0.007377175,0.01425946,0.145025453,0.165612464,0.032447265,0.078900659,-0.092763857,-0.069087401,-0.023058127,-0.010703369,0.003603278,0.010818971,0.000510161,0.012493566,0.062546413,0.059348796,0.127002954,0.14600576,0.059090535,0.07916142,-0.076650251,-0.051559729,0.091111543,0.111649063,-0.004117055,-0.034769602,-0.160029597,-0.210773234,-0.090665107,-0.115735437,0.076445037,0.063830775,0.015390823,-0.010050978,-0.079217968,-0.118846489,-0.004288809,-0.013730321
mode71,-0.11995758,-0.100731112,0.103076932,0.090042032,-0.127190725,-0.138973221,0.141431185,0.123819636,-0.076201427,-0.053287875,-0.064181435,-0.051223942,0.017740342,-0.010318522,0.111625952,0.028752969,-0.07420599,-0.11663151,-0.044876581,0.001378391,-0.09424658,-0.049464702,-0.164296879,-0.146370829,-0.209773951,-0.208809939,0.075431264,0.093171287,0.034760609,0.048712992,0.097696519,0.092299628,-0.160526866,-0.146212218,0.08596172,0.050479963,-0.015202029,-0.011736923,-0.02633533,-0.003473965,-0.094656051,-0.131292024,-0.062504082,-0.036940448,0.019163096,0.015149113,-0.197288684,-0.191167726,-0.050130587,-0.047651349,-0.033675877,-0.021940245,-0.084779764,-0.06660724,0.005933339,-0.031142993,0.060226204,0.122493096,0.010157106,0.012259267,0.143221773,0.196421879,0.027674733,0.054882033,0.11511682,0.13547744,0.040902923,0.035768868,-0.056334968,-0.00597141,0.0833349,0.069485308
mode72,0.087533546,0.082084845,0.017753044,0.030582677,-0.111819257,-0.136703962,0.110345388,0.073264958,0.16050703,0.145435961,-0.046591871,-0.032568771,-0.047481754,-0.027975849,0.027831188,0.038328071,-0.064162225,-0.063968214,0.183389885,0.179990874,0.24725078,0.182166962,0.206178362,0.222618512,-0.083190337,-0.068997038,-0.174541177,-0.232988619,0.066357253,0.080330957,-0.025739401,-0.012967371,0.109012334,0.109316525,-0.022642471,-0.070933165,0.113013897,0.160145871,0.119505166,0.123554168,-0.044163812,-0.073854324,0.023127128,0.040559184,0.001510539,0.030612435,-0.025953251,-0.045543173,-0.07229048,-0.071241335,0.108319308,0.12429101,0.131838561,0.141833114,-0.026611222,-0.049944562,0.129611176,0.100698481,-0.077158528,-0.064319838,0.048142807,0.088689183,0.063948853,0.084357192,-0.058389408,-0.093896853,0.021373578,0.073469096,0.085219497,0.055443493,-0.032856907,-0.025358329
mode73,-0.097035948,-0.064175679,-0.00331619,-0.000746237,0.342466228,0.306341531,0.14500373,0.119945726,-0.039502229,-0.022806822,-0.069278423,-0.083527435,-0.056228128,-0.058468352,0.034847548,-0.026335887,0.065902192,0.057448116,-0.071653952,-0.057294657,0.014342067,-0.002206644,0.069610119,0.069265294,-0.007904131,0.003766193,0.052072508,0.053163878,0.008541522,0.012979783,-0.058751123,-0.062991507,0.087420757,0.094918791,0.056731018,0.04605549,-0.123372591,-0.10426924,0.080205862,0.077096557,0.051868021,0.045483951,0.006277049,-0.012697223,0.017471281,0.008455325,0.049566867,0.026261324,0.017789494,0.025141435,-0.081386886,-0.072534123,0.092911544,0.111240673,0.083218759,0.068146552,-0.038464924,-0.003760295,-0.020482466,-0.04820111,-0.010861958,0.011635176,-0.160054149,-0.195070573,0.194936984,0.206621542,-0.132426481,-0.097639621,-0.022311873,-0.014966366,0.074622656,0.057489798
mode74,0.078864532,0.067570063,0.050012456,0.057788652,0.127201306,0.122520076,-0.17898855,-0.094402033,-0.032347507,-0.028980432,-0.067455998,-0.079269071,0.093602215,0.118329501,0.025238205,0.040568225,0.073957548,0.093660689,-0.091556054,-0.030725045,0.119355225,0.133809821,0.104701388,0.106548166,-0.108249363,-0.107854686,-0.151085635,-0.16909066,0.010057135,-0.044933711,0.012338479,0.022684033,-0.184304705,-0.19098247,-0.052982625,-0.033222351,0.05908074,0.042971217,-0.100483926,-0.069546387,0.07847155,0.090081278,0.051983287,0.011586582,0.034006144,0.047229926,-0.11189578,-0.091190164,0.099212248,0.10664173,0.08272784,0.049424023,-0.084075267,-0.081499008,0.103283526,0.150435483,-0.223786429,-0.246794995,0.02989706,0.039768761,0.069896225,0.128907143,0.04474134,0.039799787,0.005902833,0.020635781,0.011170271,-0.010955947,-0.049996877,-0.074163151,0.024299763,0.003324204
mode75,0.066427319,0.100084001,0.021914831,0.023486017,0.195802893,0.179603079,-0.049524033,-0.066013897,0.033350512,0.05271085,-0.071166321,-0.066081581,-0.015809543,-0.021965296,0.14553167,0.147292738,-0.033041282,-0.068928476,0.003950136,-0.033730969,-0.164733461,-0.140132617,0.057561433,0.082452081,-0.10662654,-0.129164085,0.116334306,0.088861595,0.098619523,0.094412973,-0.028047354,-0.023621407,-0.064287088,-0.064534285,0.009987888,-0.001484174,0.291050953,0.303128205,-0.003469496,-0.009172204,-0.031632799,-0.056460358,0.028987269,0.034533141,-0.003111269,0.012896548,-0.100197898,-0.105888878,-0.001128536,-0.026105968,0.184262479,0.169983003,0.031900903,0.029252027,-0.037358049,-0.044131635,0.133642883,0.193079223,-0.018844935,0.003900412,-0.146596595,-0.169756689,0.024234725,0.023495183,-0.111454157,-0.098654656,0.216401501,0.193603452,0.146931542,0.163542629,-0.030048425,-0.023752065
mode76,0.074183113,0.058832699,0.02452059,0.021840229,-0.210807223,-0.169403117,0.059042377,0.080793385,-0.030516549,-0.040286792,-0.064239427,-0.052334858,-0.019615042,-0.047120954,-0.049063774,-0.031500813,0.09931859,0.096659631,-0.137083366,-0.114668514,0.064036942,0.084399599,0.253305837,0.247055506,-0.082796894,-0.073148477,-0.192435326,-0.175192209,-0.255133429,-0.225641291,0.030566617,0.030572984,-0.094591541,-0.066185093,0.07849924,0.053495091,-0.032711814,-0.057541128,-0.045931368,-0.019632651,0.09429982,0.091415273,-0.04217314,-0.046952899,0.016745879,0.01191238,-0.021723358,-0.008685895,-0.045335311,-0.007943698,-0.042937307,-0.025971481,-0.08279804,-0.061573805,0.020959939,0.03205481,0.017696105,0.056132129,-0.015124977,-0.021339815,0.032082663,0.04367412,-0.043066288,-0.029824568,0.06834016,0.039987003,0.104031648,0.038260675,-0.091908837,-0.094089294,-0.040014695,-0.022703562
mode77,-0.002238293,0.017367675,-0.026249813,-0.025260756,-0.036147614,-0.066715457,0.187232764,0.133167947,-0.094596435,-0.07683086,-0.032382698,-0.0114586,0.0056406,0.021307612,0.091577347,0.135476856,-0.055380202,-0.057551036,-0.175546733,-0.198043085,0.138945083,0.149723913,-0.05188197,-0.052503458,0.090923335,0.114121475,-0.087358292,-0.084327498,-0.0346993,-0.08721522,-0.046923612,-0.039600082,0.161570139,0.213477601,0.01474654,-0.001103165,-0.05237289,-0.065072807,-0.091002487,-0.109017869,-0.043444433,-0.042904384,0.019208172,-0.01536203,-0.009834564,-0.009607795,0.018102336,0.049683067,-0.014492939,-0.034923842,0.048562456,-4.54E-05,-0.058114213,-0.068405291,-0.014716964,0.021017317,0.007241131,0.063801955,-0.019772329,-0.037714088,0.070147605,0.052892663,0.034130792,0.092475245,-0.19702436,-0.21776636,-0.291594333,-0.304929707,-0.011781247,0.01398332,0.012989521,0.013430317
mode78,-0.005243632,0.004982888,-0.013067697,-0.018182622,-0.072670395,-0.069802566,-0.034772481,-0.027246279,-0.018326112,-0.014933181,-0.101308432,-0.103656031,-0.099657872,-0.11927045,-0.011014212,-0.014271718,-0.036632329,-0.060005984,0.109863915,0.108294706,0.042141931,0.055685736,0.003337501,0.005673453,-0.038601446,-0.033118446,0.113907757,0.097361714,0.016605528,-4.56E-05,-0.07103575,-0.063815748,0.123939327,0.150006612,-0.00658777,0.021213841,-0.049771693,-0.065290927,0.034932308,0.029028534,-0.051805941,-0.050927839,0.02006107,0.011816789,0.010543458,0.028258696,0.131519796,0.156693498,-0.059671354,0.007320961,-0.069770162,-0.050418555,-0.029161937,-0.035893158,-0.034889463,-0.044674107,-0.186765787,-0.151601331,0.022232975,0.044478488,-0.119259488,-0.17321911,-0.05288347,-0.089193986,0.122550238,0.083080631,-0.062988833,-0.120529052,-0.181318064,-0.131074831,0.025263282,0.030872163
mode79,-0.065508755,-0.055031971,-0.067747791,-0.047318486,-0.014894718,0.003706623,0.087652253,0.055075627,0.024212691,0.028619937,0.014417247,0.033784463,0.043597419,0.056448753,-0.084158643,-0.114832377,0.037978203,0.025128961,0.114330159,0.122362986,-0.097395518,-0.088277393,-0.307164756,-0.2936468,-0.105159596,-0.095326303,-0.015382798,0.035323618,0.150625511,0.155324599,-0.093707109,-0.083300162,0.157676534,0.15416729,0.016956357,0.002738824,0.028533268,0.007820319,0.02914434,0.034003761,0.037957715,0.025266988,0.052035657,0.062108405,-0.072797264,-0.053677199,-0.004048554,-0.022589338,0.017895626,0.003523487,0.031070452,0.03194071,-0.024216745,-0.034468406,0.067421154,0.060136051,0.069618753,-0.047411379,-0.140424765,-0.121964075,0.006509436,0.017945841,-0.039061284,-0.013956591,0.140118466,0.089719928,0.223715353,0.196695178,0.034133175,0.019927494,-0.037301647,-0.046592169
mode80,-0.008934753,-0.040238964,-0.10071948,-0.091089678,0.000696941,0.007759987,-0.201688848,-0.238759565,0.011285309,-0.000233912,0.062135882,0.037877885,-0.062319139,-0.056970937,-0.082732962,-0.089366906,-0.101730701,-0.083927758,0.141179747,0.186645309,0.083862303,0.052714164,-0.012815544,-0.020354716,-0.029082255,-0.038057856,-0.030212429,-0.088807865,-0.178455724,-0.154015801,-0.056897677,-0.049688196,0.152128171,0.141230458,-0.281154458,-0.281376544,0.246674193,0.290177509,0.063759203,0.106464035,-0.102104125,-0.092472822,0.015903981,-0.018862351,-0.097248116,-0.108852108,0.177081743,0.141519595,-0.221919075,-0.202917768,0.066034264,0.099307822,0.010521641,0.039961402,-0.093600943,-0.088134929,0.000960443,0.034167359,0.06997176,0.02887986,-0.107790343,-0.140133359,0.094429733,0.112525057,-0.059090511,-0.076077749,0.092474728,0.152292475,0.073076079,0.051339263,-0.018971533,-0.011257679
mode81,0.124431601,0.133950894,-0.030844787,-0.049468972,-0.170930494,-0.180466892,-0.089800835,-0.086029742,-0.007385994,-0.009528593,0.084841848,0.094560925,0.037233325,0.029546837,0.002401227,-0.054714504,0.011755562,-0.017435891,0.029673879,-0.017841173,-0.007977455,-0.035883626,0.089219562,0.072826467,0.125253792,0.163677388,0.079303095,0.011248889,0.061960558,0.047605071,0.022146664,0.009119362,0.074518565,0.096930468,-0.146084028,-0.125490127,0.030381218,0.052827445,0.049398522,0.022469004,0.026029866,-0.012053911,0.006211514,0.033651434,-0.006132935,-0.025125103,0.080939575,0.113945649,-0.167866615,-0.153355694,-0.005759281,0.020416941,0.018567155,0.008895493,0.070147194,0.047037667,-0.12008984,-0.190731957,0.092824078,0.108494895,-0.152214627,-0.237995129,-0.106812812,-0.114017199,-0.092416501,-0.131217357,0.001341062,-0.008940647,-0.093815097,-0.105043622,-0.076334256,-0.055153279
mode82,-0.024965104,-0.016848161,-0.0185825,0.005654636,-0.149591419,-0.164498531,0.100502887,0.098533933,0.018744633,0.024202339,0.090754069,0.121642198,0.028833782,0.01003158,-0.001154961,-0.020766459,-0.029652076,-0.015915175,0.046707079,0.055532145,-0.018486157,-0.013130075,0.092831821,0.070802405,-0.042623801,-0.037446529,-0.10266321,-0.098661515,-0.075078971,-0.089433931,0.024629985,0.038484541,-0.165748779,-0.145013417,0.195423038,0.175472246,-0.118460609,-0.090243639,0.07835471,0.089611061,-0.032041603,-0.012251809,-0.029194484,-0.027572887,0.034669341,0.033171897,-0.144100224,-0.137837177,0.032803201,0.021350198,-0.10199658,-0.072536511,0.042362165,0.042464396,0.031248352,0.017252116,-0.043142717,0.020653085,-0.034948094,-0.082428094,0.04835869,0.006694881,-0.125326297,-0.164753021,0.039403533,-0.00295312,0.033288227,0.025510309,0.04804636,0.085601953,0.062115868,0.053973276
mode83,-0.102507727,-0.059977589,-0.034374718,-0.031397317,-0.02658996,-0.033082107,-0.113504905,-0.095854767,-0.010070366,-0.006294585,0.012887987,0.034120848,0.045232757,0.060102196,-0.012797968,-0.006334589,0.11631663,0.117243954,0.062435526,0.06796406,0.133090225,0.1279716,0.278045037,0.273018207,-0.059679265,-0.069487098,-0.161712979,-0.190843223,0.048705218,0.056506177,-0.016181558,-0.008836225,0.103471564,0.102893521,-0.218594217,-0.229042818,0.179751331,0.170545498,0.078344517,0.052877843,0.101729735,0.107256862,0.045700082,0.020095027,-0.077446451,-0.065550038,0.042473468,0.038735973,-0.111080423,-0.113233669,0.142003819,0.131930155,0.147403852,0.128243367,0.11139157,0.108480831,-0.007566627,-0.009624506,0.029031183,0.039394307,-0.059737415,-0.04479167,0.038208475,0.095082302,-0.267886086,-0.305653854,-0.045054154,-0.0613548,-0.220060735,-0.188874753,-0.000851366,-0.009406284
mode84,-0.063672506,-0.069312345,-0.004273594,-0.002607571,-0.131812183,-0.138635649,-0.075473012,-0.043084601,-0.031861934,-0.040606768,0.186668192,0.182979015,-0.086812651,-0.113525024,-0.135584113,-0.131159849,0.066458384,0.05431855,0.04238922,0.008581837,0.305579369,0.284713874,-0.086606843,-0.082475499,0.017147157,0.031863943,-0.332878115,-0.262390625,-0.071424928,-0.085470911,0.059220381,0.06680655,0.094313611,0.09433268,-0.090640898,-0.045077836,0.054084528,0.048864284,-0.007304275,0.012651845,0.028735171,0.037810405,0.005252883,-0.000968605,0.028654356,0.028328271,0.001541119,0.004613237,-0.026247064,-0.026157526,0.0731734,0.055550532,0.037002634,0.037810901,-0.068935239,-0.062970228,-0.108024644,-0.058571517,-0.021546051,-0.026103562,0.116383014,0.119152121,-0.036254915,-0.033690549,-0.074785323,-0.047280515,-0.031411352,-0.058854022,-0.010785865,-0.017969489,0.048039903,0.059860352
mode85,0.06678623,0.083439449,0.001261953,-0.013751011,-0.000418181,-0.010884382,0.097289963,0.112732701,0.131278431,0.123434622,0.026477306,0.033565412,-0.073815457,-0.064933085,-0.121861398,-0.120529957,-0.072318029,-0.059727497,-0.078173501,-0.051796084,-0.003674145,0.015892172,0.332007689,0.329708417,-0.120369049,-0.138012192,0.021832818,0.018553665,-0.0715251,-0.076851096,0.046580513,0.047016007,0.04955099,0.070287258,-0.096886712,-0.126733591,0.088491264,0.069155283,0.143288691,0.171312932,-0.057864758,-0.053522022,-0.039812975,-0.030049181,0.019691775,0.003418641,0.030458046,0.021442111,-0.010798529,0.057730291,0.134437813,0.14042101,0.14654096,0.163481193,-0.031538349,-0.011323778,-0.167296415,-0.235641327,0.017451321,0.009884565,0.042126314,0.023874852,0.02665394,0.028688988,0.120805603,0.140782012,0.162852229,0.108684791,-0.041114407,-0.075944907,-0.022524925,-0.042519498
mode86,0.007264553,0.006488744,-0.049613233,-0.048023117,0.009302778,-0.004709373,0.076866732,0.032572347,0.009003951,0.007473519,-0.014174667,0.00625503,0.002470051,0.015430784,-0.08628975,-0.072921657,0.068069046,0.064829573,-0.087591057,-0.068622236,-0.153515445,-0.126453078,-0.208182678,-0.191782099,-0.028090838,-0.041406378,0.19593521,0.118553822,0.077928458,0.037547087,-0.018760629,-0.013552486,-0.007781261,-0.014580327,-0.029182573,-0.098691421,-0.048205477,-0.045730287,-0.031015617,-0.032621452,0.04680107,0.057155414,0.023642969,0.031301644,-0.083842187,-0.064995333,0.032283642,0.044983402,-0.119436529,-0.102560643,-0.066845543,-0.040704888,-0.123653384,-0.121043883,-0.036843351,-0.029863871,-0.010650855,-0.03863929,0.015464918,0.023569265,-0.110042703,-0.130967731,0.043625596,0.061350998,0.015197525,-0.007172683,-0.007262326,0.050871325,0.176545028,0.148117347,0.115300192,0.118661865
mode87,-0.112367721,-0.146157601,0.040262114,0.052044316,-0.031304936,-0.028793672,0.195747085,0.162016035,-0.017818004,-0.042485434,-0.047159107,-0.038405452,-0.060470853,-0.066198102,-0.236554444,-0.257070913,0.08086439,0.107954149,-0.061345857,-0.048327791,-0.069817987,-0.079249897,0.122899892,0.117133529,-0.021209808,0.019745734,0.201274561,0.115951623,-0.036477546,-0.046027112,0.010538123,0.014151334,-0.114808243,-0.116918783,0.180469001,0.156104844,-0.057827738,-0.047670217,0.137874624,0.164462292,0.049260832,0.070028078,-0.003262728,-0.001802157,0.035288648,0.038297477,-0.100627017,-0.086027772,0.177735897,0.235527386,0.030786915,0.049849625,0.09430796,0.11189897,-0.019406318,0.009728341,-0.238673069,-0.229872947,-0.003705338,-0.024193397,0.038228051,0.075515298,0.005814998,0.002618418,0.021378394,0.035880612,-0.058331372,-0.055511283,-0.14714904,-0.163970461,-0.007474089,-0.001482211
mode88,0.067505035,0.076856694,0.009040361,0.011416124,0.184798919,0.167267643,-0.081331637,-0.090230881,0.025366704,0.014718967,-0.067446852,-0.062469839,-0.151339407,-0.169188232,-0.306454002,-0.322901716,-0.074781861,-0.080181117,0.117835797,0.066086215,0.056402745,0.02040401,0.066769547,0.078265044,0.136915149,0.138751491,-0.12010121,-0.137046995,-0.124656392,-0.158841906,-0.009355479,0.008810829,-0.083834187,-0.077683018,0.016949995,0.02168325,0.145331502,0.139804434,0.080444475,0.063514089,-0.074746447,-0.084555454,-0.067520162,-0.094117034,0.03437222,0.043371997,0.078162997,0.100730323,0.051444234,0.073018086,0.08836805,0.091948736,0.068087937,0.064396962,-0.117088911,-0.120062671,-0.157905303,-0.129990779,-0.003956228,-0.028637963,0.091247085,0.119539197,0.209483879,0.22399102,-0.189675274,-0.180423002,0.062469689,0.095664319,0.089711083,0.052478193,-0.073603065,-0.045071402
mode89,0.031867006,0.041229786,0.040550462,0.070662493,0.029005032,0.039940659,0.02412476,0.049057823,0.08717071,0.08135398,0.085254768,0.071239218,-0.052642371,-0.022048491,0.013155886,0.033819795,-0.105834705,-0.138424422,0.153061606,0.144215514,0.207739446,0.21487641,-0.101484892,-0.076064501,0.019682254,0.006298012,-0.306962678,-0.291777294,0.022996973,0.02371387,0.06182925,0.06526301,-0.066123462,-0.099496742,0.000557962,0.016628593,-0.049456719,-0.023938437,-0.005896437,-0.037345262,-0.086427041,-0.110038115,0.026378457,0.031029217,0.010118969,0.00129824,-0.106451177,-0.146583385,0.023856799,0.016155799,-0.021602392,-0.016836013,0.011837613,0.003502286,-0.083699658,-0.093061484,0.027737179,0.041975496,0.056939548,0.016794642,0.008541115,0.0550009,-0.066516771,-0.078865344,-0.115433841,-0.123313554,-0.191100066,-0.203572954,-0.050499883,-0.038142088,-0.047867661,-0.040099781
mode90,0.04431381,0.054760268,-0.006883871,-0.008981911,0.03212496,0.002327105,-0.131663329,-0.104301881,0.021684009,0.0232389,-0.010194696,-0.019724598,-0.026395293,-0.024960547,-0.024270966,-0.02980718,-0.066389145,-0.086840699,0.107755983,0.082499854,0.202220487,0.151024504,0.213861231,0.219616649,0.061620495,0.057836276,-0.14684777,-0.165863881,0.101427139,0.140865403,0.029528397,0.017294594,0.006124453,-0.039667883,-0.123574694,-0.082882148,-0.01440387,-0.057325675,0.114606923,0.125510962,-0.064595016,-0.069630526,0.008028966,0.042104605,-0.009694412,-0.005654026,0.072550338,0.045797767,-0.015067925,0.037758849,-0.00224129,-0.008060086,0.086053991,0.08513868,-0.021258229,-0.042015671,0.199159906,0.200230739,0.033671214,0.052241861,0.076636626,0.138806221,0.106194226,0.126689687,0.0181532,-0.005038166,-0.053089783,-0.056448355,-0.050634914,-0.067792937,-0.023345183,-0.029964119
mode91,0.066993485,0.085690081,0.001473608,-0.011990022,-0.037002568,-0.015424827,-0.048327773,-0.086509113,0.03022541,0.043506407,-0.0422438,-0.064604176,0.070239684,0.072786178,0.01146927,0.055222838,-0.000634864,0.012163627,0.133913052,0.139397607,-0.024137411,-0.07363554,0.055336993,0.064970483,-0.08009466,-0.085629793,-0.121333961,-0.150099133,-0.083609793,-0.079222264,-0.025705876,-0.02802169,-0.024088249,-0.023883517,-0.100596925,-0.106880126,0.261835003,0.300332174,0.056483381,0.069081477,0.010733345,0.023509074,-0.006008885,-0.017747188,-0.00778527,-0.008652799,-0.019653613,-0.000857092,-0.007096551,-0.058073331,0.19472741,0.180286917,0.078365921,0.081764947,0.045471528,0.074822424,-0.044165658,0.086701074,0.036175667,0.055077992,-0.08992875,-0.101794333,0.05101275,0.08146754,0.013222931,0.012400497,0.255792302,0.277545749,0.057762177,0.060888521,0.050994794,0.036220776
mode92,-0.124958938,-0.150134882,-0.010389096,-0.007131706,0.012607679,0.021393812,-0.010307002,-0.023244178,-0.089177976,-0.105856795,-0.034996866,-0.036491084,0.0422503,0.073061675,-0.135353528,-0.170735564,-0.097038303,-0.032450998,-0.008531505,-0.012389885,-0.016182781,-0.014190038,0.022470427,0.024498921,0.083839507,0.091171376,-0.019195983,0.009287993,0.14254109,0.102025738,-0.046897257,-0.049095988,0.082217572,0.045844424,-0.001881242,0.007631202,0.063428771,0.053062613,0.023389887,0.024122985,-0.080601102,-0.02566419,0.046609525,0.021048892,-0.066407278,-0.034933086,0.032775554,0.016821407,0.012593517,-0.012083226,0.058904744,0.038326548,0.069491449,0.067415803,-0.000229227,0.02088385,0.054210473,0.072895101,-0.07246205,-0.008066867,-0.021785063,0.053324199,-0.019814835,0.019012162,0.020654788,0.018390837,0.104616023,0.032540826,-0.091096738,-0.110732032,-0.081910651,-0.065551748
mode93,0.007333377,0.006118791,-0.021444082,-0.010166898,0.139846048,0.126263659,0.001456065,-0.029623106,0.054655347,0.0595335,-0.010539745,-0.014623321,0.032786816,0.016513787,0.038151331,0.012140788,0.011965231,-0.021785306,-0.027502941,-0.014088052,-0.029817763,-0.017508478,0.003674042,0.019356118,0.130386887,0.126596153,-0.097548325,-0.09281855,-0.029127791,-0.02953381,-0.009692416,0.000721487,0.010737465,-0.003346648,0.032699294,0.039746209,-0.097959458,-0.095583891,0.022146076,0.042848305,0.026556384,-0.006096965,-0.000434107,-0.023818779,-0.049885049,-0.035112852,0.048903074,0.055213979,-0.092027058,-0.077829457,-0.122093314,-0.093206864,-0.002784409,0.007088229,0.028362644,-0.009572161,-0.194637307,-0.237467642,-0.022099398,-0.024282055,-0.004986303,0.034612325,0.037134497,0.077150233,-0.23193765,-0.211690659,-0.191987355,-0.193673063,0.117039297,0.127074111,-0.009442916,-0.017592576
mode94,0.022438779,0.001107053,0.048427167,0.058553863,0.235552333,0.209716767,-0.010026396,0.013165497,-0.012563459,-0.019057058,0.045739326,0.055704574,0.043503086,0.039208465,0.018446391,0.039179821,-0.005119632,-0.009341153,-0.079826285,-0.079817647,0.017629413,0.027323463,0.161644593,0.165501226,-0.005238867,0.003096089,0.198319868,0.16149107,-0.050847462,-0.031097035,0.030246748,0.031970479,-0.015506628,-0.011425439,0.141257305,0.161094755,0.023498893,0.013693987,-0.0031374,0.012661467,0.006581207,0.005962637,0.000967227,-0.005612919,0.072621249,0.071628031,-0.05393546,-0.063141246,0.077605028,0.12672294,0.007951119,0.018920318,-0.013258407,0.001558108,0.010449734,0.016277499,0.117174335,0.180509898,-0.037508601,-0.057945212,0.092249164,0.11358341,-0.056208391,-0.097211197,-0.018694607,0.00553178,-0.023824054,-0.016176748,-0.117735783,-0.147955509,0.016644743,0.017057054
mode95,0.023587955,0.021574701,0.011102735,0.005292487,0.233991181,0.221686564,-0.068540421,-0.056090542,0.073629298,0.065964253,0.005161065,-0.008423333,-0.009186038,-0.011982164,-0.080488526,-0.109305887,0.020509782,-0.002049291,0.007054191,0.030864397,-0.030136596,-0.040343252,0.063640807,0.094975975,-0.068670674,-0.05307317,-0.016791536,-0.05302681,0.182613295,0.220073588,0.024872706,0.004995868,0.066346158,0.067012974,0.018920913,0.042709367,0.134569468,0.152872269,0.007068918,0.034400247,0.014197724,-0.006446976,0.046568328,0.067192808,0.025667326,0.01550017,-0.033777069,-0.019178654,-0.026502481,0.004232262,0.088049024,0.106520025,-0.033343068,-0.027210099,-0.01552009,-0.061190159,0.162916974,0.102000361,-0.032557791,-0.002089728,0.048220265,0.060405159,-0.093035811,-0.072738641,-0.069058843,-0.06188309,0.021595662,0.04007145,0.246508294,0.23470588,0.027499726,0.039442164
mode96,0.03022642,0.034021521,-0.0301692,-0.065132443,-0.063574575,-0.024803809,0.044101815,0.043127713,0.009516055,0.009626221,0.127428207,0.136283573,-0.038889773,-0.048568928,-0.033419289,-0.008272775,-0.0110303,-0.013869653,0.033215749,0.024624386,0.239339289,0.230824463,0.065872114,0.062746835,0.051245503,0.040844995,-0.055020101,-0.064607206,0.012001543,-0.003241408,0.057674293,0.043777659,-0.068183985,-0.033874384,0.066972954,0.053505989,-0.038613382,-0.033470486,0.016439213,-0.004709773,0.001186651,-0.001674992,-0.025318683,0.000251385,0.043658078,0.02345192,-0.032337417,0.010177878,0.03755499,0.010373051,-0.022519588,-0.047101921,0.013982022,-0.007478082,0.02256562,0.026579481,-0.06614253,-0.021863159,-0.03764363,-0.00123813,0.107814059,0.083703211,0.057996284,0.074112662,0.02768437,0.077889413,0.045481924,0.095602805,-0.030668361,-0.013948143,-0.09557311,-0.092900611
mode97,0.000255124,-0.000150167,-0.003468425,-0.017377468,-0.005045082,-0.000157189,-0.062425275,-0.104154984,0.014168107,0.019445154,-0.097244422,-0.11682537,0.031388024,0.008302439,-0.056403517,-0.02877681,0.143033119,0.123163072,0.130231415,0.09302009,-0.115156207,-0.104030169,-0.285947212,-0.272830442,0.074921438,0.072616334,-0.051656202,-0.066658054,-0.076979472,-0.086723783,-0.059482962,-0.067638904,0.066696828,0.063564776,-0.106398582,-0.113119921,0.071835822,0.084066288,-0.06517143,-0.113470704,0.12304599,0.114502417,-0.026411554,-0.035490881,-0.019742382,-0.027803151,0.056943161,0.048825987,-0.056179439,-0.102671743,0.052624385,0.049926839,-0.047307542,-0.080965474,0.043869777,0.043658011,-0.108565992,-0.146965466,0.024842465,0.019903133,-0.033436557,-0.018766096,0.152671514,0.202711571,-0.175396607,-0.201198389,-0.00470716,0.002273582,0.071371488,0.095879203,0.077980339,0.071593506
mode98,-0.148943103,-0.134155821,0.048304597,0.064496701,0.012942714,-0.010789792,-0.007016429,-0.002479987,-0.099912262,-0.079905381,-0.003346617,-3.62E-05,0.070915012,0.062324927,0.126652357,0.135037438,0.063273619,0.095899404,-0.047922208,-0.033394328,-0.147713279,-0.137851967,-0.203379401,-0.199999564,-0.140162561,-0.155349132,0.206551291,0.178067409,-0.00711495,-0.004929415,0.04000975,0.061512411,-0.050363509,-0.055114255,0.008688095,0.008449883,0.1413908,0.109347213,-0.065636765,-0.072781693,0.062350702,0.10462213,-0.001505313,0.018664658,0.059335939,0.057786567,-0.073932508,-0.067917701,0.000554235,0.054608102,0.045420553,0.044767513,-0.122061668,-0.132223693,0.123999632,0.113485409,0.065998168,0.151252012,0.080403791,0.027832719,0.071075579,0.108144149,0.037377011,0.028221414,0.09641601,0.108192605,0.148979271,0.109136787,0.095715273,0.090982081,-0.020995896,-0.028715824
mode99,-0.088712877,-0.095044203,0.005062845,-0.001472123,0.074273229,0.082482206,0.25951334,0.276462187,-0.044230593,-0.045473186,-0.083885861,-0.051848487,-0.049048426,-0.037471361,-0.101364212,-0.074353992,-0.004819955,-0.007385424,-0.046244225,-0.049417674,-0.130246832,-0.11142861,-0.123572117,-0.127727174,-0.011321866,-0.002150976,0.22497093,0.210847789,-0.123447924,-0.078798124,0.027196096,0.028248942,-0.01103497,-0.009372228,0.179238278,0.149047733,-0.15941369,-0.133436302,-0.052151092,-0.056014441,-0.004701746,0.002869127,-0.009214957,-0.013176005,-0.021069717,-0.015999782,-0.019314582,-0.022645764,0.200546634,0.17982142,-0.066561018,-0.061990546,-0.01432786,-0.029838867,-0.028375814,-0.032044579,0.132855397,0.184142515,-0.008947212,0.017509906,-0.045423772,-0.034410339,-0.01365423,-0.006012171,0.138881493,0.150538806,-0.072223257,-0.100571198,-0.039815136,-0.049625631,-0.034906897,-0.028187091
mode100,-0.084231456,-0.072769099,0.035767891,0.041205275,0.245921884,0.228821576,0.191944176,0.113078919,-0.050715198,-0.048833178,-0.071962782,-0.132892981,-0.028075167,-0.023911491,-0.353575924,-0.357461068,0.026340613,0.047957715,-0.067914029,-0.064085911,-0.097715255,-0.103180511,-0.032309626,-0.044775903,-0.025743484,-0.002809191,0.079021556,0.096495434,0.052106541,0.002884318,-0.06569552,-0.085356261,-0.056014764,-0.0360404,0.193197672,0.153811578,-0.219127667,-0.218438775,-0.026061473,-0.018409558,0.028609056,0.041433539,0.033314549,0.0137266,-0.038927962,-0.064062144,-0.111198529,-0.101187997,-0.024999613,-0.040562769,-0.150975125,-0.149021748,-0.052042346,-0.050268663,-0.025107193,-0.003200466,-0.033481929,-0.081252457,0.021740118,0.004562841,-0.153413152,-0.211488868,-0.162468231,-0.163264347,0.088914063,0.11239879,-0.076238732,-0.037832903,-0.068330975,-0.062754648,-0.083594463,-0.091827252
mode101,-0.040897266,-0.043601676,0.054105973,0.046988135,0.082475676,0.088051237,-0.111574971,-0.088837723,-0.05181794,-0.048044624,0.017156153,0.011068313,0.008079494,0.016373939,0.088462419,0.058763241,-0.057511379,-0.028737499,-0.008645839,-0.070821948,-0.034419666,-0.06020934,-0.011710841,-0.011623006,0.078600292,0.070511639,-0.271149368,-0.30552123,-0.04440962,-0.034092716,0.067484253,0.064279668,0.008871317,0.010796098,0.019555115,0.060371633,0.096561359,0.060818797,0.103814351,0.072186685,-0.053056049,-0.031072848,0.003307026,0.000940696,0.041412879,0.034118744,-0.035166547,-0.019413014,0.0148559,0.029122573,0.110057059,0.078357838,0.090626112,0.074698984,0.04737731,0.060765449,0.035387807,0.014009563,0.020254296,-0.00529239,0.011483194,-0.015310291,-0.072765254,-0.053957246,-0.135435821,-0.139352113,-0.061077944,-0.113523663,-0.019922001,-0.021906989,0.011138391,0.020012776
mode102,-0.027826348,-0.003018573,-0.050298292,-0.040190756,0.096870159,0.128189333,-0.030893598,-0.075991804,-0.058965222,-0.050871641,0.05778482,0.015141299,0.039255104,0.053740833,0.095811117,0.086364422,0.033931779,0.024865325,-0.158185218,-0.17300648,0.014307495,0.011371507,-0.024551124,-0.026475615,0.002067659,0.008435374,-0.098280878,-0.064155712,0.00759199,0.01298695,-0.054826856,-0.061155915,0.075433694,0.065792135,-0.095511686,-0.067037436,-0.00021568,-0.006587772,-0.041721075,-0.068870331,0.041668309,0.023224082,0.021682956,0.030430099,-0.067166324,-0.076136708,0.046836065,0.039218941,-0.191792943,-0.170987429,-0.04347985,-0.0493437,-0.054221488,-0.069131282,0.053784733,0.047368914,0.06421081,0.077452213,0.016231574,0.022291202,0.011219744,0.028774091,0.042968172,0.087802539,-0.172485841,-0.179355043,-0.062359618,-0.092031504,-0.105451919,-0.084242253,0.028138789,0.016172435
mode103,-0.066792044,-0.084176882,0.018215594,0.029568895,-0.084155432,-0.085208143,0.016733634,0.014692739,-0.08937975,-0.100763347,-0.068750348,-0.085389567,-0.154373583,-0.135048317,-0.211888154,-0.206897798,0.071686103,0.08402919,-0.096420919,-0.097559698,-0.029907378,-0.015883672,-0.030827038,-0.02546251,0.051495241,0.065437491,-0.02953386,0.032917238,0.026316694,0.067377473,-0.035463114,-0.035746967,0.059906197,0.062422193,-0.089102158,-0.106819992,0.019261186,-0.019737776,-0.089281689,-0.085231826,0.047283201,0.052378651,0.024516818,0.056014267,-0.020830199,-0.032040795,0.01853239,0.019100379,0.01253178,-0.003731887,0.070220838,0.02079095,-0.034750312,-0.050233158,-0.011194232,-0.01240779,-0.099625344,-0.061985277,0.076243836,0.047575815,-0.020894191,-0.054079337,0.026367486,0.023027931,0.117230339,0.097960116,-0.002619328,-0.026678156,-0.045586961,-0.065953757,-0.017273299,0.020117376
mode104,0.017433303,-0.000127593,-0.040759218,-0.061738856,0.009021248,0.019876308,0.028065425,-0.015112214,-0.047561779,-0.054317362,-0.102113819,-0.120308227,0.040706027,0.038759848,0.050408267,0.024034032,0.05142422,0.097149578,-0.075928514,-0.096486011,-0.084236787,-0.072190276,-0.001618021,-0.007740315,-0.008875208,0.013260321,-0.116884055,-0.079506467,0.046866159,0.091427242,-0.069368622,-0.095005027,0.022520669,0.060034076,-0.007709728,-0.029279981,-0.069815618,-0.074170732,-0.016792495,-0.013363842,0.035138441,0.083347911,0.00121263,0.008382986,-0.050245467,-0.078599953,0.015922069,0.041860865,-0.022656715,-0.075659244,-0.013578786,-0.022387871,-0.001896346,-0.003646035,0.10413868,0.092903179,0.210655651,0.25523438,0.015640708,0.033960942,-0.109901059,-0.16392666,0.021941137,0.081918737,-0.181552759,-0.205097128,-0.14058933,-0.123482345,-0.067851533,-0.055338914,-0.023308115,-0.016660363
mode105,-0.076931998,-0.074556524,-0.016219659,-0.052119037,0.089187003,0.101719712,0.083322816,0.047588866,-0.043521622,-0.040987844,-0.019824406,-0.032745177,0.046021049,0.026817247,0.024454849,0.029103048,-0.058120514,-0.054261377,-0.07258792,-0.033640479,-0.022028882,0.01375479,0.017389822,0.004650389,0.009562248,0.005967859,-0.139536715,-0.118935482,-0.072714986,-0.085239415,-0.048909148,-0.075437287,-0.057800004,-0.037795735,0.007995188,-0.045482448,-0.084222313,-0.09627314,0.014915906,0.01499487,-0.050614997,-0.043870551,-0.004949445,-0.021515105,-0.019143929,-0.036031166,-0.083118474,-0.066331193,-0.032526663,-0.070782291,-0.03170354,-0.033050292,0.014580407,0.019731431,-0.033212648,-0.02181474,-0.161548721,-0.098089249,-0.006163478,0.013423544,-0.054131413,-0.062232204,0.028219087,0.067091697,0.02381856,-0.027445234,-0.129687874,-0.148467944,-0.101969379,-0.113471589,-0.021620492,-0.018640693
mode106,0.001646553,0.023959231,-0.006330611,0.017433407,0.107943871,0.110932625,0.07224531,0.014923912,0.076659799,0.075600936,-0.175185234,-0.220613834,0.005752863,0.014228516,0.170128825,0.188434764,-0.082139773,-0.104506523,-0.021561597,-0.030150502,-0.003376555,0.00233434,0.095199669,0.110759547,-0.078093613,-0.104762528,0.131489398,0.090407796,0.002279076,-0.003180479,-0.140173524,-0.14176387,0.052321367,0.052781243,-0.081119685,-0.124970128,-0.078938356,-0.072346113,0.109771546,0.108332311,-0.072270805,-0.074106671,0.005221318,-0.026843153,-0.112941939,-0.107710593,0.008012091,-0.002896896,-0.113246281,-0.043690419,-0.004302565,0.03388766,0.05410126,0.061400947,-0.015007888,-0.025588882,0.030578537,0.112785926,-0.01536862,-0.028945295,-0.201813196,-0.235704902,-0.057967583,-0.063080952,-0.000244102,-0.005333299,0.117715789,0.127676032,0.051018648,0.039155276,-0.037849532,-0.037531326
mode107,-0.00724218,-0.003639504,-0.022422469,-0.031232177,0.003719587,0.009512795,-0.219589437,-0.228573916,-0.029990447,-0.03044069,0.057112812,0.04345955,-0.002220342,-0.002692043,0.101048706,0.063052743,-0.020843831,-0.007034271,0.126929064,0.132462079,0.033771904,0.02659513,0.032955255,0.022551032,0.051500498,0.064476993,-0.199752233,-0.213861839,0.069387312,0.119138746,-0.017564211,-0.023681361,0.031153595,0.06328885,-0.289208733,-0.267854228,0.064889903,0.056132108,0.039091792,0.039507686,-0.014158686,0.009156086,-0.008398117,0.053536461,0.023871491,-0.006205903,0.09184404,0.117211082,-0.174148485,-0.156967234,0.025030706,0.031222115,0.049020406,0.040096964,0.065687457,0.053019894,0.214747926,0.162208523,0.051271529,0.061155219,0.073844122,0.058603548,0.122119145,0.152428359,-0.320075218,-0.257247353,-0.059409405,-0.030040841,-0.042841255,-0.046253113,-0.01322828,-0.011701311
mode108,0.05309161,0.03087446,0.002693757,-0.013662725,0.153243026,0.134822188,0.005031996,-0.005685074,0.072830452,0.056276132,-0.047237741,-0.064775103,-0.080373544,-0.091073013,-0.102637932,-0.100178249,0.058708307,0.07347562,-0.06631585,-0.051341349,-0.043228881,-0.034421818,0.128949711,0.130606146,0.02672824,0.037810508,0.100226132,0.098538281,-0.127303595,-0.110295905,-0.07332552,-0.081184536,0.082084289,0.073511121,-0.126299502,-0.110360279,-0.004248938,-0.035026411,0.055490858,0.095200421,0.048403162,0.06017752,-0.048162036,-0.063151118,-0.044663415,-0.052521715,0.06740484,0.049577645,-0.004024388,0.019901472,0.049791462,0.0428184,0.064400389,0.082413314,-0.00519441,-0.01563892,-0.084805407,0.011763041,0.025792521,-0.004905195,-0.066302356,-0.075094035,0.046594198,0.064883223,0.008856819,-0.00050579,-0.041136079,-0.087026374,-0.065442341,-0.090714124,-0.019008995,-0.015933003
mode109,0.044738847,0.013051985,-0.005649311,0.003582103,-0.014728888,-0.019092159,0.090115127,0.018802591,0.042659137,0.024829325,-0.0901989,-0.087101447,-0.031640067,-0.019019542,0.10105671,0.100157117,-0.035784584,-0.059313412,-0.141030603,-0.119179312,-0.04322394,-0.005359559,0.004657101,0.009928279,0.003005288,0.02239041,0.315414497,0.301402057,0.026267966,0.055204534,-0.066313497,-0.047251348,0.019848947,0.022303588,0.135223968,0.093915371,-0.17067326,-0.171839361,-0.059081782,-0.045142224,-0.018245469,-0.042928801,-0.006283861,0.006178366,-0.020810649,-0.011521203,-0.003752588,-0.002838557,-0.058395675,-0.089280186,-0.163536517,-0.150024936,-0.070145646,-0.068449432,-0.037040523,-0.04182067,0.011427166,-0.011248579,0.061487694,0.027205261,-0.050243281,-0.030668792,-0.003910837,0.022279857,0.030602394,0.031063693,0.012450903,0.021247884,-0.012222073,-0.010609771,-0.019559469,-0.016743488
mode110,0.083114966,0.073422349,0.003956088,-0.004703258,-0.032967244,-0.025127048,0.177034454,0.16390193,0.022475739,0.017274393,0.041447996,0.031335142,0.104826913,0.097229759,0.142057378,0.166021105,0.095048292,0.076744699,-0.064068965,-0.012134346,0.068324577,0.073026859,0.015198269,0.015452234,-0.023988705,-0.024511592,-0.029863756,-0.066202151,0.087037701,0.087213098,0.023725493,0.010642811,-0.118805276,-0.098137501,0.191924691,0.186704389,0.092987002,0.089204941,-0.017514801,0.000612801,0.079981821,0.077577774,0.01481046,0.012632573,-0.000293108,-0.011062584,-0.107909462,-0.092032818,0.115867928,0.174305869,0.079058961,0.085649028,-0.027453908,-0.004205174,0.021238296,0.023927705,0.016291425,-0.066174348,-0.022169203,0.016684136,-0.021986154,-0.055775073,-0.089234977,-0.071876351,0.178988688,0.161146725,0.122941773,0.079413047,-0.0354776,-0.090940113,0.039154114,0.036530997
mode111,-0.055178199,-0.033676773,0.019199205,0.015062997,-0.034794032,-0.028570669,0.066290294,0.088554397,0.019183895,0.019707889,-0.091975903,-0.104614739,0.016871164,0.028606937,0.154363286,0.15578552,-0.084352654,-0.082913721,0.075766168,0.062536162,0.031559616,0.013171381,0.05226915,0.068016892,-0.048619011,-0.051369509,0.126210446,0.209035236,0.004397955,-0.036386662,-0.068596162,-0.083297035,0.040245445,0.039732121,0.104837958,0.108714749,0.108278581,0.105177897,0.007675855,0.004618943,-0.060195102,-0.058720305,-0.000754012,0.00026316,-0.0550283,-0.083916837,-0.036170885,-0.073058851,0.134194869,0.083771292,0.114152302,0.071050522,0.094280002,0.085676756,0.004837744,0.035994079,-0.216451831,-0.193302729,0.071328935,0.036888712,-0.057081251,-0.061120939,-0.026293034,-0.019252006,0.223107384,0.223454567,0.032226153,0.026978442,0.011600212,0.004296834,0.040812111,0.044397113
mode112,0.023838758,0.030350723,0.027416909,0.021827837,-0.120111037,-0.114471825,-0.061650368,-0.099373159,0.027182439,0.02307751,-0.061224453,-0.074268973,0.024870208,0.036150346,0.033922312,0.016319903,-0.018090025,-0.032372532,0.039465013,0.084992098,-0.004222989,-0.021841919,0.170755478,0.148150908,0.009976241,0.033543998,-0.015353002,-0.087305686,0.045514754,0.071376928,0.015477584,0.009520702,0.002151266,0.009017139,-0.056546734,-0.059110814,0.037860357,0.031527721,0.111589248,0.140574436,-0.013907628,-0.021225012,0.007467343,0.036544202,0.036879896,0.031742616,0.025009663,0.057526549,-0.002672777,0.026156467,0.034997747,0.035599178,0.107109448,0.123799581,-0.000141458,-0.00422547,0.107253584,0.102127764,0.046025163,0.026450702,0.053671904,0.016286912,0.047084447,0.089470895,-0.069607543,-0.067981904,0.118281174,0.119695982,-0.03534742,-0.047204255,0.010482198,-0.013752979
mode113,-0.009154965,-0.011743879,0.011754698,0.004762368,-0.103783351,-0.079904223,0.077091491,0.040029541,-0.028356329,-0.028671319,-0.082253861,-0.098224105,0.018217604,0.005026681,0.262997546,0.234773974,0.046316192,0.028281796,0.03349859,0.033212787,-0.061380548,-0.06238182,-0.133166032,-0.131328698,-0.059753561,-0.060873737,0.185370071,0.12841459,-0.010836505,-0.024339747,-0.014173179,-0.017673319,-0.086268325,-0.07282143,0.090713716,0.078264911,-0.046162967,-0.016440956,-0.05392689,-0.05725731,0.028823729,0.014108911,-0.001294999,0.009918529,-0.005176503,-0.018000854,-0.085019491,-0.041192535,-0.059858111,-0.061401721,-0.112500474,-0.090335964,-0.099834893,-0.106421575,0.057485834,0.025670185,-0.02601821,-0.0444773,0.039755797,0.02840144,0.027559893,0.051031712,-0.027334404,0.012816122,0.132023569,0.125446779,0.148794266,0.157112216,-0.089113023,-0.072667562,0.018701111,0.026921748
mode114,-0.011518928,-0.009063115,-0.005160112,-0.018711211,0.102651917,0.106855325,0.035898486,0.020332401,-0.069382225,-0.066027724,-0.165338407,-0.156413791,0.038216906,0.047249547,0.110926757,0.058122562,-0.011872164,-0.023393108,-0.056921351,-0.059883702,-0.005444579,0.002920522,-0.020187776,-0.050408447,-0.064235938,-0.05570385,0.066557796,0.068816711,-0.003907148,0.028197323,-0.051627627,-0.063460891,0.004448704,0.024675271,-0.038627816,-0.042829092,-0.091752092,-0.098057181,-0.075269157,-0.064944167,-0.004845897,-0.018984323,-0.006282232,0.015837123,-0.019775699,-0.022197325,-0.034016362,-0.008938219,-0.035373531,-0.034609563,-0.068142629,-0.058726577,-0.065067506,-0.060441359,0.056734826,0.052489667,0.052577118,-0.039827016,0.010484749,0.030244374,-0.100237986,-0.125618756,0.006332955,0.017317259,0.001313411,-0.008022278,-0.040483401,-0.059236946,0.026851327,-0.008195494,-0.001247892,-0.01578371
mode115,0.010904528,0.001995045,0.006371127,0.02357804,-0.030348171,0.02185589,-0.027292214,-0.048046062,-0.027182599,-0.02360744,-0.004793074,-0.012165601,0.079869166,0.05661264,0.237226079,0.225044923,0.043220738,0.051480658,0.124216273,0.114015584,0.145970683,0.109825268,0.00118674,0.003871206,0.044664477,0.046524009,-0.100381579,-0.074123136,0.036449593,0.003674907,0.053009799,0.057845304,-0.123239322,-0.124989954,-0.037792621,-0.035134079,-0.092575709,-0.113153626,-0.030167304,-0.040257877,0.055478222,0.064262881,-0.014548125,-0.039419566,0.02821349,0.035137976,-0.019902996,-0.025188805,0.034951736,0.038645908,-0.055039687,-0.052450477,-0.033814023,-0.050979953,0.12257589,0.096666471,-0.055730599,-0.013088189,-0.058880472,-0.02618226,-0.003876713,-0.013542162,0.063165247,0.035196334,-0.018188161,0.029650984,0.055690788,0.078443105,-0.067446718,-0.052887613,0.04360819,0.05597517
mode116,-0.160073982,-0.134852326,-0.010423404,0.005172991,0.008022774,-0.009662558,0.106249712,0.121278253,-0.128822494,-0.106381266,0.072852252,0.083413117,0.062546988,0.060979775,0.157676024,0.125715871,0.105717235,0.153726584,0.046090353,0.054803312,0.041973569,0.05366663,-0.12250596,-0.108862911,-0.034954526,-0.030792305,0.149087631,0.170138088,-0.002277302,-0.032167953,0.0416778,0.063739963,0.076957475,0.047329922,0.098697842,0.11210447,0.004418569,0.017864148,-0.103840115,-0.108395408,0.086183904,0.141516856,-0.034163455,-0.063137001,0.02365221,0.048114288,0.027407032,0.01534139,0.079818989,0.051387544,-0.006727064,-0.022721008,-0.075357853,-0.084346164,0.18234562,0.188404883,-0.053776902,-0.041865706,-0.065448279,-0.079285805,0.040763396,0.065661797,0.039556459,0.00916483,0.058391997,0.061598456,-0.04141845,0.051942151,-0.09566402,-0.074509181,-0.017298351,-0.014135557
mode117,-0.055000495,-0.062172026,0.012897433,0.016565405,-0.110310001,-0.103786407,0.269733979,0.228525888,-0.018717149,-0.016942916,0.023348482,0.0248789,0.034331053,0.012896252,0.098512831,0.045121098,-0.029395782,-0.029447149,0.019209739,0.01264161,0.066857004,0.062353467,0.0240186,0.017226451,-0.000993519,0.029146956,0.13969873,0.033372224,0.06632893,0.041845914,-0.036153976,-0.04102965,-0.03398603,-0.017005261,0.267031473,0.226090702,-0.033158176,-0.048092842,0.06351726,0.081720686,-0.030505303,-0.030222765,0.036440098,0.021434268,-0.031499405,-0.035832525,-0.043896466,-0.056036184,0.08280452,0.137613862,-0.031363162,-0.022397458,0.033170848,0.046353418,0.022789351,0.021494516,-0.014351887,0.028546883,0.005558305,0.026374824,-0.114891794,-0.143979181,-0.045058296,-0.05137954,0.09088792,0.100424462,-0.058947429,-0.125938329,-0.07073574,-0.094775879,0.019775499,0.020102015
mode118,-0.066112763,-0.067795487,-0.034806555,-0.053485927,0.145888653,0.148420152,0.093102462,0.064836278,-0.013532365,-0.013545599,0.129028942,0.098146182,0.016149165,0.020759703,-0.126804294,-0.077497821,-0.033642093,-0.005569389,-0.140670237,-0.119207216,-0.072289904,-0.055768012,0.084301347,0.073485348,-0.080433137,-0.113488172,0.265659702,0.209510979,0.003394803,-0.014485984,0.005233942,0.003302297,-0.053494803,-0.04370513,-0.032110136,-0.058392892,-0.006814405,0.007566666,-0.020850089,-0.010048908,-0.021650074,-0.012829104,-0.003602716,-0.0155543,-0.013627572,-0.01617801,-0.064007063,-0.059082186,-0.060345408,-0.041952346,-0.020685992,-0.01665914,-0.037357855,-0.031024808,-0.029421663,0.013856733,-0.060044061,-0.077412646,-0.033609324,-0.007957788,0.016961994,0.01515444,-0.057918731,-0.024321408,-0.078666218,-0.100022761,0.103574675,0.078847046,-0.091671121,-0.063122824,-0.04453485,-0.016085749
mode119,0.031298109,0.04804361,0.003658578,-0.024418023,-0.123529474,-0.094496105,0.034426926,0.017159286,-0.003618569,0.002907759,-0.073242486,-0.09939771,0.071269336,0.061745822,0.156421263,0.161880855,0.001734411,-0.006432681,-0.074263648,-0.042713188,0.149166987,0.116982251,0.043190713,0.076716936,0.015337648,0.018134705,0.019101037,0.024757965,-0.05408123,-0.023045525,-0.085883134,-0.115552351,0.129397832,0.114810805,-0.058298584,-0.046216472,-0.020110901,-0.030617112,-0.030371416,-0.018619072,-0.0082671,-0.004223143,-0.005654237,0.021044076,-0.062663262,-0.071576913,0.05697977,0.041961284,-0.103305617,-0.056623807,-0.027014526,-0.012904765,-0.048685886,-0.032434238,0.030020157,0.018887229,0.048471085,0.041924796,0.04645985,0.005706045,-0.031653367,0.001801002,-0.007868038,0.0152336,-0.049528659,-0.060871225,0.067655576,0.047143415,0.079973735,0.072773269,0.048756918,0.06566713
mode120,-0.019705622,-0.028160713,-0.002484702,-0.010438062,0.044639753,0.042712772,0.004393312,0.000593116,0.00394753,0.003496784,0.006947391,0.013132513,0.025914877,0.022314943,-0.063227576,-0.07311086,-0.013124383,0.013829168,-0.070517957,-0.098019903,-0.053313775,-0.048619323,0.179411097,0.17247941,-0.000742938,0.012073771,-0.083181997,-0.014738781,0.032548957,-0.019862048,0.071125484,0.066207059,-0.078832546,-0.096170669,-0.018611487,-0.027216962,-0.101816351,-0.108334132,0.031288622,0.060567717,-0.009895084,0.020078939,-0.00475984,-0.007329355,0.029948164,0.040176621,-0.081773937,-0.082782664,-0.052520928,-0.067519879,-0.099093904,-0.093422561,0.052209903,0.058252392,-0.036940804,-0.006884221,-0.018894602,-0.044956389,-0.07520906,-0.067660911,0.135164972,0.147827023,0.070679306,0.056665926,-0.004031564,-0.0446964,-0.175990725,-0.174871658,-0.03614249,-0.013538507,-0.029728391,-0.018473066
mode121,0.026529989,0.044720533,-0.004683786,0.000516366,-0.02380242,-0.023120413,0.090029306,0.04602611,0.033425522,0.032769636,-0.08206572,-0.068475357,-0.05408168,-0.035502439,-0.263420066,-0.21514556,-0.056872223,-0.044136033,0.092462236,0.049308125,0.10895998,0.101226592,0.270113915,0.252594619,-0.009018087,-0.010980648,0.190179489,0.1892286,0.001818754,0.015042735,-0.009521414,-0.009396051,-0.033468121,-0.020853618,0.23016361,0.227087327,-0.035153545,-0.030297223,0.049725124,0.028803521,-0.02339126,-0.026675865,0.017791356,0.023011749,0.019010904,0.020683232,-0.068966729,-0.043940151,0.010408688,-0.011640844,-0.071080626,-0.078500283,0.04027948,0.031493623,-0.093063974,-0.071106255,-0.044614674,-0.110169821,0.007883918,0.026825853,-0.054567835,-0.054678095,-0.043207836,-0.042856833,0.034693666,0.052253446,0.018847664,0.026978256,-0.206659355,-0.13116768,-0.021664904,-0.015505468
mode122,0.06135634,0.055061423,0.017317544,0.012916389,-0.009436287,0.021292677,0.169165993,0.161550041,0.011220343,0.009791899,0.032036038,0.014806026,0.038489902,0.022166224,0.067934001,0.052569282,-0.082641777,-0.107014745,0.028860219,0.050761817,0.004940659,0.005218992,-0.040807852,-0.021879063,0.027438945,0.03671089,0.253504973,0.244227482,-0.029265204,-0.020152919,0.031662029,0.022258349,-0.159882572,-0.148039585,0.088409989,0.065989761,0.147153751,0.114494451,-0.027976674,-0.010913363,-0.072692693,-0.093663742,-0.027125274,-0.053451294,0.005559164,-0.000394099,-0.123102011,-0.114165828,0.061912214,0.103477885,0.071989799,0.054695645,-0.049430241,-0.040962424,-0.05697043,-0.081761021,0.174501055,0.080728335,-0.113933232,-0.046279184,-0.00845992,-0.0624258,-0.01012881,-0.021506997,0.219638034,0.232780723,0.11367098,0.091956273,0.193465027,0.18392146,0.048702915,0.043174799
mode123,0.157756148,0.145758435,-0.023721711,-0.0228604,0.039989008,0.047238453,-0.184369187,-0.176768844,0.03405487,0.016495074,0.075571177,0.059884838,0.025085084,0.033390014,0.1567491,0.154205431,-0.062715229,-0.095929534,0.109930109,0.044270817,-0.015525176,-0.04696137,-0.103275978,-0.101813875,0.042606732,0.036062671,-0.110010695,-0.028299538,0.040608131,0.026462497,0.050067953,0.0443243,0.015327199,-0.004370733,-0.161757364,-0.145356833,0.086179845,0.109011449,-0.058093796,-0.07127799,-0.06486648,-0.081784733,-0.021169586,-0.025959085,0.034294101,0.031813806,0.063315723,0.045133515,0.001557056,0.002617606,0.091950494,0.11318841,-0.023417866,-0.036181031,-0.027484634,0.0051856,-0.101139181,-0.08517618,-0.022536003,-0.023753336,0.057196429,0.065794949,0.10824069,0.129335397,-0.312017897,-0.288324023,-0.04993917,-0.035628734,0.057298924,0.044083099,0.02653584,0.01654537
mode124,-0.013030414,-0.01857139,-0.032831167,-0.024422934,0.033962506,0.008535924,-0.101528115,-0.103067909,0.007931184,0.013012642,-0.119830779,-0.131441956,-0.057380952,-0.050869495,-0.242984499,-0.205240748,-0.045516789,-0.013562024,-0.014478139,-0.004718975,0.0202965,0.024205116,-0.08459109,-0.072646341,-0.057391477,-0.082367861,-0.142605099,-0.17260348,0.019418912,0.001587864,-0.068127413,-0.068777818,-0.029050836,-0.021305746,-0.159090328,-0.169340896,0.027182971,0.029058949,0.006028777,0.006473508,-0.037252566,-0.022431618,-0.048448664,-0.046605828,-0.048703382,-0.053074178,0.006977135,0.017022997,-0.099402803,-0.092750603,-0.00260398,0.009212226,0.002017226,0.011240935,-0.097573622,-0.072585827,-0.013624022,-0.093890294,0.016173209,-0.027913346,-0.028204006,-0.03928841,0.102419914,0.152704987,-0.122188891,-0.121830882,-0.029808753,-0.035153166,0.047484941,0.062600745,-0.002335287,0.004125632
mode125,0.075168632,0.073220259,-0.060462124,-0.041989812,0.008134798,-0.005634146,0.029406788,-0.018973665,0.00698744,0.003578276,-0.104999694,-0.091995988,0.022781975,0.016118406,0.038647551,-0.013777746,-0.040237733,-0.056127039,-0.151065442,-0.145296825,0.016960587,0.038791228,0.193747807,0.175855613,0.072495303,0.087384231,0.080710765,0.152363022,0.046580621,0.07132529,-0.010391142,0.007293851,-0.186957172,-0.159771199,-0.005184429,-0.042382906,-0.15994553,-0.171060583,-0.016817065,-0.021716671,-0.03227385,-0.048579656,-0.031354143,-0.006900272,0.007940348,0.018030896,-0.060444532,-0.017543482,-0.072391087,-0.120582833,-0.114885124,-0.113103464,0.004548075,0.005351747,0.023310116,-0.011906833,0.21236952,0.19801675,0.031305298,0.054115095,0.023937849,0.02877263,0.060668598,0.117085518,0.06804762,0.052306079,-0.141373797,-0.141035112,-0.094836896,-0.113974957,-0.019880895,-0.004550699
mode126,0.05782104,0.043439213,0.055822315,0.065703737,-0.027684382,-0.004330948,-0.114184708,-0.144634025,0.040043006,0.036284395,0.107271984,0.123084766,0.016198569,0.038016505,-0.095179946,-0.072344314,-0.002190493,-0.003102916,-0.033977815,-0.034518655,-0.098151453,-0.078490673,-0.003033054,-0.013343447,-0.033317443,-0.040980008,-0.033616035,-0.079902019,-0.020186647,-0.014829064,0.1248427,0.124010027,0.032860406,-0.001229251,0.067564376,0.121827435,0.07063495,0.03356333,0.0411836,0.045727148,-0.016755188,-0.01328178,0.007372766,0.002420592,0.119387894,0.116901769,0.01611202,-0.022578054,-0.003069016,0.041540836,0.04673235,0.052816351,-0.006125539,0.008513132,-0.020469086,-0.013320809,-0.120614014,-0.054556123,-0.080443354,-0.036628737,0.099660814,0.151063202,-0.020547519,-0.03879799,-0.130292868,-0.092595653,0.065855791,0.038016729,0.087285882,0.07358103,-0.057295689,-0.044977066
mode127,-0.050173479,-0.066464126,-0.034177709,-0.028027422,0.026221311,0.015627549,-0.164916672,-0.186955803,-0.001534909,-0.019770973,-0.029957358,-0.034041168,0.003700328,-0.001433185,-0.214405066,-0.227453376,-0.035539222,-0.056926924,0.002334173,0.026362944,0.167514171,0.152428943,0.089055619,0.10576877,0.119318615,0.129428544,-0.138423138,-0.076233923,-0.103644504,-0.087073448,0.001232268,0.011109227,0.042800414,0.027900323,-0.137194521,-0.126800784,-0.030500758,-0.043880594,0.042705994,0.023901836,-0.044765874,-0.081474405,-0.02099565,-0.031976083,-0.004672785,0.000175494,0.006544107,0.013831107,-0.113214226,-0.149975527,-0.007718514,-0.031076788,0.052058833,0.044736411,-0.118564654,-0.121088163,-0.026260751,0.028841873,-0.034017653,-0.046713805,0.022999752,0.077921049,0.039329963,0.028761894,-0.156539857,-0.133744074,-0.010079738,0.008190697,-0.073582017,-0.14201574,0.025658241,0.005074585
mode128,-0.081400531,-0.041300003,0.033566803,0.03731968,-0.004512379,0.036656574,-0.230435212,-0.200370584,-0.01909167,-0.001613263,-0.070515413,-0.085753772,0.028189738,0.034982397,-0.103532158,-0.065186167,0.052678522,0.069260873,0.040853923,0.042021792,-0.017340684,-0.025191925,0.063209621,0.076074515,-0.011917135,-0.012171368,-0.046010532,-0.043804205,-0.100629927,-0.123770271,0.021823678,-0.003200631,0.07486242,0.046541891,-0.242763997,-0.201711651,0.152298451,0.147061419,0.016546585,-0.006340222,0.061363793,0.063156038,0.037629629,0.029748042,-0.02476296,-0.026291106,0.067828484,0.055105583,-0.058906435,-0.03098572,0.087964613,0.065020039,0.04498284,0.021943244,0.006724,0.011594796,-0.098104779,-0.123850154,-0.016146646,0.016798958,-0.00356798,-0.039302524,0.101854388,0.081611562,-0.18060292,-0.136374641,0.11451619,0.093958354,-0.022419955,0.007601729,-0.040342679,-0.040439754
mode129,0.098475724,0.098431634,0.00044669,-0.02063942,-0.040963851,-0.02717383,0.232785758,0.214565579,0.051973235,0.053442003,0.122593589,0.124092247,0.038298928,0.037521417,0.133200629,0.077672944,-0.032800423,-0.058497725,0.048717293,0.075423201,0.004564103,0.035300194,0.041124854,0.062911371,0.021308453,0.023003306,0.239237569,0.227903794,0.025915612,0.031670513,0.037113238,0.026349184,0.050002836,0.043027966,0.214950959,0.178579372,-0.110148251,-0.072473787,-0.024981931,-0.012327168,-0.00848602,-0.025763313,0.03553415,0.052377051,0.046414832,0.053146634,0.034383866,0.019056642,0.111245578,0.096008033,-0.045649313,-0.024876129,0.001857293,0.01101298,0.026901141,-0.029125422,-0.043279967,0.023817031,0.01516667,0.022082763,0.067437017,0.064465772,-0.075236092,-0.075488141,0.026671504,-0.00903011,-0.08277913,-0.024891735,0.058211199,0.027274195,0.037484327,0.024579349
mode130,0.033924071,0.032313023,0.011799483,0.010185824,-0.069536919,-0.056919386,-0.006672054,-0.032105524,0.002462703,-0.002361579,0.076938647,0.075021638,0.004064839,0.019156492,-0.020676294,0.001588991,-0.016562912,0.007491145,-0.140608306,-0.113034771,0.000820525,0.008278943,0.090039877,0.097211768,0.036176029,0.03815053,-0.086121112,-0.101955528,-0.067935498,-0.092961902,0.042017243,0.063410359,0.084082054,0.081537366,-0.092890422,-0.106609831,-0.089984851,-0.1181393,0.013092699,0.036664753,-0.00955405,0.016638637,0.00916227,-0.00650414,0.03221508,0.039397387,0.026675538,0.014043079,0.021850539,-0.037603074,0.0219922,-0.024857692,0.061115396,0.066200045,-0.009446961,0.050760033,-0.146095919,-0.216301824,-0.039177298,-0.020322531,0.077180577,0.085996373,-0.006610239,-0.014401265,-0.085604557,-0.092562671,-0.037767274,-0.080188255,-0.114792692,-0.119870138,0.010855724,0.005813104
mode131,-0.008491634,-0.00324306,0.007750714,0.004927141,0.102303097,0.091679646,0.009410957,-0.010030045,-0.020096854,-0.02296052,0.026210963,0.004061194,-0.006513824,-0.016512831,-0.061364956,-0.075478294,0.104528411,0.127827707,0.127214193,0.107835159,0.048349017,0.043487641,-0.203062953,-0.19049363,0.056597368,0.049548261,0.23160939,0.234741381,0.011336638,0.03314092,-0.01319245,-0.018646732,-0.116312868,-0.108909648,0.052562053,0.02825433,-0.034961003,-0.00941951,-0.084037384,-0.094060591,0.059635963,0.09478323,0.005425353,9.74E-06,-0.023442536,-0.042296346,-0.058841133,-0.073313838,0.093644916,0.056613227,0.01469605,0.012598969,-0.024149579,-0.040725234,0.05833601,0.05106453,0.098287336,0.028584854,0.007819954,0.02574981,-0.028211644,-0.049765204,-0.016501562,0.003532211,0.103314699,0.115652744,0.076352873,0.123100891,-0.088338781,-0.094491581,0.046296927,0.028161294
mode132,0.034433413,0.041758753,0.00313726,0.006782962,0.066899586,0.05350692,-0.06075552,-0.023497655,-0.013399421,-0.003755487,0.136045453,0.134270303,-0.021933858,-0.021470994,-0.086378246,-0.064534187,0.003632611,-0.005102245,0.042316042,0.069829122,-0.022843614,-0.032322979,0.10860356,0.098265589,0.063124064,0.073178002,-0.073409433,0.013014299,-0.017465834,-0.009803024,0.042934419,0.047210457,0.026212932,0.044487163,-0.077665246,-0.051778638,0.110684204,0.108244659,0.03476518,0.059623491,-0.014666672,-0.016533044,-0.028198236,-0.036367918,0.07304863,0.067602333,0.070944333,0.076275655,0.047879161,0.036682913,0.080027031,0.076486414,0.054357087,0.060012419,-0.069996119,-0.077474952,0.056902661,0.019475043,0.002529613,0.014614198,-0.033726691,-0.052750392,0.056349146,0.060724643,-0.091938739,-0.054119305,0.011782223,0.018809239,0.059525723,0.041939315,-0.038465494,-0.015934193
mode133,0.007811538,0.050541387,-0.001515122,0.008010961,-0.116621502,-0.100906242,-0.126028865,-0.142832386,0.023001779,0.028590476,0.111845758,0.131890133,0.000685394,-0.023560673,0.150154955,0.157429318,0.002076378,0.013137784,-0.090631535,-0.084878332,0.019231131,0.050137595,0.157976871,0.149424492,0.054851081,0.025707325,-0.016793674,-0.023111791,0.019648497,-0.00431337,0.109117429,0.125195553,0.065829903,0.04624133,-0.14555501,-0.114317562,-0.001330387,-0.021378067,0.037854004,0.041143731,0.007334245,0.023228375,-0.004610685,-0.009753849,0.108462656,0.116943253,0.069852371,0.060984716,-0.023444536,0.03343315,0.042262589,0.060040306,0.039023198,0.044847475,0.054782299,0.059958876,0.071886973,-0.002789459,-0.023368964,-0.028521889,0.114929777,0.147088255,0.064392194,0.071175451,-0.186702572,-0.194690363,-0.062142752,-0.10864465,0.033842946,0.025117019,0.073996172,0.072906523
mode134,0.050753593,0.031960912,-0.026161158,-0.029146881,0.116557677,0.12604181,-0.003797028,-0.002426196,0.068566462,0.063161506,-0.130801787,-0.131040871,-0.003790075,-0.011575542,0.079409152,0.109060346,0.027711995,0.017537594,-0.061192222,-0.046037693,0.015225236,0.008208764,-0.082221283,-0.069195359,0.053323791,0.039878049,0.085205102,0.07358409,0.014391009,-0.02005667,-0.05639639,-0.053632822,-0.093802626,-0.060667112,-0.013285084,-0.016377399,-0.006669999,-0.045710009,-0.019496847,-0.00206148,-0.005303519,-0.003156747,-0.01720136,-0.037759941,-0.044153543,-0.046430557,-0.046217564,-0.029371825,0.033101569,-0.03731255,0.010165326,-0.047257235,0.012546812,0.017118398,-0.011125527,-5.18E-05,-0.066173726,0.021042016,-0.002260259,0.011511226,-0.017412874,-0.106837744,0.030808914,0.045751373,-0.060692249,-0.061066928,0.025713954,-0.042209696,0.096813378,0.052029777,0.014456622,0.015407738
mode135,0.005794338,0.022034965,-0.073770798,-0.06115766,-0.116169939,-0.121890168,0.138951024,0.136542754,-0.010529704,-0.00758849,-0.019510859,-0.011693153,-0.008669007,0.004730236,-0.106253124,-0.095478745,0.052735485,0.045392668,0.015501115,0.007100032,0.011537943,0.018374049,0.121395962,0.116362363,-0.018338759,-0.000336046,0.0427292,0.024735758,-0.002766611,-0.004170986,-0.041116886,-0.027601839,0.019459261,0.020835041,0.018804771,0.010274738,0.036924727,0.015795302,0.048138332,0.048820096,0.049919481,0.042369058,-0.058319086,-0.052300814,-0.061162464,-0.042920191,0.039635142,0.023934838,0.011323557,-0.041192098,0.017352973,-0.019551894,0.057733057,0.049102582,0.054479191,0.067772465,-0.109765047,-0.10915822,-0.024081237,-0.04745914,-0.035964083,0.00195531,0.10828387,0.140014651,0.037345766,0.012483854,-0.107606388,-0.1374849,-0.100511807,-0.0717381,-0.001184711,-0.019790036
mode136,-0.003261496,-0.029393878,0.028065285,0.042644114,0.042105196,0.065124514,-0.084257772,-0.062737735,0.02964302,0.015301324,0.01329707,0.024177465,0.025990687,0.0324287,0.053922954,0.057508612,-0.031843269,-0.030651988,0.003105137,0.036562955,-0.040753241,-0.046890206,0.010935025,0.008612543,-0.047900926,-0.028719674,-0.046304102,-0.028865024,0.039452022,-0.00077398,0.028190686,0.032516551,-0.021685884,-0.025284305,-0.036164257,-0.024539432,-0.118547059,-0.110708838,0.095379175,0.099883038,-0.007206191,-0.007754021,-0.002688067,-0.027180976,0.017802295,0.018513971,-0.018448079,-0.027408635,-0.068671372,-0.094219232,-0.117166041,-0.109548001,0.082670769,0.093490359,0.033454451,0.062313572,-0.074938579,-0.058502241,-0.069220348,-0.032884082,0.012667687,-0.023932092,0.076652014,0.039565032,-0.011032857,0.028630261,-0.131218204,-0.036961595,0.005484934,0.004059045,-0.002970857,-0.007874872
mode137,-0.050335862,-0.046729507,0.029481646,0.023201955,-0.005313917,-0.005630059,0.312836697,0.285334256,-0.004672995,-0.012690182,0.074652724,0.074306241,-0.107973876,-0.105002165,-0.266416078,-0.249048069,-0.086600537,-0.100083675,0.048937366,-0.003941299,-0.014027503,-0.022044739,0.012575258,0.019448641,-0.025040629,-0.029652664,0.193123573,0.218692057,-0.048280188,-0.030637921,0.045997666,0.044282098,-0.049186355,-0.041938898,0.305343979,0.30436178,0.015100705,0.012500223,0.016163253,-0.006007676,-0.090610013,-0.113806428,0.043595646,0.059638635,0.02785889,0.031368764,-0.046317169,-0.026591321,0.139881917,0.12477235,0.017913599,-0.002100019,-0.017449096,-0.022843424,-0.119312893,-0.101362789,0.061815057,0.017553192,0.051486333,0.067062944,0.10085814,0.09626229,-0.046342288,-0.034625692,0.314206962,0.270399633,0.086125125,0.1233524,-0.007962932,0.025786825,0.001091601,0.000148615
mode138,-0.016218959,0.001294667,-0.105474276,-0.101967105,0.009595797,0.058252704,0.166640011,0.129722487,0.01987403,0.030313286,-0.093367097,-0.099358372,0.036044131,0.049816289,0.170890907,0.149319469,0.068330322,0.068453562,0.207331455,0.173897079,0.035077362,0.005761675,-0.053031036,-0.018864534,0.00966568,-0.017941588,-0.102088577,-0.082137881,0.020464458,0.023177549,-0.080587104,-0.072177202,-0.059641993,-0.057863357,0.235752394,0.200009677,0.181014767,0.164213097,0.114656894,0.103472911,0.056454372,0.067824992,0.004061479,0.026553591,-0.104571421,-0.09580382,-0.107698304,-0.108211419,0.069860332,0.075434296,0.156131731,0.134143686,0.101518394,0.097962717,0.099974813,0.076915514,0.143821292,0.10833518,0.028205067,0.053026909,-0.020126834,0.053836534,-0.053013571,-0.043215944,0.141710882,0.150048258,0.053962374,0.008950373,0.085434968,0.098986881,0.032909537,0.039193513
mode139,0.022077087,0.012802533,0.00307356,0.001764265,0.107258851,0.098752913,-0.007027471,0.016647193,-0.00315952,-0.011714053,-0.038692181,-0.047957681,-0.056989407,-0.046252829,-0.112864019,-0.087402925,-0.111888111,-0.11125027,0.006104723,0.008928071,-0.063342038,-0.060233278,-0.081809644,-0.079148749,-0.040089991,-0.03124898,-0.002167471,-0.000656012,-0.041373526,-0.059592189,-0.001605197,-0.006417553,0.126948994,0.103112262,-0.004872472,0.023311757,0.080430772,0.075415103,-0.073434606,-0.073182577,-0.11681327,-0.109969916,0.039819675,0.035778418,-0.053960902,-0.049943512,0.083835834,0.088431524,0.004608959,0.00620592,-0.000486806,-0.014005754,-0.059571578,-0.063680356,-0.141029706,-0.116443599,-0.025744024,-0.059143147,0.038104919,0.033573763,-0.014784806,-0.014439325,0.05377279,0.050972432,-0.000661539,0.026636752,0.003767258,0.022162685,-0.046132497,-0.072177565,-0.03099898,-0.020182232
mode140,0.01095628,-0.018863857,0.016598511,-0.010969601,0.095771206,0.07949708,-0.139746724,-0.1371818,0.052069013,0.04431668,-0.033800258,-0.05601998,0.025056106,0.033488054,0.061775997,0.036147655,-0.043213168,-0.039892061,0.047381962,0.053660678,-0.024721508,-0.01441989,-0.105795067,-0.112701303,0.010831994,0.002247793,-0.102673528,-0.067229617,-0.059807625,-0.030223222,-0.040676934,-0.042418077,-0.066759202,-0.057019231,-0.090064538,-0.084779822,0.061834964,0.021241525,0.054897931,0.080024713,-0.016146505,-0.009435514,-0.007380818,-0.012865588,-0.036097222,-0.064352256,-0.05519812,-0.057044564,0.009432526,0.00307352,0.031981233,0.008166781,0.062970383,0.062441078,0.02734377,0.031858769,-0.016379911,0.047771421,0.055687004,-0.008705683,-0.002553073,-0.013051073,-0.000757453,9.98E-05,0.116250063,0.143858666,0.045273489,0.064166797,0.136297306,0.122087817,-0.00596591,-0.004001419
mode141,0.006105898,-0.004446768,-0.026730866,-0.038290638,0.062320772,0.039867122,0.181282298,0.183465409,0.033425725,0.026741102,0.1138954,0.106351391,0.021201553,0.019694699,-0.085591175,-0.078025417,-0.015760486,-0.0244178,0.113071387,0.100075171,0.041370227,0.042896084,-0.168947729,-0.162787234,0.012505503,0.039385872,0.031498465,0.042291323,-0.008228178,0.029033083,0.009390127,0.009519249,-0.033639767,-0.027218393,0.170254009,0.14999003,-0.03053376,-0.015782002,0.003547571,-0.008428276,0.010114537,-0.012084245,-0.042203658,-0.038285842,-0.013405536,-0.011916527,0.000585957,-0.018717836,0.164397968,0.148009802,0.015143608,0.038747193,0.019219004,0.015280731,-0.033100421,-0.053126702,0.171061899,0.154252495,-0.04515433,-0.044049315,0.019376336,0.002914694,0.029903,0.02086776,0.132625315,0.099457996,-0.084606734,-0.077545101,0.12425398,0.094750215,-0.081487018,-0.07508893
mode142,-0.029243532,-0.025253305,-0.051880478,-0.056585951,0.048396878,0.010436276,0.176682452,0.164707885,0.042445066,0.029659878,0.017922095,0.038642594,0.037992515,0.041049063,-0.079856763,-0.013271586,0.061331377,0.063645417,-0.01708704,-0.0144732,-0.026765273,-0.012065773,-0.028056687,-0.007322723,-0.007914842,-0.013800747,0.027350678,0.026764311,0.034764355,0.043524938,-0.008326384,-0.007994356,-0.102553755,-0.096736222,0.156528388,0.118792876,-0.12677387,-0.131582097,0.04539024,0.036763018,0.016140214,0.029739494,-0.026758299,-0.015372139,-2.45E-05,0.013864069,-0.063470606,-0.075560785,0.056433153,0.049604802,-0.064448741,-0.053305364,-0.001498337,-0.008120555,0.005402053,0.023766839,-0.035747813,-0.097019236,-0.028258291,-0.022892166,0.005628384,0.02470246,-0.03453286,-0.085000614,0.22993216,0.219778673,-0.11404957,-0.046656147,-0.023088999,-0.041511772,-0.015489012,-0.019377774
mode143,0.006213845,-0.018465483,-0.039424528,-0.027125762,-0.028093395,-0.042604672,0.049553294,0.086018296,-0.003209739,-0.020986426,0.076774588,0.087252435,0.022283013,0.023887257,0.093860379,0.07751636,-0.03195197,-0.000979885,0.035489412,0.030427149,-0.019632384,0.006949071,0.045138081,0.036146285,-0.051467312,-0.054325673,0.02817966,0.008251178,-0.020770723,-0.029807161,0.030333506,0.034243644,0.064794823,0.074112221,0.027216918,0.072943904,0.170087245,0.156557069,-0.045335802,-0.043585624,-0.00833602,0.018999182,-0.070000465,-0.076910912,0.009532757,0.030867402,0.033014442,0.022226577,-0.007079243,0.002318448,0.051294149,0.018477687,-0.035061074,-0.053269829,0.003144967,0.022793422,-0.017332936,0.04192738,-0.025500904,-0.031887744,0.024553055,0.026843339,0.09343415,0.090159843,0.024532,0.006729503,0.131754479,0.091550641,0.019896881,0.02145481,0.040051546,0.03268095
mode144,0.018650069,0.038158301,-0.011760825,0.02218276,0.05571549,0.04974149,-0.035039216,-0.07180744,0.068647805,0.067927343,-0.010309564,0.024540572,-0.01086213,-0.001357307,0.045282075,0.039575439,-0.074231561,-0.084823149,-0.163116966,-0.166166814,-0.063205369,-0.044587109,-0.019393211,-0.003657762,-0.056202408,-0.060779009,-0.011265073,-0.099869549,-0.038720651,-0.038916686,0.01331923,0.044862054,0.089023559,0.074415395,-0.093623002,-0.11017305,-0.062187658,-0.046690662,-0.011129149,0.015861038,-0.079808408,-0.086381501,0.00730557,-0.008087706,0.022631842,0.041039345,0.02345678,0.008187802,-0.117272017,-0.096023496,-0.0546481,-0.040670161,-0.025273824,-0.010047,-0.093083349,-0.101499714,0.029221363,0.065608201,-0.06674827,-0.047452927,0.001915807,0.071630406,0.014976418,0.039298069,0.038262969,0.008677345,-0.026176148,-0.025843951,0.031613467,0.001500412,0.006349607,0.016264799
mode145,0.015697718,0.017871454,-0.07260103,-0.066514062,-0.002155526,-0.022465756,-0.010183535,-0.019228047,-0.024878362,-0.011943751,-0.043677559,-0.037647044,-0.035228291,-0.020841082,-0.030703851,-0.007191492,-0.061297831,-0.032478817,0.027260715,0.075449242,0.001417445,0.029881601,-0.068717546,-0.056841123,0.042858688,0.013360156,0.23400989,0.207959558,0.014165698,-0.032762741,-0.024100411,-0.024485812,0.037245342,0.021181847,-0.045685848,-0.043354688,0.093224941,0.069727389,-0.005944749,0.005714951,-0.060036685,-0.029147218,0.016658318,0.017301738,-0.014450325,-0.008082066,0.059110831,0.041863461,0.079066762,0.059669736,0.119663211,0.077070147,-0.009137047,0.002625484,-0.057891303,-0.007626563,-0.081479324,-0.096761769,0.010766222,0.024686409,-0.033227873,-0.01126527,0.008849356,0.030672409,0.061674463,0.078081151,0.193790978,0.167838773,0.153184115,0.127446292,-0.011897294,-4.64E-05
mode146,-0.019324152,-0.002118804,-0.016381411,-0.014780158,-0.029070801,-0.003861583,-0.13582423,-0.117010095,0.026735185,0.041954478,0.103255606,0.104759504,-0.016751947,-0.024455931,0.094609522,0.08823784,-0.018369354,-0.028197453,-0.025403036,0.007814604,-0.037251143,-0.030267867,-0.080850162,-0.068261829,-0.037305401,-0.067673809,-0.196010532,-0.195653907,0.048178748,0.051877373,0.032917494,0.043823563,-0.051985821,-0.038173001,-0.109450216,-0.065820667,0.119843323,0.105378396,0.050410818,0.045291666,-0.009346571,-0.018974984,-0.055959061,-0.059644086,0.030449673,0.027306733,-0.052775503,-0.054214587,-0.009331772,0.007518381,0.109250922,0.096951467,0.038947933,0.039228394,0.003743198,-0.022129708,0.120530195,0.073768426,-0.04622365,-0.015829725,0.147637328,0.14596698,0.080476995,0.066625776,-0.063061201,-0.084825552,0.142661471,0.101109996,0.090227492,0.065626407,-0.007565952,-0.012320003
mode147,-0.051192588,-0.045377033,-0.026406191,-0.007861879,-0.072444472,-0.018314841,0.097059684,0.107340993,-0.034293306,-0.034737601,-0.006421598,0.002604741,0.059044459,0.062567177,0.10829453,0.136953895,0.056987542,0.070807918,-0.059526799,-0.038809534,-0.030168954,-0.031826764,-0.094914357,-0.078327049,-0.044496444,-0.048057785,0.033811606,0.019553433,-0.067740114,-0.064458044,0.022824957,0.031421605,0.010838599,-0.030000862,0.080082382,0.077709348,-0.039633186,-0.03581384,-0.051761201,-0.02983238,0.067794088,0.078506559,0.052778619,0.066591462,-0.028454727,-0.027983048,-0.04296603,-0.063868389,0.04651568,0.035902653,-0.007121618,-0.013193603,-0.032961996,-0.024108573,0.062934779,0.086383505,-0.045104378,-0.049010507,0.033919719,0.056971408,0.016469447,0.075451462,-0.057592708,-0.02450143,-0.001047426,-0.017706465,-0.142869271,-0.1231512,-0.07893442,-0.088375929,-0.012854644,-0.011627401
mode148,0.018144003,0.01779723,-0.002700815,-0.005474468,0.065644266,0.032311824,0.152669743,0.122139838,0.018076828,0.016488107,-0.002486193,0.005937596,0.058417361,0.052797596,0.02983181,0.033853333,-0.023218177,-0.029893792,-0.025469823,-0.009967609,0.01536414,0.03165982,0.09908025,0.094460413,0.037780168,0.036133079,0.20445103,0.14427774,0.013009155,0.041375835,0.01932404,0.024300304,-0.042818624,-0.049774531,0.071419827,0.038325689,0.002492033,0.011370596,0.005227086,0.004292975,-0.025115104,-0.034573385,-0.028931146,-0.002083924,0.01634387,0.030480001,-0.062026328,-0.051365076,0.017704235,0.033474057,0.009750026,-0.00374622,-0.005697025,0.003773975,-0.006960817,-0.016322026,0.014211093,0.029827752,0.002858599,-0.047046474,0.022808367,0.074617621,-0.048833375,-0.0432977,0.054195891,0.05269091,-0.004130565,0.00885727,0.064337085,0.071147763,-0.02243168,-0.029651945
mode149,0.009959049,0.002172772,-0.035928207,-0.036069705,-0.081905782,-0.106610033,0.046530597,-0.027069661,-0.04210232,-0.043857149,-0.002118871,0.003066984,0.04238274,0.041708748,-0.005968743,0.0500419,0.103365142,0.12870058,0.146316628,0.167350103,0.11785028,0.095101417,-0.096458138,-0.080687438,0.093973463,0.092339551,0.086999558,0.094951164,-0.009347933,-0.0347789,0.013543611,0.017423878,0.020540894,0.034405592,-0.088661456,-0.120943361,0.15222186,0.177223433,-0.020288798,-0.033829554,0.097765174,0.112969203,0.022205933,0.01196968,0.065358465,0.070202585,0.003772654,0.018577623,-0.104364474,-0.073717466,0.097302433,0.102779851,-0.029998946,-0.030785845,0.026900481,0.04958082,-0.158693213,-0.119518347,0.043997218,0.052397556,0.075390713,0.105838169,-0.040181927,-0.01566778,0.006457794,0.004122851,0.101464723,0.122311988,0.019061996,0.015259508,-0.021162093,-0.031616341
mode150,0.034976868,0.038005188,0.052795461,0.033812539,-0.116912229,-0.123305022,-0.04427013,-0.027437622,0.027668621,0.025888414,0.111925965,0.093218877,0.031933701,0.028841369,0.126933151,0.134342783,0.102030538,0.104727893,-0.059443216,-0.055712146,0.025437659,0.011764014,-0.015367284,-0.004621671,0.047205102,0.052555549,-0.046431905,0.01727203,-0.054889919,-0.034531676,0.069228539,0.056065563,-0.029449906,-0.034846734,-0.061887728,-0.061594059,0.028397831,0.022954817,-0.00378826,0.00098119,0.091161524,0.090790891,0.038544358,0.050014708,0.063652498,0.051763441,-0.00890986,0.011906127,0.006964967,-0.033102927,0.010885236,-0.005018903,0.017583946,0.011881517,0.059723762,0.05801847,0.025422896,0.104315028,0.062581879,0.030999067,0.015906424,0.015626616,0.070394075,0.082719821,0.016272376,0.03510015,-0.002059558,-0.018859461,-0.107910575,-0.132498642,0.022010871,0.016703569
mode151,0.05993751,0.058623183,0.019435401,0.027690046,-0.149286003,-0.135185795,0.137622131,0.113502699,0.07327044,0.063837989,-0.10643023,-0.088133034,0.058525731,0.064354138,0.225834823,0.197601716,0.056691469,0.075311305,0.085679533,0.043346616,0.003813069,-0.013160561,-0.007399876,0.01105186,-0.071975296,-0.078771385,0.025514103,0.084850262,0.018590402,0.017089709,-0.039926165,-0.027495591,-0.042192842,-0.033913275,0.219691047,0.201009062,-0.040479915,-0.020253999,0.064431372,0.046592069,0.064234837,0.087790306,0.021852404,0.005506471,-0.046492193,-0.036798595,-0.066519755,-0.060104233,0.080416818,0.051958103,-0.011105204,0.020730101,0.031799839,0.01170828,0.111966221,0.111061059,0.15739058,0.116968164,-0.012528681,-0.003376033,-0.027874044,-0.058144327,-0.016313497,-0.020059064,0.080770475,0.053837723,-0.037302231,0.025825037,0.109269138,0.088701427,0.057516705,0.059685555
mode152,-0.03022379,-0.001329298,-0.058389888,-0.0524013,-0.065365014,-0.043737593,-0.011522222,-0.007190668,0.019408293,0.022335654,-0.096612022,-0.095415543,0.060903139,0.067683395,0.00245075,0.034110713,0.003102859,0.017562516,-3.10E-06,-0.013897346,-0.083789799,-0.090609709,-0.05104681,-0.060201446,-0.009883861,-0.008890885,-0.097001205,-0.087374214,0.011307116,0.007407896,-0.076610589,-0.081058558,-0.0858545,-0.078157153,-0.017748457,-0.029973236,-0.016973079,-0.016299154,0.011926317,0.025667012,0.010887433,0.028831061,-0.016728005,-0.002336882,-0.044879683,-0.036282264,-0.085041725,-0.081897014,0.042515906,0.034196598,0.048802329,0.036369879,0.017649055,0.0099791,0.028563307,0.082524283,0.096631426,-0.016498976,0.008458031,0.025724349,-0.059989655,-0.011945336,-0.054290406,-0.097480891,-0.0185649,-0.002524962,0.074477434,0.078910325,-0.058508882,-0.057053013,-0.010488163,-0.012394523
mode153,-0.042211353,-0.037076334,0.017335014,0.020632928,2.40E-05,0.036718621,-0.161777745,-0.121900594,-0.025738259,-0.025868384,0.024003772,0.029896411,-0.013259574,-0.019652722,-0.072627991,-0.073627882,0.057991107,0.060424271,0.019745553,0.027292969,0.051127435,0.048499798,-0.049103732,-0.033408342,-0.011893956,-0.00957552,-0.259495102,-0.226758517,0.040522488,0.036894663,0.040335777,0.051495936,-0.004665033,-0.012536325,-0.204999982,-0.183785727,0.068816478,0.058927564,-0.047499298,-0.032710316,0.052649511,0.045469501,0.026601186,0.010175625,0.060945994,0.047933765,0.008877608,0.014287403,-0.139314291,-0.101235384,0.003753518,0.029840216,-0.051011704,-0.048355468,0.023198827,0.012704218,-0.016372585,-0.045073196,-0.007742592,0.043447459,0.06086004,0.063189869,0.063872408,0.064952269,-0.192841086,-0.184977828,0.006542141,-0.048994096,-0.000910644,0.035689974,-0.032329498,-0.046782145
mode154,0.012019751,-0.009927439,0.002545985,0.011393387,0.026853291,0.045979364,-0.061311978,-0.049348499,0.039361632,0.022838595,0.084657388,0.073331308,0.040455858,0.031428652,0.074522125,0.051281154,-0.048274238,-0.040162193,0.004777974,0.005803271,0.010066096,0.021858377,0.109054099,0.121515847,-0.047863347,-0.035716393,-0.077861769,-0.029600245,0.059091292,0.025710027,0.045213106,0.030125112,0.048978897,0.054775352,-0.052866608,-0.034912403,-0.041415577,-0.03662939,0.077415484,0.070122208,-0.068274787,-0.055431671,0.016697035,0.022034748,0.023585523,0.028625421,0.003472407,0.020396808,-0.056273649,-0.064613138,-0.060141883,-0.067422838,0.061498654,0.057077684,0.017007103,0.025124126,-0.013937021,0.023324307,0.009227592,0.029054084,-0.043175288,-0.04613246,-0.019920652,-0.044852555,0.021217052,0.015528373,0.025207321,0.022642241,-0.054331861,-0.065715687,0.017472546,0.01638389
mode155,0.024210928,0.016853484,0.053308413,0.058160669,-0.000367842,-0.012011437,0.042149138,0.006615116,-0.004864036,-0.007922704,-0.036536336,-0.031011976,0.018547949,0.023683137,-0.069869552,-0.067739779,-0.024696999,-0.025575128,0.202861656,0.177484492,0.097395704,0.063141319,0.048853326,0.060167051,0.132317066,0.151765073,0.050633421,0.079833383,-0.000655683,0.001914386,-0.001545141,0.016184457,-0.069942673,-0.062877985,-0.091627413,-0.145678773,0.032566544,0.031878535,0.055153843,0.049770433,-0.020527395,-0.014176782,0.010447559,0.01017277,0.056974139,0.058026979,-0.058429245,-0.019378566,-0.060491862,-0.075221446,0.02608794,0.026114861,0.039904325,0.035996796,0.000928367,-0.002874525,-0.049933262,-0.062822661,-0.069335285,-0.06042012,0.062319856,0.06339311,0.001425865,0.022157426,-0.02173117,-0.088350905,0.030415473,0.018679967,0.059009223,0.072245574,0.000777355,0.008649731
mode156,-0.038012212,-0.057849959,-0.035069274,-0.022530625,-0.042208777,-0.022125611,-0.052815146,-0.022451062,0.038217014,0.021765171,-0.031848412,-0.024125369,-0.010882157,-0.004396103,0.002419964,-0.002751598,-0.044795555,-0.050938398,-0.083805494,-0.051606526,-0.033812193,-0.007657224,0.047216649,0.057714877,-0.032486149,-0.026715669,-0.085732498,-0.121192548,0.029810107,0.04238771,-0.007238585,0.009389657,0.01606422,-0.006475363,-0.093686727,-0.074308694,0.059010438,0.076119338,0.042596705,0.027062179,-0.049871862,-0.057989762,0.035780677,0.062817802,-0.007775415,-0.010899708,0.009028496,0.009990724,-0.022619511,0.007833537,0.010435542,0.019727297,0.013044247,0.017736894,-0.049002255,-0.073525277,0.131419155,0.108865513,0.00454425,0.019983974,-0.070703253,0.020358061,-0.009376721,-0.019548088,-0.129826466,-0.110851324,0.045003343,-0.012140922,0.024241471,0.015911242,0.037097547,0.025506365
mode157,-0.024530351,-0.030308647,-0.015126953,0.000538583,-0.054405814,-0.041617456,0.130699054,0.133612748,-5.92E-06,-0.00052217,-0.052784625,-0.0487413,0.073790796,0.069969717,-0.014977599,-0.014247735,0.064208575,0.04997637,0.057824642,0.075980387,-0.016428063,-0.036104328,-0.103095499,-0.092510429,0.000980062,-0.012715812,0.136965453,0.149874096,0.05078726,0.086123916,-0.028102925,-0.025453285,-0.053686649,-0.055331426,0.224877942,0.218590631,0.029754698,0.044264751,-0.032802101,-0.015224589,0.061709832,0.041433595,-0.015874808,0.004653615,-0.045868093,-0.023598774,-0.05560418,-0.049864495,0.113297678,0.141058764,0.014431593,0.041021052,-0.035456589,-0.01732779,0.026641482,-0.009272267,-0.033018529,-0.024142268,-0.046047618,-0.087718402,-0.080247078,-0.064103864,-0.116360773,-0.103939161,0.079352944,0.085333122,0.184532031,0.169552117,0.038939533,0.027766873,-0.030644232,-0.039255797
mode158,-0.014633324,-0.022836443,-0.025728799,-0.031567235,0.00333296,-0.008558384,-0.025539068,-0.046900576,-0.021132919,-0.017848,0.062267991,0.062341659,0.014593356,0.003072536,0.092925257,0.016402388,0.0617378,0.058317467,-0.028511685,-0.029548763,-0.0936656,-0.103388107,0.006337468,-0.003289996,-0.120037935,-0.105378018,0.018173082,0.004433831,0.013148611,0.047665183,0.019836552,0.02127527,-0.025263162,-0.028596462,-0.145126042,-0.15394231,-0.02261915,-0.002999731,-0.052744108,-0.042659796,0.05910408,0.058641194,-0.063082934,-0.053343515,0.039944912,0.047345036,-0.07650727,-0.088654119,-0.049441853,-0.041054551,-0.001245784,0.007697553,-0.027019271,-0.028570598,0.093414556,0.067010652,0.18046175,0.228073543,-0.031914091,-0.014314038,0.139429973,0.179036095,-0.034432214,-0.056514582,-0.05705249,-0.046744081,0.03165283,0.050919284,-0.062620034,-0.067762485,0.014792558,0.019515896
mode159,-0.090389774,-0.078997024,0.079638404,0.066068542,-0.092661854,-0.108745082,-0.100548746,-0.11278775,-0.062231581,-0.054014325,0.060115493,0.044837213,0.064793206,0.051241627,0.096796402,0.11332005,0.011779449,0.016244484,0.014509842,-0.056040048,-0.084331178,-0.07832998,-0.041038641,-0.039806646,-0.022014219,-0.026829111,-0.035811724,-0.039689869,0.045898093,0.059377076,0.025235265,0.005643994,-0.084981817,-0.054366998,-0.045042143,-0.031648192,0.043259826,0.012715123,0.019985362,-0.033256359,0.017636211,0.011737556,-0.012518909,-0.008242783,0.060374956,0.049532741,0.003900505,0.028057121,-0.051310154,-0.014566908,-0.010977133,-0.007499252,-0.021447163,-0.038835263,0.018155251,0.006673729,-0.073697038,-0.050005678,-0.102893827,-0.105413631,0.019351352,-0.052929126,0.026007875,-0.001628164,0.121766899,0.127953782,0.158027884,0.096067831,-0.056781217,-0.006638703,0.052878341,0.055788641
mode160,-0.024845574,-0.024518027,0.07893112,0.072246223,0.010447369,-0.008996471,0.056979913,0.047858536,0.002966518,-0.006641513,0.023147107,0.012988521,-0.01019453,-0.020090178,-0.062231454,-0.001623544,0.005089296,0.004407926,0.020028966,0.033871855,0.008797942,0.001694864,-0.031918109,-0.011370872,0.011621752,-0.00192102,-0.00332959,-0.038136773,-0.031118153,-0.02931747,0.017580981,0.015482506,0.04014411,0.053394091,0.120099189,0.114546756,-0.038908984,-0.012570726,-0.047539774,-0.065115598,-0.030969701,-0.019949185,-0.0139234,-0.032116069,0.02520889,0.026438415,0.025908618,0.052029469,-0.04471521,-0.017468936,-0.060645238,-0.035495917,-0.039728988,-0.036591354,-0.013393907,0.002883356,0.001079401,-0.010219618,0.001080875,-0.01251279,0.061470363,0.044773445,0.035496431,0.054647395,-0.102109159,-0.10732604,-0.095967906,-0.092714262,-0.09208588,-0.112138356,-0.008176299,-0.00335367
mode161,-0.046057938,-0.032262101,-0.011339105,-0.007447244,0.013838869,-0.024849939,-0.063788646,-0.0498303,-0.055364602,-0.043488071,-0.020555175,0.000115811,-0.009134869,0.002219667,-0.003574805,-0.012339687,0.022380616,0.037965969,0.000667629,0.005184976,0.112721956,0.095512205,-0.127077027,-0.101670706,0.075110937,0.045094238,-0.04427067,-0.067041693,-0.05481718,-0.015653488,0.016397205,0.03198922,-0.084718316,-0.092666592,-0.042465903,-0.021880836,0.015930244,0.021594962,-0.034670859,-0.05521723,0.012512159,0.03551195,-0.001751887,0.031783686,-0.019443232,-0.008039473,-0.09828416,-0.095053327,0.042476813,0.043685282,0.05783527,0.043262659,-0.017464138,-0.030740442,0.023623162,0.024062898,0.032109983,0.004436603,0.084094062,0.071508336,-0.048959277,-0.005813587,0.012331737,-0.044105987,-0.151854587,-0.14708599,-0.05027381,-0.084937578,0.032893124,0.005537699,-0.003762268,0.002596333
mode162,0.004752713,0.007868788,-0.015014316,-0.03533392,0.082539383,0.056752701,0.108157704,0.100820436,-0.005457771,-0.006855316,-0.116905688,-0.116012989,-0.003635456,-0.043165601,-0.000351495,2.94E-05,-0.096369053,-0.111055646,-0.076166538,-0.052372986,-0.051847739,-0.051745171,0.05165466,0.047261369,-0.0225712,-0.021892907,0.038096694,0.024477538,-0.015960766,0.012580001,-0.071387222,-0.074355679,-0.019786025,-0.023647647,0.16878666,0.17612431,0.064171533,0.07884519,0.027467854,0.037204019,-0.101288056,-0.118654309,-0.024515646,-0.023926805,-0.052525886,-0.05831856,-0.010569109,-0.008080766,0.097048258,0.15537268,0.029457858,0.086289613,-0.016815117,0.013005644,-0.098831855,-0.124369955,-0.070952202,0.007436555,0.034399611,0.0430447,0.010214056,-0.008830996,0.069623902,0.043462976,0.054934485,0.085556376,0.033863032,0.082902282,-0.030819909,-0.049865835,-0.018473061,-0.024732756
mode163,-0.011536324,0.013075243,0.030477495,0.025133899,0.045716702,-0.022024687,-0.113506682,-0.110534025,0.006830036,0.00700599,0.015518603,0.008608963,-0.030678245,-0.019678446,-0.067818275,-0.04001764,0.084912142,0.082034181,-0.022210011,-0.015781635,0.0601865,0.068750902,0.053827617,0.072260292,0.021374912,0.006821487,0.092778167,0.056266256,0.014268579,-0.005629282,-0.00897675,-0.024231331,0.18942321,0.182926421,-0.050978768,-0.011219274,-0.012457621,0.0090068,0.018870906,0.009412629,0.065154086,0.062200961,-0.034631648,-0.050065675,-0.058583864,-0.05724307,0.094970078,0.108905872,-0.037445633,0.030468137,0.010053207,0.031807168,0.019843565,0.027707979,0.016952121,0.016603376,0.057462961,0.039927689,0.016326966,0.003852546,0.012751263,-0.027314902,0.01236301,0.011795438,-0.056592855,-0.054923637,-0.029023363,-0.032570162,-0.043188974,-0.006093381,-0.002010609,-0.004426578
mode164,-0.013070761,-0.007593546,0.028624909,0.042162802,0.001155572,0.011628893,2.07E-05,0.036924622,-0.001601549,-0.000851693,-0.042047902,-0.051035413,-0.006093391,-0.015810416,0.019800648,0.029132488,0.035768842,0.040972624,0.02550296,0.055825416,0.061354975,0.045668926,-0.012907905,0.004941917,0.005390358,-0.008686417,-0.010667904,0.026037176,0.042707437,0.050596847,-0.039023021,-0.041622974,0.089561043,0.082031789,-0.047973616,-0.023813358,0.028511317,-0.008044035,-0.013654434,0.004070412,0.022322053,0.028023858,-0.039305074,-0.047582743,-0.055206396,-0.050418537,0.029199348,0.027914225,-0.027801424,-0.030145434,0.044624997,0.001379608,-0.017776223,-0.003605897,-0.016599615,-0.015974691,0.048175996,0.080102723,-0.067306609,-0.037441582,0.022233832,0.004650461,-0.026115605,-0.046561038,-0.03813056,-0.026111505,-0.039019309,-0.023338922,-0.032295786,-0.069209478,0.017706265,0.019272304
mode165,-0.054386332,-0.041208726,0.020496033,0.023440705,0.005096566,0.037196685,0.00761958,-0.008127029,-0.078473547,-0.073529295,-0.006516975,0.003039231,-0.028723034,-0.025319576,-0.069297017,-0.057485422,0.107257706,0.091662344,-0.072098422,-0.061933972,0.012693878,0.038846622,-0.104213076,-0.125907592,-0.007361936,0.003633243,0.104094451,0.0912955,0.026541271,0.003846376,-0.01100461,0.001530643,0.048576997,0.040313078,0.046702476,0.034183389,0.027190004,0.062249292,-0.139520441,-0.128789737,0.085489594,0.071254124,-0.004123104,-0.021485739,-0.005817266,-0.004701269,0.062488707,0.049792617,0.084087909,0.104404841,0.040616409,0.05742485,-0.104132094,-0.099156882,0.08283948,0.072093232,-0.035845623,-0.052984972,-0.057669119,-0.011896255,0.029530556,0.029232803,-0.020812469,-0.037658006,0.034039909,0.017356635,0.117644402,0.136371486,-0.089265111,-0.075050686,-0.058657759,-0.063658976
mode166,0.014524498,0.023003507,0.05867069,0.052832364,0.041108377,0.040013649,0.008612833,-0.001904124,0.031593483,0.038955359,0.028848933,0.014809538,0.024324698,0.016187601,0.096812171,0.047063599,-0.00357731,-0.044999171,0.039042316,0.046168116,-0.053569666,-0.042495313,0.075805252,0.089338642,-0.026843552,-0.006159256,0.088943059,0.072643424,0.010362205,0.043950984,0.047544726,0.035763862,0.078923719,0.075640467,-0.02261522,-0.015834638,-0.01892602,-0.016705083,0.107572294,0.116265583,0.007705682,-0.025809015,0.009101973,0.019063371,0.055445282,0.038371001,0.050620755,0.063244244,-0.122456238,-0.112769198,-0.051821986,-0.056113825,0.039270488,0.061351528,0.05385953,-0.00288701,0.184321516,0.107657166,-0.002189907,-0.003245438,0.004876878,-0.028819929,-0.037970379,-0.026286561,-0.085220912,-0.038114223,0.031531311,0.017288386,-0.0037178,-0.011279909,0.012596905,0.010142735
mode167,0.059285382,0.05913757,0.002278341,0.004445373,-0.050260403,-0.060018994,-0.049326548,-0.047488766,0.02945458,0.040300597,0.045900977,0.02936786,-0.001072374,0.001882564,0.05827923,0.072205045,-0.042025509,-0.048628506,-0.110339797,-0.08952414,-0.054234561,-0.048764349,-0.106906474,-0.1031313,-0.062263516,-0.068609422,-0.066539307,-0.072120884,-0.001283432,-0.022331627,0.005592398,-0.003068715,0.04165486,0.053436803,0.013111579,0.015283256,-0.016484739,-0.017933425,-0.073326884,-0.04355406,-0.019649296,-0.020197124,-0.009333629,-0.029709738,-0.001662827,-0.001950314,0.011098202,0.026116286,-0.0110954,-0.009145938,-0.049921325,-0.041757258,-0.078058254,-0.069022999,-0.051157919,-0.052690347,-0.086400361,-0.127875551,-0.036085586,-0.02101618,-0.010690789,0.009620338,0.034512722,0.03240575,0.047314391,0.051681615,-0.017308026,-0.021144057,0.181984348,0.14061818,-0.053522882,-0.055244314
mode168,-0.087060424,-0.09781361,-0.045628771,-0.043854495,-0.085586112,-0.082309904,-0.020190955,0.003151229,-0.003178111,-0.005889339,-0.048884683,-0.043422374,0.047583378,0.035375425,0.018403897,-0.009573982,0.06354443,0.04999344,-0.029128387,-0.056402885,0.009370604,0.01627992,-0.081932481,-0.075526616,-0.045980371,-0.056373148,-0.011459463,-0.001644411,0.054842508,0.080962431,-0.038392544,-0.023818088,-0.043732406,-0.049781226,0.000205586,0.011913751,-0.070588204,-0.084689244,-0.062625416,-0.053204887,0.063365286,0.043531643,-0.026299622,-0.007821133,-0.028564923,-0.014433103,-0.064914869,-0.056647851,0.065682312,0.027821752,-0.05088864,-0.067774746,-0.016915476,-0.033492991,0.054707363,0.025457091,0.121173691,0.130070924,0.026806336,0.050772099,-0.004044482,0.068030627,0.081051727,0.02744028,0.034285296,0.039505205,-0.094182785,-0.074025401,-0.073158783,-0.068673134,-0.007258952,0.001771124
mode169,0.039536556,0.018892931,-0.02287111,-0.031344582,0.068395615,0.075910145,0.002416965,0.032841965,-0.010601387,-0.02787393,-0.075672981,-0.057389133,0.008031341,0.001070508,0.039597223,0.03495508,-0.080583125,-0.089058383,-0.055336219,-0.097742266,0.066160308,0.04855062,0.056035918,0.049941025,0.027295006,0.057070573,-0.000987923,-0.031360816,0.0314204,0.022876177,-0.050750521,-0.057630205,0.101915622,0.08419593,-0.123154797,-0.090684156,-0.038801873,-0.021171705,-0.088096847,-0.102298074,-0.054176217,-0.072550668,-0.057266446,-0.063229032,-0.05001802,-0.05267083,0.077867122,0.077269659,-0.03225787,-0.008719183,0.001105185,0.002349836,-0.058582749,-0.066898836,-0.042539082,-0.059788088,0.017691167,0.0200349,0.009802312,0.02886796,-0.006430487,0.014533363,0.016625043,0.006234353,-0.102738186,-0.082759289,-0.082232787,-0.085542056,-0.019776634,-0.012062339,0.017969214,0.028360426
mode170,-0.02777692,-0.021389241,0.008110882,-0.003983985,0.086321634,0.049230074,-0.108507847,-0.07799913,-0.02696709,-0.019253703,0.121020323,0.102331243,0.035881079,0.034844061,-0.012913879,-0.029980359,-0.045480261,-0.060241106,0.006992171,0.004313394,0.084417999,0.081974985,0.093246851,0.09672862,-0.007296081,0.024733457,-0.13549753,-0.064042908,-0.010923127,0.01666476,0.032085645,0.013826295,-0.053237549,-0.065909901,-0.049461885,-0.0277028,-0.085993568,-0.069880287,0.051993889,0.05548544,-0.032630882,-0.04113952,-0.025661527,-0.017853039,0.008653724,0.014136769,-0.001177481,-0.019541707,0.0118566,0.010156434,-0.047471962,-0.019443165,0.027467565,0.033343714,-0.001405815,-0.00215832,-0.035165378,-0.025426643,-0.006275232,-0.027322865,0.128574546,0.122420828,-0.041262853,-0.040566122,-0.035985962,-0.05042826,-0.074409542,-0.054185414,-0.049236625,-0.018459291,0.061210123,0.065596554
mode171,0.032028003,0.041687235,0.026407866,0.024512007,0.012834609,0.066790846,0.224864483,0.219855168,0.000198081,0.006546756,-0.095168438,-0.091176821,0.023667671,0.039866775,0.105232231,0.083232398,0.009277873,0.037445746,-0.086403534,-0.083435865,-0.043475357,-0.055999981,-0.101488308,-0.08893406,0.055384602,0.043898938,-0.003450974,-0.03025779,-0.030458491,-0.060982743,-0.061104269,-0.064318791,0.031110017,0.025928363,0.252961834,0.214007691,-0.121623531,-0.137981774,0.022625061,0.009328143,0.019793332,0.038463137,0.021865928,-0.007791699,-0.068252201,-0.057798609,0.01733314,0.01256034,0.130141501,0.1035803,-0.02241275,-0.04461839,-0.022917564,-0.026145213,0.023441587,0.033082937,-0.065400391,-0.009052399,0.030787139,0.033072861,-0.055814823,-0.043687432,-0.014426574,-0.014557737,0.10336491,0.079592026,-0.123642939,-0.124904074,0.082456304,0.07414632,0.01950192,0.009021568
mode172,0.074850729,0.065170601,0.046271332,0.027204073,-0.033106887,0.012576514,-0.10752977,-0.077446544,-0.004810564,-0.005032521,0.055378519,0.027673173,0.084577234,0.074209818,0.13651406,0.128032846,0.067077342,0.080729195,-0.037925699,-0.026872063,0.135821238,0.140327277,0.046721401,0.03759038,-0.003271403,-0.001059636,0.057418367,0.008247258,-0.003090988,-0.017190608,0.038148263,0.012222979,0.080032343,0.073276682,-0.024679647,0.010755124,-0.049494333,-0.051364459,-0.083394625,-0.06035636,0.069373798,0.079574994,0.022749468,0.01786413,0.017913777,-0.001460898,0.085608972,0.078016655,-0.060517834,-0.041025849,-0.087731923,-0.094339052,-0.084160632,-0.066436473,0.088784838,0.102799389,0.143006782,0.076785935,0.019270582,0.044915193,0.018359687,-0.009874703,0.096468507,0.07698546,-0.04986205,-0.016964933,-0.012154978,-0.017652772,0.007087923,0.009677823,-0.007630845,-0.005930821
mode173,-0.026814288,-0.041350988,0.017647259,0.002098373,-0.055751891,-0.075320023,-0.054862578,-0.063499844,0.023788853,0.011306319,0.031430566,0.023038131,-0.014235248,-0.007431912,-0.12237366,-0.112547711,-0.016798083,-0.011573856,-0.127110114,-0.080884567,-0.036251871,-0.027833259,-0.112363975,-0.065516904,0.014552782,0.018089484,-0.114945591,-0.089345685,0.001897081,-0.001790652,0.004773742,-0.014846909,-0.029950773,-0.032431721,0.015328909,0.007686188,0.066005625,0.060981907,-0.023295915,-0.018517479,-0.023974687,-0.017238534,-0.021766579,-0.010165386,-0.000840349,-0.010540939,-0.049498725,-0.033006717,-0.003701625,-0.008160436,0.017975239,0.023460305,-0.000550865,-0.000197163,-0.035496311,-0.044567974,-0.032040106,-0.064215462,-0.034195061,-0.023121715,0.08776223,0.074424487,0.01193634,0.00869507,0.067512177,0.083338948,-0.00902503,-0.001323277,-0.029964555,-0.047639208,-0.062532887,-0.074877946
mode174,-0.042337747,-0.050625866,-0.018738263,-0.021302835,-0.01398405,0.003391753,0.022199861,0.027403072,-0.000247578,-0.002609001,0.019308763,0.002771118,-0.036592164,-0.031610211,-0.093909905,-0.134716752,0.000530476,-0.000738015,-0.058607537,-0.065544535,0.044142628,0.024942625,0.094367992,0.078590665,-0.032027658,-0.011437407,-0.064664812,-0.092332961,0.050411558,0.035915847,0.01315601,0.006157008,0.012391119,0.013288989,0.046547699,0.048342718,-0.065907268,-0.055905147,0.001274093,0.007347912,-0.00587628,-0.00602304,0.008591493,-0.000998883,0.016535311,0.005591452,0.03935499,0.019440462,0.041371359,0.056331443,-0.026923251,-0.012020469,-0.001511036,0.015738828,-0.005367576,-0.022646304,-0.021388075,-0.020511591,0.008037212,0.031337954,-0.017812306,-0.020367624,0.018323057,0.006063361,-0.018228111,0.013331535,-0.016522745,-0.011562608,-0.19382177,-0.177753845,0.057502707,0.07451266
mode175,0.008730303,0.010963759,0.024472578,0.03204251,0.044825178,0.021655661,-0.002413136,0.042065647,-0.021686478,-0.019053486,0.016147635,0.014532702,0.01028961,0.024298495,-0.000755524,-0.01974286,0.012616397,0.009894438,-0.089613188,-0.027893459,-0.027832911,0.002249941,-0.059907408,-0.046952025,-0.001393623,-0.004532002,-0.003320005,-0.036018257,0.012959906,0.044013944,0.028510257,0.02401488,-0.145768075,-0.121425066,-0.020225743,0.039188572,0.07893697,0.063582739,-0.07871081,-0.08468633,0.007585156,0.006289177,0.007903119,0.037533144,0.037818439,0.035162031,-0.062432073,-0.062803775,0.03022214,0.062284835,0.070207524,0.040023875,-0.050442083,-0.052100673,0.02576858,0.01373466,0.030495757,0.029098122,-0.016927397,-0.075574584,0.033149437,-0.052969584,0.13801969,0.15701338,-0.01815505,-0.006302531,-0.100417994,-0.094301953,-0.0187308,-0.040407166,-0.062487511,-0.070829962
mode176,0.010049751,0.015918164,0.040007363,0.040955613,0.047941516,0.008333681,-0.044427585,-0.057910767,0.006630217,0.019180349,-0.016046394,-0.02051767,-0.029337373,0.00207551,-0.069826397,-0.050265347,0.003971774,0.037646621,-0.011988097,0.020422831,-0.051835143,-0.024097985,0.017531306,0.036656241,-0.082709239,-0.094284428,0.072412167,0.042944899,-0.047404585,-0.004717849,0.009264583,-0.011956232,-0.043601722,-0.035992663,0.020888659,0.011041042,-0.062911185,-0.079664771,0.032567136,0.071845541,0.014789696,0.033591838,-0.005789331,-0.006342485,0.012768598,0.005209102,-0.089876678,-0.07460772,0.056322019,0.039318783,0.034499956,-0.002511941,0.041060948,0.058379377,-0.033629895,0.023183235,0.069484446,0.107172458,-0.006581866,-0.02548202,-0.057780728,-0.091943033,-0.050279594,-0.046648662,0.032243767,0.03095764,0.024307435,-0.013535153,0.005504521,-0.002040321,-0.013755091,-0.004226664
mode177,-0.002838831,-0.005716268,0.027992674,0.019852053,0.033956515,-0.006489955,0.055066911,0.069403459,0.008695263,0.004441622,0.020568455,0.014101254,0.007974215,0.007576235,0.036356829,-0.031955796,0.08348292,0.107898607,-0.051544097,-0.067847811,-0.035876407,-0.046767727,-0.00265267,0.0025142,-0.037681439,-0.029466191,-0.029069322,-0.018276177,0.053220061,0.04543723,0.003142486,-0.021849276,0.065806917,0.067606064,0.022832518,0.030637094,0.036876226,0.05188791,-0.005206956,-0.021393046,0.081514124,0.105335433,-0.019429078,-0.031963551,-0.006438086,-0.020647759,0.023941983,0.047440937,-0.061435781,-0.069772415,-0.014824812,-0.006586542,-0.013947945,-0.029694228,0.124447721,0.119115584,0.023859822,0.045320472,-0.078482233,-0.098164858,-0.008181375,-0.02947386,-0.041668802,0.023472938,0.05447919,0.073466269,0.008211753,0.012535536,-0.006686104,-0.024997647,-0.032638188,-0.034601725
mode178,-0.009363269,-0.004628777,0.041543697,0.044323579,0.074487451,0.092274677,0.098686358,0.083060699,0.013603611,0.013178894,-0.025768876,-0.023416708,-0.046117914,-0.033551849,0.002645989,-0.029493156,-0.144602785,-0.14060878,0.114823765,0.140406909,0.109579578,0.090696237,-0.013772476,-0.008556692,0.069951811,0.070932238,0.17022489,0.190221202,0.062241839,0.045432808,-0.025962463,-0.019984739,0.020008478,0.011344214,0.09675007,0.075985512,0.098707061,0.095821094,0.075863408,0.074091938,-0.114560313,-0.112458771,0.000975144,-0.019653087,-0.026764296,-0.017962404,0.013299535,0.031027913,0.125521731,0.092313515,0.10020556,0.074447873,0.099805124,0.09213355,-0.051503268,-0.049730001,0.11702669,0.066337932,-0.047322997,-0.012983237,-0.007805575,-0.000908433,-0.022464821,-0.017778809,0.095500435,0.108054485,-0.014925327,0.006824022,0.053278244,0.053080555,-0.030378917,-0.039733424
mode179,0.001286605,0.023845501,-0.006857358,0.0056585,0.0526497,0.054410124,-0.06090139,-0.062283701,-0.003835096,0.001933551,-0.035457638,-0.036521351,0.022121685,0.029387263,0.081679196,0.078568923,0.017740104,0.012188188,-0.097745815,-0.114474803,-0.053050908,-0.040752107,-0.088736792,-0.079490335,0.011956227,0.011884851,0.012464227,0.013472126,-0.013212807,0.029874824,0.00194924,0.01105052,0.05795336,0.069665704,-0.092570754,-0.065053231,0.002693275,0.011685695,-0.010325979,-0.005298987,0.031922693,0.016060501,-0.004313329,0.018184696,0.008738366,0.009337854,0.04525433,0.07202035,-0.07865904,-0.037971112,-0.016814363,0.004229365,-0.055537225,-0.046597324,0.033962668,0.007513251,0.019268742,-0.021875671,0.017270629,-0.01285234,-0.022162296,-0.062613115,0.049652614,0.052638273,0.052401182,0.053045955,0.103655072,0.107700929,-0.041448618,0.007637274,-0.020394912,-0.012682753
mode180,0.031104781,0.02173476,-0.006972263,-0.000997741,-0.092447995,-0.096678994,0.095207953,0.080114119,5.42E-05,-0.004326153,-0.123892856,-0.098878961,0.033228254,0.054305836,0.011540421,-0.010882285,0.036489626,0.027184931,0.085365467,0.091868163,-0.026068967,-0.009480794,-0.016174604,-0.020746714,-0.035822175,-0.018367379,0.082753702,0.050729391,-0.0284253,-0.015462288,-0.056814958,-0.049873243,-0.007606711,-0.005845542,0.075491655,0.082670533,0.102491358,0.131078259,-0.020006582,0.002286736,0.043194925,0.041214516,-0.022431853,-0.010243439,-0.032825642,-0.03066704,-0.025619687,-0.027249179,0.022700914,0.036943148,0.017420298,0.015098176,-0.013987479,-0.010687262,0.055290085,0.062405491,0.091084459,0.108899202,-0.014384817,-0.027729622,-0.056266394,-0.071007977,0.008834061,0.030332527,0.087125145,0.045708307,0.165151031,0.158127427,0.081573927,0.1087017,0.007346567,-0.001607096
mode181,0.01139253,-0.004796494,0.037242871,0.039219261,0.033846965,0.029425161,-0.045088337,-0.072026382,-0.029114203,-0.040000333,0.028872496,0.026414632,0.019127903,0.019619457,-0.018979348,-0.004372486,0.021942654,0.036549813,0.023350383,0.032484458,-0.015753469,-0.016894257,-0.047790696,-0.057451771,0.060045738,0.087721199,0.033058972,0.039169437,0.055595467,0.038388237,0.023905411,0.025008635,0.013323628,0.020466595,-0.054607044,-0.052330158,0.114720376,0.127575357,-0.04573944,-0.060013222,0.031396114,0.037823599,0.043655662,0.040762207,0.004293334,0.010842866,0.00520265,0.022562418,-0.064785811,-0.020933883,0.04212203,0.061591384,-0.036216913,-0.034049341,0.019435952,0.023791543,0.090336923,0.065512708,0.031222419,0.033062266,0.028192967,-0.011742702,-0.022296632,-0.035635907,-0.022807822,-0.048670894,0.131676713,0.133786552,-0.069919592,-0.115419556,0.008885607,0.020249155
mode182,-0.036389825,-0.029231391,-0.000876844,-0.011398644,-0.00102244,-0.002326787,-0.097317658,-0.136970514,-0.042638072,-0.02905627,0.053671663,0.03843212,-0.022539782,-0.022805759,-0.010109359,-0.001276059,0.000812483,-0.028056145,0.108039621,0.114048869,0.01604432,0.013601134,-0.024224572,-0.019602747,0.034997814,0.036425582,-0.08548783,-0.129653054,-0.009187643,0.020411336,0.049866081,0.030977863,0.075573432,0.08570979,-0.090394756,-0.111856483,0.146491386,0.166054504,0.039368447,0.059155423,-0.008080542,-0.032970206,-0.04027335,-0.036021268,-0.012611176,-0.03310248,0.038494994,0.05379406,-0.059327504,-0.035512325,0.111675526,0.126592111,0.006472011,0.033605522,0.020969555,-0.003214579,0.053303406,0.091644831,0.002713922,-0.009525085,-0.000378269,-0.05158949,0.025086433,0.044061422,-0.121670779,-0.142170799,0.115078434,0.080304609,0.097353721,0.117852988,-0.014749293,-0.020559934
mode183,-0.062456469,-0.033423852,-0.002522512,-0.007331765,0.078244391,0.086822861,0.143922216,0.15621799,-0.022224278,0.000535341,-0.0950563,-0.081533454,-0.007568221,0.00451739,-0.034356961,0.035706895,0.073846807,0.094148629,-0.016957601,-0.021131625,-8.09E-05,-0.019135463,-0.041478804,-0.044815145,0.009482952,-0.012388467,-0.010841989,-0.004451447,-0.014620738,-0.044359061,-0.055145204,-0.045969094,0.047564911,0.038373651,0.121120215,0.124235668,0.02545601,0.029852418,0.022522615,0.023880321,0.058036971,0.079177712,-0.01313007,-0.013462622,-0.044273096,-0.039085153,0.032836993,0.011623487,0.026181826,-4.22E-05,-0.025334874,-0.040100047,0.021227241,0.015341756,0.060579921,0.09847014,-0.053070417,-0.140364381,-0.015074412,0.005263883,-0.021906634,0.0205917,0.044356477,0.067720972,0.092757468,0.092026935,0.016343307,0.019238684,0.043042997,0.040201924,0.030662385,0.051956647
mode184,-0.091638,-0.083527701,-0.054547053,-0.05588731,-0.036633476,-0.026846489,-0.042563219,-6.35E-05,-0.063252542,-0.063548704,-0.045753789,-0.011767719,0.057119117,0.026788885,0.061707799,0.060879664,0.008020246,-0.027441827,-0.047970617,-0.072124393,0.011965335,0.032765301,-0.072882516,-0.066845745,0.040217732,0.044095473,-0.080481454,-0.114207964,0.052367345,0.076515689,-0.05464373,-0.035335011,-0.046151118,-0.076253763,-0.030842477,-0.014590075,0.04692066,0.063894847,-0.009473577,-0.049168653,0.003452364,-0.037257754,-0.00093354,-0.016547754,-0.030840126,-0.008287212,-0.020778731,-0.043437216,0.031942008,0.070128606,0.002048829,0.028421035,-0.018162164,-0.012989757,0.013227749,-0.025601174,0.114750251,0.115892993,-0.03299682,-0.026500349,0.033091247,0.099614605,-0.00538206,-0.01565306,0.061282176,0.04946096,0.016888241,-0.031087926,-0.057451805,-0.025713252,0.013088634,0.016111122
mode185,0.079901151,0.075638903,0.054027833,0.045920039,0.018508814,-0.011496675,-0.00603289,-0.010938333,0.042606032,0.032455023,0.064308337,0.059241116,0.002621653,0.005658603,0.017022314,0.036276053,0.013235315,0.010754691,0.082045633,0.075195181,0.079149114,0.068885623,-0.049184079,-0.069651174,0.008695545,0.026949306,-0.083377185,-0.051787241,0.031786692,0.050527787,0.057588731,0.026417239,-0.039382929,-0.051193132,-0.069103489,-0.082001866,0.015270527,0.035302736,0.016190691,0.026118124,-0.005074833,0.009857115,0.027332014,0.033927575,0.040075494,0.026088296,-0.074050127,-0.059198672,-0.034054515,-0.037402585,0.043330024,0.034162259,0.01802228,0.010835726,-0.007517154,-0.01540847,-0.067835544,-0.050795107,-0.005202907,-0.013365365,0.067785073,-0.003670269,-0.063339923,-0.061644959,-0.101329149,-0.123427857,-0.028075238,-0.016889254,0.074559478,0.048645914,0.039399739,0.042003731
mode186,-0.030329572,0.001722943,-0.076260504,-0.058925523,-0.087439605,-0.069755066,-0.023611279,-0.019125414,-0.026619712,-0.021144587,-0.113846777,-0.10156183,0.026086052,0.001753014,0.043351492,-0.015039577,0.076069036,0.037686668,-0.022278987,0.013802077,0.011875644,0.028747857,0.14765175,0.15470273,-0.030647553,-0.011361625,0.106362005,0.084509498,0.03357167,0.052553662,-0.076099661,-0.060729575,0.062012533,0.055481806,-0.012084415,0.001632135,-0.015535197,-0.024549192,-0.005336265,-0.012276002,0.063117404,0.043764612,-0.042264317,-0.038584898,-0.057990412,-0.05376222,0.015633935,0.023919103,0.050586443,0.069868111,-0.018518295,-0.009904417,0.011482976,0.01880952,0.116013653,0.057144755,0.082366257,0.05033418,0.001014665,0.005993277,-0.109467881,-0.101081946,0.080263357,0.07449356,0.064811881,0.049560291,0.026693516,0.000977745,-0.002125803,-0.000205739,0.06220856,0.062107872
mode187,0.041611752,0.039100978,-0.01240721,-0.00644392,-0.020168258,-0.070980846,0.072937632,0.018646431,-0.008308128,-0.014001568,0.040062894,0.041084695,-0.032401997,-0.012042513,0.058002609,0.075325461,-0.03344461,-0.012042633,-0.186983338,-0.188410596,-0.0517902,-0.053522404,-0.123090251,-0.132898075,0.003562847,-0.019635518,-0.059758487,-0.047297447,-0.063880719,-0.039098996,0.011993947,0.01348312,-0.062460043,-0.055694622,0.107465057,0.049084216,-0.056067633,-0.03104981,-0.133736765,-0.132110058,-0.034013866,-0.015141471,0.006110546,0.032304471,0.022656261,0.017951326,-0.060362349,-0.055453767,0.024484878,-0.053372017,-0.020013453,-0.0265155,-0.078369885,-0.092413968,-0.020413058,3.63E-05,0.043256129,0.038695546,-0.01933224,-0.038869094,0.033536888,-6.28E-05,-0.075842054,-0.058204178,0.089111042,0.059934091,0.018237068,0.05527071,-0.061228065,-0.080736203,0.013495643,0.013161527
mode188,-0.016417977,-0.023710942,0.015669384,0.005445486,0.006126373,0.037536184,0.037312416,-0.009188584,0.002987592,0.008956987,0.061403512,0.0581614,-0.032296304,-0.032385887,0.068744142,0.028690445,-0.030213425,-0.020746502,-0.093303999,-0.101194314,-0.054410206,-0.077971564,0.05462483,0.04636128,0.005171712,0.003807334,-0.119913754,-0.075047807,0.069060948,0.074044545,0.014284376,0.011000635,-0.034410825,-0.040754247,-0.051945934,-0.076970399,-0.032685928,-0.02791143,0.05731123,0.037703337,-0.029431588,-0.023699138,-0.007090013,0.002484185,0.007359772,0.011580997,-0.033380943,-0.040156483,-0.017725435,-0.036240067,-0.01528739,-0.009850783,0.030510274,0.03323961,-0.010292439,-0.026776176,0.21609938,0.181776591,-0.016678609,0.004465536,0.076245566,0.052401182,-0.045067745,-0.049872684,-0.005398229,-0.063991965,-0.054184318,-0.056190852,-0.0458752,-0.053931378,-0.107014014,-0.117653782
mode189,-0.023335301,-0.018292588,-0.016156329,-0.009398177,0.009959222,-0.011270534,-0.045231311,-0.030897069,-0.037476857,-0.030622609,-0.056856989,-0.047101067,-0.012070719,-0.003198874,-0.029961771,-0.034305433,-0.061865542,-0.0579337,0.059791663,0.059432048,-0.040456327,-0.017652036,0.083433254,0.083616775,-0.035238944,-0.022024155,0.003937402,0.021556711,-0.015092026,-0.049763689,-0.036418733,-0.028247546,-0.026693829,-0.028460832,-0.044219362,-0.02770905,0.070146778,0.055165525,0.028494602,0.044449692,-0.05364381,-0.05991978,0.030587831,0.01287971,-0.049623642,-0.026664786,0.005147441,-0.012545725,0.003067534,0.018443007,0.049362552,0.036349549,0.002527029,0.024086434,-0.0500207,-0.035915748,-0.043460862,-0.058375723,0.095509765,0.089473522,-0.054860955,-0.021941709,-0.02909294,-0.078270407,0.01458951,-0.007874653,0.112624788,0.084169474,-0.104259357,-0.096828412,-0.091098322,-0.091169774
mode190,0.004036225,0.008597242,-0.001424606,-0.00823389,-0.044414219,-0.032214717,0.118047914,0.090369763,0.017593936,0.009067274,0.043123524,0.043674339,0.002561583,-0.011224132,0.027411199,-0.005302136,-0.040315632,-0.04243525,-0.058740299,-0.055077515,-0.039559795,-0.048259485,0.087256795,0.073047484,-0.022103115,-0.018503539,0.068947088,0.044615988,0.006451278,0.02355002,0.01465056,0.013713245,0.008905033,0.018270086,0.123191802,0.091172301,-0.084455895,-0.057723579,0.047267326,0.03243232,-0.033453939,-0.044151712,-0.040962371,-0.021119372,-0.001882184,-0.000738921,0.014789556,0.027993455,0.037265726,0.046935022,-0.058425303,-0.024277198,0.034468305,0.051149156,-0.057023943,-0.064568934,0.02310505,0.02384536,-0.032910645,-0.04894411,0.02116806,-0.009581094,0.052214819,0.066860738,-0.0242868,-0.043127956,-0.125850346,-0.088283646,-0.130345929,-0.105493,0.030430554,0.038411379
mode191,0.003571344,0.012356889,-0.007125516,0.003593657,-0.058944364,-0.048862583,0.037861417,-0.011275636,-0.010884903,-0.0153747,-0.001316088,0.008699451,-0.020163934,-0.035953011,-0.004976688,-0.029571037,-0.047572777,-0.046307565,-0.001967144,-0.006293443,0.070210779,0.049139727,0.025714265,-0.009807129,0.010810806,0.028928787,0.042549669,-0.029999219,0.001403778,0.003475324,0.006000876,0.017560238,-0.019984536,-0.018759534,0.035737556,0.017172336,0.022101784,0.07717651,-0.003362278,0.013264748,-0.013919606,-0.021518071,0.003612053,0.012625847,-0.002343598,0.01148827,-0.041677487,-0.045547802,0.055605708,0.059643608,0.036080659,0.04630827,0.017415225,0.033332782,-0.018186585,-0.008790403,-0.021029471,-0.012118753,-0.027327986,-0.039515509,0.031886976,0.007342809,0.028166364,0.041404223,-0.011650329,-0.055089165,-0.032287011,-0.078425211,-0.055507126,-0.059788284,0.021833554,0.032760902
mode192,0.030510056,0.023862487,0.037700348,0.047563283,-0.080297186,-0.047408613,-0.037185322,-0.055476295,0.018420906,0.01225811,0.023331401,0.002245068,-0.010681217,-0.005706295,-0.010326949,0.028342579,-0.004654078,-0.000661629,-0.055468446,-0.074463135,-0.093726041,-0.104027849,0.029247778,-0.00227957,-0.015823305,0.020942636,0.092783037,0.085198931,0.020202952,0.001958835,0.022696558,0.011326144,-0.021391477,-0.023612285,-0.106970694,-0.09909671,-0.001979121,0.001936353,-0.00267759,0.019509425,-0.01509899,-0.011967605,0.006190263,0.001278121,0.00488086,0.009595057,-0.029695308,-0.030265117,0.029273356,-0.010866153,0.022239912,0.002153351,0.020939855,0.006721261,-0.035871016,-0.021298638,0.002389959,-0.004025624,-0.040141501,-0.058726524,-0.03692055,-0.077686721,0.024682646,0.046756695,-0.045578863,-0.052574555,0.040629496,0.031275955,0.058651208,0.04291937,0.052053429,0.053439002
mode193,-0.021826027,-0.036618326,-0.030701823,-0.024522309,-0.028630008,0.005089358,0.099962602,0.080426391,-0.015159657,-0.007851545,-0.000793451,0.001481544,0.015850306,0.016506878,-0.016932131,-0.003760308,0.046717682,0.016798852,-0.007120986,-0.00089131,0.051163329,0.060133421,0.058120784,0.063633137,-0.03628374,-0.033192775,0.060260457,0.001501888,0.070743026,0.071341686,-0.035534263,-0.031559637,-0.037105728,-0.005701182,0.100032052,0.080326577,-0.078130706,-0.069743744,0.019958592,0.030277335,0.034223192,0.015190945,-0.007528628,-0.005147043,-0.021417617,-0.014132021,-0.03330384,-0.0174396,0.097053929,0.101699477,-0.003318705,0.005725689,0.029830344,0.038768079,0.042789278,0.013434072,-0.016465045,-0.062342144,-0.048249592,-0.030697728,-0.039916161,-0.060992394,-0.013468338,0.018606158,0.198104265,0.141740277,0.008224999,-0.053634172,0.016222859,0.0091237,-0.007986732,-0.014192401
mode194,-0.003373,0.012866653,0.007707594,-0.002041627,-0.058496862,-0.052543913,0.076468696,0.075860524,-0.006806028,0.003843997,0.019792918,0.016818807,0.010042791,0.005709368,0.053418319,0.054459138,-0.025213004,-0.029841505,0.075000498,0.093267728,-0.042055569,-0.023631777,-0.072564773,-0.063164628,0.045643755,0.028627522,0.101535334,0.072878831,0.042708111,-0.000475963,0.000563554,-0.017431803,-0.112369926,-0.12670042,0.125164402,0.107752462,0.020127145,0.011687454,0.046155398,0.073363131,-0.028153916,-0.034794512,0.008275993,-0.017411172,-0.000270648,-0.016911437,-0.099387897,-0.093195304,0.080054383,0.063073349,0.03140879,0.018826552,0.015463254,0.04356842,-0.031575607,-0.05040387,-0.006823916,-0.005075416,-0.0643066,-0.019508922,-0.042102924,-0.034903633,-0.112341849,-0.091605473,-0.027749604,-0.032948961,-0.018106559,-0.021220315,-0.07560851,-0.055165833,-0.017501933,-0.011569827
mode195,-0.03271842,-0.037019242,-0.063535455,-0.065311091,0.05216785,0.012272222,-0.01985031,0.00410473,0.01487155,0.014069863,-0.014751914,-0.009268073,-0.026576483,-0.014886336,-0.033913138,0.002850362,-0.057141019,-0.040624546,0.09119951,0.08469197,0.08005464,0.040309042,-0.038453211,-0.026766858,-0.035308957,-0.014653565,0.028457884,-0.011913034,0.013514081,0.026323138,-0.010236139,-0.004115976,0.025971124,0.001711881,-0.004135636,-0.00662979,-0.025899714,-0.039189531,0.021848312,0.04148951,-0.040216485,-0.025823755,-0.031889365,-0.017589743,0.011305089,0.012168883,0.036125324,-0.005972178,0.040306854,0.043870656,0.007562577,-0.000236618,0.011428584,0.04253097,-0.018396033,-0.018011721,0.039951168,0.04471922,0.006511149,-0.011343654,-0.02923226,-0.008761351,0.022664663,-0.00441799,-0.057705349,-0.048412463,-0.019913658,-0.030669967,0.010641035,-0.040022599,-0.019960534,-0.022548087
mode196,-0.032808996,-0.034825017,-0.010813014,0.001712844,0.018280019,0.034896485,-0.081885578,-0.048792268,-0.022371288,-0.018843913,0.044498814,0.037196321,-0.007963049,-0.004495252,0.019834933,0.023287113,-0.05097477,-0.057055525,0.04227671,0.033434756,0.101402325,0.085073313,-0.001072299,-0.000904732,0.086576249,0.06921382,-0.003331645,0.022410902,-0.006149276,0.015253979,-0.00384139,-2.56E-06,0.079748173,0.084210452,-0.04836952,-0.026234475,0.01881393,0.042467362,0.048490209,0.039313177,-0.058347715,-0.062765914,-0.032987379,-0.013025612,0.007705608,0.013743654,0.060327703,0.058934827,-0.051934881,-0.039504026,0.029359155,0.035269771,0.039937631,0.041377485,-0.023209758,-0.061126914,0.044253557,0.076930091,-0.031706431,-0.031057936,0.038602897,0.049631279,0.016974698,0.039791763,0.037544962,0.003519006,-0.017945455,0.012690858,0.066486402,0.077683815,-0.044004213,-0.058840058
mode197,-0.005068937,-0.00326612,0.000364782,0.008291692,-0.015198173,-0.058430073,0.006424128,0.02146492,-0.033135705,-0.025895065,0.01622499,0.016155122,-0.032099479,-0.006291009,0.002542355,-0.030548824,-0.077422522,-0.067989604,0.037083778,0.015459215,0.09326491,0.086842395,0.131802249,0.099533807,-0.012145838,-0.004408796,-0.032870402,-0.024132011,0.038468579,0.074052876,0.036105861,0.033463528,0.010639494,0.022547695,-0.069585711,-0.062477888,-0.025472465,-0.03196614,-0.059169249,-0.051123765,-0.082853786,-0.061106693,0.038968659,0.044102096,0.020724568,0.015778656,0.01300373,0.017652292,-0.013957565,-0.069404684,-0.00087957,-0.03625737,-0.018332268,-0.045580084,-0.034756211,-0.034839802,0.107172062,0.153307849,0.015544622,-0.005817794,-0.001240108,-0.044467216,0.035284369,0.028327869,-0.010390116,0.009552569,0.012733737,0.046599653,-0.018170381,-0.012251691,-0.029597201,-0.029191566
mode198,-0.063040868,-0.053276356,-0.014641007,0.001330094,0.010526526,0.015216821,0.060607684,0.085806829,-0.051184973,-0.048285153,0.123118248,0.095607627,0.007271407,-0.003012259,0.026099861,0.02026315,-0.051182783,-0.063135272,-0.111252089,-0.100852186,0.078813224,0.059456164,-0.004908866,-0.02324706,0.023378577,0.044105904,-0.112416175,-0.059751298,0.047786169,0.038482395,0.033734312,0.020906465,-0.108934017,-0.094249184,0.091406293,0.073916606,0.051237543,0.041006894,-0.022823765,-0.03569159,-0.035571038,-0.058672034,0.012988419,0.019780655,0.021887737,0.009215853,-0.083837352,-0.075603456,0.101663487,0.091918802,0.074733391,0.068895994,-0.012258126,-0.010985463,-0.011124832,-0.023217759,0.137820118,0.109684279,-0.004971404,-0.01890768,0.009278908,-0.026763277,-0.080273764,-0.105122103,0.075319627,0.13242828,-0.10112945,-0.036709872,0.013565767,0.001849383,0.02136952,0.031195835
mode199,-0.03201584,-0.038015708,-0.006814805,-0.014514455,-0.059909855,-0.00780332,-0.008951261,0.006941258,-0.069122408,-0.068125026,-0.096469777,-0.097263073,-0.018938464,-0.036437494,-0.075476313,-0.078605852,-0.058216975,-0.084608343,0.01126952,0.030483693,-0.037920828,-0.032547212,-0.09902916,-0.093794655,0.081098055,0.071542104,-0.037709626,-0.03308939,0.02616978,0.014977975,-0.049747761,-0.049403854,0.046560281,0.051232795,0.070847861,0.070337422,0.017702004,0.010818684,-0.046959322,-0.03456103,-0.047237555,-0.073770021,-0.005660074,-0.009320019,-0.025265767,-0.038492389,0.061848106,0.072588495,0.04597516,0.064229625,0.02277534,0.018337984,-0.024902455,-0.028324367,-0.066352591,-0.071309816,0.155634628,0.183737362,-0.01005958,0.012229123,-0.057333538,-0.022964066,0.034876477,0.071814547,0.027709423,0.020161985,0.150001065,0.100469387,-0.005356839,0.005307692,-0.012714116,-0.022750438
mode200,-0.01905895,-0.0063419,0.006282957,-0.001879168,-0.03292788,-0.062543801,0.131842362,0.1112263,-0.03003442,-0.029073604,-0.004609805,0.004042857,-0.0117049,-0.017021463,-0.062890679,-0.024034675,-0.005269379,-0.009639506,0.018501336,0.001325484,-0.063854766,-0.076248553,-0.011450824,-0.036495496,-0.02754141,-0.041319399,-0.129890689,-0.102323612,-0.009485497,0.02319492,0.00573018,-0.009480698,-0.004974901,-0.004278138,0.07792462,0.04487737,-0.033255388,-0.055287797,-0.032504953,-0.056563254,0.010661293,-0.013298558,-0.002244751,0.008483386,-0.009524623,-0.027733801,-0.026321891,-0.014346718,0.012764585,-0.02209538,-0.030224133,-0.051707892,-0.027457906,-0.058799278,0.000794157,0.016827859,-0.012371742,-0.068126791,-0.015831248,-0.018848852,-0.023913989,-0.085242888,-0.030450853,-0.012157722,0.044609682,0.041563102,-0.105036984,-0.062443169,-0.025341039,-0.045981076,0.028577067,0.031462143