   0.0000000e+00
   0.0000000e+00
   0.0000000e+00
   0.0000000e+00
   0.0000000e+00
   0.0000000e+00
   0.0000000e+00
   0.0000000e+00
   0.0000000e+00
   0.0000000e+00
   0.0000000e+00
   0.0000000e+00
   0.0000000e+00
   0.0000000e+00
   0.0000000e+00
   0.0000000e+00
   0.0000000e+00
   0.0000000e+00
   0.0000000e+00
   0.0000000e+00
   0.0000000e+00
   0.0000000e+00
   0.0000000e+00
   0.0000000e+00
   0.0000000e+00
   0.0000000e+00
   0.0000000e+00
   0.0000000e+00
   0.0000000e+00
   0.0000000e+00
   0.0000000e+00
   0.0000000e+00
   0.0000000e+00
   0.0000000e+00
   0.0000000e+00
   0.0000000e+00
   4.2295718e-01
   0.0000000e+00
   3.0731736e-01
   3.7113032e-01
   3.9276085e-01
   0.0000000e+00
   4.2700165e-01
   2.9299976e-01
   3.3285686e-01
   4.0738060e-01
   0.0000000e+00
   5.0217541e-01
   4.3572571e-01
   1.1081475e-01
   6.1986981e-01
   0.0000000e+00
   0.0000000e+00
   2.9192107e-01
   4.2204956e-01
   5.4630653e-01
   3.0531292e-01
   0.0000000e+00
   0.0000000e+00
   2.1403652e-01
   5.4248414e-01
   4.6016132e-01
   4.8154841e-01
   4.5514874e-01
   3.2279655e-01
   3.1347931e-01
   0.0000000e+00
   2.9039440e-01
   0.0000000e+00
   6.0166095e-01
   5.0150943e-01
   3.8999516e-01
   0.0000000e+00
   5.9882131e-01
   0.0000000e+00
   3.4222369e-01
   4.0307221e-01
   0.0000000e+00
   7.8927765e-02
   6.9261851e-01
   3.4472117e-01
   4.1870318e-01
   0.0000000e+00
   2.6020658e-01
   6.1533619e-01
   0.0000000e+00
   0.0000000e+00
   1.7491237e-01
   3.6009524e-01
   4.4881171e-01
   4.6358728e-01
   3.6490970e-01
   2.5762294e-01
   4.5126819e-01
   0.0000000e+00
   5.1942917e-01
   3.8959811e-01
   1.5056707e-01
   5.2022269e-01
   5.6571387e-01
   0.0000000e+00
   4.6707020e-01
   0.0000000e+00
   2.0355155e-01
   0.0000000e+00
   6.8486658e-01
   5.7125804e-01
   4.3578208e-01
   5.9001130e-01
   3.5063272e-01
   5.1304196e-01
   4.2782675e-01
   5.7791341e-01
   0.0000000e+00
   0.0000000e+00
   6.5166762e-01
   0.0000000e+00
   4.5316770e-01
   0.0000000e+00
   0.0000000e+00
   3.4795759e-01
   3.7568190e-01
   5.6256899e-01
   3.6647210e-01
   5.5073957e-01
   3.6722524e-01
   2.3024220e-01
   6.1780651e-01
   0.0000000e+00
   4.7783451e-01
   5.1282430e-01
   3.4771655e-01
   5.1092256e-01
   0.0000000e+00
   6.6593501e-01
   0.0000000e+00
   1.8901609e-01
   0.0000000e+00
   1.7429241e-01
   2.8238747e-01
   5.7852274e-02
   6.0063712e-01
   1.0664207e-01
   0.0000000e+00
   2.9256716e-01
   6.7502300e-01
   6.0207366e-01
   3.1452931e-01
   1.2718880e-01
   3.5700571e-01
   1.2304195e-02
   2.9598785e-01
   7.9748386e-02
   3.6054499e-01
   0.0000000e+00
   2.9148331e-01
   0.0000000e+00
   3.0168713e-01
   5.5928042e-01
   2.4844139e-01
   3.6549346e-01
   3.2628096e-01
   5.6690371e-03
   0.0000000e+00
   4.8382065e-02
   2.8438548e-01
   0.0000000e+00
   3.8183434e-01
   0.0000000e+00
   0.0000000e+00
   0.0000000e+00
   4.5901265e-01
   4.3779525e-01
   4.6790528e-01
   0.0000000e+00
   2.6740778e-01
   2.3708213e-01
   3.2357851e-01
   0.0000000e+00
   5.0254882e-01
   6.8281775e-01
   5.3261047e-01
   0.0000000e+00
   3.6104477e-01
   7.0057278e-01
   5.4142066e-01
   4.9334832e-01
   6.1171108e-01
   0.0000000e+00
   3.5744863e-01
   4.5264227e-01
   9.6013100e-02
   5.6808574e-01
   5.1296129e-01
   5.9067781e-01
   6.9302037e-01
   4.9876594e-01
   3.3426026e-01
   6.8762835e-01
   0.0000000e+00
   0.0000000e+00
   5.4294714e-01
   6.0667301e-01
   4.7069633e-01
   5.7706245e-01
   4.6100974e-01
   2.7658571e-01
   2.2046249e-01
   3.3191397e-01
   1.4834001e-01
   9.7325362e-02
   2.9300842e-01
   0.0000000e+00
   1.1449445e-01
   5.3103765e-01
   2.9594031e-01
   2.8571538e-01
   6.0295734e-01
   3.9092046e-01
   3.3752261e-01
   0.0000000e+00
   5.5387833e-01
   5.2802114e-01
   0.0000000e+00
   2.5527784e-01
   2.6399968e-01
   0.0000000e+00
   5.8453067e-01
   4.1739562e-01
   1.6754188e-01
   4.1849449e-01
   5.4633609e-01
   2.0285679e-01
   3.6275910e-01
   5.4888342e-01
   3.7819991e-01
   1.2486295e-01
   1.5519256e-01
   0.0000000e+00
   4.2975923e-01
   6.7734901e-01
   4.0423883e-01
   4.4200862e-01
   4.9425189e-01
   3.5923711e-01
   4.6643899e-01
   8.2993408e-03
   2.2695025e-01
   1.7056000e-01
   6.1532155e-01
   0.0000000e+00
   6.5508448e-01
   4.1966629e-01
   3.2053073e-02
   0.0000000e+00
   3.7247874e-01
   3.8779028e-01
   3.8819806e-01
   3.9753686e-01
   1.1240198e-01
   6.0112997e-01
   4.7367974e-01
   2.9359864e-01
   0.0000000e+00
   7.6213497e-01
   1.7888022e-01
   3.3907236e-01
   1.6132627e-01
   2.9793945e-01
   4.5699974e-01
   2.8719845e-01
   0.0000000e+00
   5.7332553e-01
   4.0356704e-01
   4.3356452e-01
   5.2564890e-01
   4.4157940e-01
   3.4019755e-01
   6.2819969e-01
   4.6999113e-02
   2.7718274e-01
   4.7298259e-01
   1.2830658e-01
   3.4049876e-03
   5.0793061e-01
   2.4726528e-01
   5.3701199e-02
   5.0532616e-01
   4.4793275e-01
   6.0366700e-01
   1.8184997e-01
   6.6057796e-02
   5.8355501e-01
   1.6405000e-01
   4.5002755e-01
   5.8404015e-01
   1.1293488e-01
   4.4630712e-01
   3.8542166e-01
   5.0508459e-01
   4.3827660e-01
   1.8627621e-01
   5.0121974e-01
   0.0000000e+00
   1.7551637e-01
   1.9887649e-01
   8.2910736e-02
   4.7608525e-01
   1.5938809e-01
   5.4551721e-01
   0.0000000e+00
   1.2338041e-01
   3.5728750e-01
   5.2381802e-01
   6.2591255e-01
   2.2041863e-01
   0.0000000e+00
   1.1963565e-01
   0.0000000e+00
   1.3285852e-01
   0.0000000e+00
   1.0143386e-01
   5.5150700e-01
   4.9294361e-01
   4.1022057e-01
   0.0000000e+00
   4.3664972e-01
   0.0000000e+00
   2.7016375e-02
   8.6718920e-02
   5.8099602e-01
   0.0000000e+00
   5.0093753e-01
   4.2451090e-01
   6.9222114e-02
   5.0997160e-01
   1.9445492e-01
   4.8742710e-02
   3.6252364e-01
   5.0045923e-01
   2.5143746e-01
   3.7874561e-01
   0.0000000e+00
   4.6227949e-01
   4.3411694e-01
   3.6122913e-01
   2.7938009e-01
   1.9231746e-01
   6.3032276e-01
   2.2739557e-01
   4.9566417e-01
   4.4502479e-01
   3.2345934e-01
   5.1936580e-01
   2.4245536e-01
   1.8321822e-01
   1.6608631e-01
   3.8259612e-01
   0.0000000e+00
   6.2529623e-01
   2.6111449e-01
   3.9176709e-01
   6.4074206e-01
   5.0569483e-01
   5.8349853e-01
   5.0536715e-01
   5.4284910e-01
   4.6395632e-01
   5.3293945e-01
   5.1711237e-01
   2.8217099e-01
   7.2614363e-01
   4.3940237e-01
   6.3272497e-01
   4.6575577e-01
   4.6302220e-01
   2.1250660e-01
   5.2993964e-01
   2.3105939e-01
   0.0000000e+00
   4.7692343e-01
   3.7505409e-01
   2.4814187e-01
   5.2213006e-01
   1.3570837e-01
   1.3346328e-01
   5.1375655e-01
   6.1681633e-01
   2.3719462e-01
   6.1048119e-01
   2.4699878e-01
   3.3925683e-01
   1.2065605e-01
   6.8668677e-01
   5.2717103e-01
   5.4851206e-01
   4.3382507e-01
   4.6288898e-01
   2.0109583e-01
   1.5303795e-01
   2.9784854e-01
   5.9288281e-01
   5.0251909e-01
   1.5834181e-01
   5.5654295e-01
   6.5867008e-01
   4.2057213e-01
   2.3596210e-01
   1.8405785e-01
   1.1484879e-02
   0.0000000e+00
   1.7477390e-01
   3.7172470e-01
   0.0000000e+00
   3.8982540e-01
   0.0000000e+00
   5.5150341e-01
   0.0000000e+00
   3.1445858e-01
   9.4102861e-02
   3.4555154e-01
   1.5328463e-01
   3.9966178e-01
   5.4346779e-01
   3.3790897e-01
   2.1337395e-01
   0.0000000e+00
   0.0000000e+00
   0.0000000e+00
   0.0000000e+00
   0.0000000e+00
   2.3532379e-01
   0.0000000e+00
   2.7391671e-01
   3.7354875e-01
   5.6225552e-01
   5.6582939e-01
   0.0000000e+00
   5.8068533e-01
   5.0742549e-01
   5.7318653e-01
   4.2452844e-01
   0.0000000e+00
   1.2098311e-01
   0.0000000e+00
   2.2897957e-01
   4.3843665e-01
   4.0844536e-01
   5.1368419e-01
   4.9605561e-01
   5.1612608e-01
   4.3498237e-01
   6.3347283e-01
   4.7325542e-01
   2.8958740e-01
   5.6595519e-01
   5.1718125e-01
   1.0884228e-02
   6.0608022e-01
   5.2627208e-01
   1.1793451e-01
   3.5703767e-01
   5.6119653e-01
   8.9760953e-02
   0.0000000e+00
   1.3769507e-01
   3.6804376e-01
   2.2120188e-02
   0.0000000e+00
   3.6994513e-02
   1.4327018e-01
   3.5419553e-01
   4.8473928e-01
   2.2977161e-01
   4.4841588e-01
   5.7642705e-01
   4.3632410e-01
   3.0410445e-01
   0.0000000e+00
   4.2403647e-01
   3.6493266e-01
   0.0000000e+00
   3.9697473e-01
   5.2069791e-01
   2.8231554e-01
   2.5492506e-01
   5.7841768e-01
   4.6435275e-01
   3.5791644e-01
   3.9803475e-01
   4.5666662e-01
   5.7072689e-01
   4.9736271e-01
   6.2234624e-01
   3.7348607e-01
   4.5613100e-01
   2.7949483e-01
   3.4933301e-01
   3.6596645e-01
   0.0000000e+00
   0.0000000e+00
   3.5813352e-01
   2.9264677e-01
   5.2821324e-01
   4.4959730e-01
   8.8819150e-02
   4.9853287e-01
   0.0000000e+00
   5.3715240e-01
   5.1018079e-01
   4.8948804e-01
   3.3409249e-01
   3.1844898e-01
   3.9507854e-01
   4.4797332e-01
   3.4056302e-01
   6.1895854e-01
   2.8731014e-01
   0.0000000e+00
   3.8670686e-01
   3.1001676e-01
   5.4576505e-01
   3.5392446e-01
   2.2221108e-01
   2.7129759e-01
   2.2717227e-01
   3.8317025e-01
   4.9395446e-01
   4.5465943e-01
   3.5066501e-01
   5.2705476e-01
   2.8340686e-01
   1.5893939e-01
   5.7587878e-01
   1.5331409e-01
   0.0000000e+00
   0.0000000e+00
   3.3167003e-01
   0.0000000e+00
   2.8984302e-01
   5.4500382e-02
   4.5457799e-01
   3.1355997e-01
   5.4869330e-01
   3.8841124e-02
   1.9359065e-01
   5.4117928e-01
   5.0989306e-01
   2.2257042e-01
   5.0412495e-01
   3.4436471e-01
   6.7624749e-01
   6.2207884e-01
   4.8351883e-01
   5.0104199e-01
   4.0918510e-01
   4.5468470e-01
   5.1497366e-01
   4.6774958e-01
   5.2500365e-01
   0.0000000e+00
   2.8661073e-01
   2.7171714e-01
   4.1190415e-01
   5.9568053e-01
   5.5903828e-01
   6.0765124e-01
   5.5091013e-01
   1.6453144e-01
   4.0402319e-01
   4.5506973e-01
   5.2047749e-01
   5.8572362e-01
   3.9723042e-01
   2.7577966e-01
   2.7130907e-01
   0.0000000e+00
   5.3332495e-01
   1.7583373e-01
   3.4992888e-01
   6.7654051e-01
   5.7139050e-01
   4.0599614e-01
   3.2044290e-01
   3.5073455e-01
   3.8696864e-01
   0.0000000e+00
   9.3156030e-02
   4.3765151e-01
   3.5327697e-01
   3.9715703e-01
   6.4707518e-01
   2.3252796e-01
   3.3165869e-01
   1.7565120e-01
   1.7522655e-01
   5.1300183e-01
   3.5573898e-01
   6.3884914e-01
   3.5435422e-01
   1.8060559e-01
   4.9320630e-01
   5.9425190e-01
   5.9428728e-01
   5.5734921e-01
   4.6438759e-01
   3.8051204e-01
   5.9415474e-02
   0.0000000e+00
   3.7372574e-01
   3.5792820e-01
   5.8281461e-01
   0.0000000e+00
   5.0477014e-01
   3.9838824e-01
   3.3051167e-01
   3.4106255e-01
   0.0000000e+00
   5.2443705e-01
   2.2837681e-01
   4.4748386e-01
   5.2270959e-01
   0.0000000e+00
   5.5858620e-01
   1.2779609e-01
   3.4183352e-01
   1.5218976e-01
   3.0097538e-01
   1.7136076e-02
   1.5462970e-01
   2.6293669e-01
   0.0000000e+00
   3.8519790e-01
   3.7759771e-01
   5.7432380e-01
   0.0000000e+00
   3.7353182e-01
   3.8294718e-01
   0.0000000e+00
   1.3179871e-01
   1.1362669e-01
   3.2863399e-01
   2.2473706e-01
   3.1830531e-01
   2.4808855e-01
   0.0000000e+00
   2.2612632e-01
   6.3724969e-01
   3.2703745e-03
   1.6006226e-01
   4.6375132e-01
   3.7238550e-01
   2.9088457e-01
   4.0516522e-01
   4.5742007e-01
   4.2733436e-01
   2.0060090e-01
   4.5576380e-01
   4.6812133e-01
   6.0585640e-01
   2.1921682e-01
   3.6569032e-01
   4.9340849e-01
   3.0096253e-01
   2.9478175e-01
   1.6143162e-01
   3.2877034e-01
   2.8706526e-01
   3.1686687e-01
   5.3261721e-01
   3.8118114e-01
   4.2180000e-01
   3.5716638e-01
   3.0947366e-01
   2.3149394e-01
   3.5349732e-01
   1.2653424e-01
   4.2446044e-01
   2.4771777e-01
   0.0000000e+00
   0.0000000e+00
   2.3490956e-01
   4.5695126e-01
   0.0000000e+00
   3.5054882e-01
   5.7547565e-01
   7.0545762e-02
   2.8102098e-01
   4.1201716e-01
   5.9808956e-01
   2.8286764e-02
   5.2963871e-01
   4.2066419e-01
   3.8817432e-01
   0.0000000e+00
   3.1265079e-01
   1.0675442e-01
   4.1363434e-01
   4.3922996e-01
   5.4499867e-01
   4.1550704e-01
   6.0068256e-01
   0.0000000e+00
   5.9063689e-02
   3.0801897e-01
   4.3998569e-01
   4.1375324e-01
   5.7764751e-01
   4.5162172e-01
   2.4891906e-01
   3.2401986e-01
   4.4993592e-01
   0.0000000e+00
   4.4232518e-01
   2.7271095e-01
   0.0000000e+00
   5.2516740e-01
   6.4973425e-01
   8.0098296e-02
   2.3401211e-01
   3.5221365e-01
   4.9164975e-01
   4.9389254e-01
   4.7662191e-01
   4.3922254e-01
   0.0000000e+00
   4.6217783e-01
   2.8261824e-01
   3.4620281e-01
   2.9104255e-02
   3.7316832e-01
   4.6022581e-01
   0.0000000e+00
   0.0000000e+00
   6.3536109e-02
   2.5945162e-01
   2.8994370e-01
   3.1491789e-01
   3.0138614e-02
   5.0645063e-01
   1.8270630e-01
   3.7452856e-01
   3.9664942e-01
   4.2210943e-01
   6.7684590e-02
   1.0502412e-01
   3.5010186e-01
   3.6238195e-01
   2.4198460e-01
   2.5007463e-01
   0.0000000e+00
   7.0509806e-02
   0.0000000e+00
   3.9021731e-01
   1.8184055e-01
   1.4368322e-01
   6.0650287e-01
   3.3352670e-01
   2.1404178e-01
   9.6584721e-02
   5.8815580e-01
   2.8521891e-01
   1.9476886e-01
   2.8542697e-01
   3.1629851e-01
   5.8287576e-01
   3.5325768e-01
   3.6125805e-01
   5.7126880e-01
   1.4740806e-02
   5.1886772e-01
   2.4357937e-02
   3.8419537e-01
   3.5078563e-01
   1.8995301e-01
   1.5065441e-01
   4.0095177e-01
   3.3581306e-01
   3.6356595e-01
   4.0709169e-01
   4.2126380e-01
   6.8109645e-01
   4.2070576e-01
   5.0681974e-01
   3.8910906e-01
   1.3818848e-01
   3.4205525e-01
   6.2603747e-01
   0.0000000e+00
   4.6038665e-01
   1.2352581e-01
   3.3553153e-01
   1.6355354e-01
   7.0423545e-01
   4.4061218e-01
   3.9249099e-01
   3.3315813e-01
   3.8582022e-01
   0.0000000e+00
   0.0000000e+00
   5.5747926e-01
   6.7832534e-01
   2.2018268e-01
   1.0509830e-01
   3.0452374e-01
   2.7151083e-01
   4.9984435e-01
   1.6728710e-01
   4.5224750e-01
   3.2235781e-01
   5.0697183e-01
   2.9783279e-01
   5.1273499e-01
   3.8010687e-01
   3.7299459e-01
   7.1419422e-01
   3.2805845e-01
   3.8909841e-01
   6.5354095e-01
   5.2699650e-01
   1.0115650e-01
   4.0170503e-01
   1.9108091e-01
   0.0000000e+00
   2.8440447e-01
   2.8230584e-01
   3.9568709e-01
   4.0096435e-01
   0.0000000e+00
   6.5616434e-01
   2.4789501e-01
   1.5032957e-01
   0.0000000e+00
   4.0339347e-01
   3.8348514e-01
   1.3169443e-01
   5.6615496e-01
   1.2408681e-01
   2.8304081e-02
   4.1453994e-01
   2.5284791e-01
   6.2844660e-01
   1.2587751e-01
   4.6696785e-01
   5.5133919e-01
   1.1892621e-01
   3.3017838e-01
   3.8555561e-01
   5.2434525e-01
   2.8832813e-01
   4.3906359e-01
   5.9280911e-01
   0.0000000e+00
   6.3810270e-01
   6.5066529e-01
   3.4337007e-01
   0.0000000e+00
   1.2630646e-01
   1.9533926e-01
   0.0000000e+00
   1.6781467e-01
   6.9178801e-01
   1.1891185e-01
   3.5939405e-01
   2.7622526e-01
   5.4021666e-01
   0.0000000e+00
   0.0000000e+00
   2.1438711e-01
   2.1146580e-01
   4.4686640e-01
   2.9218433e-01
   1.3973360e-03
   3.3622256e-01
   0.0000000e+00
   1.9456997e-01
   5.5348012e-01
   0.0000000e+00
   1.7190884e-01
   5.3206630e-01
   3.9836483e-01
   4.1742805e-02
   3.7963696e-01
   3.3204355e-01
   0.0000000e+00
   4.2593540e-01
   5.1406697e-01
   2.2853202e-01
   5.5341224e-01
   1.6634397e-01
   0.0000000e+00
   6.4691017e-01
   9.0871331e-02
   4.3881908e-01
   0.0000000e+00
   0.0000000e+00
   4.8972445e-02
   2.8561677e-01
   6.7610689e-02
   3.4560516e-01
   0.0000000e+00
   4.0937536e-01
   2.4907114e-01
   3.5132584e-01
   1.6773510e-01
   2.4955930e-01
   4.9061758e-01
   4.0094217e-01
   4.3966293e-01
   1.7304186e-02
   2.1560634e-01
   0.0000000e+00
   3.9956219e-01
   4.6199578e-03
   0.0000000e+00
   4.8532384e-01
   4.7923875e-01
   1.4120621e-01
   5.7480396e-02
   0.0000000e+00
   4.2663269e-01
   4.7355357e-01
   6.1894225e-01
   5.1110046e-01
   4.6624896e-01
   3.7525291e-01
   1.9497801e-01
   3.7725529e-01
   2.8955358e-01
   3.1306370e-01
   0.0000000e+00
   5.3514025e-01
   0.0000000e+00
   5.8383251e-01
   0.0000000e+00
   5.2816131e-01
   0.0000000e+00
   1.0361312e-01
   3.2788786e-01
   3.0300812e-01
   3.7406322e-01
   4.1770047e-01
   2.1660792e-01
   2.6876090e-01
   4.0575548e-01
   4.0489161e-01
   5.8338674e-01
   5.1426212e-01
   1.5635193e-01
   5.3559559e-01
   3.9715225e-01
   4.2535323e-01
   4.0060277e-01
   4.5495555e-01
   3.1454876e-01
   0.0000000e+00
   4.2337676e-01
   4.6307200e-01
   4.6669974e-01
   4.7969011e-01
   6.9573119e-01
   5.7349531e-01
   3.4949258e-01
   4.3759856e-01
   1.5866204e-01
   3.4108884e-01
   2.4672399e-01
   2.8440843e-01
   0.0000000e+00
   3.4800364e-01
   2.1809463e-01
   0.0000000e+00
   0.0000000e+00
   0.0000000e+00
   0.0000000e+00
   4.1457353e-01
   3.7465949e-01
   1.0503108e-01
   4.4521054e-01
   2.3498896e-01
   0.0000000e+00
   2.6086434e-01
   4.3101323e-01
   2.1742402e-01
   0.0000000e+00
   2.9520572e-01
   2.6119752e-01
   1.7743040e-01
   2.8160139e-01
   3.2277381e-01
   3.5691596e-01
   3.8866265e-01
   0.0000000e+00
   5.0495857e-01
   2.3644949e-01
   3.7895535e-01
   0.0000000e+00
   2.8988111e-01
   4.3391896e-01
   2.0816876e-01
   2.6416783e-01
   0.0000000e+00
   1.6452299e-01
   0.0000000e+00
   0.0000000e+00
   1.9761615e-01
   2.7046363e-01
   5.4578631e-01
   0.0000000e+00
   3.4442285e-01
   2.0919705e-01
   5.2326768e-01
   4.4866736e-01
   1.0092383e-01
   3.5239377e-01
   3.3128720e-01
   1.6010670e-01
   3.7140571e-01
   5.0575352e-01
   1.3312603e-01
   4.1291188e-01
   4.8947572e-01
   4.9105558e-01
   4.1371131e-01
   2.3066537e-01
   5.1716643e-01
   4.3973495e-02
   4.9930903e-01
   4.8464991e-02
   3.0307979e-01
   4.7586808e-01
   4.6362361e-01
   3.7509510e-01
   4.5339102e-01
   2.6115033e-01
   0.0000000e+00
   0.0000000e+00
   1.7759830e-01
   6.3712572e-01
   0.0000000e+00
   7.8593519e-02
   3.2626053e-01
   0.0000000e+00
   5.4240144e-01
   4.9886708e-01
   0.0000000e+00
   0.0000000e+00
   5.3081085e-01
   3.5954282e-01
   5.7876501e-01
   2.2315059e-01
   4.4117457e-01
   1.2948670e-01
   0.0000000e+00
   4.6277948e-01
   4.6619154e-01
   9.8211817e-02
   3.0692995e-01
   2.4190238e-01
   4.4656674e-01
   3.0043255e-01
   5.6225236e-01
   0.0000000e+00
   0.0000000e+00
   6.5111593e-02
   2.7425708e-01
   2.3059912e-01
   3.3677681e-01
   1.3638164e-01
   1.3974130e-01
   0.0000000e+00
   3.9741469e-01
   4.9566802e-02
   3.7859725e-01
   4.0816748e-01
   1.0027482e-01
   1.9376498e-01
   4.8229738e-01
   4.3723311e-01
   3.4605489e-01
   1.4691635e-01
   1.6432736e-01
   0.0000000e+00
   4.5780092e-01
   2.9038442e-01
   4.1234816e-01
   3.4533849e-01
   0.0000000e+00
   0.0000000e+00
   0.0000000e+00
   0.0000000e+00
   5.4356587e-01
   4.9847408e-01
   4.3904398e-01
   2.5138515e-01
   2.2391109e-01
   2.6455592e-01
   5.0841184e-01
   5.9595986e-01
   5.0832035e-01
   0.0000000e+00
   8.1668790e-02
   0.0000000e+00
   3.0424605e-01
   7.0941238e-02
   4.7902714e-01
   4.0560945e-01
   0.0000000e+00
   3.7441600e-01
   0.0000000e+00
   0.0000000e+00
   2.9618909e-01
   4.5809053e-01
   3.2293263e-01
   2.7237234e-01
   1.6800596e-01
   2.0083419e-01
   3.8783560e-01
   5.1152755e-01
   5.9874191e-01
   0.0000000e+00
   0.0000000e+00
   3.4741653e-01
   3.3018085e-01
   0.0000000e+00
   5.4564582e-01
   4.0823198e-01
   5.4489887e-01
   4.8256422e-01
   0.0000000e+00
   3.4667703e-01
   5.8849022e-01
   4.8245387e-01
   4.6064908e-01
   0.0000000e+00
   4.2847747e-01
   0.0000000e+00
   3.3604969e-01
   6.0924583e-01
   4.6890418e-01
   4.8067000e-01
   3.9925135e-02
   3.9275638e-01
   3.6910428e-01
   0.0000000e+00
   4.5439897e-01
   0.0000000e+00
   5.8934080e-01
   2.5264898e-01
   6.6013490e-01
   2.4752154e-01
   2.7347492e-01
   0.0000000e+00
   4.0445233e-01
   3.9798699e-01
   5.9469530e-01
   1.8228406e-01
   4.2061736e-01
   4.7350660e-01
   1.7797827e-01
   3.2120098e-01
   2.8659606e-01
   2.9042260e-01
   3.7010911e-01
   2.8965146e-01
   4.3774113e-01
   5.0278580e-01
   4.2351560e-01
   2.7065428e-01
   1.9705882e-01
   1.2177064e-01
   4.5967134e-01
   3.1126067e-01
   5.7596700e-01
   6.0974465e-01
   3.0923269e-01
   0.0000000e+00
   0.0000000e+00
   4.1044362e-01
   2.6605374e-01
   0.0000000e+00
   0.0000000e+00
   4.0234540e-01
   3.8985715e-01
   6.4050336e-02
   3.7349148e-01
   0.0000000e+00
   4.9662316e-01
   3.9359188e-01
   2.0727945e-01
   3.1708684e-01
   1.8875317e-01
   3.2929179e-01
   2.4795168e-01
   8.0517817e-03
   6.3059153e-01
   3.3639406e-01
   2.1352696e-01
   3.4981937e-01
   3.3855794e-01
   1.1059786e-01
   0.0000000e+00
   4.0466854e-01
   1.1928097e-01
   2.3585244e-01
   4.4903145e-01
   4.4993932e-01
   2.2394896e-01
   1.4269690e-01
   3.5795041e-01
   3.1257575e-01
   2.1904868e-01
   4.0490081e-01
   4.8766335e-01
   2.8306066e-01
   4.2419785e-01
   0.0000000e+00
   1.3872014e-02
   1.4073237e-01
   1.2626932e-01
   1.2434575e-03
   5.7638244e-01
   4.3433894e-01
   3.1005624e-01
   2.8738097e-01
   2.1245532e-01
   0.0000000e+00
   0.0000000e+00
   4.2284805e-01
   2.6697518e-01
   3.0081110e-01
   1.2581111e-01
   1.5141069e-02
   6.7012289e-01
   0.0000000e+00
   3.6957673e-01
   0.0000000e+00
   0.0000000e+00
   0.0000000e+00
   1.0252733e-01
   2.2667185e-01
   2.2114820e-01
   1.6170134e-01
   5.4947779e-01
   2.1457867e-01
   5.3100336e-01
   6.4205029e-02
   4.9807094e-01
   0.0000000e+00
   2.6201016e-01
   6.2160217e-01
   1.1613377e-01
   2.7171109e-01
   4.4551858e-01
   1.9547514e-01
   0.0000000e+00
   1.5542277e-01
   8.7164385e-02
   3.9158017e-01
   0.0000000e+00
   3.3463407e-01
   2.2185841e-01
   3.0711746e-01
   0.0000000e+00
   4.6656189e-01
   1.6428983e-01
   2.8293646e-01
   4.9417948e-01
   3.5971466e-01
   5.2498771e-01
   3.1463854e-01
   4.4458388e-01
   2.8079690e-01
   0.0000000e+00
   3.6045358e-01
   2.4662706e-01
   2.8990976e-01
   0.0000000e+00
   4.9558772e-01
   0.0000000e+00
   3.5948849e-01
   4.3195896e-01
   0.0000000e+00
   3.8861936e-01
   0.0000000e+00
   5.4811281e-01
   2.3865211e-01
   4.7953426e-01
   0.0000000e+00
   2.0952740e-01
   1.4123276e-01
   3.1172812e-01
   0.0000000e+00
   6.6326117e-01
   0.0000000e+00
   2.7874602e-01
   2.5269641e-01
   6.5273780e-01
   0.0000000e+00
   2.6948484e-01
   1.3066387e-01
   3.4781316e-01
   0.0000000e+00
   1.8892599e-01
   0.0000000e+00
   2.0932093e-01
   3.9032249e-01
   3.7746910e-01
   3.8361990e-01
   0.0000000e+00
   0.0000000e+00
   2.6830177e-01
   6.2130572e-02
   3.6482536e-01
   3.6889258e-01
   3.6023368e-01
   1.6215088e-03
   5.4522206e-01
   0.0000000e+00
   3.8316122e-01
   0.0000000e+00
   4.7077916e-01
   3.6479240e-01
   2.9725488e-01
   3.1515734e-01
   0.0000000e+00
   3.9605142e-01
   4.1387252e-01
   0.0000000e+00
   6.4776187e-01
   3.5748126e-01
   2.9719309e-01
   0.0000000e+00
   3.6855737e-01
   2.7056059e-01
   1.7866279e-01
   5.1274842e-01
   4.2819807e-01
   3.9540415e-01
   2.3234481e-01
   2.1399432e-02
   5.6049040e-01
   0.0000000e+00
   3.3806012e-01
   1.6781326e-01
   0.0000000e+00
   3.7019895e-01
   5.3051411e-01
   3.9579318e-01
   3.5972562e-01
   0.0000000e+00
   0.0000000e+00
   1.9605145e-01
   2.5357941e-01
   3.9480359e-01
   5.3748158e-01
   1.3704365e-01
   5.3607053e-01
   2.7560596e-01
   5.4391191e-02
   6.0584477e-02
   2.2945891e-01
   5.0088259e-01
   1.0072044e-02
   0.0000000e+00
   0.0000000e+00
   5.0634843e-01
   4.1117803e-01
   3.4268352e-01
   6.5444184e-01
   4.8581991e-01
   0.0000000e+00
   3.4309012e-01
   2.1306245e-01
   4.1103450e-01
   0.0000000e+00
   7.2765279e-02
   5.3662672e-01
   2.9061472e-01
   3.1819965e-01
   6.1574952e-01
   1.5161271e-01
   4.3801664e-01
   6.4650203e-01
   4.9700454e-01
   1.5925370e-01
   7.8505047e-02
   5.6343201e-01
   0.0000000e+00
   5.3439857e-01
   6.3367067e-01
   5.4505822e-01
   4.3332465e-01
   5.7908329e-02
   4.8539116e-01
   4.0873221e-01
   3.2948289e-01
   0.0000000e+00
   6.1392991e-01
   2.9287871e-01
   0.0000000e+00
   4.7454457e-01
   2.9577887e-01
   0.0000000e+00
   2.6175887e-01
   2.0495729e-01
   0.0000000e+00
   3.7338262e-01
   1.2346284e-01
   9.5799135e-02
   0.0000000e+00
   0.0000000e+00
   0.0000000e+00
   1.1923348e-02
   0.0000000e+00
   0.0000000e+00
   4.8866135e-01
   0.0000000e+00
   1.2164833e-01
   1.9896323e-01
   3.7027125e-01
   5.7226991e-01
   5.2320871e-01
   7.0112337e-02
   5.3880165e-02
   4.5035833e-01
   1.7463848e-01
   4.3414923e-01
   5.8081056e-01
   7.2664007e-01
   1.8106304e-01
   1.2737767e-01
   0.0000000e+00
   0.0000000e+00
   0.0000000e+00
   0.0000000e+00
   6.7216305e-02
   5.1298056e-01
   2.6625631e-01
   2.0282032e-02
   1.7574902e-01
   3.5049224e-01
   0.0000000e+00
   3.6217137e-01
   1.2521581e-01
   0.0000000e+00
   4.3557800e-01
   2.2826217e-01
   5.1590129e-02
   4.1361415e-01
   2.2698711e-01
   2.0078015e-01
   5.8999285e-01
   0.0000000e+00
   3.4134127e-01
   9.4902454e-03
   3.9679099e-01
   5.2437015e-01
   0.0000000e+00
   4.7573774e-02
   8.3069495e-02
   3.5085811e-01
   2.6215602e-01
   4.8140732e-01
   3.5946035e-01
   4.2063752e-02
   8.0395105e-02
   0.0000000e+00
   2.7532349e-01
   0.0000000e+00
   1.8127467e-01
   5.0349599e-01
   0.0000000e+00
   0.0000000e+00
   4.1437994e-01
   1.0708994e-01
   0.0000000e+00
   5.2377460e-01
   3.9424093e-01
   4.2134236e-01
   4.8338456e-01
   3.0715545e-01
   0.0000000e+00
   0.0000000e+00
   2.6327325e-01
   4.3385459e-01
   0.0000000e+00
   2.0921211e-01
   0.0000000e+00
   5.4470782e-01
   3.5602866e-01
   5.3893708e-01
   5.0621868e-01
   5.7546875e-01
   4.0358361e-01
   2.6010506e-01
   1.7173336e-01
   4.9361145e-01
   5.4648105e-01
   4.2783824e-01
   1.6780048e-01
   3.2898031e-01
   5.0434828e-01
   1.8345724e-01
   0.0000000e+00
   1.2494974e-01
   0.0000000e+00
   5.5617288e-01
   3.8981109e-01
   0.0000000e+00
   2.1575981e-01
   3.4290948e-01
   9.2446533e-02
   4.6706145e-01
   1.6351199e-01
   3.2219137e-01
   1.7551681e-02
   2.9302389e-01
   3.0146816e-01
   4.3792168e-01
   0.0000000e+00
   5.6043865e-01
   3.5058271e-01
   4.7694592e-01
   4.0253294e-01
   4.5994087e-01
   5.0981573e-01
   3.1903170e-01
   4.3292176e-02
   4.5547724e-01
   0.0000000e+00
   4.1964024e-01
   0.0000000e+00
   2.5356882e-01
   2.8474534e-01
   9.3146248e-02
   0.0000000e+00
   0.0000000e+00
   1.5759074e-01
   0.0000000e+00
   4.8457749e-01
   2.6505900e-02
   8.5369047e-02
   2.5016105e-01
   0.0000000e+00
   0.0000000e+00
   0.0000000e+00
   5.0903447e-01
   0.0000000e+00
   4.8608393e-01
   2.6794953e-01
   1.6460966e-02
   3.0066117e-01
   8.8045959e-02
   1.9823913e-01
   5.4787906e-01
   4.9293433e-01
   5.7735415e-01
   0.0000000e+00
   4.1169960e-01
   4.6587332e-01
   0.0000000e+00
   3.5641426e-01
   4.4412297e-01
   4.2878425e-01
   0.0000000e+00
   3.7931247e-01
   3.6221382e-01
   4.7403037e-01
   3.7515936e-01
   4.7154635e-01
   4.7567762e-01
   3.1089000e-01
   0.0000000e+00
   4.8871118e-01
   3.3375806e-01
   4.0482517e-01
   3.0001651e-01
   4.2559426e-01
   2.2002878e-01
   4.5406056e-01
   5.3739303e-01
   1.8484205e-01
   2.1703594e-01
   3.1673343e-01
   1.6887329e-01
   0.0000000e+00
   7.3948330e-02
   5.7741033e-01
   7.6841995e-02
   4.3344664e-01
   3.3194086e-02
   3.2769578e-01
   0.0000000e+00
   0.0000000e+00
   4.2920312e-01
   1.8244936e-01
   0.0000000e+00
   2.1088930e-01
   3.2015418e-02
   1.2933961e-01
   4.9593822e-01
   3.8854194e-01
   1.5673205e-01
   1.1609208e-01
   1.2155404e-01
   0.0000000e+00
   3.3897767e-01
   4.7063753e-01
   4.9819148e-01
   0.0000000e+00
   0.0000000e+00
   4.0215986e-01
   7.7640739e-02
   4.9024513e-01
   5.0613366e-01
   0.0000000e+00
   2.1280484e-01
   0.0000000e+00
   4.0633098e-01
   4.4456733e-01
   3.3489859e-01
   8.9085952e-02
   3.8337883e-01
   3.6112594e-01
   5.0419427e-02
   3.6149235e-01
   3.4078994e-01
   6.5984810e-01
   5.1241956e-01
   3.9909173e-01
   3.0995481e-01
   1.8866313e-01
   1.2593732e-01
   5.2151462e-01
   3.8629725e-01
   4.8163002e-01
   3.0767380e-01
   4.1240496e-01
   3.6021698e-01
   6.3102097e-01
   2.8063625e-01
   4.9364884e-01
   3.5417836e-01
   0.0000000e+00
   4.3600983e-01
   5.1120494e-02
   4.6411472e-01
   0.0000000e+00
   3.5371555e-01
   0.0000000e+00
   4.1908981e-01
   0.0000000e+00
   4.3928070e-01
   0.0000000e+00
   1.8413429e-01
   3.1311728e-01
   5.0342908e-01
   0.0000000e+00
   1.1585901e-01
   2.6491410e-01
   5.1892241e-01
   3.9637370e-01
   8.6942720e-03
   0.0000000e+00
   3.4097980e-01
   1.0206299e-01
   5.2621326e-01
   5.7901521e-01
   0.0000000e+00
   3.2706877e-01
   1.5976049e-01
   1.1490637e-01
   2.1293279e-01
   3.6935436e-01
   8.8410318e-02
   0.0000000e+00
   3.6045670e-01
   2.9415486e-01
   2.7599805e-01
   3.6494826e-01
   4.8852235e-01
   3.4246340e-01
   7.4850422e-02
   4.5367557e-02
   0.0000000e+00
   0.0000000e+00
   2.7786546e-01
   0.0000000e+00
   0.0000000e+00
   3.4032460e-01
   0.0000000e+00
   1.1654624e-01
   3.6809383e-01
   1.2092381e-01
   0.0000000e+00
   3.0677348e-01
   2.1409561e-01
   4.4672279e-01
   2.3532183e-01
   3.4382615e-01
   2.1495718e-01
   2.2811267e-01
   4.8775312e-03
   4.7283031e-01
   2.3743753e-01
   3.2897947e-01
   6.9400477e-02
   2.4296724e-03
   1.0170063e-01
   5.3352010e-01
   4.6729310e-01
   3.5937647e-01
   0.0000000e+00
   4.1496972e-01
   2.8401917e-01
   0.0000000e+00
   0.0000000e+00
   3.3308397e-01
   4.4983804e-01
   3.4806977e-01
   3.6985574e-01
   0.0000000e+00
   0.0000000e+00
   3.1485100e-01
   4.9917394e-01
   5.6758433e-01
   0.0000000e+00
   5.6466530e-01
   4.0947412e-01
   6.4169434e-02
   5.7741536e-01
   4.1367215e-01
   2.7152050e-01
   1.6934326e-02
   2.8605618e-01
   3.4505357e-01
   5.6658584e-01
   0.0000000e+00
   5.0022574e-01
   5.8810027e-01
   3.6215742e-01
   3.4156740e-01
   3.6427708e-01
   1.7632360e-01
   5.9539509e-01
   4.6859995e-01
   1.8604527e-01
   1.7791261e-02
   1.4874117e-01
   4.2634948e-01
   3.4269999e-01
   5.9650882e-01
   1.9447708e-01
   2.8906157e-01
   4.0330011e-01
   3.3931652e-01
   0.0000000e+00
   8.6207201e-02
   0.0000000e+00
   2.0894536e-01
   1.6265570e-01
   1.7802377e-01
   4.5495623e-01
   1.6800619e-02
   4.9139572e-01
   0.0000000e+00
   1.1089696e-01
   3.3434931e-01
   3.5136622e-01
   2.1660090e-01
   2.6652473e-01
   3.3566818e-02
   3.8702554e-01
   0.0000000e+00
   4.1321937e-01
   5.2111737e-01
   4.5320866e-01
   4.0509492e-01
   2.5305152e-01
   2.6748155e-01
   3.0987337e-01
   2.8065934e-01
   0.0000000e+00
   1.3428522e-01
   1.9214362e-01
   0.0000000e+00
   4.6206688e-01
   0.0000000e+00
   3.9817785e-01
   0.0000000e+00
   2.1320054e-01
   5.0705141e-01
   2.1703188e-01
   2.5751563e-01
   2.0799893e-01
   2.0576391e-01
   0.0000000e+00
   0.0000000e+00
   3.0066291e-01
   0.0000000e+00
   1.0385819e-01
   0.0000000e+00
   4.6147611e-01
   1.6866128e-01
   1.4011486e-01
   3.6218491e-01
   0.0000000e+00
   4.5563991e-01
   1.7356150e-01
   2.4142585e-01
   0.0000000e+00
   3.1371765e-01
   0.0000000e+00
   2.1592132e-01
   0.0000000e+00
   4.0305688e-01
   2.5518104e-02
   3.9960030e-01
   2.6077938e-01
   4.2258187e-01
   0.0000000e+00
   7.1589969e-02
   4.2961129e-01
   0.0000000e+00
   3.8502490e-01
   3.3774721e-01
   2.8014569e-01
   1.2594182e-01
   4.8875714e-01
   5.7690476e-02
   3.9965311e-01
   3.5813885e-01
   2.2011542e-01
   9.9949936e-02
   0.0000000e+00
   0.0000000e+00
   4.6042308e-01
   0.0000000e+00
   3.3714787e-01
   1.8648620e-01
   4.1394676e-02
   4.4555542e-01
   4.6861558e-01
   3.9485152e-01
   3.1383375e-01
   0.0000000e+00
   3.1690731e-01
   1.3721402e-01
   3.7502844e-01
   1.5986044e-01
   4.5096486e-01
   3.8229944e-01
   0.0000000e+00
   4.8328530e-01
   3.3415078e-01
   3.5776781e-01
   0.0000000e+00
   4.8386091e-01
   4.1700436e-01
   0.0000000e+00
   3.9670233e-01
   3.3961032e-01
   3.2648146e-01
   0.0000000e+00
   3.4291949e-01
   0.0000000e+00
   4.1170494e-01
   0.0000000e+00
   0.0000000e+00
   3.3936140e-01
   0.0000000e+00
   0.0000000e+00
   0.0000000e+00
   8.4100014e-02
   2.8333760e-01
   3.0862128e-01
   0.0000000e+00
   3.6962966e-01
   0.0000000e+00
   0.0000000e+00
   1.8653441e-01
   0.0000000e+00
   3.9693208e-01
   1.0974002e-01
   3.3310944e-01
   3.8317861e-01
   0.0000000e+00
   7.3753481e-02
   3.0511522e-01
   5.1724311e-01
   5.9671904e-01
   0.0000000e+00
   1.1471610e-01
   0.0000000e+00
   2.1474143e-01
   2.7287029e-01
   3.9384301e-01
   3.2718039e-01
   0.0000000e+00
   3.2531412e-01
   0.0000000e+00
   4.7064454e-02
   6.1305747e-02
   4.0445335e-01
   3.8946874e-01
   0.0000000e+00
   3.1658097e-01
   2.3523150e-01
   4.2581230e-01
   4.9814888e-01
   2.6038526e-01
   4.2280272e-01
   5.6863420e-01
   1.0470390e-01
   1.9987099e-01
   2.8228646e-01
   0.0000000e+00
   0.0000000e+00
   4.3602192e-01
   3.7009588e-01
   4.4040841e-01
   0.0000000e+00
   4.6889694e-01
   3.8764586e-01
   1.8130234e-01
   1.5257160e-01
   0.0000000e+00
   3.0105295e-01
   3.9131846e-01
   3.7676421e-01
   3.7771216e-01
   7.2012955e-02
   0.0000000e+00
   0.0000000e+00
   0.0000000e+00
   1.9107842e-01
   2.6851197e-01
   1.9919517e-01
   4.1285886e-01
   4.1020433e-01
   4.6666619e-01
   8.4526395e-02
   4.6754097e-01
   1.3489291e-01
   1.9401872e-01
   5.0952274e-01
   3.7021949e-01
   4.5893189e-01
   4.7932948e-01
   2.3544854e-01
   3.7336425e-01
   5.1822767e-01
   4.5942011e-01
   2.1306152e-02
   6.2445731e-01
   6.1920790e-01
   3.5067461e-01
   0.0000000e+00
   5.0100934e-01
   3.1351420e-01
   5.3333279e-01
   1.1401935e-01
   4.1067586e-01
   3.3129591e-01
   2.0662501e-01
   4.8266879e-01
   3.3001071e-01
   0.0000000e+00
   1.1138571e-01
   4.4998471e-01
   1.8921194e-01
   1.4909214e-01
   0.0000000e+00
   0.0000000e+00
   5.7848376e-01
   1.9296212e-01
   6.0509220e-01
   3.9665684e-01
   4.8043494e-01
   4.2275233e-01
   1.0694742e-01
   4.5953509e-01
   2.9043022e-01
   3.0080203e-01
   4.9147502e-01
   4.5853177e-01
   0.0000000e+00
   0.0000000e+00
   0.0000000e+00
   0.0000000e+00
   1.9201901e-01
   0.0000000e+00
   3.9411912e-01
   2.5318033e-01
   4.3938578e-01
   1.8455943e-01
   4.7628625e-01
   6.1213967e-01
   0.0000000e+00
   0.0000000e+00
   4.9935920e-01
   3.6018552e-01
   2.8056931e-01
   3.0435167e-01
   3.7991508e-01
   0.0000000e+00
   4.4884803e-01
   0.0000000e+00
   2.9174269e-01
   0.0000000e+00
   6.4808621e-01
   0.0000000e+00
   2.6727960e-02
   4.2626838e-01
   1.8378428e-01
   4.3438288e-01
   3.9720770e-01
   5.9283207e-02
   3.6025343e-01
   3.7661368e-01
   4.5358613e-01
   0.0000000e+00
   4.1379441e-01
   3.8417260e-01
   6.4900227e-01
   3.4372663e-01
   5.6964130e-01
   5.3179983e-01
   4.4104550e-01
   7.9492288e-02
   4.0253963e-01
   1.2773305e-02
   1.5848058e-02
   2.2481729e-01
   3.1878353e-01
   4.0658408e-01
   4.0136919e-02
   4.1025108e-01
   0.0000000e+00
   5.1536483e-01
   5.5936492e-01
   5.3238855e-01
   2.8280850e-01
   2.6550202e-01
   1.8888718e-01
   0.0000000e+00
   2.1487905e-01
   0.0000000e+00
   4.1337966e-02
   3.7033586e-01
   3.7480734e-01
   0.0000000e+00
   2.8119354e-01
   2.5769267e-01
   4.7521984e-01
   3.3190098e-01
   2.4317920e-01
   2.9012348e-01
   3.7505258e-01
   1.6857648e-02
   3.7809160e-01
   0.0000000e+00
   4.0338399e-01
   4.6331105e-01
   4.2728552e-01
   1.2503634e-01
   4.7591599e-01
   0.0000000e+00
   4.6285352e-01
   0.0000000e+00
   3.8633674e-01
   0.0000000e+00
   2.8440906e-01
   3.1164962e-01
   0.0000000e+00
   3.5698844e-01
   3.6556778e-02
   3.5778970e-01
   0.0000000e+00
   0.0000000e+00
   1.0373215e-01
   5.5514731e-01
   2.8368690e-01
   0.0000000e+00
   5.4193679e-01
   0.0000000e+00
   3.3899079e-01
   4.9111511e-01
   2.0836500e-01
   3.0871848e-01
   9.2448307e-02
   4.5344767e-01
   3.3376239e-01
   2.1058246e-01
   3.1947389e-01
   3.0757297e-01
   1.4264366e-01
   0.0000000e+00
   0.0000000e+00
   6.0093328e-02
   0.0000000e+00
   3.7785468e-01
   1.5393895e-01
   5.0970445e-01
   5.6127618e-01
   4.2987208e-01
   5.2680872e-01
   1.6403521e-01
   7.3896034e-02
   2.5328349e-01
   2.7097779e-01
   5.2283178e-01
   3.8733548e-01
   3.9243874e-01
   1.0282964e-01
   1.3854341e-01
   0.0000000e+00
   0.0000000e+00
   5.1705094e-01
   0.0000000e+00
   2.2248689e-01
   5.2829660e-01
   5.4325125e-01
   1.5984096e-01
   1.8795321e-01
   0.0000000e+00
   8.6136111e-02
   4.0366007e-01
   0.0000000e+00
   2.5667748e-02
   2.5388473e-01
   0.0000000e+00
   7.3368250e-02
   3.8848582e-01
   4.1101519e-01
   3.4330497e-01
   4.8937995e-01
   2.8870787e-01
   3.2619116e-01
   5.8373361e-01
   1.9067993e-01
   2.8676787e-01
   4.9472291e-01
   0.0000000e+00
   3.8977173e-01
   1.3759352e-01
   5.7170532e-01
   3.3195274e-01
   2.1416152e-01
   5.4421384e-01
   3.0428000e-01
   1.4260006e-01
   0.0000000e+00
   1.8553192e-01
   0.0000000e+00
   8.2294882e-02
   8.5502986e-02
   3.5204434e-01
   4.2745839e-01
   0.0000000e+00
   9.4566929e-02
   0.0000000e+00
   3.1610765e-01
   4.6582561e-01
   1.6150477e-01
   1.8020915e-01
   2.6640165e-01
   2.0299397e-01
   0.0000000e+00
   4.7647016e-01
   0.0000000e+00
   0.0000000e+00
   1.0638892e-01
   0.0000000e+00
   2.8263052e-01
   1.9682333e-01
   4.5941016e-01
   4.5136675e-01
   3.9209018e-01
   4.5359251e-01
   0.0000000e+00
   4.4426480e-01
   0.0000000e+00
   3.1525476e-01
   1.2963597e-01
   4.0052599e-01
   0.0000000e+00
   2.5181824e-01
   3.7594830e-01
   2.4889189e-01
   5.8076665e-01
   0.0000000e+00
   2.4644168e-01
   0.0000000e+00
   0.0000000e+00
   0.0000000e+00
   4.5358045e-02
   5.7870859e-02
   0.0000000e+00
   0.0000000e+00
   0.0000000e+00
   2.8393431e-01
   1.4786163e-01
   2.5647200e-01
   2.3920656e-01
   0.0000000e+00
   3.3303942e-01
   3.5156282e-01
   4.5616603e-01
   3.6175384e-01
   1.8366576e-01
   3.6834281e-01
   1.4281677e-01
   3.9645421e-01
   2.5702105e-01
   6.6767419e-02
   0.0000000e+00
   2.9087782e-01
   2.2624773e-01
   0.0000000e+00
   1.1170169e-01
   1.7165329e-01
   0.0000000e+00
   3.2311002e-01
   2.4744962e-01
   4.6352031e-01
   3.2948693e-01
   5.9829216e-01
   0.0000000e+00
   4.1777223e-01
   3.6059168e-01
   0.0000000e+00
   5.0475441e-01
   0.0000000e+00
   1.0876293e-01
   1.8201820e-01
   0.0000000e+00
   4.7736900e-01
   4.0349986e-01
   0.0000000e+00
   2.3553390e-01
   3.2688149e-01
   0.0000000e+00
   3.0620128e-01
   0.0000000e+00
   0.0000000e+00
   3.2139491e-01
   5.5354699e-01
   3.0218316e-01
   0.0000000e+00
   0.0000000e+00
   0.0000000e+00
   4.0474523e-01
   1.6286323e-01
   4.5636375e-01
   1.9133912e-01
   3.1874415e-01
   8.1090045e-02
   1.8780544e-01
   2.6047799e-01
   1.5309100e-01
   5.5526776e-02
   4.0891899e-01
   0.0000000e+00
   4.5863743e-02
   3.4589465e-01
   5.3275614e-01
   2.4365518e-01
   5.5002991e-01
   1.8327238e-01
   1.5675956e-01
   3.4448275e-01
   0.0000000e+00
   2.0983398e-01
   0.0000000e+00
   0.0000000e+00
   3.3717631e-02
   1.8844689e-01
   0.0000000e+00
   4.0669108e-01
   2.5058105e-01
   1.4884255e-01
   5.0781184e-01
   4.6414471e-01
   1.3251070e-01
   2.4625273e-01
   5.0263376e-01
   0.0000000e+00
   3.7940309e-01
   1.5639126e-02
   4.6300242e-01
   0.0000000e+00
   3.2151508e-01
   4.1971643e-01
   0.0000000e+00
   0.0000000e+00
   4.3243635e-01
   3.2039384e-01
   4.9564919e-01
   2.4139215e-01
   2.8533790e-01
   0.0000000e+00
   2.8981272e-01
   4.6673578e-01
   0.0000000e+00
   0.0000000e+00
   0.0000000e+00
   3.7331020e-01
   1.6170976e-01
   2.7601701e-01
   3.9337235e-02
   4.1458937e-01
   2.9479231e-01
   3.4589850e-01
   0.0000000e+00
   2.6449037e-01
   0.0000000e+00
   3.8367568e-01
   0.0000000e+00
   4.7994855e-01
   3.5232008e-01
   3.0346703e-01
   3.8885371e-01
   4.7293240e-01
   0.0000000e+00
   0.0000000e+00
   3.7755935e-01
   3.2899729e-01
   5.3521361e-01
   4.0170737e-01
   2.9379939e-01
   0.0000000e+00
   1.0354396e-01
   4.4363318e-01
   3.6081058e-01
   3.1925431e-01
   4.0410650e-01
   4.2326689e-01
   2.2730263e-01
   0.0000000e+00
   0.0000000e+00
   8.3829503e-02
   3.0669178e-01
   3.4744058e-01
   0.0000000e+00
   0.0000000e+00
   0.0000000e+00
   2.3468227e-01
   4.4151106e-01
   4.0882389e-01
   5.0180132e-01
   5.0986792e-01
   0.0000000e+00
   0.0000000e+00
   0.0000000e+00
   4.6733630e-01
   2.1964932e-01
   5.6243797e-01
   3.2007892e-01
   1.7446902e-01
   2.1668451e-01
   1.1487026e-01
   4.6566401e-01
   4.3512503e-01
   4.9478659e-01
   0.0000000e+00
   1.4720394e-01
   5.6120233e-01
   2.5852425e-01
   0.0000000e+00
   2.8433874e-01
   3.3303195e-01
   4.4130804e-01
   0.0000000e+00
   2.3188700e-01
   0.0000000e+00
   4.5877638e-01
   0.0000000e+00
   0.0000000e+00
   4.0145360e-01
   4.3958281e-01
   2.2660336e-01
   0.0000000e+00
   0.0000000e+00
   2.3463602e-01
   3.3438496e-01
   6.1852921e-01
   4.8121466e-01
   0.0000000e+00
   1.3334781e-01
   3.3931232e-01
   2.7590501e-01
   3.5507866e-01
   4.4831150e-01
   4.9987725e-01
   0.0000000e+00
   0.0000000e+00
   3.5861922e-01
   2.4488168e-01
   1.4406921e-01
   1.1100409e-01
   5.8307222e-01
   1.7472265e-01
   0.0000000e+00
   2.2811368e-01
   0.0000000e+00
   0.0000000e+00
   3.5834240e-01
   2.2014447e-01
   0.0000000e+00
   4.3928710e-01
   2.3170957e-01
   1.7868843e-01
   4.6748870e-02
   4.5751399e-01
   3.0832898e-01
   1.2670023e-01
   3.9768808e-01
   2.2397682e-01
   2.6684827e-01
   3.8038145e-01
   1.8803005e-01
   3.6717092e-01
   5.1833088e-01
   1.0044863e-01
   2.0696240e-01
   3.8244252e-01
   2.6237598e-01
   2.9608822e-01
   6.8068970e-01
   3.0441770e-01
   2.6033717e-01
   3.2250526e-02
   1.5477439e-01
   3.1279403e-01
   5.7558773e-01
   6.8868767e-01
   3.7321028e-01
   1.3942701e-01
   2.7416454e-01
   1.9187849e-01
   2.6736831e-01
   0.0000000e+00
   4.3184869e-01
   5.4717317e-01
   4.0382743e-01
   2.2164342e-01
   3.5541329e-02
   4.1973468e-01
   3.1961868e-01
   4.3321355e-01
   2.9803963e-01
   0.0000000e+00
   4.7848827e-01
   0.0000000e+00
   0.0000000e+00
   2.8763849e-01
   1.9588730e-01
   2.1005761e-01
   1.2433319e-01
   3.1509414e-01
   3.5867475e-01
   3.8399215e-01
   3.0857184e-02
   4.0517644e-01
   3.0691455e-02
   4.8500903e-01
   0.0000000e+00
   0.0000000e+00
   0.0000000e+00
   0.0000000e+00
   0.0000000e+00
   2.6242794e-01
   5.1234915e-01
   0.0000000e+00
   1.0219320e-01
   3.0500058e-01
   3.8540778e-01
   4.2356563e-01
   0.0000000e+00
   2.8869140e-01
   4.6962726e-01
   3.4134260e-01
   3.5895059e-01
   4.8042432e-01
   4.3556862e-01
   2.3590457e-01
   3.4883336e-01
   3.2595318e-01
   3.5822314e-01
   4.4984518e-01
   1.7853462e-02
   1.1782329e-01
   4.1576208e-01
   5.1684968e-02
   1.1657562e-01
   1.2568697e-01
   0.0000000e+00
   4.7225489e-02
   5.5794286e-01
   3.3559060e-01
   1.3817846e-01
   3.1863149e-01
   3.7854508e-02
   0.0000000e+00
   0.0000000e+00
   2.8552943e-01
   5.5551991e-01
   3.2630320e-01
   3.8365043e-01
   4.3915708e-01
   0.0000000e+00
   4.8374852e-01
   0.0000000e+00
   3.7722582e-01
   0.0000000e+00
   5.0932534e-02
   4.8146092e-01
   5.6052437e-03
   8.3033788e-02
   1.7296683e-01
   0.0000000e+00
   3.5209240e-01
   6.5772002e-02
   3.2648171e-01
   0.0000000e+00
   0.0000000e+00
   0.0000000e+00
   3.9953894e-01
   0.0000000e+00
   2.4780063e-01
   5.9220092e-01
   4.7489783e-01
   3.8824996e-01
   3.9212173e-01
   1.6710976e-01
   4.1167040e-01
   3.4568113e-01
   3.3308943e-01
   0.0000000e+00
   3.5584169e-01
   3.4398897e-01
   2.4961470e-01
   9.1118114e-02
   1.6574248e-01
   2.6539404e-01
   0.0000000e+00
   5.5069597e-02
   3.5841474e-01
   0.0000000e+00
   3.2503551e-01
   1.8776354e-01
   4.7382287e-01
   1.9479001e-01
   2.1594708e-01
   2.5430553e-01
   0.0000000e+00
   1.4795446e-01
   2.9630564e-01
   2.7649903e-01
   3.7231706e-01
   3.5337457e-01
   5.3580690e-01
   3.5325926e-01
   5.1781337e-01
   0.0000000e+00
   3.5444687e-01
   4.7567137e-01
   1.2246143e-02
   1.1711008e-01
   2.5109872e-01
   3.4489589e-01
   0.0000000e+00
   3.9357554e-01
   6.3537039e-02
   3.0434669e-01
   0.0000000e+00
   2.1920673e-01
   5.6789590e-02
   0.0000000e+00
   3.4563824e-01
   2.9169459e-01
   2.1941459e-01
   0.0000000e+00
   1.5008076e-01
   6.2965265e-02
   4.5565557e-01
   1.6724834e-01
   0.0000000e+00
   6.7580012e-02
   1.9434601e-01
   0.0000000e+00
   2.5049810e-01
   4.1181768e-01
   0.0000000e+00
   1.7476507e-01
   4.5763038e-01
   3.4913439e-01
   1.5739619e-02
   0.0000000e+00
   4.1966972e-01
   0.0000000e+00
   2.1219296e-01
   4.4145446e-01
   1.4232087e-01
   1.3700724e-01
   2.7623616e-01
   2.5394879e-01
   0.0000000e+00
   2.2625248e-01
   1.2806152e-01
   0.0000000e+00
   2.6679600e-01
   4.1215161e-01
   3.1577965e-01
   4.7925783e-01
   1.8222120e-01
   3.9860703e-02
   3.3791621e-01
   3.8340874e-02
   1.9213978e-01
   5.1051091e-02
   4.8822242e-01
   0.0000000e+00
   2.4823376e-01
   5.8112322e-01
   0.0000000e+00
   1.9161300e-01
   3.0498115e-01
   9.9473709e-02
   2.9467931e-01
   3.5307625e-01
   4.1048421e-01
   1.8391713e-01
   0.0000000e+00
   1.5611806e-01
   4.4070097e-01
   0.0000000e+00
   1.9747772e-01
   3.0482397e-01
   3.5147363e-02
   1.8140976e-01
   5.5224657e-01
   2.4771180e-01
   3.8720445e-01
   4.3993757e-01
   4.3505422e-02
   1.6378837e-01
   2.6849212e-01
   5.1740317e-01
   1.8751827e-01
   4.1161651e-01
   0.0000000e+00
   0.0000000e+00
   0.0000000e+00
   0.0000000e+00
   5.2447768e-02
   6.7583224e-02
   2.9350196e-01
   4.1444998e-01
   4.5456786e-01
   2.4194274e-01
   2.5449175e-01
   1.9940115e-01
   2.3424797e-01
   3.6860932e-01
   2.6044379e-01
   3.9353642e-01
   3.1262407e-01
   1.8469696e-01
   3.9907735e-01
   5.1676593e-02
   2.6515687e-01
   3.9642684e-01
   2.8135230e-01
   3.0579678e-01
   0.0000000e+00
   0.0000000e+00
   4.8333300e-01
   3.2217658e-02
   2.7578042e-01
   2.1980415e-01
   4.3872346e-01
   1.3728153e-01
   3.6584892e-01
   5.1531141e-01
   0.0000000e+00
   3.6668530e-01
   1.8784992e-01
   3.9657749e-01
   2.9300112e-01
   2.7653059e-01
   0.0000000e+00
   3.0488456e-01
   0.0000000e+00
   3.9258065e-01
   4.4419631e-01
   0.0000000e+00
   3.7250780e-01
   2.4718261e-01
   3.4003474e-01
   2.8436867e-01
   4.1211209e-01
   2.6155920e-03
   0.0000000e+00
   0.0000000e+00
   0.0000000e+00
   0.0000000e+00
   3.9251781e-01
   0.0000000e+00
   4.6262421e-01
   8.9442646e-02
   2.7461094e-01
   0.0000000e+00
   4.4924323e-01
   3.0647835e-01
   5.0569069e-01
   3.4649707e-01
   2.7999963e-01
   0.0000000e+00
   1.5506822e-01
   3.3046261e-01
   4.2797582e-01
   4.5341044e-01
   4.1473709e-01
   0.0000000e+00
   0.0000000e+00
   1.4428996e-01
   2.2745169e-01
   0.0000000e+00
   0.0000000e+00
   6.2296882e-02
   4.4504038e-01
   3.9745390e-01
   0.0000000e+00
   0.0000000e+00
   4.2664072e-01
   5.3711247e-03
   1.5791321e-01
   2.7181173e-01
   4.0991911e-01
   8.9216422e-02
   0.0000000e+00
   0.0000000e+00
   2.6367214e-01
   0.0000000e+00
   4.7976666e-01
   5.4191544e-01
   0.0000000e+00
   0.0000000e+00
   4.7932553e-01
   1.0251308e-01
   4.4181572e-02
   0.0000000e+00
   4.5146077e-01
   0.0000000e+00
   0.0000000e+00
   4.8785122e-01
   3.6738737e-01
   0.0000000e+00
   0.0000000e+00
   4.0042538e-01
   1.1560084e-01
   4.3734425e-01
   6.1058400e-01
   0.0000000e+00
   3.8999009e-01
   0.0000000e+00
   0.0000000e+00
   0.0000000e+00
   2.8528932e-01
   1.9883105e-01
   1.1554710e-01
   0.0000000e+00
   0.0000000e+00
   2.9243047e-01
   2.7256104e-01
   3.7501059e-01
   2.7952270e-01
   2.3212745e-01
   0.0000000e+00
   0.0000000e+00
   0.0000000e+00
   5.1337508e-01
   9.9011556e-02
   3.7164527e-01
   1.6481439e-01
   9.8723561e-02
   2.2575036e-01
   4.7581437e-01
   3.9393152e-01
   3.8887990e-01
   3.8781401e-01
   4.6887126e-01
   2.7284494e-01
   3.2186195e-01
   3.1121197e-01
   2.3914568e-01
   3.0970189e-01
   1.4705363e-01
   2.7542227e-01
   0.0000000e+00
   4.2722935e-01
   0.0000000e+00
   1.2786820e-01
   3.7292092e-01
   3.3228012e-01
   2.0129346e-01
   3.4619388e-01
   4.8515437e-01
   0.0000000e+00
   0.0000000e+00
   4.5552215e-01
   3.1324896e-01
   1.2601888e-01
   4.6352747e-02
   4.2206777e-01
   0.0000000e+00
   0.0000000e+00
   2.4545471e-02
   0.0000000e+00
   0.0000000e+00
   4.2418200e-01
   5.2039849e-01
   0.0000000e+00
   2.9112446e-01
   0.0000000e+00
   1.2566644e-01
   4.2729474e-01
   3.9000420e-01
   5.1820816e-01
   9.9674748e-02
   1.8324960e-01
   2.6620192e-01
   9.1587227e-02
   3.9188694e-01
   1.4715379e-01
   2.4821698e-01
   5.0358805e-01
   8.4479893e-05
   6.3230199e-02
   0.0000000e+00
   4.2226525e-01
   5.7024818e-01
   3.7298391e-01
   0.0000000e+00
   4.1597602e-01
   2.7349414e-01
   0.0000000e+00
   4.4913392e-01
   0.0000000e+00
   0.0000000e+00
   0.0000000e+00
   2.4477143e-02
   1.2849633e-01
   1.3757214e-01
   5.7185755e-02
   4.1092119e-01
   1.3540919e-01
   3.2465708e-01
   2.9366370e-01
   3.4541176e-01
   4.0089616e-01
   2.7464561e-01
   3.2846970e-01
   8.8979260e-02
   3.0914328e-01
   3.4480314e-01
   1.5648395e-01
   4.0083567e-01
   4.1628541e-01
   0.0000000e+00
   3.9289414e-01
   0.0000000e+00
   0.0000000e+00
   0.0000000e+00
   2.6966895e-01
   0.0000000e+00
   3.1770201e-01
   1.2456772e-01
   4.4865524e-01
   6.9209703e-02
   3.9184284e-01
   4.0839348e-01
   3.1713660e-01
   3.9737349e-01
   1.9602984e-01
   0.0000000e+00
   3.9733254e-01
   4.1470316e-01
   3.9958457e-01
   4.3832551e-01
   0.0000000e+00
   0.0000000e+00
   4.9903824e-01
   2.6153650e-01
   4.3134477e-01
   4.0546954e-01
   3.6873653e-01
   0.0000000e+00
   1.6175838e-02
   4.5107097e-01
   3.3890485e-01
   2.9973085e-01
   4.5411573e-01
   2.5378344e-01
   0.0000000e+00
   1.1918865e-01
   0.0000000e+00
   0.0000000e+00
   0.0000000e+00
   3.8411283e-01
   4.9843844e-01
   1.6746004e-01
   1.6579817e-01
   2.9783725e-01
   3.8306565e-01
   4.5439618e-01
   0.0000000e+00
   3.8357597e-01
   1.2589216e-01
   4.2938505e-01
   0.0000000e+00
   2.1696018e-01
   2.5429800e-01
   2.0816988e-01
   5.3361826e-01
   2.5690582e-01
   0.0000000e+00
   1.0303737e-01
   4.3642851e-01
   0.0000000e+00
   1.5333308e-01
   2.9229690e-01
   3.5786866e-01
   1.3044619e-01
   3.6882229e-01
   3.1388746e-02
   0.0000000e+00
   0.0000000e+00
   2.5423928e-01
   4.8532933e-01
   1.6758082e-01
   4.5252662e-01
   2.5117844e-01
   0.0000000e+00
   0.0000000e+00
   0.0000000e+00
   4.6364080e-01
   4.4146816e-01
   5.6075582e-01
   6.4573046e-02
   0.0000000e+00
   3.4346959e-01
   5.4671309e-01
   4.0059230e-01
   3.1522006e-01
   7.2426917e-02
   5.8244159e-02
   2.9835233e-01
   4.8455822e-02
   0.0000000e+00
   0.0000000e+00
   1.0314248e-01
   2.5717584e-01
   1.4931466e-01
   3.8763444e-01
   4.4016589e-01
   4.6241966e-01
   2.1823732e-01
   0.0000000e+00
   3.1273502e-01
   0.0000000e+00
   5.6373485e-01
   5.4258583e-01
   2.5514945e-01
   4.0661785e-01
   0.0000000e+00
   2.4539584e-01
   2.6410682e-01
   0.0000000e+00
   0.0000000e+00
   2.6372836e-01
   0.0000000e+00
   2.4682342e-01
   2.3074742e-02
   1.8891801e-01
   3.9878771e-01
   2.7977836e-01
   0.0000000e+00
   2.9733225e-01
   2.0390730e-01
   1.8017088e-03
   3.8685736e-01
   2.6648618e-01
   2.7076671e-01
   1.8547440e-01
   2.6814958e-01
   2.5212140e-01
   2.9507770e-01
   4.7169600e-01
   5.8287740e-02
   2.1117805e-01
   4.9939709e-01
   4.4761973e-01
   3.9065350e-01
   3.6997299e-01
   3.4056824e-01
   2.6204179e-01
   0.0000000e+00
   0.0000000e+00
   1.9611531e-01
   4.6860185e-01
   4.4773078e-01
   0.0000000e+00
   0.0000000e+00
   7.9270620e-02
   2.4234012e-01
   1.6806463e-01
   1.8891609e-01
   2.1702212e-01
   2.7453060e-01
   4.2696108e-01
   9.6095727e-02
   3.7156843e-01
   0.0000000e+00
   1.7945627e-01
   2.2389502e-01
   3.7108823e-01
   2.9195679e-01
   2.3850624e-01
   4.8494594e-01
   2.6431569e-01
   0.0000000e+00
   0.0000000e+00
   4.2850006e-01
   5.0199728e-02
   2.2312552e-01
   0.0000000e+00
   0.0000000e+00
   5.5729526e-01
   4.7915940e-01
   1.8886228e-01
   5.5915381e-01
   2.7358279e-01
   0.0000000e+00
   0.0000000e+00
   3.6866836e-01
   4.6070406e-01
   1.9278739e-01
   3.8910381e-01
   2.7264903e-01
   1.0792982e-01
   0.0000000e+00
   0.0000000e+00
   2.1405781e-01
   2.6578015e-01
   3.2335425e-02
   7.6301134e-02
   1.5858623e-01
   1.9425512e-02
   0.0000000e+00
   3.3226468e-01
   4.6072013e-01
   1.8892086e-01
   1.1672120e-01
   0.0000000e+00
   1.7753874e-01
   4.0954111e-01
   0.0000000e+00
   2.0424676e-01
   4.4238306e-01
   0.0000000e+00
   3.3815677e-01
   0.0000000e+00
   5.2772825e-01
   6.1637789e-03
   3.4427195e-01
   0.0000000e+00
   1.7763648e-01
   2.3554585e-01
   0.0000000e+00
   3.5363898e-01
   2.6083247e-01
   5.6255125e-01
   0.0000000e+00
   2.1285571e-01
   0.0000000e+00
   3.4337515e-01
   5.5167118e-02
   6.6685099e-01
   0.0000000e+00
   0.0000000e+00
   4.0423720e-01
   4.3063982e-01
   7.3028791e-02
   4.2027190e-01
   3.5644603e-01
   0.0000000e+00
   3.1318508e-01
   1.9193618e-01
   0.0000000e+00
   3.2507571e-01
   0.0000000e+00
   3.8513217e-01
   1.9669312e-01
   6.2014749e-01
   4.5542553e-01
   3.1531361e-01
   2.7999577e-01
   2.1168105e-01
   2.4842092e-01
   2.2966486e-01
   3.9853182e-01
   4.6303048e-01
   3.7036614e-01
   4.0820550e-01
   0.0000000e+00
   1.6353023e-01
   1.7092511e-01
   0.0000000e+00
   4.1839117e-01
   3.7380554e-01
   1.0010005e-01
   2.4919409e-01
   0.0000000e+00
   0.0000000e+00
   1.8516553e-01
   1.7308877e-01
   0.0000000e+00
   0.0000000e+00
   2.5931151e-01
   0.0000000e+00
   3.9830897e-01
   0.0000000e+00
   4.8882570e-01
   2.1951169e-02
   2.0567927e-01
   0.0000000e+00
   3.1164447e-01
   4.7977229e-01
   1.0042752e-02
   2.4143434e-01
   4.1015182e-01
   0.0000000e+00
   0.0000000e+00
   0.0000000e+00
   5.4539030e-01
   3.7896761e-01
   3.5017399e-01
   9.0648863e-02
   3.4292051e-01
   3.2277736e-01
   3.9504969e-02
   5.3093029e-01
   2.3099781e-01
   3.6699679e-01
   1.6057877e-01
   2.2833896e-01
   0.0000000e+00
   4.4425597e-01
   0.0000000e+00
   4.8153696e-01
   2.7710014e-01
   4.0709466e-01
   2.7528335e-01
   0.0000000e+00
   0.0000000e+00
   3.5963363e-01
   2.6659917e-01
   0.0000000e+00
   4.9414645e-01
   4.3400687e-01
   0.0000000e+00
   0.0000000e+00
   3.7831176e-01
   0.0000000e+00
   0.0000000e+00
   4.6903071e-01
   0.0000000e+00
   2.4466731e-01
   1.6769695e-01
   4.4801340e-01
   2.9901416e-01
   1.8150807e-01
   0.0000000e+00
   2.0360112e-01
   3.5659519e-01
   2.3658579e-03
   5.2514464e-01
   2.7387597e-01
   6.3827081e-01
   0.0000000e+00
   4.0008120e-01
   4.6972578e-01
   2.4801371e-02
   5.0607524e-01
   1.8879753e-01
   4.8092181e-01
   3.5831266e-01
   2.5451089e-01
   0.0000000e+00
   4.3230077e-02
   3.9175035e-01
   3.1371654e-01
   0.0000000e+00
   3.1862507e-01
   0.0000000e+00
   3.2398924e-01
   3.6149613e-01
   3.5326825e-01
   0.0000000e+00
   1.8192811e-01
   0.0000000e+00
   2.4391028e-01
   5.4228927e-01
   5.0390967e-01
   1.2558845e-01
   2.8539032e-01
   2.4142499e-01
   2.8477935e-02
   8.1395712e-02
   3.0621149e-01
   0.0000000e+00
   0.0000000e+00
   2.1824991e-01
   2.1904859e-01
   2.3348593e-01
   0.0000000e+00
   4.5164846e-03
   2.7684498e-01
   2.9551981e-01
   3.7844238e-01
   6.4777642e-02
   3.6972937e-01
   0.0000000e+00
   0.0000000e+00
   1.8384184e-01
   3.1305255e-01
   2.6902287e-01
   1.3804128e-01
   2.0877619e-01
   0.0000000e+00
   3.1811436e-01
   0.0000000e+00
   3.0632861e-01
   4.0961100e-01
   3.2065498e-01
   0.0000000e+00
   0.0000000e+00
   3.4582071e-01
   1.6508345e-01
   0.0000000e+00
   2.4001655e-01
   5.2191141e-01
   0.0000000e+00
   4.2457320e-01
   3.0214647e-01
   1.9164813e-02
   4.0467764e-01
   4.3934437e-01
   4.2787199e-01
   3.4036913e-01
   0.0000000e+00
   2.9868428e-01
   2.2126767e-01
   0.0000000e+00
   7.2095580e-02
   2.2658907e-01
   1.0016266e-01
   4.5515277e-01
   0.0000000e+00
   0.0000000e+00
   3.0864326e-01
   2.4697816e-01
   9.0979771e-02
   1.8940896e-01
   5.1820795e-02
   2.0425918e-01
   3.1800729e-01
   4.6924447e-01
   2.2901740e-01
   6.1046529e-02
   3.0482734e-01
   7.0638354e-02
   7.8747560e-02
   3.6210379e-01
   4.9121292e-02
   2.9659001e-01
   0.0000000e+00
   2.9495922e-01
   4.5928259e-01
   3.6200675e-01
   3.0351869e-01
   2.7371486e-01
   2.8855339e-01
   1.8199797e-01
   4.7095936e-01
   1.8535238e-01
   1.6139900e-01
   0.0000000e+00
   4.5673520e-01
   3.1096734e-01
   0.0000000e+00
   3.0701310e-01
   4.3420324e-01
   0.0000000e+00
   4.3189841e-01
   0.0000000e+00
   5.0564141e-01
   0.0000000e+00
   0.0000000e+00
   3.7495601e-01
   0.0000000e+00
   4.2048157e-01
   2.1911221e-01
   2.4848437e-01
   1.4195066e-01
   1.8036263e-01
   0.0000000e+00
   2.2342540e-01
   1.6864818e-01
   3.2727679e-01
   2.6542518e-01
   2.9676711e-01
   0.0000000e+00
   3.4549918e-01
   4.3316741e-01
   2.4288238e-01
   0.0000000e+00
   5.7857107e-01
   0.0000000e+00
   0.0000000e+00
   3.4235086e-01
   1.1818833e-01
   5.3959868e-01
   0.0000000e+00
   5.7347349e-01
   0.0000000e+00
   2.4189633e-01
   4.6223744e-01
   3.7265154e-01
   3.3235069e-01
   2.3196976e-02
   3.2685358e-01
   4.4232073e-01
   2.1228184e-01
   1.0407094e-01
   0.0000000e+00
   5.2599653e-01
   0.0000000e+00
   0.0000000e+00
   0.0000000e+00
   2.1261110e-01
   4.3227492e-01
   2.1033964e-01
   4.4671911e-01
   3.6884219e-01
   5.3889438e-01
   0.0000000e+00
   0.0000000e+00
   0.0000000e+00
   0.0000000e+00
   2.4751527e-01
   8.2206399e-02
   1.3508841e-01
   1.8752437e-01
   3.0828801e-01
   2.2004768e-01
   0.0000000e+00
   1.4870402e-01
   4.7907628e-01
   1.7558028e-01
   3.7303863e-01
   8.3965312e-02
   0.0000000e+00
   2.6100401e-01
   0.0000000e+00
   1.2451410e-01
   0.0000000e+00
   1.6987458e-01
   6.0333107e-01
   3.7715685e-01
   2.6235250e-01
   2.5890645e-01
   1.6925406e-01
   0.0000000e+00
   3.0230448e-01
   1.5580740e-01
   3.9470683e-01
   0.0000000e+00
   3.5057936e-01
   3.1853901e-01
   3.6855720e-01
   2.4338152e-01
   0.0000000e+00
   2.4632371e-01
   0.0000000e+00
   0.0000000e+00
   5.0633194e-01
   0.0000000e+00
   3.3238068e-01
   2.5482838e-01
   3.8207076e-01
   1.9345926e-01
   9.3186777e-02
   2.8748592e-01
   2.7521921e-01
   2.8157258e-01
   1.8813068e-01
   3.4968696e-01
   4.4036875e-01
   3.7312750e-01
   0.0000000e+00
   3.0795792e-01
   4.3051117e-01
   2.7311047e-01
   5.6280040e-01
   3.3952284e-01
   2.2175759e-01
   3.7525114e-01
   3.5200223e-01
   0.0000000e+00
   9.9316226e-02
   4.4780176e-01
   2.4997330e-01
   0.0000000e+00
   3.0458264e-01
   0.0000000e+00
   0.0000000e+00
   3.7791895e-02
   4.7000791e-01
   2.5064043e-01
   2.9419420e-01
   3.1411209e-01
   2.9128884e-02
   2.8234501e-01
   1.1931058e-01
   3.5669633e-01
   3.3286831e-01
   0.0000000e+00
   2.7927761e-01
   3.2107549e-01
   4.5696480e-01
   1.8446540e-01
   2.3039631e-01
   2.9842721e-01
   0.0000000e+00
   0.0000000e+00
   3.2419056e-02
   3.2051999e-01
   6.2885663e-02
   1.6666385e-01
   0.0000000e+00
   1.4858538e-01
   2.1199923e-01
   1.7898146e-01
   0.0000000e+00
   0.0000000e+00
   0.0000000e+00
   0.0000000e+00
   8.8188629e-02
   0.0000000e+00
   1.7576338e-01
   0.0000000e+00
   2.0932104e-01
   4.8849936e-01
   1.8211969e-01
   2.0035445e-01
   0.0000000e+00
   3.8626806e-02
   5.3235671e-01
   2.1092218e-01
   4.5962210e-01
   2.4640183e-02
   0.0000000e+00
   0.0000000e+00
   2.9398418e-01
   4.1378883e-01
   3.9862889e-01
   2.1052640e-01
   1.4318949e-01
   0.0000000e+00
   8.0289215e-02
   0.0000000e+00
   0.0000000e+00
   1.8902980e-01
   2.8039105e-01
   8.9238851e-02
   5.4110430e-01
   2.9186530e-01
   3.0507612e-01
   1.9049801e-01
   3.9275338e-01
   4.1753466e-01
   2.9162670e-01
   2.3400170e-01
   4.1517283e-01
   0.0000000e+00
   4.6131025e-01
   3.1224749e-01
   0.0000000e+00
   1.0737302e-01
   2.4216299e-01
   0.0000000e+00
   2.0917444e-01
   4.6601382e-01
   1.8708612e-01
   1.9435546e-01
   3.5560138e-01
   0.0000000e+00
   3.4323003e-01
   3.7516059e-01
   3.7591055e-01
   1.6454302e-01
   4.0599917e-01
   2.7446477e-01
   0.0000000e+00
   3.7135909e-01
   3.3999171e-01
   4.6255930e-01
   0.0000000e+00
   0.0000000e+00
   2.2333158e-01
   2.0949836e-01
   1.2652611e-01
   4.7787948e-02
   4.0671127e-01
   0.0000000e+00
   4.0972488e-01
   3.9782586e-01
   0.0000000e+00
   0.0000000e+00
   2.4188669e-01
   3.4578904e-01
   2.4471907e-01
   1.4191071e-01
   0.0000000e+00
   5.0826358e-01
   6.4348510e-01
   4.9037628e-01
   1.7732386e-01
   2.9151160e-01
   0.0000000e+00
   0.0000000e+00
   1.4143793e-01
   4.2251737e-01
   1.9314400e-01
   2.6008241e-01
   3.6877173e-01
   0.0000000e+00
   3.7626990e-01
   0.0000000e+00
   2.7653077e-01
   3.4175070e-01
   1.0812812e-01
   5.1124032e-01
   1.5343240e-01
   2.1052273e-02
   0.0000000e+00
   3.7057557e-01
   4.4812786e-01
   4.4443991e-01
   0.0000000e+00
   2.6883404e-01
   6.6333217e-02
   3.3947661e-01
   4.2002547e-01
   0.0000000e+00
   0.0000000e+00
   0.0000000e+00
   0.0000000e+00
   3.1374031e-01
   3.9551397e-01
   2.8854305e-01
   1.0315539e-01
   1.2924866e-01
   2.0685443e-02
   4.0712938e-02
   2.7763774e-01
   2.8626321e-01
   0.0000000e+00
   5.1286336e-01
   0.0000000e+00
   0.0000000e+00
   4.2506744e-01
   3.0492851e-01
   6.9830059e-03
   4.9377915e-01
   4.9270461e-01
   0.0000000e+00
   0.0000000e+00
   5.0216661e-02
   0.0000000e+00
   3.0546367e-01
   0.0000000e+00
   3.6636600e-01
   4.4284495e-01
   3.6665072e-01
   2.8027600e-01
   0.0000000e+00
   3.2340143e-01
   0.0000000e+00
   2.9271225e-01
   1.5359618e-01
   3.7293659e-01
   0.0000000e+00
   2.8275272e-01
   4.5783120e-01
   9.3783802e-02
   0.0000000e+00
   0.0000000e+00
   4.1513960e-01
   1.2373743e-01
   3.3600245e-01
   1.3499990e-01
   0.0000000e+00
   0.0000000e+00
   0.0000000e+00
   3.3875555e-01
   3.4414781e-01
   2.8034265e-01
   2.2496075e-01
   2.4719328e-01
   1.7854404e-01
   0.0000000e+00
   2.2954840e-01
   2.7925193e-01
   4.2001726e-01
   1.7400176e-01
   0.0000000e+00
   0.0000000e+00
   6.2303008e-01
   3.1329073e-01
   2.3128040e-01
   1.6490128e-01
   3.1768639e-01
   2.7085669e-01
   4.3255131e-01
   0.0000000e+00
   0.0000000e+00
   2.7486983e-01
   4.6855025e-01
   0.0000000e+00
   2.1014735e-01
   1.6818943e-01
   3.8208040e-01
   3.1752292e-01
   3.4310327e-01
   2.5348970e-01
   1.5900631e-02
   2.9399938e-01
   3.7533837e-01
   3.8903525e-01
   5.3405393e-01
   0.0000000e+00
   0.0000000e+00
   0.0000000e+00
   2.3867956e-01
   5.3027736e-01
   2.7147338e-01
   1.9374906e-01
   0.0000000e+00
   2.3957435e-01
   3.9457269e-01
   2.3468803e-02
   3.0833587e-01
   4.0683142e-01
   6.6279477e-02
   5.0505184e-01
   4.6809136e-01
   0.0000000e+00
   4.1550853e-02
   0.0000000e+00
   1.8002260e-01
   2.7029781e-01
   0.0000000e+00
   5.7857830e-01
   3.6335476e-01
   2.4866384e-01
   4.0904282e-01
   4.0957143e-01
   0.0000000e+00
   3.1956980e-01
   2.9963359e-01
   1.6415655e-01
   2.7521699e-01
   2.3570824e-01
   3.7025907e-01
   4.8624483e-01
   2.6613680e-01
   2.9758729e-01
   3.6828010e-01
   2.8681767e-01
   3.1108085e-01
   9.7610949e-02
   1.2792074e-01
   2.3330953e-01
   2.9213402e-01
   0.0000000e+00
   5.2183627e-01
   3.0539069e-01
   3.8622611e-01
   2.1934610e-01
   0.0000000e+00
   1.5102844e-01
   2.6800279e-02
   0.0000000e+00
   2.7847831e-01
   0.0000000e+00
   0.0000000e+00
   0.0000000e+00
   5.9388797e-03
   4.5792101e-01
   3.3309799e-01
   2.6616021e-01
   0.0000000e+00
   0.0000000e+00
   4.2620219e-01
   4.5184807e-01
   0.0000000e+00
   1.1090563e-01
   3.0971530e-01
   0.0000000e+00
   0.0000000e+00
   2.8214212e-01
   8.3890578e-02
   1.7987789e-01
   5.6427613e-02
   2.2084332e-01
   0.0000000e+00
   0.0000000e+00
   0.0000000e+00
   4.8984368e-01
   3.3254942e-01
   1.8254826e-01
   2.2188518e-01
   1.3151112e-01
   0.0000000e+00
   4.8737075e-01
   4.5184417e-01
   0.0000000e+00
   3.4750918e-01
   0.0000000e+00
   1.2309389e-01
   0.0000000e+00
   0.0000000e+00
   4.7371346e-01
   0.0000000e+00
   3.1380225e-01
   9.5419176e-02
   0.0000000e+00
   2.9528837e-01
   1.6045232e-01
   0.0000000e+00
   4.0351716e-01
   3.4540756e-01
   0.0000000e+00
   0.0000000e+00
   3.6792258e-01
   9.6530836e-02
   3.6417501e-01
   5.5763073e-02
   1.7583274e-02
   0.0000000e+00
   0.0000000e+00
   0.0000000e+00
   2.6402127e-01
   3.6846121e-01
   0.0000000e+00
   1.0551313e-01
   8.8159617e-02
   3.5484344e-01
   0.0000000e+00
   1.9169985e-01
   0.0000000e+00
   0.0000000e+00
   1.6480426e-01
   3.4204629e-01
   4.0876373e-01
   2.9143307e-01
   1.6014528e-01
   1.5793257e-01
   0.0000000e+00
   0.0000000e+00
   0.0000000e+00
   4.0340411e-01
   2.4038440e-01
   2.6020672e-01
   0.0000000e+00
   0.0000000e+00
   5.7322221e-01
   8.5767654e-02
   5.6549447e-01
   1.3959254e-01
   0.0000000e+00
   2.3465527e-01
   3.1414065e-01
   5.0522637e-01
   3.5281896e-01
   0.0000000e+00
   0.0000000e+00
   3.1846425e-02
   2.8048366e-01
   2.4857667e-01
   1.9322198e-01
   3.2354487e-01
   3.0843088e-01
   0.0000000e+00
   0.0000000e+00
   0.0000000e+00
   7.8796674e-02
   1.2276490e-01
   0.0000000e+00
   2.9808243e-01
   0.0000000e+00
   0.0000000e+00
   2.3263246e-01
   4.9988856e-01
   0.0000000e+00
   0.0000000e+00
   0.0000000e+00
   0.0000000e+00
   2.5031647e-01
   4.4446768e-01
   1.7522163e-01
   0.0000000e+00
   2.7153007e-01
   2.4151143e-01
   9.7912210e-02
   0.0000000e+00
   9.4166618e-02
   3.2549972e-01
   0.0000000e+00
   4.6464604e-01
   1.9778788e-01
   1.3653129e-01
   0.0000000e+00
   0.0000000e+00
   1.5975188e-02
   0.0000000e+00
   4.7016870e-01
   4.2144697e-01
   0.0000000e+00
   0.0000000e+00
   0.0000000e+00
   0.0000000e+00
   5.7681219e-01
   0.0000000e+00
   0.0000000e+00
   4.1106362e-01
   4.4277893e-01
   3.3213915e-01
   2.6509683e-01
   3.1490060e-01
   2.1297041e-01
   0.0000000e+00
   3.8557272e-01
   0.0000000e+00
   5.4005730e-02
   4.0630371e-01
   1.8416731e-01
   4.3312505e-02
   3.8909905e-01
   0.0000000e+00
   2.0105716e-01
   2.3186593e-01
   3.7307929e-01
   2.7347603e-01
   4.4509425e-01
   0.0000000e+00
   0.0000000e+00
   1.5664911e-01
   4.2628852e-01
   1.5014963e-01
   2.9979494e-02
   2.8861051e-01
   2.0103834e-01
   2.1365480e-01
   0.0000000e+00
   0.0000000e+00
   0.0000000e+00
   1.0544769e-01
   4.6889137e-02
   3.3714493e-01
   0.0000000e+00
   0.0000000e+00
   0.0000000e+00
   0.0000000e+00
   2.0292830e-01
   0.0000000e+00
   1.7706172e-01
   0.0000000e+00
   3.1361405e-01
   0.0000000e+00
   4.0729994e-01
   3.7370481e-01
   2.0877428e-01
   0.0000000e+00
   1.7829215e-01
   3.1881262e-01
   0.0000000e+00
   0.0000000e+00
   0.0000000e+00
   1.3555190e-01
   0.0000000e+00
   2.3864812e-01
   3.7587775e-01
   4.1336311e-01
   0.0000000e+00
   0.0000000e+00
   2.5559744e-01
   2.0278491e-01
   1.8588810e-01
   1.3983745e-01
   5.6875422e-02
   2.2745078e-01
   2.1159431e-01
   8.5803705e-02
   2.3727953e-01
   3.2478210e-01
   1.4873337e-01
   4.4182252e-02
   4.5091599e-02
   4.6645935e-01
   4.7385802e-01
   5.4071523e-01
   0.0000000e+00
   0.0000000e+00
   4.2095844e-01
   3.5687611e-02
   3.7440976e-01
   0.0000000e+00
   4.3923650e-01
   4.7739979e-01
   3.5280882e-01
   9.7641174e-02
   0.0000000e+00
   0.0000000e+00
   2.5056088e-01
   4.2119198e-01
   5.6171824e-01
   0.0000000e+00
   4.0292755e-01
   2.2958609e-01
   4.3259074e-01
   2.6672832e-01
   4.0881608e-01
   4.6279873e-01
   2.3700676e-01
   2.7016460e-01
   6.0032181e-02
   0.0000000e+00
   3.3792454e-01
   3.0934818e-01
   4.6704748e-01
   1.1052429e-01
   4.1946056e-01
   0.0000000e+00
   1.6083601e-01
   5.0228544e-01
   4.5457805e-03
   3.1849320e-01
   2.4290138e-01
   1.5044302e-01
   3.8048545e-01
   5.7178786e-01
   0.0000000e+00
   5.5904849e-01
   0.0000000e+00
   3.1927946e-01
   2.0810413e-01
   4.2215031e-01
   0.0000000e+00
   0.0000000e+00
   3.8025691e-01
   5.1283569e-01
   4.7374470e-01
   4.2983631e-01
   0.0000000e+00
   0.0000000e+00
   2.2808103e-01
   3.6733042e-01
   4.1405219e-01
   4.2295549e-01
   3.0244229e-01
   1.8136308e-01
   5.5963656e-01
   3.5696419e-01
   1.6410274e-01
   3.8988286e-01
   0.0000000e+00
   6.3222366e-02
   0.0000000e+00
   5.0665908e-01
   1.6663997e-01
   4.1195937e-01
   0.0000000e+00
   2.6719349e-01
   3.3301530e-01
   0.0000000e+00
   1.9435695e-01
   0.0000000e+00
   3.4095135e-01
   4.4652457e-01
   0.0000000e+00
   1.5393800e-01
   3.0070509e-01
   3.5910776e-01
   0.0000000e+00
   7.0564435e-03
   3.5276742e-01
   4.7410676e-01
   4.0893457e-01
   3.9984451e-01
   3.1040666e-01
   3.9350804e-01
   9.6553357e-02
   2.4644272e-01
   0.0000000e+00
   9.0900557e-02
   4.4789420e-01
   3.6442741e-01
   5.6974921e-02
   4.3975325e-01
   4.8841604e-02
   3.0830096e-01
   0.0000000e+00
   4.9324207e-01
   2.1966506e-01
   3.0722071e-01
   2.0437638e-01
   4.6273550e-01
   1.2644227e-01
   2.2318911e-01
   2.4314899e-01
   1.0687533e-01
   0.0000000e+00
   1.5263415e-01
   0.0000000e+00
   0.0000000e+00
   0.0000000e+00
   0.0000000e+00
   4.1223899e-01
   3.6833664e-01
   0.0000000e+00
   0.0000000e+00
   0.0000000e+00
   1.2778180e-02
   0.0000000e+00
   0.0000000e+00
   0.0000000e+00
   4.0154625e-01
   0.0000000e+00
   0.0000000e+00
   1.6205234e-01
   1.9568818e-01
   0.0000000e+00
   0.0000000e+00
   0.0000000e+00
   1.3031668e-01
   0.0000000e+00
   2.8798137e-01
   4.9722959e-02
   0.0000000e+00
   5.3508871e-01
   2.7573376e-01
   0.0000000e+00
   3.2646201e-01
   2.5458964e-01
   0.0000000e+00
   2.1218418e-01
   0.0000000e+00
   3.4769865e-01
   3.6307929e-01
   0.0000000e+00
   2.9576744e-01
   2.9710219e-01
   1.2012072e-02
   3.1820075e-01
   2.9212350e-01
   4.8452959e-02
   4.5173734e-01
   4.5149970e-01
   0.0000000e+00
   2.5594232e-01
   4.9964300e-01
   0.0000000e+00
   2.0311529e-01
   4.5514614e-01
   4.2775711e-01
   0.0000000e+00
   3.0132107e-01
   4.7147225e-03
   4.1094304e-01
   1.7470619e-01
   2.0818661e-01
   1.9737308e-01
   0.0000000e+00
   1.8961764e-02
   4.0069850e-01
   2.0349865e-01
   5.3759001e-02
   4.2963911e-01
   1.9290365e-01
   0.0000000e+00
   6.4027197e-02
   2.0259560e-01
   3.6671760e-01
   0.0000000e+00
   0.0000000e+00
   2.1538162e-01
   6.0830309e-01
   0.0000000e+00
   0.0000000e+00
   3.4286686e-01
   3.3023051e-01
   2.5964924e-01
   3.7202799e-01
   4.5023958e-01
   3.7270654e-01
   1.1114284e-01
   3.6186403e-01
   2.7291564e-02
   2.8888323e-01
   3.8657352e-01
   2.4296597e-01
   3.5694998e-01
   4.8179212e-01
   3.8118383e-01
   1.4645086e-01
   4.4063196e-02
   3.3018215e-01
   0.0000000e+00
   3.2956669e-01
   3.3599500e-01
   8.0809363e-02
   2.5101654e-01
   1.1210405e-01
   4.1097410e-01
   0.0000000e+00
   5.8153630e-02
   0.0000000e+00
   3.1577332e-01
   2.6961072e-01
   1.5137886e-01
   0.0000000e+00
   3.7058642e-01
   2.5112925e-01
   2.0224614e-01
   2.3156838e-02
   0.0000000e+00
   3.4300750e-01
   1.8739248e-01
   0.0000000e+00
   1.6972039e-01
   2.5047408e-01
   2.3848355e-01
   2.0112907e-01
   3.2006204e-01
   0.0000000e+00
   5.4100579e-02
   3.5788911e-01
   4.1647825e-01
   2.4721639e-01
   3.8224752e-01
   4.3203082e-01
   3.8598546e-01
   1.7962046e-01
   0.0000000e+00
   1.8342408e-01
   0.0000000e+00
   1.9012723e-02
   0.0000000e+00
   3.4472589e-01
   1.7699969e-01
   2.9566740e-01
   4.9721090e-01
   2.7751648e-01
   1.7455085e-01
   1.3561556e-01
   0.0000000e+00
   5.1471362e-01
   1.6166776e-01
   4.0789438e-01
   0.0000000e+00
   4.3724314e-02
   3.8970350e-01
   2.5242488e-01
   0.0000000e+00
   1.8415212e-01
   2.0235931e-01
   1.7065807e-01
   4.6605018e-01
   3.1816267e-01
   2.1366077e-01
   2.8283899e-01
   2.3420948e-01
   0.0000000e+00
   2.7538228e-01
   2.2550083e-01
   4.3337639e-01
   8.6497074e-02
   2.8457198e-01
   1.2150957e-01
   0.0000000e+00
   2.2275426e-01
   0.0000000e+00
   4.1013055e-01
   5.1629284e-01
   2.7468376e-01
   0.0000000e+00
   3.1605420e-01
   0.0000000e+00
   0.0000000e+00
   3.5476211e-01
   3.4997620e-01
   3.8741488e-01
   3.7738982e-01
   3.0194155e-01
   0.0000000e+00
   1.1554386e-01
   2.5243776e-01
   4.2690106e-01
   3.9316937e-01
   2.1955764e-01
   1.0085131e-01
   2.4215117e-01
   1.7623183e-01
   0.0000000e+00
   8.5515823e-02
   2.8140018e-01
   2.9072996e-01
   2.0259481e-01
   2.7477721e-01
   1.9642936e-01
   2.1289638e-02
   2.8028030e-01
   1.1585312e-01
   2.3446505e-01
   1.7547630e-02
   0.0000000e+00
   0.0000000e+00
   0.0000000e+00
   5.0623031e-01
   2.4245858e-01
   3.5823558e-01
   0.0000000e+00
   7.9463984e-02
   0.0000000e+00
   3.7519827e-01
   1.7317469e-01
   1.0719704e-01
   2.4879730e-01
   9.0117337e-02
   0.0000000e+00
   0.0000000e+00
   0.0000000e+00
   3.4949906e-01
   2.0781764e-01
   2.7220253e-01
   0.0000000e+00
   0.0000000e+00
   3.6384115e-01
   4.1142268e-01
   4.8676279e-01
   1.5414647e-01
   0.0000000e+00
   0.0000000e+00
   1.7044568e-01
   4.6283066e-01
   1.3931425e-01
   2.8826864e-01
   3.3852557e-01
   3.5747477e-01
   0.0000000e+00
   1.3892373e-01
   1.6836052e-01
   3.2452942e-01
   1.9508141e-01
   0.0000000e+00
   3.6338198e-01
   4.0070518e-01
   3.9646500e-01
   4.4837994e-01
   5.1437295e-02
   0.0000000e+00
   3.7374400e-01
   1.7321938e-01
   0.0000000e+00
   3.0146250e-01
   0.0000000e+00
   1.0846548e-01
   0.0000000e+00
   1.7960855e-01
   4.8269132e-01
   2.8093746e-01
   0.0000000e+00
   2.1867560e-01
   3.1358595e-01
   3.2055450e-01
   1.2143144e-01
   3.9580495e-01
   1.8752388e-01
   1.6248104e-01
   0.0000000e+00
   0.0000000e+00
   0.0000000e+00
   2.5894768e-01
   5.4645677e-01
   4.5434235e-01
   0.0000000e+00
   2.7502646e-01
   2.0559963e-01
   0.0000000e+00
   7.5500425e-02
   3.3524750e-01
   1.9000553e-01
   0.0000000e+00
   3.2063923e-01
   6.0692756e-02
   4.3091350e-01
   2.6394934e-02
   3.3702257e-01
   1.4265493e-01
   3.4084852e-01
   2.4781302e-01
   2.1962426e-01
   4.3010261e-01
   2.6707515e-01
   6.8331329e-02
   2.4310111e-01
   3.4425131e-01
   1.3515187e-01
   0.0000000e+00
   0.0000000e+00
   3.7788746e-01
   4.2120463e-01
   5.1098445e-02
   4.1855469e-01
   2.4772744e-01
   0.0000000e+00
   0.0000000e+00
   3.1495688e-01
   2.8534994e-01
   2.2821309e-02
   3.5033060e-01
   0.0000000e+00
   1.6258030e-02
   1.7952589e-01
   4.9284065e-02
   2.3303275e-01
   1.1825242e-01
   1.2752406e-01
   0.0000000e+00
   0.0000000e+00
   2.9753237e-01
   4.4806417e-01
   2.2586502e-01
   5.6662191e-01
   0.0000000e+00
   1.3062984e-01
   0.0000000e+00
   0.0000000e+00
   0.0000000e+00
   4.9503790e-02
   5.7045415e-01
   0.0000000e+00
   3.3587754e-01
   9.6548785e-02
   0.0000000e+00
   1.5622074e-01
   1.6471906e-01
   2.3943281e-01
   3.2654057e-01
   0.0000000e+00
   1.6206448e-01
   0.0000000e+00
   9.1143207e-03
   0.0000000e+00
   1.9472495e-01
   2.4712700e-01
   1.3975322e-01
   2.8367065e-03
   4.3533174e-01
   0.0000000e+00
   0.0000000e+00
   3.2705683e-01
   3.8694903e-01
   3.6108346e-02
   2.4549849e-01
   6.7789888e-02
   3.0019290e-01
   1.2145408e-01
   4.0724733e-01
   2.8307513e-01
   1.5353764e-01
   6.4300053e-02
   2.8198239e-01
   3.7210592e-01
   5.0949119e-01
   2.1901448e-01
   0.0000000e+00
   2.4062916e-01
   5.0017654e-01
   4.3283040e-01
   4.2446260e-01
   3.5040029e-01
   2.2228476e-01
   1.9375135e-01
   2.5314344e-01
   4.2365457e-01
   0.0000000e+00
   3.9705628e-01
   2.2816062e-01
   4.5451466e-01
   2.1787704e-01
   3.5212195e-01
   0.0000000e+00
   1.2473848e-01
   3.3425850e-02
   9.4947299e-02
   5.0532653e-01
   4.6140860e-01
   0.0000000e+00
   2.4803253e-01
   3.0861326e-01
   0.0000000e+00
   3.7470175e-01
   1.7229623e-01
   4.2576624e-01
   0.0000000e+00
   0.0000000e+00
   0.0000000e+00
   1.7480094e-02
   0.0000000e+00
   3.7524340e-01
   3.2316178e-01
   2.1323742e-01
   0.0000000e+00
   3.5753776e-01
   8.3313484e-02
   1.7523567e-02
   2.6546060e-02
   3.6922038e-01
   3.8272352e-01
   8.0965415e-02
   0.0000000e+00
   1.7911433e-01
   2.8721639e-01
   2.8483388e-01
   3.7873844e-01
   4.6646838e-01
   1.6302489e-01
   3.1638515e-01
   1.6113441e-01
   1.3580942e-01
   0.0000000e+00
   2.4821123e-01
   0.0000000e+00
   3.1755528e-01
   1.9469162e-01
   5.0241739e-01
   6.8725983e-02
   3.2933426e-02
   2.9189370e-01
   0.0000000e+00
   0.0000000e+00
   8.0695488e-02
   2.6143250e-01
   0.0000000e+00
   1.2723781e-01
   3.2455433e-01
   2.2393447e-01
   4.2396813e-01
   3.1073672e-01
   3.6050632e-01
   0.0000000e+00
   1.4833823e-01
   2.9001369e-01
   2.2918061e-01
   2.4360215e-01
   2.8390597e-01
   1.0839758e-01
   0.0000000e+00
   1.8741741e-01
   1.5248663e-01
   4.4687842e-01
   2.7530521e-01
   2.0868023e-01
   2.6160185e-01
   4.4123438e-01
   0.0000000e+00
   1.7269114e-01
   1.4141077e-01
   3.8597245e-01
   3.9142154e-01
   1.8197310e-01
   1.4390103e-01
   0.0000000e+00
   3.9936568e-01
   0.0000000e+00
   4.4659321e-01
   1.5855279e-01
   0.0000000e+00
   3.1516828e-01
   5.2945018e-02
   1.4385522e-01
   4.0149872e-01
   0.0000000e+00
   2.9493008e-01
   3.8057529e-01
   0.0000000e+00
   9.1041576e-02
   4.1056601e-01
   4.3048341e-01
   2.0598099e-01
   2.6426650e-01
   2.6158665e-01
   0.0000000e+00
   1.9536395e-01
   3.7336828e-01
   4.7196344e-01
   4.3653438e-01
   1.2635649e-02
   3.9717455e-01
   1.9131623e-01
   5.6651805e-02
   2.7150551e-02
   3.7905970e-01
   4.0947391e-01
   3.4868212e-01
   1.8555465e-01
   4.8229228e-01
   4.2268895e-01
   4.2337704e-01
   4.0989506e-01
   4.3261434e-01
   3.1196456e-01
   4.1900974e-01
   0.0000000e+00
   4.8282304e-01
   0.0000000e+00
   6.9052267e-02
   3.6583332e-01
   0.0000000e+00
   4.0806011e-01
   3.0236048e-01
   3.0169786e-01
   0.0000000e+00
   0.0000000e+00
   4.2091056e-01
   2.3382424e-01
   5.0788169e-03
   5.2707713e-01
   0.0000000e+00
   0.0000000e+00
   0.0000000e+00
   3.6011360e-01
   2.6796467e-01
   8.9560564e-02
   5.5277574e-01
   3.4017178e-01
   2.6527806e-01
   4.9278885e-01
   0.0000000e+00
   3.0617452e-01
   4.0079224e-01
   2.9473746e-01
   3.4043247e-01
   1.2631829e-01
   3.1212960e-01
   3.8142331e-01
   8.3291320e-02
   3.0794098e-01
   1.1428670e-01
   2.2922613e-01
   1.5431527e-01
   2.0983840e-01
   0.0000000e+00
   3.6054995e-01
   2.5078666e-02
   7.9888176e-02
   0.0000000e+00
   5.2735116e-01
   1.2516894e-01
   4.0027041e-01
   3.6159403e-01
   4.2492856e-01
   6.0115522e-02
   2.3216998e-01
   0.0000000e+00
   4.6849214e-01
   2.7282894e-02
   0.0000000e+00
   2.6872645e-01
   3.0284591e-01
   2.7397709e-01
   8.0792886e-02
   3.4035892e-01
   5.0255314e-02
   3.9314275e-02
   1.0987395e-01
   2.5808258e-01
   1.7600916e-01
   1.9648448e-01
   3.6808606e-01
   0.0000000e+00
   1.0113085e-01
   0.0000000e+00
   4.6650576e-01
   3.6998105e-01
   2.8403152e-01
   0.0000000e+00
   6.7132217e-02
   0.0000000e+00
   3.0115204e-01
   2.5039445e-01
   7.1182097e-01
   3.5761370e-01
   5.4418922e-01
   5.2462279e-01
   0.0000000e+00
   4.2355065e-01
   4.2743660e-01
   3.0321576e-02
   0.0000000e+00
   0.0000000e+00
   3.4047246e-01
   0.0000000e+00
   0.0000000e+00
   2.1784946e-01
   0.0000000e+00
   0.0000000e+00
   2.6030154e-01
   1.2422327e-01
   0.0000000e+00
   0.0000000e+00
   2.3908868e-01
   1.1842804e-01
   3.9290294e-01
   1.3315141e-01
   1.2483514e-01
   3.3542596e-01
   3.4564316e-01
   0.0000000e+00
   0.0000000e+00
   3.9438629e-01
   0.0000000e+00
   0.0000000e+00
   2.9227664e-01
   3.9487681e-01
   0.0000000e+00
   4.4346965e-01
   3.1834000e-01
   4.2912917e-01
   0.0000000e+00
   0.0000000e+00
   0.0000000e+00
   6.7033426e-02
   9.6483966e-02
   1.3511757e-01
   0.0000000e+00
   4.6725104e-01
   0.0000000e+00
   0.0000000e+00
   2.2858081e-01
   4.3944247e-01
   5.0827205e-02
   0.0000000e+00
   3.3088918e-01
   1.9214214e-01
   7.5744099e-02
   2.5867963e-01
   1.4832352e-01
   0.0000000e+00
   0.0000000e+00
   2.6722970e-01
   4.1203738e-01
   3.0138141e-01
   1.6541996e-01
   0.0000000e+00
   1.8233737e-01
   4.1578496e-01
   4.3050628e-02
   3.3856633e-01
   0.0000000e+00
   0.0000000e+00
   0.0000000e+00
   2.8140568e-01
   2.3091321e-01
   3.5908612e-01
   3.9929438e-01
   0.0000000e+00
   0.0000000e+00
   0.0000000e+00
   1.3194258e-01
   1.2843894e-01
   5.2022313e-01
   2.2259965e-02
   0.0000000e+00
   2.8992518e-01
   0.0000000e+00
   0.0000000e+00
   3.0405688e-01
   3.3644660e-01
   3.6393403e-01
   7.2201847e-02
   3.5467967e-01
   0.0000000e+00
   5.3748841e-03
   0.0000000e+00
   0.0000000e+00
   0.0000000e+00
   3.3915606e-02
   3.4624405e-01
   6.0025478e-01
   0.0000000e+00
   2.0062499e-01
   6.7821699e-02
   5.2083736e-02
   3.8242902e-01
   0.0000000e+00
   1.7122726e-01
   1.5893285e-01
   1.9175281e-01
   2.8090960e-01
   5.1298828e-01
   2.7640248e-01
   1.9644642e-01
   3.6553574e-01
   4.3040065e-01
   2.3637275e-01
   0.0000000e+00
   5.7538990e-02
   1.4760107e-01
   2.5025390e-01
   6.4909930e-02
   1.0833064e-01
   0.0000000e+00
   2.4970680e-02
   7.6566952e-02
   1.5330627e-01
   0.0000000e+00
   0.0000000e+00
   3.3296532e-01
   0.0000000e+00
   1.0524852e-01
   0.0000000e+00
   0.0000000e+00
   3.3509950e-01
   0.0000000e+00
   1.8526590e-01
   2.4906647e-01
   4.7957906e-01
   0.0000000e+00
   0.0000000e+00
   0.0000000e+00
   2.2066826e-01
   4.0678335e-01
   1.5085915e-01
   0.0000000e+00
   3.1163716e-01
   3.1534063e-01
   0.0000000e+00
   3.2369756e-01
   3.0364323e-01
   4.0899698e-01
   0.0000000e+00
   1.5337225e-01
   1.8328058e-01
   3.9435345e-01
   7.9723774e-02
   2.7007116e-01
   3.1245100e-01
   0.0000000e+00
   1.8172884e-01
   0.0000000e+00
   5.1514320e-01
   3.1777703e-01
   5.7319996e-02
   0.0000000e+00
   0.0000000e+00
   4.2914978e-01
   3.2257973e-01
   0.0000000e+00
   0.0000000e+00
   0.0000000e+00
   0.0000000e+00
   0.0000000e+00
   1.2954620e-01
   3.6966561e-01
   2.3283697e-01
   9.9539971e-02
   2.1879974e-01
   3.3728669e-01
   0.0000000e+00
   2.3322411e-01
   3.2768097e-01
   0.0000000e+00
   1.7486797e-01
   1.6351216e-01
   0.0000000e+00
   1.8069783e-01
   0.0000000e+00
   4.4590206e-01
   2.0146216e-01
   3.9497456e-01
   3.6836886e-01
   0.0000000e+00
   0.0000000e+00
   0.0000000e+00
   6.6722199e-01
   2.7916309e-01
   1.2167833e-01
   7.7526118e-02
   0.0000000e+00
   0.0000000e+00
   3.3774387e-01
   1.5791434e-01
   3.6516680e-01
   5.4541062e-01
   4.6226665e-01
   1.4516643e-01
   2.7661764e-01
   0.0000000e+00
   0.0000000e+00
   1.8736705e-01
   2.8194404e-02
   7.6369844e-02
   2.3819380e-01
   0.0000000e+00
   5.3846348e-01
   0.0000000e+00
   4.7909871e-01
   3.0233885e-01
   3.6660494e-01
   3.0409779e-01
   0.0000000e+00
   2.5919830e-01
   2.3167105e-01
   2.2528277e-01
   4.0440813e-01
   5.8102566e-02
   2.0729352e-01
   0.0000000e+00
   3.7372941e-01
   3.2338269e-01
   1.5975371e-01
   4.9600958e-01
   2.3206877e-01
   4.1347191e-01
   2.6400197e-01
   0.0000000e+00
   2.6003208e-01
   1.2954068e-01
   2.9895350e-01
   0.0000000e+00
   3.3988350e-01
   1.4492874e-01
   8.9146659e-02
   0.0000000e+00
   2.3096573e-01
   0.0000000e+00
   0.0000000e+00
   0.0000000e+00
   0.0000000e+00
   3.2306826e-01
   1.2642725e-01
   4.7882823e-02
   1.5494562e-01
   2.7303960e-01
   3.8822985e-01
   0.0000000e+00
   0.0000000e+00
   5.4586825e-02
   4.3689897e-01
   0.0000000e+00
   9.2725495e-02
   3.0560508e-01
   1.6476200e-01
   0.0000000e+00
   0.0000000e+00
   2.5051984e-02
   0.0000000e+00
   3.9885445e-01
   2.0643964e-01
   4.2972269e-01
   0.0000000e+00
   0.0000000e+00
   2.7784690e-01
   4.6292687e-01
   2.2405927e-01
   7.6529809e-02
   0.0000000e+00
   1.3796714e-01
   1.8178716e-01
   0.0000000e+00
   0.0000000e+00
   0.0000000e+00
   0.0000000e+00
   0.0000000e+00
   0.0000000e+00
   4.6177834e-01
   1.5616955e-01
   2.0317076e-01
   0.0000000e+00
   4.0983141e-01
   4.1114837e-01
   2.0505096e-01
   1.8169610e-01
   4.7205955e-01
   1.2828784e-01
   8.9979924e-02
   0.0000000e+00
   3.2454066e-01
   2.3083723e-01
   1.3258776e-01
   4.5001375e-01
   3.3496172e-01
   2.9901769e-01
   8.4463387e-03
   3.0017885e-01
   3.6027687e-01
   3.1742875e-01
   0.0000000e+00
   1.7686824e-01
   2.2556424e-01
   2.3732857e-01
   0.0000000e+00
   2.3905966e-01
   1.4784690e-01
   4.7498253e-01
   2.1362669e-01
   2.0873751e-01
   2.6507356e-01
   0.0000000e+00
   0.0000000e+00
   1.5479078e-02
   8.1421303e-02
   2.6297313e-01
   0.0000000e+00
   0.0000000e+00
   2.5552311e-01
   0.0000000e+00
   1.2250077e-01
   0.0000000e+00
   0.0000000e+00
   1.8108096e-01
   0.0000000e+00
   3.4251861e-01
   5.4875283e-02
   1.1805349e-01
   2.9991382e-01
   2.2122003e-01
   3.3847980e-01
   5.4706906e-01
   7.0714015e-02
   0.0000000e+00
   0.0000000e+00
   0.0000000e+00
   0.0000000e+00
   2.9357939e-01
   0.0000000e+00
   5.7841800e-01
   3.6905557e-02
   0.0000000e+00
   0.0000000e+00
   2.7192708e-01
   2.7772062e-01
   4.0294044e-02
   2.1343641e-01
   0.0000000e+00
   2.3482574e-01
   0.0000000e+00
   0.0000000e+00
   1.9942729e-01
   0.0000000e+00
   0.0000000e+00
   2.5717288e-01
   3.4192569e-01
   3.4755516e-01
   0.0000000e+00
   2.2828535e-01
   7.7149426e-02
   3.9807611e-01
   0.0000000e+00
   0.0000000e+00
   2.4943539e-01
   0.0000000e+00
   3.4276802e-01
   4.4604129e-02
   1.0438231e-01
   0.0000000e+00
   3.1892641e-01
   3.6522429e-01
   0.0000000e+00
   0.0000000e+00
   0.0000000e+00
   0.0000000e+00
   2.2310464e-01
   2.6113508e-01
   0.0000000e+00
   4.0744755e-01
   0.0000000e+00
   3.9992042e-01
   1.4052132e-01
   4.0417732e-01
   4.3937236e-01
   0.0000000e+00
   4.4878455e-01
   2.4314210e-01
   4.1985402e-01
   0.0000000e+00
   5.2955365e-01
   5.2306530e-02
   3.8654533e-01
   0.0000000e+00
   0.0000000e+00
   2.0608753e-01
   3.4678385e-01
   0.0000000e+00
   2.0609993e-01
   1.2840763e-01
   3.9543157e-01
   0.0000000e+00
   0.0000000e+00
   3.6899968e-01
   0.0000000e+00
   2.9124798e-01
   5.6335031e-02
   0.0000000e+00
   0.0000000e+00
   0.0000000e+00
   2.4770385e-01
   4.6474414e-01
   3.6132319e-01
   4.1254615e-01
   3.7870174e-01
   0.0000000e+00
   1.7394489e-01
   0.0000000e+00
   1.6173890e-01
   1.4292015e-01
   4.1279706e-01
   2.1448869e-01
   2.2688140e-01
   1.6551437e-01
   3.8136842e-01
   9.2681177e-02
   0.0000000e+00
   0.0000000e+00
   4.1514442e-01
   3.8124263e-02
   0.0000000e+00
   0.0000000e+00
   3.6772000e-01
   1.8703326e-01
   8.1633169e-02
   2.4202633e-01
   3.3107176e-01
   0.0000000e+00
   0.0000000e+00
   4.7553059e-01
   3.2053526e-01
   1.0287941e-01
   2.1779747e-01
   2.3903387e-01
   1.4183966e-01
   0.0000000e+00
   3.6972010e-01
   0.0000000e+00
   3.0319766e-01
   2.2161435e-01
   5.0777131e-01
   1.1734644e-01
   1.0037679e-02
   2.0388389e-01
   0.0000000e+00
   3.1416024e-01
   2.5652302e-01
   2.4145216e-01
   1.0326530e-01
   0.0000000e+00
   3.4225533e-01
   5.6368019e-02
   4.7165631e-01
   0.0000000e+00
   4.4737869e-01
   7.3808299e-02
   0.0000000e+00
   1.9059811e-01
   0.0000000e+00
   2.2134127e-01
   5.6738804e-02
   0.0000000e+00
   4.0276679e-01
   0.0000000e+00
   3.1803869e-01
   1.8484950e-01
   1.3897851e-01
   0.0000000e+00
   3.3675910e-01
   7.3870214e-02
   2.5544605e-01
   0.0000000e+00
   0.0000000e+00
   4.2008675e-01
   4.0783476e-01
   1.2006686e-01
   2.8142662e-01
   0.0000000e+00
   5.4331506e-01
   1.3185233e-02
   4.0070022e-01
   1.7181408e-01
   2.0361823e-01
   2.6451250e-01
   1.4125694e-01
   1.9045991e-01
   0.0000000e+00
   0.0000000e+00
   1.2370963e-01
   3.3974212e-01
   3.6553207e-01
   0.0000000e+00
   0.0000000e+00
   2.2040421e-01
   5.2036169e-01
   9.1395299e-02
   3.7484613e-01
   2.0440302e-01
   4.0129028e-01
   2.7627056e-02
   2.6691073e-01
   2.1240273e-03
   4.8699494e-01
   2.5816729e-01
   3.1512953e-01
   2.4813552e-01
   3.5420523e-01
   0.0000000e+00
   0.0000000e+00
   3.9464826e-01
   0.0000000e+00
   0.0000000e+00
   3.0967550e-01
   0.0000000e+00
   0.0000000e+00
   8.4384299e-02
   5.0761538e-01
   0.0000000e+00
   0.0000000e+00
   0.0000000e+00
   4.1365617e-01
   3.5623944e-01
   0.0000000e+00
   1.7419232e-01
   4.3118793e-01
   1.5440908e-02
   3.7181931e-01
   0.0000000e+00
   0.0000000e+00
   0.0000000e+00
   2.6347322e-01
   4.4280243e-01
   2.1031906e-01
   3.5473234e-01
   2.6047718e-01
   2.5008874e-01
   1.6815600e-01
   1.8938312e-01
   0.0000000e+00
   2.2644498e-01
   1.1208257e-01
   0.0000000e+00
   3.1535288e-01
   0.0000000e+00
   3.0723970e-01
   3.9344460e-01
   1.3286273e-01
   0.0000000e+00
   3.2309853e-01
   0.0000000e+00
   0.0000000e+00
   0.0000000e+00
   2.1789572e-01
   3.3649130e-01
   1.7545796e-01
   2.3443199e-01
   0.0000000e+00
   3.3386458e-01
   1.3730576e-01
   1.8380006e-01
   0.0000000e+00
   4.0148159e-01
   5.5739092e-01
   2.7387401e-01
   1.6379827e-01
   1.4286646e-02
   0.0000000e+00
   0.0000000e+00
   0.0000000e+00
   3.0322176e-01
   0.0000000e+00
   2.6317183e-01
   0.0000000e+00
   0.0000000e+00
   1.5140651e-01
   4.3440218e-01
   4.1169794e-01
   4.0975359e-01
   9.8629242e-02
   1.5852246e-01
   0.0000000e+00
   1.7588077e-01
   0.0000000e+00
   5.0646885e-02
   1.3744749e-01
   2.6704022e-01
   3.1491790e-01
   1.7304969e-01
   3.9019741e-01
   1.8380657e-01
   7.8661949e-02
   1.4108228e-01
   3.5561553e-01
   3.5765710e-01
   9.4782747e-03
   1.1669761e-01
   2.8270397e-01
   1.0592453e-01
   2.4240850e-01
   0.0000000e+00
   2.7148279e-01
   4.5355484e-01
   2.4569965e-02
   2.7728442e-01
   2.2784263e-01
   0.0000000e+00
   0.0000000e+00
   1.3033633e-01
   0.0000000e+00
   1.7510766e-01
   2.5634664e-01
   3.5583756e-01
   4.7229314e-01
   1.6415498e-01
   0.0000000e+00
   0.0000000e+00
   1.0583704e-01
   1.7684421e-01
   0.0000000e+00
   9.6642226e-02
   0.0000000e+00
   0.0000000e+00
   5.0499635e-01
   0.0000000e+00
   1.5296678e-01
   2.6420848e-01
   0.0000000e+00
   0.0000000e+00
   2.1432411e-01
   1.5309741e-01
   3.8071986e-01
   0.0000000e+00
   2.1953819e-01
   3.9828782e-01
   2.7531773e-02
   0.0000000e+00
   2.9483730e-01
   0.0000000e+00
   3.9315676e-01
   2.8393400e-01
   2.3928601e-01
   2.7052041e-01
   2.3528883e-01
   3.2999381e-01
   0.0000000e+00
   0.0000000e+00
   2.3140473e-01
   1.3335434e-01
   0.0000000e+00
   2.7497919e-01
   1.5154900e-01
   4.2780176e-01
   1.6620869e-02
   1.4683438e-01
   2.8194181e-01
   0.0000000e+00
   2.3157810e-01
   0.0000000e+00
   3.9009655e-01
   2.3266960e-02
   2.3143499e-01
   2.7979738e-01
   2.2881128e-01
   2.4095550e-01
   0.0000000e+00
   4.7547878e-01
   3.4429450e-01
   0.0000000e+00
   2.7579922e-01
   2.0172624e-01
   2.8814916e-01
   6.0593684e-02
   0.0000000e+00
   0.0000000e+00
   1.8830236e-01
   2.2323277e-02
   3.9056431e-01
   2.6235529e-01
   1.7367359e-01
   2.2035791e-01
   2.5864754e-01
   6.2248949e-02
   0.0000000e+00
   3.4634606e-01
   4.3623693e-02
   5.2990625e-01
   3.2591449e-01
   3.7667251e-01
   0.0000000e+00
   0.0000000e+00
   0.0000000e+00
   1.2285236e-01
   5.5450169e-01
   4.8549701e-01
   2.2605276e-01
   0.0000000e+00
   0.0000000e+00
   5.3230949e-01
   1.4924517e-01
   0.0000000e+00
   0.0000000e+00
   2.6825691e-01
   1.6076095e-01
   0.0000000e+00
   0.0000000e+00
   0.0000000e+00
   4.4420740e-01
   2.6847039e-02
   3.3877162e-01
   5.1810573e-01
   0.0000000e+00
   2.4007624e-01
   0.0000000e+00
   2.3811514e-01
   3.4619898e-01
   4.3204964e-01
   2.9244641e-01
   2.6048471e-01
   1.0655623e-02
   0.0000000e+00
   3.6550240e-01
   2.3463722e-01
   0.0000000e+00
   0.0000000e+00
   0.0000000e+00
   2.0429254e-01
   2.4751608e-01
   5.0468143e-01
   3.9784941e-01
   0.0000000e+00
   2.1561162e-01
   3.5389302e-01
   2.1856930e-01
   5.4984233e-01
   0.0000000e+00
   1.6305572e-01
   2.5263625e-01
   8.8206679e-02
   2.6197837e-01
   2.4831440e-01
   2.7844121e-01
   3.1186725e-01
   1.6135389e-01
   0.0000000e+00
   5.4519773e-02
   4.2386151e-02
   2.3820857e-01
   0.0000000e+00
   0.0000000e+00
   5.3637419e-02
   3.5452519e-01
   0.0000000e+00
   0.0000000e+00
   0.0000000e+00
   3.0366538e-01
   4.3484744e-02
   1.9848503e-01
   0.0000000e+00
   2.8912215e-01
   0.0000000e+00
   2.5179706e-02
   0.0000000e+00
   3.9533772e-01
   5.0133143e-02
   3.9002492e-01
   0.0000000e+00
   1.5255185e-02
   2.1000469e-01
   0.0000000e+00
   0.0000000e+00
   0.0000000e+00
   2.2452160e-02
   2.7092011e-01
   4.1301327e-01
   3.9143265e-01
   0.0000000e+00
   1.8257698e-01
   2.3801568e-01
   3.8785132e-01
   2.9828995e-01
   3.0514495e-01
   1.3621417e-01
   0.0000000e+00
   2.1302226e-01
   2.6490845e-01
   4.2958904e-01
   0.0000000e+00
   3.5337088e-01
   8.8780778e-02
   2.0165071e-01
   3.9677544e-01
   5.5435483e-02
   4.6810497e-01
   3.1470291e-01
   0.0000000e+00
   0.0000000e+00
   2.1845523e-01
   2.6348814e-01
   3.2105599e-01
   0.0000000e+00
   0.0000000e+00
   4.7556049e-01
   3.0045952e-01
   2.6802714e-01
   3.3900328e-01
   2.7840323e-01
   2.4489902e-01
   0.0000000e+00
   3.8455495e-01
   2.5955284e-01
   1.6999606e-01
   0.0000000e+00
   3.5215824e-01
   2.3509149e-01
   9.7371599e-02
   4.0121921e-01
   1.3165019e-01
   3.9033929e-01
   1.4869525e-01
   0.0000000e+00
   2.7605198e-01
   3.3377749e-01
   2.6359964e-01
   0.0000000e+00
   4.6964457e-01
   1.7780019e-01
   0.0000000e+00
   1.3134565e-01
   2.9812192e-01
   2.0069961e-01
   0.0000000e+00
   0.0000000e+00
   3.0573517e-01
   1.6210515e-01
   0.0000000e+00
   0.0000000e+00
   3.2807006e-01
   0.0000000e+00
   0.0000000e+00
   0.0000000e+00
   0.0000000e+00
   1.4135339e-01
   0.0000000e+00
   1.5430414e-01
   0.0000000e+00
   0.0000000e+00
   2.1510328e-01
   2.7796970e-01
   1.8513119e-01
   2.1157203e-01
   2.4127758e-01
   0.0000000e+00
   0.0000000e+00
   7.6544833e-02
   0.0000000e+00
   4.0631104e-01
   2.8723463e-01
   0.0000000e+00
   7.5469640e-02
   0.0000000e+00
   1.8202779e-02
   0.0000000e+00
   3.7140377e-01
   3.4111181e-01
   3.5786798e-01
   1.6851185e-01
   9.6646684e-02
   0.0000000e+00
   5.1081972e-01
   0.0000000e+00
   4.8103115e-01
   3.7620175e-01
   3.3053892e-01
   0.0000000e+00
   1.6669878e-01
   0.0000000e+00
   2.1781728e-01
   0.0000000e+00
   3.3383543e-01
   0.0000000e+00
   2.7869385e-01
   0.0000000e+00
   0.0000000e+00
   3.4145434e-01
   2.6912821e-01
   3.1974982e-01
   3.3729822e-01
   3.3335029e-01
   2.5770488e-01
   9.1083257e-02
   0.0000000e+00
   0.0000000e+00
   0.0000000e+00
   0.0000000e+00
   3.5492571e-01
   3.7884693e-01
   3.7645897e-01
   2.8519414e-01
   3.9780525e-01
   8.4857682e-02
   0.0000000e+00
   0.0000000e+00
   9.2586366e-02
   1.5198766e-01
   0.0000000e+00
   7.0871169e-02
   2.9721260e-01
   0.0000000e+00
   5.0323060e-02
   2.2000784e-01
   3.5959082e-01
   2.3769255e-01
   0.0000000e+00
   1.0855009e-02
   0.0000000e+00
   2.9627636e-01
   1.7389063e-01
   3.8060898e-01
   1.7862593e-01
   0.0000000e+00
   1.8950633e-01
   5.1483481e-01
   1.8203263e-01
   2.8559969e-01
   2.1259336e-01
   0.0000000e+00
   7.2621856e-02
   1.1092205e-01
   4.5497165e-01
   3.7859837e-01
   2.6034188e-01
   0.0000000e+00
   0.0000000e+00
   4.6326904e-01
   3.9453227e-01
   3.0920749e-01
   3.8582858e-01
   0.0000000e+00
   2.2994712e-02
   5.6255435e-02
   0.0000000e+00
   0.0000000e+00
   2.2010591e-01
   2.3365084e-01
   1.5130605e-01
   2.3250989e-01
   0.0000000e+00
   1.7686270e-01
   0.0000000e+00
   2.8889760e-01
   0.0000000e+00
   3.8469152e-01
   1.1819269e-01
   0.0000000e+00
   3.0302657e-01
   4.2643336e-01
   2.2793476e-01
   0.0000000e+00
   3.8941352e-01
   0.0000000e+00
   0.0000000e+00
   4.3778093e-01
   1.3148057e-01
   0.0000000e+00
   4.2108428e-01
   0.0000000e+00
   3.2724289e-01
   9.6689063e-02
   3.2789974e-01
   2.1627837e-01
   9.8155756e-02
   4.0932680e-01
   0.0000000e+00
   8.5711694e-02
   0.0000000e+00
   0.0000000e+00
   2.1083770e-01
   3.0776602e-01
   0.0000000e+00
   5.2040827e-01
   0.0000000e+00
   0.0000000e+00
   4.0237541e-01
   3.4167335e-01
   0.0000000e+00
   2.1914783e-01
   2.2017611e-01
   0.0000000e+00
   3.3522299e-01
   0.0000000e+00
   0.0000000e+00
   0.0000000e+00
   7.3894898e-02
   3.0548768e-01
   3.0667614e-01
   0.0000000e+00
   0.0000000e+00
   1.5798823e-01
   0.0000000e+00
   1.5353905e-01
   0.0000000e+00
   2.1225797e-01
   3.9551821e-01
   1.5555411e-01
   6.2372424e-02
   3.4969636e-01
   2.0971863e-01
   2.9148806e-04
   8.9660755e-02
   1.4015039e-01
   3.1820806e-01
   0.0000000e+00
   0.0000000e+00
   3.0092446e-01
   1.1548112e-01
   2.6392690e-01
   0.0000000e+00
   0.0000000e+00
   1.5372081e-01
   3.4121066e-01
   1.6584152e-01
   1.0311297e-01
   1.3922129e-01
   5.0060474e-01
   2.8157456e-01
   0.0000000e+00
   2.4968016e-01
   0.0000000e+00
   5.4732541e-01
   3.9766729e-01
   3.2334373e-01
   0.0000000e+00
   2.8732643e-01
   4.0025583e-01
   1.4240382e-01
   3.5438310e-01
   1.8461262e-01
   0.0000000e+00
   0.0000000e+00
   1.4133373e-01
   2.5152514e-01
   1.6834575e-01
   4.1116630e-01
   0.0000000e+00
   0.0000000e+00
   0.0000000e+00
   0.0000000e+00
   0.0000000e+00
   0.0000000e+00
   1.7472869e-01
   3.0108959e-01
   1.7646016e-01
   2.9513770e-01
   3.2632585e-01
   1.6249652e-01
   0.0000000e+00
   2.2846688e-01
   0.0000000e+00
   2.1044674e-01
   0.0000000e+00
   0.0000000e+00
   1.3979469e-01
   2.4162857e-01
   0.0000000e+00
   0.0000000e+00
   6.3532081e-01
   0.0000000e+00
   8.6626973e-02
   2.4915643e-01
   2.7040078e-01
   4.1389369e-01
   4.9549551e-01
   8.6399134e-02
   1.5678568e-01
   6.3718240e-02
   0.0000000e+00
   1.3470956e-01
   1.2275028e-01
   3.5292717e-01
   8.8131844e-02
   1.6686104e-01
   3.0325758e-02
   1.0282955e-01
   4.3693716e-01
   4.2202658e-01
   0.0000000e+00
   4.3452431e-01
   4.4060944e-01
   3.1623727e-01
   3.5566778e-01
   1.2788769e-01
   5.7622942e-02
   4.5208337e-01
   2.1948681e-01
   4.9608273e-02
   8.7358765e-02
   2.7866019e-02
   1.9693825e-02
   3.3713208e-01
   3.9003118e-01
   3.6927908e-01
   6.9003141e-02
   3.2093213e-01
   9.6221408e-02
   2.4392211e-02
   0.0000000e+00
   3.7174595e-01
   0.0000000e+00
   4.7285014e-01
   1.4225341e-01
   1.5597769e-01
   0.0000000e+00
   1.5802077e-01
   0.0000000e+00
   4.7341846e-01
   4.0000589e-01
   8.9190415e-02
   3.4351297e-01
   4.9108687e-02
   3.2229214e-03
   7.0283999e-02
   2.0023727e-01
   0.0000000e+00
   0.0000000e+00
   2.6210440e-01
   2.6537519e-01
   0.0000000e+00
   3.6120759e-01
   0.0000000e+00
   3.5331251e-01
   1.4915867e-01
   0.0000000e+00
   0.0000000e+00
   2.0850381e-01
   4.7543545e-02
   0.0000000e+00
   2.8835553e-01
   3.0243868e-01
   2.5171068e-01
   0.0000000e+00
   3.6247317e-01
   1.1429333e-01
   3.0413629e-01
   2.0219311e-01
   7.9509114e-02
   3.0026543e-02
   2.8724710e-01
   2.6604407e-01
   3.9882513e-02
   0.0000000e+00
   5.7385861e-01
   2.3383104e-01
   3.3143783e-01
   6.1747073e-02
   2.5696080e-01
   2.1772067e-01
   2.1148468e-01
   2.5679490e-01
   3.5239703e-01
   4.4205805e-01
   0.0000000e+00
   0.0000000e+00
   2.6541373e-01
   2.7560796e-01
   3.5422721e-01
   2.9321020e-01
   4.8848668e-01
   4.6168480e-01
   4.3089635e-01
   4.0086445e-01
   0.0000000e+00
   3.1633942e-01
   1.6320245e-01
   0.0000000e+00
   2.6032318e-01
   0.0000000e+00
   3.2955859e-01
   2.0492106e-01
   1.6752771e-01
   1.2235377e-01
   1.3545388e-01
   4.3773941e-01
   1.7853575e-01
   4.2028899e-01
   1.2549496e-01
   2.7023942e-01
   1.0694900e-01
   2.2504091e-01
   4.8342532e-01
   0.0000000e+00
   1.7585423e-01
   1.5687658e-01
   3.1476324e-01
   1.0392939e-01
   1.4923305e-02
   2.0917860e-01
   1.1029504e-01
   1.1296021e-01
   0.0000000e+00
   0.0000000e+00
   0.0000000e+00
   0.0000000e+00
   2.1672920e-01
   3.2352751e-01
   4.1508876e-01
   1.8515021e-01
   0.0000000e+00
   0.0000000e+00
   2.5057078e-01
   0.0000000e+00
   3.0553738e-02
   2.6712775e-01
   0.0000000e+00
   4.3788469e-01
   1.0700596e-01
   3.5155454e-01
   0.0000000e+00
   2.3022913e-01
   1.0619904e-01
   5.8867067e-01
   3.3228242e-01
   0.0000000e+00
   1.2382064e-01
   1.7854828e-01
   3.7558818e-01
   1.5547941e-01
   1.6599375e-01
   0.0000000e+00
   5.2862353e-01
   3.0359226e-01
   2.6145029e-01
   0.0000000e+00
   1.4062743e-01
   3.5867976e-01
   1.5457456e-01
   0.0000000e+00
   0.0000000e+00
   0.0000000e+00
   3.7577462e-01
   1.8383463e-01
   3.3210780e-01
   4.2603525e-01
   2.0582418e-01
   0.0000000e+00
   3.3549923e-01
   3.1350279e-01
   2.7289293e-01
   1.8598500e-01
   2.1570689e-01
   0.0000000e+00
   4.1342079e-02
   2.9015686e-01
   2.2976709e-01
   4.3497384e-01
   0.0000000e+00
   1.6933295e-01
   4.3298316e-01
   3.4224765e-01
   0.0000000e+00
   4.9064058e-03
   5.0678417e-01
   1.9275548e-01
   0.0000000e+00
   2.5386955e-01
   0.0000000e+00
   0.0000000e+00
   3.3279111e-01
   0.0000000e+00
   1.8013522e-01
   0.0000000e+00
   2.7198463e-01
   2.5823049e-01
   6.3498672e-02
   1.1324830e-01
   0.0000000e+00
   7.7084955e-02
   2.9720735e-01
   3.5974897e-01
   0.0000000e+00
   0.0000000e+00
   1.0835705e-01
   3.1851889e-01
   4.6687295e-01
   0.0000000e+00
   2.4010184e-01
   0.0000000e+00
   4.5101761e-02
   4.6895887e-01
   2.5649640e-01
   3.3430185e-01
   3.2796808e-01
   5.1175580e-02
   9.9882998e-02
   4.6008314e-01
   4.2574341e-01
   1.0897967e-01
   2.4516737e-01
   2.5159083e-01
   2.8236235e-01
   0.0000000e+00
   0.0000000e+00
   1.6191154e-01
   2.3594272e-01
   1.6080083e-01
   2.2314928e-01
   4.5364739e-01
   4.3937287e-01
   0.0000000e+00
   1.5707502e-01
   3.0615707e-01
   0.0000000e+00
   5.9335310e-02
   4.6178209e-01
   0.0000000e+00
   0.0000000e+00
   6.0601536e-02
   0.0000000e+00
   1.5226566e-01
   2.9661986e-01
   8.6473555e-02
   1.2756265e-01
   0.0000000e+00
   2.3251827e-01
   3.5556043e-01
   1.3244690e-02
   0.0000000e+00
   0.0000000e+00
   0.0000000e+00
   3.1797667e-01
   5.0530841e-01
   2.7820853e-01
   0.0000000e+00
   0.0000000e+00
   4.0509304e-01
   4.3214485e-01
   0.0000000e+00
   0.0000000e+00
   0.0000000e+00
   3.9316916e-01
   0.0000000e+00
   9.4037253e-03
   2.8426138e-01
   5.8233322e-01
   1.1521480e-01
   1.3090410e-01
   3.1559231e-01
   2.6784469e-01
   2.8371663e-01
   2.8404787e-01
   3.0759798e-01
   3.5972808e-01
   2.2053698e-01
   4.1487103e-01
   4.9719035e-01
   2.5721886e-01
   3.4163621e-01
   3.6689437e-01
   1.0876210e-01
   5.1976336e-01
   4.2369860e-01
   3.3931919e-01
   3.0268790e-01
   6.7432045e-02
   2.3564758e-01
   4.7284484e-01
   2.1509622e-01
   4.4138164e-01
   3.2173177e-01
   2.5247870e-01
   0.0000000e+00
   0.0000000e+00
   0.0000000e+00
   0.0000000e+00
   0.0000000e+00
   1.8024154e-01
   0.0000000e+00
   0.0000000e+00
   3.6744790e-01
   1.9864876e-01
   2.4110119e-01
   4.3360451e-01
   2.4499304e-01
   3.3705327e-01
   4.1592523e-02
   1.3252127e-02
   2.7762980e-01
   0.0000000e+00
   0.0000000e+00
   9.8124906e-02
   8.2663029e-02
   2.1014856e-01
   1.3489684e-01
   2.0380647e-01
   0.0000000e+00
   4.0623820e-01
   1.0732283e-03
   0.0000000e+00
   7.7277797e-02
   3.1137016e-01
   0.0000000e+00
   0.0000000e+00
   1.9258120e-01
   1.1629074e-01
   9.6269187e-02
   4.6698888e-02
   3.5753986e-01
   3.9617919e-01
   2.3428533e-01
   2.5379132e-01
   0.0000000e+00
   3.7793230e-01
   0.0000000e+00
   6.4083049e-03
   1.4669531e-01
   0.0000000e+00
   0.0000000e+00
   2.9918589e-01
   2.1251654e-01
   1.8269625e-01
   4.0846659e-01
   4.4875765e-01
   5.9756514e-02
   0.0000000e+00
   3.0174455e-01
   2.4816560e-01
   0.0000000e+00
   3.2283505e-01
   0.0000000e+00
   2.6009322e-01
   1.4006719e-01
   2.6276534e-01
   4.8623481e-01
   0.0000000e+00
   2.1786242e-01
   3.2227343e-01
   2.7872334e-01
   0.0000000e+00
   0.0000000e+00
   3.9702396e-01
   1.4887884e-02
   2.5710655e-01
   0.0000000e+00
   0.0000000e+00
   4.0827122e-01
   1.2722794e-01
   1.5619019e-01
   3.7253751e-01
   1.9334052e-01
   4.1172439e-01
   1.7885337e-01
   2.8919785e-01
   1.6129090e-01
   0.0000000e+00
   3.0614825e-01
   0.0000000e+00
   0.0000000e+00
   3.7104453e-01
   7.7157965e-02
   6.0139983e-02
   2.0422957e-01
   0.0000000e+00
   1.4395094e-01
   1.3674235e-01
   0.0000000e+00
   3.3751278e-01
   0.0000000e+00
   0.0000000e+00
   2.9335856e-01
   1.0924256e-01
   2.4891027e-01
   3.0092900e-01
   1.9718278e-01
   7.6972153e-02
   1.4919768e-01
   2.4097743e-01
   2.3945690e-01
   1.8346973e-01
   0.0000000e+00
   3.3572716e-01
   1.9012925e-01
   0.0000000e+00
   0.0000000e+00
   4.7965005e-01
   2.0020818e-01
   0.0000000e+00
   2.3100206e-01
   3.6712296e-01
   0.0000000e+00
   0.0000000e+00
   2.8966969e-01
   1.7602857e-01
   1.6127423e-01
   0.0000000e+00
   1.0120233e-01
   0.0000000e+00
   0.0000000e+00
   2.6504534e-01
   0.0000000e+00
   1.1230486e-01
   5.5695714e-02
   3.0673508e-01
   2.3791919e-01
   0.0000000e+00
   2.8656200e-01
   0.0000000e+00
   2.7058570e-01
   1.9427949e-01
   3.9741195e-01
   0.0000000e+00
   0.0000000e+00
   1.9073399e-01
   0.0000000e+00
   4.0945888e-01
   1.5867630e-01
   3.5849340e-01
   1.1565831e-01
   0.0000000e+00
   3.6701924e-01
   4.3414769e-01
   1.9938658e-01
   3.0394881e-01
   0.0000000e+00
   1.6808158e-01
   4.4908675e-01
   3.7953598e-01
   3.4872169e-01
   0.0000000e+00
   1.2061080e-01
   3.7202542e-01
   6.6030483e-02
   0.0000000e+00
   0.0000000e+00
   0.0000000e+00
   0.0000000e+00
   0.0000000e+00
   2.8323102e-01
   3.0337390e-01
   0.0000000e+00
   9.9611311e-02
   2.4345397e-01
   0.0000000e+00
   0.0000000e+00
   1.2380316e-01
   1.2126566e-01
   0.0000000e+00
   1.9100250e-01
   2.5759530e-01
   0.0000000e+00
   1.4436410e-01
   3.4406426e-01
   2.3791055e-01
   0.0000000e+00
   0.0000000e+00
   0.0000000e+00
   1.3581084e-01
   3.6413238e-01
   0.0000000e+00
   1.0856517e-01
   1.8740670e-01
   5.3014608e-01
   4.0617030e-01
   2.7605825e-01
   0.0000000e+00
   6.0576156e-01
   0.0000000e+00
   1.9728752e-01
   0.0000000e+00
   1.4750168e-01
   8.4538619e-02
   1.8972382e-01
   1.5824025e-02
   1.3069585e-01
   2.7069049e-02
   1.8970497e-01
   9.5105362e-02
   0.0000000e+00
   0.0000000e+00
   1.8931126e-01
   0.0000000e+00
   0.0000000e+00
   1.2888064e-01
   1.7726515e-01
   0.0000000e+00
   2.5583209e-01
   2.0534328e-01
   0.0000000e+00
   0.0000000e+00
   0.0000000e+00
   0.0000000e+00
   4.0210354e-01
   1.0926816e-01
   2.4528970e-01
   4.5665165e-02
   1.5359955e-01
   7.0104212e-02
   8.5086295e-02
   3.4956363e-01
   3.2916232e-01
   0.0000000e+00
   1.3459283e-01
   0.0000000e+00
   4.3112206e-01
   0.0000000e+00
   0.0000000e+00
   3.2196252e-01
   0.0000000e+00
   2.4759389e-01
   2.5224320e-01
   0.0000000e+00
   0.0000000e+00
   2.3807572e-01
   3.5840483e-01
   0.0000000e+00
   4.8175136e-01
   2.3123098e-01
   8.2883287e-02
   0.0000000e+00
   2.9352055e-01
   4.2704897e-02
   3.4342795e-02
   4.4988940e-01
   4.9246093e-01
   1.4555054e-01
   0.0000000e+00
   0.0000000e+00
   4.2570757e-01
   0.0000000e+00
   0.0000000e+00
   2.7638857e-01
   0.0000000e+00
   9.4531218e-02
   0.0000000e+00
   1.9582691e-01
   0.0000000e+00
   1.0277342e-01
   2.3034671e-01
   3.7609949e-01
   2.5413963e-01
   9.2609706e-02
   3.0357247e-01
   0.0000000e+00
   1.8284454e-01
   7.3033988e-02
   1.8985529e-02
   4.9476414e-02
   4.1761377e-01
   0.0000000e+00
   0.0000000e+00
   3.4151873e-01
   2.3858265e-01
   1.2480685e-01
   8.8054385e-02
   3.2480753e-01
   1.4285709e-01
   2.7908947e-01
   0.0000000e+00
   3.8367062e-01
   0.0000000e+00
   2.6759965e-01
   0.0000000e+00
   0.0000000e+00
   2.6882368e-01
   7.3592378e-02
   1.3969487e-01
   4.1864055e-01
   1.8957937e-01
   1.8031457e-01
   0.0000000e+00
   2.9466240e-01
   4.2646270e-02
   4.8157458e-01
   3.8375754e-01
   4.2547515e-01
   0.0000000e+00
   0.0000000e+00
   3.3244363e-01
   7.5177968e-03
   3.6500482e-01
   0.0000000e+00
   0.0000000e+00
   9.9875070e-02
   1.8973893e-01
   1.8058789e-01
   2.5737130e-01
   3.3749365e-01
   0.0000000e+00
   8.1770394e-02
   2.3729702e-01
   0.0000000e+00
   4.3497631e-01
   7.2860398e-02
   3.2257636e-01
   1.9822782e-01
   2.5507252e-01
   0.0000000e+00
   1.6107407e-01
   8.0606974e-03
   3.0958429e-01
   2.1135686e-01
   3.7675644e-02
   9.2910690e-02
   5.1694201e-02
   0.0000000e+00
   2.0231456e-01
   1.3296367e-01
   1.2091853e-01
   1.5969997e-01
   0.0000000e+00
   1.3127078e-01
   3.4461729e-02
   4.4797301e-01
   1.1706194e-01
   0.0000000e+00
   2.4535420e-01
   2.5284021e-01
   0.0000000e+00
   6.7434418e-02
   3.5035877e-01
   3.9367760e-01
   2.0807315e-01
   4.0957814e-02
   1.2144646e-01
   0.0000000e+00
   0.0000000e+00
   2.4247022e-01
   3.5351323e-01
   2.0477631e-01
   2.2364709e-01
   3.1446839e-01
   4.0293603e-01
   3.6121212e-01
   0.0000000e+00
   1.1990739e-01
   1.9535732e-01
   0.0000000e+00
   1.2424174e-01
   2.1902501e-01
   2.9613379e-01
   2.5667997e-01
   0.0000000e+00
   0.0000000e+00
   0.0000000e+00
   2.3556451e-01
   4.6220478e-01
   4.0975088e-02
   2.3478450e-02
   1.8803441e-01
   2.2999400e-01
   1.8042379e-01
   0.0000000e+00
   7.3884209e-02
   4.3837762e-01
   3.9280849e-01
   2.3001183e-02
   0.0000000e+00
   3.0930258e-01
   1.3436568e-01
   2.3310850e-01
   0.0000000e+00
   2.2352659e-01
   1.2581302e-01
   1.2623465e-01
   4.4165799e-01
   0.0000000e+00
   3.9846664e-01
   0.0000000e+00
   0.0000000e+00
   6.9224778e-02
   2.8044240e-01
   1.1967627e-01
   5.4041911e-03
   0.0000000e+00
   3.3536407e-01
   2.3758157e-01
   6.0683824e-02
   2.3633047e-01
   0.0000000e+00
   2.6197075e-01
   2.5584885e-01
   0.0000000e+00
   2.4722168e-01
   4.3586073e-01
   2.9513291e-01
   0.0000000e+00
   4.3063997e-01
   0.0000000e+00
   3.5561806e-01
   0.0000000e+00
   2.8285743e-01
   0.0000000e+00
   4.2230572e-01
   4.9699988e-01
   3.8557160e-01
   4.1086254e-01
   8.7056307e-02
   1.9400875e-01
   1.3516243e-01
   4.7304783e-02
   2.5965858e-01
   3.7058714e-01
   3.4088309e-01
   0.0000000e+00
   1.0027801e-01
   0.0000000e+00
   0.0000000e+00
   9.2372913e-02
   3.3363704e-01
   3.7744891e-01
   2.5025612e-01
   0.0000000e+00
   2.5919703e-01
   3.9645646e-01
   1.6783002e-01
   4.7275608e-02
   2.0623856e-01
   0.0000000e+00
   4.6652800e-01
   0.0000000e+00
   2.5730107e-01
   1.1605843e-01
   8.0639753e-02
   3.0322125e-01
   2.8012437e-01
   2.7681033e-01
   3.0362682e-01
   1.2166229e-01
   3.2358047e-01
   0.0000000e+00
   3.0729716e-01
   0.0000000e+00
   3.6682037e-01
   3.4270045e-01
   3.4977360e-02
   2.2469873e-01
   2.9930728e-01
   2.5188683e-01
   0.0000000e+00
   2.4084666e-01
   4.2692264e-01
   1.3993257e-01
   0.0000000e+00
   3.1578859e-01
   8.8821406e-02
   9.9100977e-02
   0.0000000e+00
   3.6880380e-01
   2.5193299e-01
   4.3942721e-01
   0.0000000e+00
   0.0000000e+00
   0.0000000e+00
   0.0000000e+00
   4.4515619e-01
   3.8235971e-01
   3.8986187e-01
   0.0000000e+00
   3.5266263e-01
   1.6408801e-01
   0.0000000e+00
   2.2957444e-01
   0.0000000e+00
   2.2526321e-01
   3.1972415e-01
   2.0350570e-01
   0.0000000e+00
   2.0748942e-01
   1.0860000e-01
   0.0000000e+00
   0.0000000e+00
   3.8504756e-01
   0.0000000e+00
   3.9127346e-01
   1.5838926e-01
   0.0000000e+00
   3.1567980e-01
   0.0000000e+00
   0.0000000e+00
   4.3620580e-01
   0.0000000e+00
   1.7919912e-01
   2.2148585e-02
   0.0000000e+00
   8.4705984e-02
   0.0000000e+00
   0.0000000e+00
   0.0000000e+00
   0.0000000e+00
   0.0000000e+00
   2.5353757e-02
   3.4809738e-01
   7.1188608e-02
   9.3053277e-02
   0.0000000e+00
   5.3484538e-02
   1.3851728e-01
   3.5180948e-01
   2.8091364e-01
   2.5468889e-01
   0.0000000e+00
   1.1492215e-01
   0.0000000e+00
   3.2860712e-01
   0.0000000e+00
   8.2537165e-02
   3.1235844e-01
   0.0000000e+00
   0.0000000e+00
   0.0000000e+00
   2.6232430e-01
   0.0000000e+00
   1.2176861e-01
   0.0000000e+00
   2.1516605e-01
   0.0000000e+00
   4.2137084e-01
   3.8275319e-01
   2.1357950e-01
   2.8230428e-01
   0.0000000e+00
   3.0694889e-02
   0.0000000e+00
   3.2431894e-01
   3.1784570e-01
   0.0000000e+00
   2.4717867e-01
   3.6720887e-01
   1.4425924e-01
   2.4339444e-01
   0.0000000e+00
   4.3693698e-01
   3.7652084e-01
   1.5716295e-01
   0.0000000e+00
   3.1413869e-01
   5.1598084e-01
   3.3167057e-01
   1.7675278e-01
   2.8449362e-01
   0.0000000e+00
   1.3062993e-01
   2.7913963e-01
   0.0000000e+00
   0.0000000e+00
   0.0000000e+00
   1.5970050e-01
   3.4417334e-01
   0.0000000e+00
   3.0365800e-01
   0.0000000e+00
   1.8092703e-01
   3.3128721e-01
   7.0449090e-02
   0.0000000e+00
   0.0000000e+00
   4.3392093e-01
   0.0000000e+00
   6.1405401e-02
   1.6660955e-01
   0.0000000e+00
   3.5208014e-01
   1.6483468e-01
   0.0000000e+00
   3.9381687e-01
   0.0000000e+00
   0.0000000e+00
   3.3939481e-01
   3.6791350e-01
   1.3400924e-01
   1.9981426e-01
   3.4935600e-01
   4.0723894e-01
   2.8088583e-01
   1.2275705e-01
   2.3174245e-01
   0.0000000e+00
   1.7363505e-01
   3.3989492e-01
   6.9156411e-02
   2.2925842e-01
   0.0000000e+00
   1.7809516e-01
   1.8890568e-01
   2.0648019e-01
   6.9903174e-02
   0.0000000e+00
   1.9454690e-01
   1.3909032e-01
   8.8250413e-02
   3.0657578e-01
   0.0000000e+00
   0.0000000e+00
   0.0000000e+00
   1.6214579e-01
   3.9443033e-01
   0.0000000e+00
   0.0000000e+00
   3.5169226e-01
   0.0000000e+00
   2.3479430e-01
   4.5191638e-01
   1.6873544e-01
   3.1623734e-01
   3.2241586e-01
   0.0000000e+00
   0.0000000e+00
   3.0666605e-01
   0.0000000e+00
   4.4648970e-01
   2.9528790e-01
   0.0000000e+00
   2.0041712e-02
   3.4356260e-02
   0.0000000e+00
   1.0896844e-01
   5.0954034e-01
   4.0207559e-01
   1.2600437e-02
   0.0000000e+00
   0.0000000e+00
   0.0000000e+00
   0.0000000e+00
   4.1058226e-01
   1.4367716e-01
   3.1749199e-01
   0.0000000e+00
   2.8725612e-01
   0.0000000e+00
   0.0000000e+00
   2.2929541e-01
   1.9091738e-02
   1.3569740e-01
   3.2248685e-01
   3.5831148e-02
   0.0000000e+00
   0.0000000e+00
   3.6504373e-02
   5.7040975e-02
   3.9871592e-01
   4.4701485e-01
   3.2195248e-02
   2.4192254e-01
   3.9693895e-01
   0.0000000e+00
   0.0000000e+00
   0.0000000e+00
   0.0000000e+00
   3.0387076e-01
   2.0116964e-01
   3.0601786e-01
   2.4953493e-01
   0.0000000e+00
   1.8372303e-02
   0.0000000e+00
   1.5321227e-01
   0.0000000e+00
   2.8226812e-01
   0.0000000e+00
   8.9432796e-02
   1.4783124e-01
   3.2689674e-01
   0.0000000e+00
   2.5815294e-01
   2.8859443e-01
   3.4483018e-01
   3.1135480e-02
   7.3609198e-02
   1.7426432e-01
   4.7946547e-01
   2.3022388e-01
   0.0000000e+00
   1.5811342e-01
   2.2456386e-01
   0.0000000e+00
   0.0000000e+00
   2.5108795e-01
   0.0000000e+00
   0.0000000e+00
   0.0000000e+00
   1.7602710e-01
   3.3287220e-01
   5.5199142e-02
   0.0000000e+00
   2.3342993e-01
   1.6535332e-01
   3.0675175e-01
   4.5053990e-01
   2.6261148e-01
   1.6286996e-01
   3.6959658e-01
   0.0000000e+00
   3.1897602e-01
   0.0000000e+00
   0.0000000e+00
   1.7489914e-01
   4.2280888e-01
   0.0000000e+00
   1.2575104e-01
   8.8134231e-02
   1.4582521e-01
   0.0000000e+00
   2.9814768e-01
   3.5987953e-01
   1.5893480e-01
   0.0000000e+00
   3.6369258e-01
   3.2114601e-02
   1.0922315e-01
   0.0000000e+00
   0.0000000e+00
   3.3720624e-01
   0.0000000e+00
   2.0850428e-01
   0.0000000e+00
   1.7682642e-01
   2.8869998e-01
   1.2088970e-01
   3.1257213e-01
   0.0000000e+00
   3.5746209e-01
   0.0000000e+00
   0.0000000e+00
   3.9512370e-01
   7.4703044e-02
   3.4712142e-01
   9.4311162e-02
   0.0000000e+00
   1.7717619e-01
   0.0000000e+00
   1.9447908e-01
   0.0000000e+00
   4.6879685e-01
   1.7798317e-02
   1.2075151e-01
   9.6909487e-02
   1.5628731e-02
   2.7023408e-01
   0.0000000e+00
   7.6199928e-02
   2.9021781e-01
   0.0000000e+00
   1.6239069e-01
   2.7927646e-01
   1.5030150e-01
   7.7891286e-02
   3.7442182e-01
   1.9946784e-01
   3.8636645e-01
   0.0000000e+00
   2.0402175e-01
   6.1280920e-02
   0.0000000e+00
   4.6861373e-01
   0.0000000e+00
   3.3389376e-01
   0.0000000e+00
   0.0000000e+00
   2.3490143e-01
   0.0000000e+00
   3.8959055e-01
   0.0000000e+00
   2.3701349e-01
   9.7021710e-02
   0.0000000e+00
   0.0000000e+00
   3.5301349e-01
   1.5363071e-04
   9.7987870e-02
   3.1327026e-01
   3.8458366e-01
   0.0000000e+00
   0.0000000e+00
   0.0000000e+00
   0.0000000e+00
   0.0000000e+00
   0.0000000e+00
   0.0000000e+00
   3.8365295e-01
   1.6890226e-01
   2.4128520e-01
   0.0000000e+00
   1.6045714e-02
   1.4720059e-01
   2.3213344e-01
   2.0854435e-01
   5.1629539e-02
   0.0000000e+00
   4.2937465e-02
   2.1982971e-02
   0.0000000e+00
   2.6064758e-01
   0.0000000e+00
   9.2440060e-02
   1.8159177e-01
   1.1208963e-01
   3.6637021e-01
   2.1632722e-01
   1.4493786e-01
   2.3429822e-01
   3.7033340e-01
   0.0000000e+00
   0.0000000e+00
   0.0000000e+00
   2.5533759e-01
   1.6204254e-01
   0.0000000e+00
   0.0000000e+00
   0.0000000e+00
   1.4913502e-01
   3.0861466e-01
   1.1952297e-01
   0.0000000e+00
   1.1593269e-02
   1.1615667e-01
   3.6032602e-01
   1.9838924e-01
   0.0000000e+00
   2.0049922e-01
   3.1438462e-01
   3.3991715e-01
   3.7922003e-01
   0.0000000e+00
   1.1739619e-01
   1.4967819e-01
   2.8432344e-01
   2.9264019e-01
   4.3678625e-01
   0.0000000e+00
   1.9316673e-02
   3.4716127e-01
   3.5784083e-01
   3.6536666e-01
   0.0000000e+00
   3.2260372e-01
   0.0000000e+00
   1.3756297e-01
   0.0000000e+00
   1.2046646e-01
   0.0000000e+00
   0.0000000e+00
   1.6450041e-01
   1.5906906e-01
   1.2193855e-01
   0.0000000e+00
   1.1753087e-01
   3.1088715e-02
   5.7887660e-02
   0.0000000e+00
   3.6557525e-01
   0.0000000e+00
   0.0000000e+00
   2.5054600e-01
   0.0000000e+00
   2.0058770e-01
   3.5312877e-01
   4.2720078e-01
   3.3058975e-01
   4.2489272e-02
   3.5379603e-01
   2.9495767e-01
   0.0000000e+00
   3.2801436e-02
   0.0000000e+00
   2.3886141e-01
   0.0000000e+00
   0.0000000e+00
   1.4074611e-01
   2.5306172e-01
   2.5618644e-01
   0.0000000e+00
   3.0623776e-01
   2.3186208e-01
   3.4083008e-02
   3.0186408e-01
   0.0000000e+00
   1.0592102e-01
   0.0000000e+00
   2.3441712e-01
   3.3905182e-01
   0.0000000e+00
   4.6757126e-01
   0.0000000e+00
   3.5100547e-01
   1.3440849e-01
   3.6380652e-01
   0.0000000e+00
   3.7103920e-02
   3.5281200e-01
   5.5250767e-02
   2.4677347e-01
   3.4011028e-01
   2.8859063e-01
   2.1137745e-01
   2.1322980e-01
   0.0000000e+00
   0.0000000e+00
   1.0832417e-01
   5.9058025e-01
   0.0000000e+00
   1.8083981e-01
   2.2833223e-01
   1.2106119e-01
   0.0000000e+00
   8.1793350e-02
   2.7977566e-01
   3.2333755e-01
   0.0000000e+00
   0.0000000e+00
   2.7956985e-01
   1.2285052e-01
   0.0000000e+00
   0.0000000e+00
   0.0000000e+00
   3.2199902e-01
   0.0000000e+00
   2.7890358e-01
   1.9218902e-01
   6.2944116e-02
   2.8901477e-01
   4.1517590e-01
   5.6341679e-01
   4.4432734e-01
   6.9759196e-02
   2.2646156e-01
   0.0000000e+00
   2.4795688e-01
   2.7396398e-01
   1.8773626e-02
   0.0000000e+00
   1.5431412e-01
   0.0000000e+00
   0.0000000e+00
   2.4549244e-01
   2.6764552e-01
   1.4265900e-01
   0.0000000e+00
   1.5670220e-01
   3.0060299e-01
   6.5041161e-02
   8.2454118e-02
   2.8349379e-01
   2.5197499e-01
   0.0000000e+00
   5.1869103e-02
   2.7364807e-01
   0.0000000e+00
   1.7555802e-01
   2.0098644e-02
   4.3988056e-02
   3.2800412e-01
   0.0000000e+00
   3.8588380e-01
   0.0000000e+00
   3.1503613e-01
   4.7932603e-01
   0.0000000e+00
   0.0000000e+00
   4.4085669e-01
   1.9357790e-01
   0.0000000e+00
   0.0000000e+00
   0.0000000e+00
   3.1929582e-01
   0.0000000e+00
   4.0018502e-02
   3.3007444e-01
   0.0000000e+00
   2.4646700e-01
   4.7653509e-01
   1.1586593e-01
   0.0000000e+00
   1.4240974e-01
   1.4853233e-01
   3.5871993e-02
   2.5638024e-01
   4.2874510e-01
   1.8303529e-01
   7.6344474e-02
   1.7853552e-01
   0.0000000e+00
   3.4923537e-01
   0.0000000e+00
   3.8811995e-01
   0.0000000e+00
   1.0561861e-01
   2.4841665e-01
   0.0000000e+00
   3.3628814e-01
   1.2190234e-01
   9.3470155e-03
   0.0000000e+00
   1.2732383e-01
   2.5082673e-01
   3.8508919e-01
   1.6123367e-02
   4.6188064e-01
   0.0000000e+00
   2.4121893e-01
   2.1489613e-01
   2.1780901e-01
   2.8963613e-01
   1.7833617e-01
   8.6550530e-02
   1.7065493e-01
   4.2637808e-01
   2.0976848e-01
   0.0000000e+00
   4.5723174e-01
   3.8702533e-02
   0.0000000e+00
   2.3104786e-01
   2.7652597e-01
   2.2754861e-01
   3.4430996e-02
   0.0000000e+00
   0.0000000e+00
   3.5858610e-02
   4.8934508e-01
   0.0000000e+00
   4.4255778e-01
   0.0000000e+00
   0.0000000e+00
   2.3724377e-01
   2.6814980e-01
   3.8497240e-01
   3.9845812e-01
   0.0000000e+00
   2.8844755e-01
   2.7900242e-01
   1.1301871e-01
   0.0000000e+00
   2.9813665e-02
   2.3279976e-01
   3.2872595e-01
   0.0000000e+00
   0.0000000e+00
   0.0000000e+00
   2.2387573e-01
   2.2587454e-01
   2.5293907e-01
   2.6379982e-01
   0.0000000e+00
   0.0000000e+00
   0.0000000e+00
   3.2943609e-01
   2.2717005e-01
   3.9875730e-01
   2.8060560e-01
   1.2659179e-01
   1.0417223e-01
   0.0000000e+00
   2.9194409e-01
   3.1626946e-01
   1.0660725e-01
   0.0000000e+00
   4.1870055e-01
   3.3030686e-01
   2.5333812e-01
   0.0000000e+00
   0.0000000e+00
   0.0000000e+00
   0.0000000e+00
   3.3922575e-01
   2.7872234e-01
   4.3089272e-01
   2.7122026e-01
   4.0329559e-01
   4.2009259e-01
   2.9937136e-01
   2.2476077e-01
   3.3919380e-01
   4.1074696e-01
   0.0000000e+00
   2.2557997e-01
   0.0000000e+00
   0.0000000e+00
   3.4186959e-01
   2.6594218e-01
   4.6493065e-01
   0.0000000e+00
   2.4002529e-01
   0.0000000e+00
   0.0000000e+00
   2.9092387e-01
   0.0000000e+00
   4.8408945e-01
   1.0503567e-01
   2.8570129e-01
   1.8119303e-01
   4.8220830e-01
   0.0000000e+00
   1.3125602e-01
   2.4250504e-02
   9.4890473e-02
   0.0000000e+00
   8.3278320e-02
   8.8737661e-02
   3.4038451e-01
   7.9264764e-02
   0.0000000e+00
   0.0000000e+00
   0.0000000e+00
   1.5536445e-01
   4.2894757e-01
   0.0000000e+00
   0.0000000e+00
   3.6209057e-01
   0.0000000e+00
   1.8900547e-01
   2.2634807e-01
   0.0000000e+00
   5.1179630e-01
   1.5913584e-01
   2.4056734e-01
   4.4120505e-02
   0.0000000e+00
   2.0270552e-01
   0.0000000e+00
   5.2595400e-01
   0.0000000e+00
   3.6202532e-01
   2.9133934e-01
   2.5619461e-01
   1.6164118e-02
   1.4508766e-01
   0.0000000e+00
   1.6581857e-01
   2.1924663e-01
   1.5906004e-01
   2.6400259e-01
   0.0000000e+00
   0.0000000e+00
   0.0000000e+00
   3.1108796e-02
   0.0000000e+00
   0.0000000e+00
   3.6086035e-02
   3.0230552e-01
   0.0000000e+00
   2.2287149e-01
   1.1682146e-01
   1.9148595e-01
   3.9132779e-01
   4.2661783e-01
   3.4048438e-01
   1.9520367e-01
   3.2603022e-01
   3.7367400e-01
   4.3625180e-01
   2.6853992e-01
   0.0000000e+00
   3.2855747e-01
   1.9819249e-02
   2.1388069e-01
   0.0000000e+00
   1.0302547e-01
   2.6238692e-01
   2.6329126e-02
   0.0000000e+00
   3.9538410e-01
   1.9535867e-01
   3.4488232e-02
   0.0000000e+00
   1.1180499e-01
   0.0000000e+00
   3.3233326e-01
