-1.272045081162577170e-03
-1.272045081162577170e-03
-1.272045081162577170e-03
-1.272045081162577170e-03
-1.272045081162577170e-03
-1.272045081162577170e-03
-1.272045081162577170e-03
-1.272045081162577170e-03
-1.272045081162577170e-03
-1.272045081162577170e-03
-1.272045081162577170e-03
-1.272045081162577170e-03
-1.272045081162577170e-03
-1.272045081162577170e-03
-1.272045081162577170e-03
-1.272045081162577170e-03
-1.272045081162577170e-03
-1.272045081162577170e-03
-1.272045081162577170e-03
-1.272045081162577170e-03
-1.272045081162577170e-03
-1.272045081162577170e-03
-1.272045081162577170e-03
-1.272045081162577170e-03
-1.272045081162577170e-03
-1.272045081162577170e-03
-1.272045081162577170e-03
-1.272045081162577170e-03
-1.272045081162577170e-03
-1.272045081162577170e-03
-1.272045081162577170e-03
-1.272045081162577170e-03
-1.272045081162577170e-03
-1.272045081162577170e-03
-1.272045081162577170e-03
-1.272045081162577170e-03
-1.560832806417813690e-01
-1.938070536377478614e-02
6.416321769023543287e-02
-1.425159593634593436e-01
-1.358649527746273733e-01
-5.981700423182867432e-02
-1.930600757829868397e-01
-1.698577910434081462e-01
-1.333218892574820624e-01
1.041851827135744646e-01
4.536246260566423327e-03
-1.479347421590829215e-01
-1.763450594857555662e-02
1.894522037745502430e-02
-3.047319759029788744e-02
-4.876004951211410088e-02
-7.662630139142195818e-02
-5.250530499356856340e-02
-2.227847709670564141e-02
-4.904232761668121665e-02
-1.338209238210417151e-01
9.938628594965527585e-02
2.413812873473608622e-02
-8.138571715214185098e-02
-9.844916088622765460e-02
-2.600443879486222937e-02
-3.508537976564013450e-02
-1.854402622320874272e-01
-2.797050348083379712e-01
2.186674243485850488e-01
4.900552503461135245e-01
1.200708871718933479e-02
1.412559325593355231e-01
2.812290639893980093e-02
-1.864100057636457752e-01
-1.737670768324342530e-01
-4.216229663323245447e-03
-1.556864785661206674e-01
-1.067787545900552582e-01
1.725124461280717614e-01
4.179292534767811013e-02
-7.953933064567006439e-02
4.643840047417593930e-03
2.102109301406110409e-02
9.197695396956505343e-02
1.177402295613788619e-01
-2.509010606910400121e-01
-9.344272897641645037e-02
-1.282589382176793635e-01
2.747479244984816216e-01
9.473957736657201423e-02
-8.567323356189537886e-02
9.954876639105138258e-03
1.422986931556656509e-01
-2.564455489903749719e-03
-5.622064039707311278e-02
1.167515977873065935e-01
1.938147509852045092e-02
-1.759461471186088699e-01
-5.894054183828488502e-02
2.327551812393748865e-01
7.574746052238566507e-02
3.039903777465970125e-02
4.645385521243512034e-02
-5.393974949366894811e-02
9.006094694113177257e-02
-1.308246265398194386e-01
-1.082781125796278970e-01
-3.819342376423260910e-01
-3.636724798700183836e-01
-1.190560692600298176e-01
-5.531393470091754139e-02
5.810775352593666732e-03
-8.197326297064434775e-02
2.486554541284968778e-02
1.464807738582224461e-02
2.577145957512287644e-02
-1.375317357548029307e-01
5.055303918758408122e-02
7.081012074803649803e-02
8.665868877244714552e-02
-2.097123447567626198e-01
-1.174979129395209293e-01
2.699507446241468378e-02
-3.038770887555924394e-01
7.597877858193236023e-02
1.908574031094334433e-02
-2.620291441665949239e-02
-5.319071346909037823e-02
1.041651768132830780e-01
-4.356932152580739182e-02
-1.931230868931060329e-01
4.618944601053792676e-02
-4.298017282921134941e-02
-7.835918097175843811e-02
-9.139017672740612497e-02
1.023163722458827474e-01
-1.165897311601388209e-02
-1.548969836750165308e-01
1.076475700006559039e-01
1.910727463150405925e-01
2.490466104086099808e-01
3.852692182094552553e-02
-3.551507948679690774e-01
-5.142168329075555988e-01
-3.864069249692245744e-01
1.396923065815234288e-01
2.654419219585593681e-01
4.114871311221257599e-02
-7.078378023203588110e-02
-1.238378728803594397e-01
1.347769117502883585e-01
-3.539693205446703406e-02
1.249933224519902963e-01
1.583843113536734237e-01
1.018852729166260657e-02
3.903389413892464216e-02
-7.413877107976998837e-02
-2.644454465272822515e-04
5.961048296107294975e-02
2.623775390155623777e-01
9.385240627829670446e-02
-1.559987392108646773e-02
-2.456751574710563935e-02
1.106360773810090847e-01
7.130476270109653569e-03
1.527063657729130219e-02
6.681983109550360123e-02
4.239963787762385944e-02
1.259427714590696246e-01
-7.451267745764997286e-02
5.242572555717806698e-02
4.174127037559233200e-02
1.569182197270024837e-02
8.494812520819436386e-02
1.081745394656482007e-01
3.814677117619141855e-02
-2.977145515276303361e-02
-1.175076802463757841e-01
1.246651928735174192e-01
9.709747698449500142e-02
1.425339265487086948e-01
-1.297361691450116261e-01
-2.785387907676775687e-02
2.807646662493588213e-02
-2.021337362098304946e-02
8.140022970915790357e-02
3.002335041881909472e-02
7.672847038763831728e-02
3.467996657261416260e-01
5.040658240345394225e-02
-6.493598033134309611e-02
-1.245384218562119172e-02
4.841988376850547837e-02
1.776215592596025461e-01
1.159447023212982764e-01
9.102280376141816398e-04
-2.876270054878445892e-01
1.128313872239836146e-01
1.776212578207872206e-01
2.295681663243301363e-01
-6.527434129985117128e-02
1.206148453243113816e-03
2.127596888183581336e-01
-4.582071917884483758e-03
-7.296109292471154861e-02
1.058339307824358311e-01
1.543771627201049879e-01
3.253805907929686880e-02
7.985382887164499052e-03
1.641832355399570620e-01
1.886244065369309386e-02
7.235137688416279356e-02
9.707184832431270394e-02
-8.509376843111644828e-02
-1.744236809781835873e-01
-4.187973925233476336e-02
3.044650604119281123e-01
2.970156883190544495e-01
-1.071728214900123655e-01
2.753854034920836247e-01
1.460180100164487627e-01
2.877043080687302461e-03
1.848352324087825793e-01
1.184174003984757306e-01
3.383120374658102336e-02
2.139012977723321884e-01
1.414311450042389506e-01
-1.632240579341626141e-02
-3.006275450062846910e-01
-9.858848872384531892e-02
1.111027999703146640e-01
1.754449275726849278e-01
1.211726800565144646e-01
2.899834972155842377e-02
1.188166483744832053e-01
6.237065706632294315e-02
6.070974507374458928e-02
6.145740326728708902e-02
-2.063264720773345107e-01
4.511918768866431118e-02
9.471926988359025135e-02
2.257255274720024185e-01
9.234770010578095822e-02
8.417206500427390492e-02
5.415864060948381853e-02
-7.767031312914368657e-02
5.999680443541999253e-02
2.292132833497174671e-01
1.205058731833991009e-01
9.293331587944891892e-02
4.409651665608205900e-02
-1.949968148933823864e-01
1.681737016068805823e-02
-2.127466836312046083e-01
-2.924653559174520967e-01
-1.831772297069313715e-01
-1.502013980380137448e-02
1.063325975034922904e-01
-1.263001876769206944e-02
-7.062017391020740387e-02
5.726487493967212516e-02
3.480848857947336367e-02
-1.291093880068280575e-01
5.052479122093762876e-02
1.101037203289691180e-01
-2.096768674079607375e-01
-1.374471222531771508e-01
-3.836062181410338501e-01
5.647217718146814447e-02
-1.077958807813998200e-02
4.457255684276688334e-02
-1.319523090744816329e-01
-6.846607509985755402e-02
-1.434839242702235507e-01
1.832178861076043386e-02
2.676139124336263803e-02
1.482685924829321156e-01
9.162386458672774903e-02
-1.314837123751229631e-01
7.377943403668865696e-02
-5.536987560507938833e-03
2.818305390294222057e-02
5.021853113742363872e-02
-1.258521833258084699e-01
-7.312482299605196912e-02
1.448900049748181873e-01
-1.606066177467901090e-01
-2.104854587246421938e-01
-3.408922864650855145e-01
2.236740306571626258e-01
2.008642607910048061e-01
5.645412100873227479e-02
-1.119413110115077825e-02
9.407135903772129160e-02
-1.446957057574294325e-01
-3.982625186987717725e-02
2.054003891557291683e-01
2.406779016209825012e-02
1.637158664086152959e-01
2.827477060764761740e-02
-1.353997393375558356e-02
-5.569540273559248078e-02
-1.533368278544680885e-01
-2.337049213584883600e-01
-1.198750420254901250e-01
-6.842858147683110459e-02
1.061286662318731699e-01
1.394913277571890320e-01
-6.365873127299617740e-02
-3.288836476560576955e-02
-1.946463993696650185e-01
5.046048937837387116e-02
-1.646051678107366134e-01
4.020738557716739547e-02
1.043120040231405171e-01
-1.439930836424756222e-02
-2.146769946322465289e-02
-1.250170044735516295e-01
3.497095904713905246e-02
2.502472274721292966e-03
-6.619148397968815933e-02
-1.611668933235785306e-02
7.170583057135063165e-02
1.316471739023924170e-01
-2.169354756803207329e-02
-2.088590874191311175e-01
2.280902727702974718e-03
-7.462072548550122142e-02
-9.528357809707321824e-02
-6.665094437913589298e-02
-2.348919722255939646e-01
-3.566598040240472750e-02
-3.606575501029584130e-01
2.585247052140439428e-02
-5.178167455292075061e-02
6.379967461435034903e-02
3.835141088468538989e-02
1.394504454178945307e-01
2.658840769315472252e-02
-1.569763367495416451e-01
-1.144414788052261212e-01
1.137847806423317454e-01
-1.925953364359969666e-01
-1.013156471652422591e-01
-3.294004266060374109e-02
2.864605364139367893e-02
1.877680564369667293e-02
5.132325271757709473e-02
-1.270277032681967622e-01
-1.803981161508768638e-01
-1.672424389672502731e-02
-1.024971647233570426e-01
-2.189382188587509631e-02
5.241451648136941088e-03
6.312076726095157408e-02
1.097089810875460092e-01
-2.787418583977550879e-02
-1.461515125957958960e-01
6.602032832196967627e-02
9.496263772460254715e-02
-6.524302615846126752e-02
7.903187469675143628e-02
6.181546341091354035e-02
-1.853940287058187808e-01
1.222110088939335759e-01
1.395500232871233620e-03
-3.338103386461857558e-03
-1.530187916891463940e-01
-7.459367122467214922e-03
-3.320569069142823015e-02
-1.258501129957680931e-01
5.428894631160992995e-02
2.764346805719263833e-01
-1.300253920580625167e-01
-6.817680520406475819e-02
-5.322518726728116961e-02
-3.348725658834877245e-02
4.937279187533701735e-02
2.398465392377788219e-02
-9.876362750914280397e-02
-7.470286333135206513e-02
-7.997271659040477987e-02
2.067347135804039615e-01
2.009424101912432592e-03
-8.823479427342975634e-02
6.653228645972791844e-02
-8.094618636804642997e-02
3.432101535349965649e-03
-3.871977934857906423e-02
1.131057247819411277e-01
1.791534853930402960e-02
7.480237434510635108e-02
1.535916114552075551e-01
-3.987649552873372971e-01
-3.534315375834609640e-01
-1.794691575093930180e-01
-4.776615787356197629e-02
1.229968065216536788e-01
3.468382644106057788e-01
8.393860703861953654e-02
-8.102573106731930652e-02
-6.138857010909626669e-03
-8.714124861413671819e-02
3.306965009008219769e-02
-1.772038544784470260e-01
-1.037728891218854393e-01
2.710369137730699041e-02
-3.135992757753466864e-02
9.525311049208118330e-02
-5.067995841162072079e-02
-6.979314801086777820e-02
-6.138822391001415996e-02
2.210269050341462718e-02
-6.957755798911459399e-02
-1.257028284326606737e-01
-2.434601765080619540e-01
-5.872775470862632435e-02
-7.305077740276244569e-02
5.965277431792748858e-02
-4.239031455345401711e-02
-6.813123057473388644e-02
-1.491750307529707553e-01
-1.737777193621616867e-01
-1.090800182331020662e-01
-8.913653359105427887e-02
-5.167292189515439865e-02
-5.202374549672549031e-02
-7.108287448751765547e-02
5.941029151240070916e-02
1.162150949548320655e-01
1.609444534807386862e-01
1.555434465423665980e-01
-1.573476942196050110e-01
2.049778818371514322e-01
1.608212613917283373e-01
6.093302198836698241e-02
1.753532391820892267e-01
6.415630891404355829e-02
1.142716106784892605e-02
9.782149744143162073e-02
-1.575778092155196569e-03
1.973991186152454502e-01
2.798578994838101658e-02
-1.409289542952384122e-02
-1.621962531509323902e-01
-1.829832268352112878e-01
7.007022556952621772e-02
-7.849741486819139524e-02
1.434362880898426285e-01
5.299991887452122630e-02
8.812710911853650908e-02
-1.727492867914639241e-01
-7.013127668431810846e-03
-8.472837343205298632e-02
-1.865145521354813485e-01
-1.767229579260129815e-02
-2.236169310875745497e-01
3.287828661458708224e-02
-3.375964739276177129e-03
-1.000899325321760736e-02
-1.686976448094275327e-02
-5.704964366663399511e-02
8.320343578495374703e-02
8.538174656631368487e-02
-5.559526135580286632e-02
1.344600391032718112e-01
2.740942276444645609e-01
5.322471924324840425e-02
-4.266832377581405433e-01
5.325175828981036641e-02
-9.620675990262960581e-03
1.844454639372324067e-02
-2.397300915700585622e-02
-8.412026749884643495e-02
6.578359741115012010e-03
1.597334662718457449e-02
-3.629737449300206031e-01
-1.944774949614194379e-02
-9.362660700007943704e-02
2.555773275403174644e-02
1.502053162607128178e-01
1.350621168252914561e-01
3.392410161159541138e-02
-6.769386604461125750e-03
6.518331395563692343e-02
-6.577137321749396137e-02
-1.937551459480856830e-01
1.131949175437770572e-01
5.624774993597536632e-03
1.457748110451074497e-01
1.418029458733824077e-01
1.009875915694222193e-04
1.946646657493355040e-02
-1.363656939156177306e-01
1.429753272386515284e-01
2.574055690269336921e-02
1.547073651528254323e-01
1.916264342093507711e-01
2.446761345876861948e-02
-2.828955528006936726e-01
-8.682234956434108086e-02
-6.119137584201961994e-02
1.879027373824750102e-01
-1.299773540625669688e-01
3.124642840975574987e-02
2.002545527699056693e-02
1.106465436579088246e-01
-1.383926966429586680e-01
-2.921288472431025213e-02
-7.489471022174122930e-03
-1.794732139283052863e-01
-7.413726600281216050e-02
-6.145992667106743579e-02
1.780290820771599225e-01
-6.999505235039213402e-03
7.483883442212058146e-02
-7.999105905435927033e-02
-1.384736255259149187e-02
-1.335282974847190954e-02
-2.383465588443880179e-01
-2.416144701083504376e-02
1.053116771406371333e-01
-9.870282488222123507e-03
-1.853217928069476883e-01
-1.133216829449084084e-01
-9.903845314746961837e-02
-1.462607312170374207e-01
1.044018019705486855e-01
6.153467354854812860e-02
7.471755044469957641e-02
-1.232897060078261275e-01
-4.874895398173344913e-02
-5.297057833677587882e-03
-2.476626597530324353e-02
1.344500541668252058e-01
2.705410147426468570e-01
7.546121653869319879e-02
2.461022518681327820e-01
1.513476922978375661e-01
2.341472624679273307e-01
-1.647639790119611314e-01
-2.148513513262081398e-01
-9.769349415500661049e-02
4.384538464326823148e-02
-4.641724861643048428e-02
8.692409544005415267e-02
8.729953995873998562e-02
3.154675783291835400e-02
2.062623201858252153e-01
-5.796112877583227407e-02
-2.468162768400035401e-02
6.473315304512963775e-02
-1.106239389722215583e-01
-2.368917821648430788e-01
-2.557117598234764921e-01
3.040980068411548443e-01
1.462607449178953689e-01
1.233571127319784827e-01
1.029636431260270157e-01
-3.526290162681322560e-02
-1.581052103691955868e-02
-1.676023131574159650e-02
-1.587093553292773795e-01
5.071941142338883685e-02
-1.908152138616582560e-02
4.522569205327847675e-02
-4.263606441066895153e-02
-1.950682320093276995e-02
-2.402174386434826475e-02
-1.322557422274580896e-01
3.861901687130254654e-03
1.368880364747420975e-01
-1.135972558827046536e-01
3.000806927532883583e-01
1.782779660412432687e-02
-2.623197737867555279e-01
-1.058637812246657622e-01
8.387889870267770109e-02
1.921398028595615870e-01
6.678456833134704951e-02
1.141538515280738075e-01
3.280198384507379550e-02
7.140076200505125759e-02
1.426768490528465376e-02
-2.335594835778050660e-01
2.003656689643373151e-03
1.102706373595148115e-01
-2.193036326394636609e-02
-1.378477997508200104e-01
9.423651570766575225e-02
7.803225088528707720e-02
2.465545838245781218e-01
-7.431204917506184504e-02
3.842024692219377091e-02
-3.751736561353187505e-02
-3.107764888846805684e-01
-8.054059147965658694e-02
3.128833535379902525e-02
-1.304935426639572404e-02
1.350785267630003755e-02
-2.172818607864847040e-01
-6.126591317007092086e-02
-1.182058978948745398e-01
-3.507559839752581038e-02
4.902615014781862290e-02
3.951886583455199720e-02
1.220835279015934118e-02
3.499406012381812703e-01
-1.764441145551663009e-03
2.989013335109295122e-01
1.332178255293694769e-01
-1.017800235310656332e-02
1.633343816049538655e-01
-6.156109285651883978e-03
-1.459142006891712140e-01
-3.953636821596371448e-02
1.225017982032985085e-02
-2.233038040431216745e-02
-5.340532617720478159e-02
3.374028672591624159e-03
7.865285128355967159e-02
-7.679849688442173805e-02
-6.077860896615411984e-02
5.080803478233320014e-02
2.471357775895137443e-01
1.383245742561847735e-01
-3.456877295987143689e-02
8.768636506526568397e-02
-6.806519109315441185e-02
-5.126872954019418005e-02
5.089668191756600846e-02
-2.371542436656271513e-01
-2.481583013892586509e-01
-8.523459522576756764e-03
2.817902226478150030e-01
3.069176615534081887e-02
-1.342402447904126050e-01
-6.666816596742945744e-03
-1.959815768331697461e-01
-1.582267200199506951e-01
-4.014310472364134019e-03
1.622368092229621861e-01
-5.220060315577751409e-02
-4.723496024113436886e-02
-1.163374137514866513e-01
3.493021251530086246e-01
-3.921291626955804299e-02
-1.050957648040519721e-01
3.219338748325857313e-01
2.173313082753133285e-01
7.747244483301113371e-02
-4.796200080724810633e-02
3.762989977771842576e-02
5.813571021843201569e-02
1.936188366533676819e-02
-2.099504096949626405e-02
1.926463870412869483e-01
1.293940858459191046e-01
-3.461484089659419561e-02
7.971690916545967620e-02
-3.942494630316687593e-02
2.699793690604890967e-02
9.176259412169367191e-02
-1.969669900123524608e-03
-1.489662509288609549e-01
3.810817339499625311e-02
9.348959823814713410e-02
-1.554031726834989025e-01
6.309258545241017146e-02
-2.640857667137860160e-02
5.629598381211022018e-02
1.036170436945821477e-01
3.145957712206047530e-02
1.133663233077233240e-02
-1.850829995818877305e-01
-1.560439115549712430e-02
-8.374651682456020485e-02
-1.054798561498453136e-02
8.737823782806902750e-02
-5.209252306690946577e-02
-8.986958546525368116e-03
-2.653326897784218097e-02
-2.895354067287861932e-01
2.261054378769333795e-04
-1.148445991425581098e-01
1.540455404138608431e-01
-3.291745423055100761e-02
6.286913053980355826e-02
-5.179794321534797463e-02
-1.729968427287147115e-02
-1.561832712515071053e-01
9.670976406381917578e-02
2.571749009095530836e-01
-1.023570703635668100e-01
-2.523537587863944678e-02
-1.198608993030574749e-02
-1.472144140796702028e-01
1.206363578297564992e-01
1.097327414101485765e-02
3.618905404158679479e-02
4.011920270854632542e-03
-3.444882631298087916e-02
7.328504779113834133e-02
2.328352608831589163e-02
-1.238547923978830928e-01
4.539270337540858569e-02
-2.164222681968490380e-01
-4.484328500287602937e-02
5.620270606460227997e-02
1.061703453223486054e-01
7.526863411454302877e-03
-1.425437808707221421e-01
1.420930717812841915e-02
-5.631109831674822874e-02
-5.040702044073927524e-02
-6.355923325446496963e-02
5.740989728402705328e-02
5.248325003911824549e-02
1.120814043167224772e-01
1.450853965847874461e-01
6.366137837058322146e-02
1.843928304570835452e-02
9.617112209666681122e-02
7.904905884476465250e-02
1.292805048441235116e-01
2.807856375087316309e-03
6.271096559550749794e-03
1.816855275275752746e-02
5.689536399776343178e-02
2.694059293086276119e-02
1.172109042044690297e-02
-2.294085596007996823e-04
-5.703526269443114083e-02
-2.424957898315581728e-01
-2.267144689858819895e-01
-7.006805323352444104e-02
1.462999040121831240e-01
1.307315875966732696e-02
7.365519069860769485e-02
1.301454950036311786e-01
7.291886947294354271e-02
6.710546063870601041e-02
-3.282476395950816306e-01
3.124276517799521626e-03
9.057060735136578111e-02
5.543984462479294856e-02
7.694144247264150804e-02
5.902916702743023214e-02
2.000004281679846480e-02
-2.334858497412183043e-01
7.802063054563339664e-03
1.493705555343222691e-01
5.510007724911461513e-02
7.227880976489148290e-02
5.008586826265420955e-02
1.023145258952145170e-01
5.194012220155515280e-02
-1.313251061748582360e-01
1.428110279188954113e-01
6.673859692478777139e-02
1.686474782926154770e-02
-3.176621429510310957e-02
9.039696950001906844e-03
1.328576230865073926e-01
-1.361696313642857259e-01
-1.216616044711002070e-01
-9.383555099552099224e-03
5.499832675359089817e-02
-2.930043575235400863e-02
6.970376971987395087e-02
8.244895190110054783e-02
7.971206045297306308e-02
8.184080518112814284e-02
-7.205656223614917422e-02
-9.036274698596913346e-02
2.824878320047943259e-01
1.324751694787236478e-02
3.620582539438219061e-02
5.572611271879981260e-02
8.435313653677715962e-02
1.210306593803660846e-01
-8.398794512979444737e-02
2.290860791417107245e-01
-5.464893492864557334e-02
2.751011514149452608e-02
4.449742014762893966e-02
-6.437133241480461066e-02
-8.391893072603008596e-02
1.183083066981125420e-01
-3.449310801200880516e-01
2.913166322704600075e-01
8.757450897893950814e-02
-1.710902982737560474e-01
2.573110937313344282e-01
-2.562497664301898598e-02
1.207791039469310740e-01
1.120795482350194494e-01
6.211561747985716586e-02
5.534235312661817119e-02
5.823079929989278397e-02
-1.557948267338377657e-01
-9.369191960679630615e-02
-5.697292992869137929e-02
-1.911415158088546409e-02
-1.434526719492981162e-01
-1.753825059394319152e-01
-9.950300705169667914e-03
2.582652223474576347e-01
-8.279050831230612417e-02
-1.753963600205525608e-01
6.324749375068124124e-02
-1.566981409126984998e-02
7.135585036181868457e-02
2.521745253027284778e-02
-1.389424447300351140e-01
-4.580569932958166585e-02
-7.891891075553618407e-02
3.196751780892301970e-02
5.371788490641009328e-02
7.947042918670579881e-02
-6.947417602718403834e-03
-1.004478437090439158e-01
-8.346281494918604549e-02
-4.507057284412398501e-01
1.591665105071956438e-02
2.306305824302426755e-01
5.010359813290896774e-02
-9.305145290207947339e-02
-3.780464795381040244e-02
5.837043914704983377e-02
7.430838586147067715e-02
-2.316024814979944849e-02
-4.896007013497256921e-02
1.232916406897588760e-02
-1.061517301478481952e-02
-2.560472181334547820e-02
-2.880882130607992364e-01
1.240826010331535535e-02
2.940565632684305833e-02
-1.388774775402988604e-02
-1.378185406194628593e-01
-6.910592265344175922e-02
-6.865835740596203107e-02
-2.256608339071413116e-01
8.473409710418659813e-02
2.049094591427388923e-02
-1.580920099825798841e-01
1.175848425833029842e-01
-4.586581365225050888e-02
-1.222504358971630428e-01
-1.119912817614404504e-01
8.066009784896726459e-03
1.083435108072186570e-02
-6.418664874977614287e-02
8.497128020166959395e-02
-1.225470057898681436e-01
-1.849153121975463665e-01
-1.919476702909038990e-01
9.095384168295733013e-03
1.140607290570153087e-02
-1.750306288885949274e-02
-3.570258509608121439e-02
5.903432598637238515e-02
-6.852366405691492912e-02
9.211303177411260534e-02
4.611621452459743059e-03
-6.840407872674463680e-03
4.756879409317303631e-02
-4.206897128308371980e-02
5.475795967107018915e-03
6.308660990145892322e-02
-9.669185233430166448e-02
2.516041555857788728e-02
3.186547386865545839e-02
1.839316801676951427e-02
-6.558869131155360688e-02
1.068127464438620028e-01
9.577581646813278227e-02
-1.260991951846753556e-01
2.713589132388838365e-01
-9.591830610918897215e-02
9.177828526474519216e-03
-1.391944436612750288e-02
1.334153149354852519e-03
-7.979129262975942494e-02
9.694333149378689396e-02
1.156256835160918151e-01
-5.037619130964961223e-02
5.769032663628050756e-02
5.758232225360725154e-02
5.614122176510684403e-02
-6.291094969776789281e-02
3.609608665695546864e-02
3.926569998859297944e-02
2.860654383341936641e-02
6.442692325789978192e-02
4.753784821523775184e-02
1.545611603282499857e-01
2.830149197637817360e-01
-3.313437003340172771e-01
1.959299027450984443e-01
4.755070680702779690e-02
-3.811086465607062962e-02
-7.545242509300213729e-02
-4.029194419622023071e-02
8.810638162558062647e-02
1.035131010785003414e-01
-3.094273629456267133e-02
1.477807291297540959e-01
4.207624340898541426e-02
2.391180189269577830e-02
-4.254685261438288790e-03
-4.696918278984358458e-02
-4.418371803539176967e-02
-9.664473215482745350e-02
6.378075411313161025e-03
-2.148814402512096156e-02
-1.922956261163009245e-02
-4.310234800399860566e-03
8.888773824493531595e-02
7.447959394126861532e-02
1.120770693728371237e-01
1.872374258308417971e-02
2.422167276445794798e-02
1.913507289620037383e-02
2.747229949799089022e-02
2.204609246496872996e-02
8.894670231477184996e-02
1.124330172131499245e-01
2.017495933042671649e-02
1.375729352100709887e-02
9.473471783077523634e-02
-1.402166040194648827e-02
7.672610027194753934e-02
-1.633969178277184520e-01
-3.987581626123565259e-01
-1.900541644274854614e-01
5.659499326827394095e-02
2.638053288528922902e-02
-6.564657807222162855e-02
3.372951867250023605e-02
-3.013725030317848316e-02
-3.067268765382886661e-02
1.203188935439566259e-02
1.319581751256631297e-01
2.559177676265416215e-02
-2.247325536118901027e-02
-1.064952366698956876e-03
8.314926144430064003e-02
-1.506012786070704268e-01
-2.231177876689686146e-01
2.300873720775808984e-02
2.864783378607018705e-01
1.746877782020420794e-02
2.128190925690709445e-02
2.917061596672059776e-01
-2.206965941357121735e-02
-4.237034848303469770e-02
1.161451247537585163e-01
1.233711786128317139e-02
1.702527196710051927e-01
1.763837533885124348e-02
1.099432224401652863e-01
-7.598720067711459136e-02
-6.553034473618113420e-02
-5.105280532165703405e-02
-1.785686925517536439e-02
1.833010906857684419e-01
5.722700491333867351e-02
-3.016266674953885923e-02
3.407487615984517576e-03
-2.543011116788326809e-03
-6.347426695953257980e-02
9.781946168897259763e-02
-9.410483963464999491e-03
-1.871533278090561914e-02
1.657977556688833287e-01
1.825499909228600962e-02
-8.281297609723682618e-02
-5.790388288831624375e-02
1.711630547783528078e-01
1.774640973794968102e-01
-5.379231855332835752e-03
1.953058485927111967e-02
-1.043197213661020140e-01
-2.059151950325332492e-01
-1.583382711186702707e-01
2.587566983046725097e-02
1.091299607017880147e-02
3.724600806934701136e-02
1.282725836498760374e-01
-2.347827905215003341e-01
-1.510789249400998346e-01
1.403704218476324594e-02
-1.443294130342459014e-01
1.374733460274979793e-02
1.966130710767543255e-01
1.021050534468922744e-01
-1.539443882608937941e-01
-6.414996505895842471e-02
2.637555136811660372e-02
-1.243251988628202159e-01
6.612795691047129720e-02
-3.316907044085754541e-01
1.027413890751698589e-01
-6.889751810761959860e-02
-4.673684134915927213e-02
-3.897892271941712922e-02
1.415653070686893888e-01
-8.629029574360344568e-02
8.995294702134962184e-02
-1.849039414701106609e-01
3.452635880754348352e-02
-1.942990771067825383e-03
7.967095298231306744e-02
-1.229264871599287795e-01
-3.855884134333016633e-02
-3.553700324129354521e-02
-7.052665022622581215e-02
4.161475274551582754e-02
4.667885987385014118e-02
2.282537832356191718e-02
1.236591155716368351e-01
-2.675884146569828537e-01
-1.634871046841834541e-01
-2.489316660856141089e-02
-2.540880391300193858e-02
1.082042616518785888e-01
8.231663333446409547e-03
-6.351007988168805296e-02
1.000650191593494831e-01
1.733825082468297418e-02
1.762019232700398896e-01
-2.419760612575847653e-03
7.106707963836464415e-02
2.009434101673651663e-02
-6.034118978999382377e-02
2.682847776024392672e-03
-3.101239131761728690e-03
1.051114366395472233e-01
5.992104537309161927e-02
6.097594003629819293e-02
8.145580517143335975e-02
-1.692333429586448112e-01
-6.565450669450367815e-02
-7.427207712453863520e-02
1.620487528071741165e-02
-5.907210145238700472e-02
7.879557008274569105e-03
-8.366315804456589400e-02
-1.166519222786118054e-01
2.693010145679504419e-02
1.032585764482212703e-01
7.713072000564208386e-02
-1.536228233483552530e-02
4.769992454686884653e-02
-8.492188021843722484e-03
-2.153953591898429692e-03
-1.087554880980182992e-01
1.093579065998392108e-01
2.568057878946120032e-02
-1.307912261291284961e-01
9.445243331244401741e-02
-1.239551507387171014e-01
-8.737752248755059625e-02
-5.835651387819620201e-02
2.580013501919999064e-02
6.925130751771442494e-02
2.380359066788716171e-02
4.560985299026924095e-02
-1.552313524503802777e-01
-4.152582284110677147e-02
-2.540446453041721522e-02
5.797840680873925234e-03
8.053620389128095247e-02
-1.866283848957171754e-01
2.329800158718325215e-02
1.338378918519580740e-01
-4.218749978303223958e-02
7.423978224988095342e-02
2.008987499908015673e-01
2.297924841428914192e-03
4.821705661218406158e-02
1.940632834962108949e-02
6.504544505679522859e-02
-3.345360772283682144e-02
6.776026215521122054e-02
-1.073341236568117335e-01
1.301335226737751483e-01
-1.892910189382492406e-02
5.004097799533166468e-02
-5.017034295699801527e-02
1.627331848894890687e-01
2.701421924559142540e-01
1.653242398650182077e-01
3.555648442656701019e-02
-7.878119537438760256e-02
4.438018703369056572e-02
1.243770504673381294e-01
-2.824930096320435458e-02
-2.192026010605349282e-02
1.835963563585344197e-02
2.956125231029720357e-01
-5.472325007454539175e-02
3.070108801899580978e-02
5.894600293594384754e-02
6.047223291384851152e-03
2.720267500439792902e-02
4.217682641168955804e-02
1.386592174829995583e-01
2.584227106957397505e-03
1.889453242504987585e-01
1.292584183838948325e-02
8.650881591009823568e-02
-1.243308863679041809e-01
-6.733119788903549341e-02
4.743635567147178739e-02
6.150339283764764964e-02
-6.399259061263171122e-02
-4.273797244249379068e-02
3.701394911194573478e-02
3.817228512576782001e-02
-3.528127153703428109e-02
-4.795715738088614927e-02
-1.249572955277383352e-01
9.844195601188644729e-02
-8.136004946060513415e-03
1.876398049214708652e-02
7.204876481148593526e-02
1.835800985535729901e-01
9.547190807023266113e-02
7.585986217531109910e-02
7.034969478647854282e-04
4.645121453760145402e-02
2.460991991704560705e-02
7.241535571308849173e-02
-7.069600342719643826e-02
1.535334795323457513e-01
1.153872580611048498e-01
2.905084700493746827e-02
-1.332499606745806420e-01
-2.326476880629947327e-02
7.467240697988941633e-02
-1.023692520699110570e-01
1.080956166142489489e-01
1.091396670087902837e-01
4.312202786745551047e-02
4.071385934940605772e-02
-2.418150375815490000e-02
-1.344705595280046295e-01
1.848696816930513742e-01
-1.196903710020445766e-01
-6.081234336990318234e-02
2.120218414392414097e-01
7.606411704504435767e-02
-9.616144053291851568e-02
-5.322482520289514851e-02
1.025505799187212408e-02
1.543415202425649571e-02
-8.436703139804933860e-02
-1.158096061700565615e-01
3.100126909195879965e-02
-1.492157663412155798e-02
-2.647737818117823147e-02
-3.089548112711133082e-02
2.255709621329807790e-01
-3.919368045096717490e-02
6.311318141306945795e-02
-1.337930335303166018e-01
-2.483678401542840919e-02
-1.275763947200478088e-01
3.794593899328921882e-01
6.746429818809523971e-02
1.874896577318194840e-02
-3.620185037878358159e-02
-4.076794709556624124e-02
1.075118404263036842e-01
-7.110366247996678657e-02
2.345860563126421494e-01
-4.945689995566689839e-02
-8.961673384838202833e-03
9.999347738294136340e-03
9.449121787358764554e-03
1.739942364957343390e-03
-4.638263154582787651e-02
-1.820457373618274699e-01
1.614250647562162910e-01
1.725829146060177954e-01
-6.746137681211274162e-02
-3.823190720920841695e-02
-6.277476606105543422e-02
5.831959365982446880e-03
-9.119885755688739160e-02
5.686200471885105578e-02
-9.947716771161145902e-03
-2.936817621414431617e-02
1.318679194500938512e-01
-6.151608447503147115e-02
-2.974490762880624417e-02
4.260844326118388981e-04
-1.632249386131145175e-01
9.284477154354221773e-02
-3.405057644993789850e-02
1.849227118546942217e-02
2.614822072448926005e-02
-2.490108911400832140e-02
-1.756423912558021522e-02
2.537322242925916377e-02
-5.559224399764226693e-02
-3.621586573812205639e-02
-6.849235435132008942e-02
1.070964635752024580e-02
6.060563980975296888e-02
1.493032814320209220e-02
-2.171698606336630588e-02
-5.730741848648642812e-03
8.271678952261472123e-03
-7.877039821430854849e-02
-2.397944932969930595e-02
-2.180287967659539083e-01
2.916067583405057909e-02
1.360674348875046402e-01
5.011957584965505419e-02
1.671928258786999077e-02
4.291391268096179240e-02
-1.275955426738402121e-01
-1.881054025206295791e-02
8.116660383657138544e-02
1.733314766913049768e-02
1.257782171453786756e-02
5.664185446414857911e-02
1.514871011626118535e-01
7.783140308417421660e-02
2.622208869706314782e-02
4.397946688381842301e-02
3.485908996237643137e-02
5.774782155182740101e-02
-1.356641747268214071e-01
-4.124208725167455292e-02
-2.097215517893074865e-01
4.593560725271245149e-02
-5.851649098528612786e-02
1.087323056386128306e-01
-8.069185374611369255e-02
1.129201522109522099e-01
-8.639720697276816186e-02
-1.805146827189720027e-01
4.059388252720280699e-02
-1.353040818208730289e-01
1.038530656769570820e-01
-1.794516135057754036e-02
1.344437811269959815e-01
-4.715307228476826873e-02
-1.135638021918434909e-01
5.151109870192235873e-02
9.854730800036150956e-03
-9.925654529341759735e-02
1.630150756975221604e-01
-2.155063250136821651e-01
1.520885211717454832e-01
-6.609413277762371530e-02
7.243585167837733596e-03
7.003113410706496289e-02
-3.472664975073036508e-02
4.149192152257816235e-02
1.477182267856137765e-02
8.235941749942078671e-02
-1.969849923816063483e-02
1.149736655890665066e-01
8.740699933189466364e-02
-5.512512934707988754e-02
9.491236972459282661e-02
8.324778477060681969e-02
5.699332590985084490e-02
5.312536021723403279e-02
-2.022769619141640551e-01
-7.611884538595875549e-03
-4.504098455971766030e-02
6.759699052016321374e-02
1.242271272998702325e-01
-3.428960409870270010e-02
-5.619876421878845785e-02
4.537119102744237992e-02
8.297464335234577826e-02
-2.847581885108680863e-03
5.667753272244577777e-03
1.063836064552840938e-01
-1.057504064998829596e-01
-1.261322817114434169e-01
-3.936755662063733813e-02
5.829987665947652248e-02
-1.160338821531358422e-01
3.023696642480963939e-02
3.512927535586656685e-02
1.491618539676766719e-01
-3.109164460634261107e-01
-9.764129854044795165e-02
-6.279952254791250701e-03
2.223070262414868214e-03
-8.162567039973124550e-03
5.421778580500069382e-03
-2.231706334858541557e-02
-1.054915776530087057e-01
-1.763950627228447199e-02
6.738244035592684533e-02
5.997738372796486417e-02
-5.037765116788760211e-02
8.360343766623765105e-02
-9.610286326270961466e-02
-1.129699721534308254e-01
-6.810125231420947889e-02
1.376610414856669906e-01
5.009856631855053033e-02
1.059644282709313289e-02
2.053506722865563669e-02
-1.415605156739443982e-02
-5.216393777653828556e-02
-7.923421274367757616e-02
-1.100689184033883106e-02
7.593405431177951970e-02
-1.289327472646195627e-01
2.477773090642233084e-02
7.182060863605546630e-02
-1.210896653685713115e-01
-1.626319819950995116e-01
-1.082341285819537896e-01
7.347264764973071571e-02
1.332870766470711787e-01
-8.107446999085157757e-02
-2.825111037460192875e-03
-8.674468684116833084e-02
1.470702196104363979e-01
2.100506002433234487e-01
1.612959018519528331e-01
8.751008887650069124e-02
1.656421479791931120e-02
-6.324291911188076321e-02
-1.847186836811695598e-02
-6.711954691672436524e-02
-1.504365168824594104e-02
2.156720603310078449e-02
2.222328684543236829e-02
3.742986377272301823e-02
1.746551777514762996e-02
-2.018140870948600257e-02
-1.209441612787958142e-01
-1.625684137167453802e-01
-2.858998496356068841e-03
-7.354105108419889403e-02
6.225283611353933655e-02
-3.701244610747814190e-02
1.587206847761114120e-02
-1.307417048698177320e-01
2.108544857386970145e-02
-9.911967941231475399e-02
-7.119931315288695675e-03
-1.386247335179394136e-01
-5.150785007128806658e-02
5.677613008804261591e-02
-2.247560528367447893e-03
7.284397251911033100e-02
-8.086323423812218081e-02
-1.363081951583460828e-03
1.168645020847564053e-01
-1.571677236366303063e-02
7.677183761572481911e-03
4.489335409456040038e-01
-4.280184049127327278e-02
1.199184784980327351e-01
-1.612036093674791282e-01
-2.477603062286642954e-02
-4.979524978866009532e-02
1.478925602529314598e-01
-5.170342425625296112e-02
2.256750876842670561e-01
-3.417217094162645213e-02
-1.115298842469222493e-02
1.700127986225735688e-01
-7.035839761992599556e-03
4.555661623327592058e-02
1.121963196000672763e-02
2.603143287079648371e-01
1.231161992892778334e-01
-3.578829230189406463e-02
-3.995947522600822727e-02
1.240768172107215017e-02
1.250797685590801234e-01
1.528114455666705895e-01
1.773740341623726291e-01
-5.916939657112046599e-03
7.259764978061818141e-02
5.852947642327648026e-02
5.314518831151386624e-02
1.225970478755793597e-01
1.530294031593871229e-01
7.696983232777815376e-02
-4.322660563630131153e-02
6.625871336236002773e-02
9.040443762220315427e-02
-2.492541635918281151e-01
2.149923814843263115e-02
9.609727509633543552e-02
-6.814466531922415762e-03
1.903116601429519217e-02
-6.439745505719506047e-02
-1.062850045096630225e-01
-1.130889905127729494e-01
4.713206410153745335e-03
3.087582329663970948e-02
4.835849051554184236e-02
9.098445998458232209e-02
-2.072659254513973398e-02
1.054332512353901574e-01
1.223014153676381388e-02
-4.537537776909906367e-02
7.903223936128589422e-02
-2.200783673522986941e-03
-8.382205963133755600e-02
-6.906929355341373533e-02
8.875875560989128499e-02
1.564939181819694214e-01
-7.620034903678193916e-02
3.944934225780017539e-02
9.998287090808948008e-02
-4.288785582726984541e-03
-1.151463656167784136e-02
2.051173124047666330e-01
4.839195804113273491e-02
-2.132865140971799967e-02
4.126399882138884201e-02
9.505920672806977834e-03
5.536022484937546534e-02
4.538295093354004911e-02
7.735101299988868251e-02
5.537778561841509573e-02
-5.248046620505083387e-02
-1.522664059359138920e-02
5.090578162031406118e-02
1.539347620343817225e-02
5.277258769726025922e-03
-2.132244133657959784e-01
9.513651500887762569e-02
-1.026071299347958432e-01
2.498994191971593004e-02
-2.092217298675924306e-02
3.586696259095253220e-02
5.568880984261390804e-02
1.660112121407959426e-02
-1.227181411551984090e-02
-6.628911898380211720e-02
-8.777720150388882911e-03
-1.963929643899913272e-02
5.821486427226739424e-02
7.309501976129058332e-02
-5.560507129658295855e-02
1.406928296079029139e-01
4.154585934690546711e-02
2.563024465521002854e-02
-3.337654658979009870e-02
-8.429279959846915082e-02
6.476377218947182435e-02
4.204440902778818628e-02
-2.972245196464975980e-02
-3.367504555095920948e-02
4.730194608801413514e-02
1.054821338712090550e-02
-5.740945406163594500e-02
7.485948494418616372e-03
2.520042373540667263e-03
3.253514111636997275e-03
-5.403854025852626586e-02
1.640557310589872350e-02
7.700937122900793075e-02
1.429135424327444837e-01
3.726682147652062016e-02
-7.196684891391980088e-02
-1.182966925444068063e-01
1.353474435181631075e-01
1.408803522012514083e-02
1.182682478441492158e-03
6.805682400367676910e-02
-2.136785930293686603e-02
-2.212839490225486372e-03
6.186720019362654949e-02
-2.274540697226120484e-02
1.085898721610242257e-01
-5.455793920182552131e-02
5.520354615910365303e-02
1.715105773288963242e-01
-5.942646097981450770e-02
-9.276691936810504968e-02
-4.149157632023827563e-02
-2.511769355125090947e-02
-2.939316892443310028e-02
1.540752436398229279e-02
1.562189627016983828e-01
9.162115922390318828e-03
4.712712720240225250e-02
8.378132732661711102e-02
7.305065314609474059e-02
1.329498250793796910e-01
5.772923498680051363e-02
1.129865835932361284e-01
2.163418638038793959e-02
2.199950910210182742e-02
-1.886074246077224306e-02
6.357504198799615591e-02
-1.841036302799902713e-01
-8.229049079095105898e-03
-9.308167728193715573e-02
1.562401466091169200e-01
-9.701167180903520759e-02
-3.281201338988423699e-02
-1.612816216260277713e-01
2.870992812600800179e-02
-5.082234759030381660e-02
7.580034141118402458e-02
3.485004344137598159e-02
-2.955772825483163335e-04
-1.374105772458305008e-01
6.852077144833346178e-02
-7.206518990577416572e-02
1.686692530536686510e-02
-2.171422051005382752e-03
-7.672752058584934864e-02
4.823402447362391821e-02
1.266397691124449554e-01
1.744227576214294473e-01
1.285205704198933152e-01
-6.270621452643626581e-02
1.097449609626356959e-01
4.331928227028642928e-03
6.620707880129739209e-02
4.890196528947909904e-02
6.229777979860975923e-02
-5.066445312608558113e-03
-2.451856031902089131e-02
7.352826501751991151e-02
3.225552772371235999e-02
-5.084941252229779537e-03
-3.077274497274047095e-03
1.968352495316755962e-02
-2.697220756275438280e-02
1.392367273181063514e-01
-5.491478466613182452e-02
-4.622411696107186357e-02
-1.269507972360437442e-01
6.451128686380830368e-02
1.854618074059083688e-01
-7.168145188795817246e-02
-1.243972967157099957e-01
3.507817638586197689e-03
-7.549603571779760214e-02
3.477060387082935716e-02
4.515431885301673248e-02
-1.967815207205107168e-03
1.781601560146318930e-03
-3.653313325920488908e-02
6.659397111622861187e-02
-7.531632524610643031e-02
-8.994365219576382076e-03
2.240320847168512236e-02
5.099116187314650661e-02
5.979162652417083224e-02
-6.013940291177796021e-02
-5.771556177866923876e-02
-8.926913910588821222e-02
2.223992543793821830e-01
-6.799047733099083946e-03
-7.469104105790003167e-02
3.035133063729654121e-02
-6.725467558954090208e-02
-1.860231202531883732e-01
-1.192462161500071616e-01
1.961982796148803443e-01
-5.640641486385511438e-02
-8.945945420113443625e-02
6.962818794053969584e-02
-1.191152166659616152e-02
-1.423862240662220890e-01
-1.151852843009895308e-02
1.973765701476586087e-02
1.984397727762465813e-01
-2.869105366832200646e-02
-1.031843838635250754e-01
5.509413408604062895e-02
-2.497394383562004036e-02
-3.061787583286696215e-02
-1.072161671637882341e-01
2.004239743124074796e-02
7.843706585663641484e-03
-9.598577863749271910e-02
-3.675172705648814542e-03
-1.219794257824566991e-03
-1.454993275033595289e-02
-2.904216374542526596e-03
1.552918288820672177e-01
2.239141471914120052e-01
2.350338423089812223e-02
2.011177817671306808e-02
-2.946474933140752137e-02
-4.509876395268425098e-02
-1.228537480215286526e-01
1.220568551573529281e-01
-7.599480269085491513e-02
1.033239008918780399e-01
1.803108714282663783e-01
-5.015900728383189053e-03
-6.632847102365820036e-02
-6.641823364591820100e-02
1.156018482989453894e-01
-9.500864767409900741e-03
9.568151824944436112e-02
1.171843966100220708e-01
1.349583173304707596e-02
-2.564531016997915192e-01
-2.507972764037900981e-02
-5.150315902736800344e-02
1.282056417399235482e-01
2.183146976376505038e-02
2.428199299024123847e-02
3.083191116533465920e-02
3.961223262033149173e-02
2.569521226672192432e-02
3.206741803464516205e-03
-1.189853415652879567e-02
-2.368021370614869017e-02
8.500723055341261047e-03
-5.823999803585888646e-03
2.336307260341445591e-02
6.637996104373698227e-03
-3.163587022569264162e-02
-2.330533353306592226e-02
6.578388176410251975e-02
1.744609346732499747e-02
-5.649028287120289038e-02
-1.385162270397283235e-01
8.438319005667032496e-03
-2.468456735355697984e-02
1.615461383489278091e-01
-2.161311103370865475e-02
-1.974310662227924534e-02
-1.512880709109247213e-01
-2.318388104731262944e-02
8.294563874977740892e-03
-2.321201301395463268e-02
1.311948659903245384e-01
2.088233361141403344e-03
-1.941325880384534843e-03
-4.392575732189080151e-02
-1.581007171552688273e-02
4.109724505336787015e-02
5.971472170097803789e-02
5.080625727693481586e-02
3.058861982397152388e-02
-2.443105331358461779e-02
-1.119625854060039422e-01
-9.825361692608516884e-02
9.660821685878745457e-02
9.783447606081863146e-02
6.208122565188644443e-02
4.454685831054621716e-03
-1.916259416128553994e-01
1.370292561647821761e-01
-8.724715070735129807e-02
4.716382973293536778e-03
1.844275849923035157e-02
7.895678013878814488e-03
-2.846850373615655849e-02
-2.163062466904162873e-01
-2.374437001647727030e-01
-1.129486120698625362e-01
1.458433242821634626e-02
2.458091430051747434e-02
4.038926171909306556e-02
1.606059858221824954e-01
-1.912939034803364802e-01
-1.200587761578076063e-01
-1.383641882562028358e-01
-2.363616081143854030e-03
9.700283652232051523e-02
3.499715612068142467e-02
5.318798449545097257e-02
-1.509495048124987471e-01
-9.954333199969482571e-02
-1.698471208428768697e-01
-3.849158152729024313e-02
2.022547038173734546e-01
-6.184508475963218510e-03
-1.865668054431345035e-01
-1.280405906617311240e-01
-2.482987209006531359e-01
2.758200118220274083e-02
8.694870559313286340e-02
1.196843011333397211e-01
1.378293218787679797e-01
-4.954825384798426657e-02
-6.806639170419679849e-03
-6.753925002313262982e-02
1.716322529955758847e-01
-1.139399471297324051e-01
-1.024463352698466029e-02
-8.970753948618355456e-03
8.052956586176984732e-02
-6.820986843613867368e-03
2.307233352686367464e-02
1.991623889548200382e-03
-1.012385231256060086e-01
3.723647253321160644e-02
3.591294878351303232e-02
-5.835517176713204274e-02
-7.341433748672773763e-02
-7.819717264944334167e-04
-6.757548425360584976e-02
-3.049053136078365076e-02
6.711210393777404526e-02
-8.545226810430829600e-02
-3.745595488486576363e-02
2.264369610265518779e-02
7.992305327508095192e-03
-1.972336049747677733e-02
-3.985638780350485300e-04
5.045406312992580661e-02
-2.597530604877855420e-02
8.651134341225876975e-03
-3.969610260917677547e-02
-9.140468976360582865e-02
-9.489997428496921295e-02
-1.624101511268509213e-01
8.330087804207776669e-02
-2.142712445949272390e-02
-2.554822797490642963e-02
-2.579507745818664100e-02
1.481703704833838182e-02
-4.880408615723669241e-02
-1.184073221175896973e-01
-9.209049746634220129e-03
-3.306777171086274641e-02
-5.080912831900132043e-02
3.806914740671182851e-02
4.448579129578855706e-03
1.865243553428857712e-02
-4.826147533458831351e-02
2.056409033911784368e-01
-1.223490837743133539e-02
-4.554658147550080804e-02
5.626271187364884768e-02
-5.956264724731206994e-02
2.733301784869573980e-02
1.720293921592986885e-01
-4.831045052336471746e-02
2.109807255085244596e-02
-7.337792642951791733e-03
8.020306079521058451e-02
1.518676069424523822e-02
-5.467438657783593031e-02
9.029615430926259123e-02
-3.400682653124274812e-02
-3.931724924600556864e-03
-3.500744259187957841e-01
-1.568065685505153073e-03
1.664370501649294343e-01
-1.318899765083349496e-01
3.072760503352626182e-01
3.237594874751507645e-01
-1.117712930137527705e-01
5.711972313865089357e-02
2.148040948825268373e-02
7.636293863976585661e-02
5.023225530550431799e-03
-1.164189158295815194e-04
-1.073959310344036258e-03
5.748132067803407574e-02
2.262463034084829031e-02
-6.104500057622686687e-02
1.719573071561452532e-02
6.966431108927280402e-02
1.211593490142510721e-01
-1.397337636984541387e-02
6.362957940120848865e-02
5.179198478289901569e-02
-6.359691384177703320e-03
4.404824178182174116e-02
5.626568035106828403e-02
5.689409739592810045e-02
8.066665116781882028e-02
-4.324661145499253401e-02
8.791563748219013291e-03
2.978147401785634710e-02
-7.962535438507879065e-03
-9.165855537943067358e-03
5.357298122150463277e-02
9.731493467169481659e-02
3.905395292487931491e-02
-3.616135237559332805e-03
1.594386285621958096e-03
-5.538697108453306643e-03
-7.596561564045070658e-02
-1.388606073349046566e-01
6.751983792967190812e-02
1.144312757651571588e-01
-6.689628522421700585e-02
1.041861900682769376e-01
-1.055609168931045533e-01
4.250466736435243309e-02
4.509639721119119288e-02
3.940318951879896725e-02
-9.073126656263832968e-02
9.311584001359628909e-03
8.526522303615149956e-02
-4.935426847974671433e-02
2.384165731111578118e-03
-3.073327269689683089e-02
-1.116375846057380966e-01
3.300919561214333414e-02
1.381100910995063102e-01
7.773564480454520087e-02
5.648043467978262205e-03
5.099862496164673381e-02
-2.148389199790014248e-01
4.553224653133916555e-02
-4.576669319865019764e-02
6.288015741296948402e-02
-4.626586741360841880e-03
7.771598498830238622e-02
5.932648760005714006e-02
-1.628874236728602154e-01
-7.168873194904210044e-03
-7.605493552533464097e-02
-2.132240749735080099e-02
1.147030975585485932e-02
-1.470949455086809077e-01
2.818565205183911487e-02
8.347356752705815952e-02
-1.381108166571533569e-01
6.316186406548452564e-03
-5.271749516146900794e-02
5.729123075807514287e-02
-8.953640143391218553e-02
3.918019227766136869e-02
5.031912073511370098e-02
5.330314687456549905e-02
1.097469380135353278e-01
8.143433736934846401e-02
1.090661862472707827e-01
-1.345242390204952621e-01
-5.287881019352565909e-02
-9.465821806143030759e-02
4.574360877371978773e-02
1.725918637645373899e-02
1.823722655552794947e-01
-1.690544584425971719e-01
3.705984120603678794e-02
-1.130143376226382251e-01
1.407106150740692896e-01
-1.370091471286894944e-02
5.546625079360693183e-02
3.191301178414521905e-02
-7.973670480076161526e-02
-9.549034150479056293e-02
3.986478030914312326e-02
1.425291063422503557e-01
-9.396492487787032333e-03
1.647361710438233554e-02
1.267390305728989530e-02
2.086752958503605704e-02
-8.016518732897211230e-02
-1.315806031391150155e-01
-4.836858096418894526e-02
1.888547223841328948e-01
1.776485377623617246e-01
1.303221309561209545e-02
-8.696029860779035114e-02
-9.805198842699952566e-02
4.530865361278214182e-02
1.230902474677205566e-02
8.415328301879179684e-02
3.343901779645004624e-02
1.248213425372516894e-01
-1.795799487147371060e-02
-1.639878388023293526e-02
-4.972551155791322258e-02
-4.819753856886977578e-02
-4.756494010835753128e-02
4.959888746550292216e-02
1.398228010277524636e-01
1.335448765347709843e-01
-3.009246430602745617e-02
3.588626031994006371e-02
3.206911813444366516e-02
6.249357571056692040e-02
-5.891863340865918786e-02
1.286080553294555728e-01
1.408412135099115087e-02
1.651961618886270688e-01
-6.252855261597065062e-02
4.950071654392623061e-02
3.811955706465533500e-02
-2.654123799664029684e-02
1.052173697551907899e-01
-3.602378368419373398e-03
7.246801813348380250e-02
-9.850386189535031978e-02
-5.034328140765965964e-02
2.712599768992367960e-02
-1.026651365329318555e-01
-1.379750598307627751e-01
8.385566506810784859e-02
7.654285512733215169e-02
2.139229951277330510e-01
-9.731274736361171518e-04
1.509638525268166831e-01
-5.667018929139188560e-02
-1.166713346380068156e-02
1.131168351226391894e-01
1.076543856927523329e-01
-1.746322200541922109e-02
1.477346337000040241e-02
2.453185343028593118e-02
9.190682919959136665e-02
5.278696100375200595e-02
7.311674789066696656e-02
-2.254646731505959359e-02
-5.550024604968890191e-02
-1.970625710579490264e-01
-5.739992922152896415e-02
-9.122089548481396304e-02
-1.862017164019877380e-01
4.207834074665380009e-02
-1.048649605893868346e-02
-4.220453717402371935e-02
8.889837957923817091e-02
-7.614023352704392400e-02
-1.057183015046252034e-01
-1.094217168654308403e-01
-4.496774067226104454e-02
-9.251325644155532213e-02
-2.186150960691365594e-02
7.915238789656256491e-02
8.762337384906816740e-02
1.337440556939328493e-03
2.276794807984854757e-02
-1.437853882260982930e-01
-3.762235555651700925e-03
-1.033580613781769908e-01
-6.129483717894770867e-02
3.400047601436513578e-02
7.659449307555535325e-03
5.139866545048961399e-02
-4.454394102896126750e-02
1.323255191331338398e-01
-6.046625147384852850e-02
2.184569015698210187e-02
1.887967151192580101e-03
-1.658227329955844513e-03
4.279763284274600010e-02
1.984714673380399974e-02
-4.143573028590249313e-03
8.831492475680404602e-04
8.986395984785329472e-02
-1.679043227625727774e-01
-1.140376854074418196e-02
3.048012530700144537e-02
-1.038263033223976034e-01
4.767404620678782762e-02
1.537160925857752186e-02
-9.502881363168921847e-02
4.103426665288434361e-02
3.256407886723101941e-02
-4.027091741586466545e-02
-1.332070832139312933e-01
-4.752705323056070907e-02
-7.629534705183124710e-02
-8.921648303743809350e-02
-7.652348569304655290e-03
4.150387811750658185e-02
-4.754416608050524712e-02
5.147019387685438513e-02
3.960175402103478792e-03
-5.044720823765509732e-02
-8.784792961660532751e-02
-1.332559458471164471e-01
1.494681064105468360e-01
-1.163062442348578168e-01
1.161785128370776583e-02
-3.712108580383004230e-02
-5.088733929576857995e-02
-6.984168080513142307e-02
-8.552505959894304843e-03
-7.284324383337999198e-02
-8.435587333466534887e-02
-5.249461383858021295e-03
3.306488539571810631e-03
-6.492538029919633913e-02
9.448718037862795238e-02
4.942077998429118130e-02
8.920142174100201271e-02
-4.444307709801240819e-02
-5.470987533267042402e-02
1.100767932583201630e-01
4.304788197774868375e-02
5.492277575408371221e-02
6.740553200410190349e-02
-6.348532077430891173e-03
7.337247371748908953e-02
-7.528403619408144398e-02
2.328163116286672413e-03
-1.427842202839235339e-02
1.723378704864312987e-03
7.650710987386113993e-02
-5.344668000322408408e-02
-1.993965782274726983e-01
7.963279751788126734e-03
-2.049648371501922028e-01
-5.956617403418242029e-02
-2.318398686778831708e-02
2.104967510302590272e-01
7.121151428151889506e-02
-3.410925217025993078e-02
1.050668090798199394e-01
2.840146372915337489e-03
3.697313042313995352e-02
-5.732807481621109147e-02
1.499778839185322565e-01
6.834265368535458185e-02
6.657650386848271151e-02
5.599578795259423786e-02
4.562393169956793781e-02
-2.841427814005509020e-02
-1.044562494315626755e-01
-7.821251992595427971e-02
-3.676363743061361600e-02
6.673612325332589634e-02
2.163488909183363534e-02
1.901570327770974941e-02
-8.824723219132380239e-03
7.857269295781616272e-03
-5.774099942814053810e-02
-2.285082074649685269e-01
6.130337730071655500e-02
3.088728578072525571e-02
3.133054552298900758e-02
-7.040529526490497264e-03
-7.283156155425338230e-02
-9.337266265846839997e-02
-1.152148352630734535e-01
4.959995959037129254e-02
-7.347780579699206283e-02
1.490135925285478516e-02
2.134452535976814544e-02
6.906741619387798958e-02
-1.013243089830506288e-01
2.539320231636942385e-02
-1.057041975157744090e-01
-2.450347161638275623e-02
4.967693223220584486e-02
3.256855197681096659e-02
-2.039302764496587692e-02
1.412232955906241316e-01
-1.731873676536389503e-02
-2.562953403556246165e-02
-3.859975968014080216e-02
6.458490993290526110e-03
-7.035173945889698632e-02
-7.908958089227367816e-02
1.024245474218032359e-01
1.771573519376798966e-01
4.378271316825078224e-02
-1.452993466200505068e-01
2.006782166125024858e-02
3.490177647602219629e-02
8.616288085752336900e-02
1.015843521231026975e-01
2.853094511475108563e-02
1.625030201863134072e-02
-5.972511395409174639e-02
8.210200849403949397e-02
5.265383258785934911e-02
2.690406079742273249e-02
9.148675884402118763e-02
3.864353307251647274e-02
1.299525652589311048e-02
-5.300161625562582746e-02
-4.211831719075088964e-02
9.790933344402188987e-04
4.171174602904377179e-03
1.046390452103122953e-01
6.168529040677231401e-02
-1.009887002042560433e-01
2.537759703911824510e-02
-1.392784539053600890e-01
1.541909781392682699e-01
9.115465532468559895e-02
2.818772872631858384e-02
-1.101190296834063248e-01
1.682223474748056335e-01
5.075792565057920397e-02
3.784402842138445688e-02
1.442986204441693357e-02
-2.189413731345268843e-02
1.321756050177206598e-01
2.601622740430779498e-02
6.309384730438817590e-02
-2.381194047558578275e-01
-9.239015850880393649e-03
2.387118541890821677e-02
8.492095453169290487e-02
-3.927536164071127045e-02
-3.847737926943962938e-02
7.129761425507915445e-03
2.064410571823626153e-02
-1.088494091379104897e-02
9.430796674056628193e-02
8.606784898127518846e-02
-5.347541388619177216e-02
-4.537435813881979946e-02
-1.759136865774031666e-02
-4.421838556248861712e-02
-2.238971114950435645e-02
1.365773895516710912e-01
1.140509912594997455e-03
1.012877137604437094e-01
-2.073972720870692066e-01
4.334055888885038343e-02
-1.106652111694920587e-01
-3.899111519791639835e-02
-1.025392858816352448e-01
-5.926627257894140355e-02
1.284870921660314913e-01
-4.698536972615930188e-03
-4.596232004212476296e-02
-7.214943699687981736e-03
1.241754148027507942e-01
-6.838043364340851138e-04
-6.199635281913257710e-03
-1.496333797362493388e-03
-1.096519383374972012e-02
-5.702554878808561989e-02
-1.019565517670619759e-01
-8.114783150993344629e-02
1.871598920975319630e-02
1.235663406162952963e-02
1.250260164839160637e-01
2.326213028322734466e-01
-5.042113713572510258e-02
7.383849550392097838e-02
-7.867093026900982833e-02
-1.848689308323049965e-03
5.273710894742780070e-02
6.185964805356312934e-02
1.115520371490511808e-01
-5.325720940065663267e-03
8.911840712663252062e-02
-5.325604630452171473e-02
-1.428823101657578781e-02
9.476476802505785779e-02
-2.671504397098350622e-02
-1.695818692685437945e-01
-6.475236576762721796e-02
-4.872833590280482158e-02
1.510980848146624943e-02
-2.298179417841922020e-02
-6.840999293681572502e-02
-3.557827012785876042e-02
2.456888607169764940e-02
3.314813614836371880e-02
-1.247182876468897195e-01
-1.339823723416285438e-02
-7.970652675793292799e-03
2.389516871743074464e-02
7.216327548159984229e-03
2.796261646261428285e-02
-2.070646465820725340e-02
-1.114304528993664556e-01
4.218013414115677484e-02
-2.738523084144842829e-02
-9.413337647008299114e-02
-1.306150972199385252e-02
3.785425931572426739e-02
1.693536464951967552e-02
-1.403071092115094065e-01
-6.267450786333508828e-02
-1.941846365778382433e-02
2.672126061417163384e-02
-8.887886756269593180e-02
-1.504728293830489422e-02
5.578704184893536894e-02
-5.898253109922436954e-02
-1.479652790468240220e-02
3.420887120493770056e-02
3.951362889940623901e-02
-1.081748592607741921e-01
-5.133696803413283910e-02
9.131487467238112721e-02
9.612914819899950891e-02
-2.251822737295230970e-01
-6.109224050898025282e-02
8.020314847056950192e-02
-5.813142057257113249e-02
4.528858565071414849e-02
-8.713209266191294933e-02
-6.484265105415791888e-03
1.148222929427247796e-02
2.182580187061218882e-02
-1.452847468997230940e-01
-2.833460804311201120e-02
5.615459600952686647e-02
-5.290300169032978450e-02
-6.951532237744730003e-03
-1.911266845715637042e-01
-2.860561442522223385e-02
7.568120255505519922e-02
-5.110308564868292630e-02
6.861655494644372522e-02
-1.559488141758657853e-01
-1.847812606975305916e-01
4.139446839241151671e-02
1.634587281980031531e-02
1.571745363632278195e-03
-5.429040147811659001e-02
-3.634379632288703421e-02
-1.887784200849405292e-01
-1.275122750345468459e-01
8.062894852275331176e-03
-1.178962723023814670e-02
-1.731896387032116902e-02
-6.147719164502593245e-03
9.013191154114687242e-02
6.300547290362379371e-02
-1.207071865748083894e-01
-3.145751756503471497e-01
-5.505765686840883438e-02
5.646834004632867582e-02
1.790391393512530405e-02
-4.321511199499814687e-02
-3.414260340547795730e-02
-2.829408725141571018e-02
-6.850848231200147229e-03
-8.542418334583239126e-02
3.882702950599817640e-03
-1.081954317599804621e-01
-1.134472188239342705e-01
-7.896898826728224186e-02
-2.782325513084392410e-02
-4.146312824675826847e-03
-9.793755244820838424e-02
6.228551071232698438e-02
-3.040197889690252758e-02
-1.167031601475350400e-01
1.336916211979217659e-02
-4.533571254626209829e-02
1.045330953727543477e-01
-1.394449714507614291e-01
-3.410049692520207565e-02
2.021155758830761595e-02
-1.893614568847040019e-02
-2.690414044184841896e-02
-2.935921187213879485e-02
9.994868875599927094e-02
-5.184218759083337319e-02
-1.298403475373622121e-02
1.469115836540501110e-02
-4.107714456148194027e-02
-2.354862862690118921e-02
-3.446193198833023830e-02
1.537750725328021761e-01
1.059427124819078969e-01
-1.144941129840810201e-01
-5.463605220320090494e-02
1.023820825035147083e-02
1.783778872434985119e-02
5.168830258511786929e-02
8.070175579470399360e-03
-2.627080418526359096e-02
-1.119023796863361994e-02
-5.252659715118875028e-02
-3.869592920916306578e-02
7.854122772599211877e-02
8.474460251548587147e-03
-1.792872175026174325e-02
-1.100414141337906736e-02
5.933320514353394165e-02
3.214841156993215182e-02
2.966832927240713874e-02
1.088439561212150020e-01
1.880741684396842681e-02
-2.741133830266031038e-03
1.043654099589013257e-01
2.609108356588727903e-02
8.301527219816141889e-02
-1.039548189531750051e-02
-1.594722809533112920e-02
6.959197986272831760e-02
4.544768122703193858e-02
9.606407285099607951e-02
2.667850913061406079e-02
5.524524561102907988e-02
3.703266484329820890e-02
2.399007579720456931e-02
3.133060823269814832e-02
2.161629752132602274e-03
-1.387203129353836717e-01
-6.174062997372574413e-02
1.308528305225589161e-01
-1.784860060925336483e-03
-2.019774558714320656e-01
-8.171197105601414601e-03
-7.016541289201183237e-03
5.103540515393357492e-03
1.300442723023573222e-02
1.160411470633426617e-01
-1.249158078991171594e-01
2.277870030295530909e-02
7.562610564725416595e-03
3.271659851298153177e-02
-2.628710112519782455e-02
-3.522941221136924317e-02
-2.943547218367701876e-02
-4.013588459177350881e-02
2.369043452190171817e-01
2.320221711158674816e-01
-2.391217854734328102e-02
2.031719923405952977e-02
-1.633188236882825162e-01
1.847422259426594882e-01
7.095373941651364480e-02
5.091909287916656507e-02
-2.659644525222833872e-02
3.649081857605624563e-02
-7.152099615062829964e-03
-1.253518463563854934e-01
1.028029978270248931e-02
-7.411113920027270069e-03
-5.308721807544995730e-02
3.008430120658392784e-02
-6.299410450196411479e-03
-6.675001574143097499e-03
-7.294800690618316596e-02
-1.434519729566368362e-01
7.198156001599215204e-02
1.073311679583643236e-01
5.501639802333620211e-02
1.293752631788304061e-02
2.585230226717184082e-02
4.368721397353419328e-02
7.380833937976113285e-03
-4.891081754120826797e-02
2.489694560869770007e-02
7.217803490480459438e-02
2.307762409048935877e-03
-2.452072254656805644e-02
1.792874850774036494e-02
2.331594314862921874e-02
-2.198199540009430214e-02
-2.127552566641806656e-02
1.564910636052904702e-02
-1.429270381193263051e-01
-3.705181583404370486e-03
5.236067694071050438e-02
-7.214213562081647768e-02
-2.443533825538912393e-02
-3.782168662217707394e-02
9.088933222767811571e-02
4.929274603146575852e-04
6.217888723351869956e-02
9.328218955878339602e-02
-3.574699247726026430e-02
2.271160141373602948e-02
2.030771435173370915e-02
1.180272633206657339e-02
-1.728933227053634780e-02
3.472659127186097927e-02
-3.091034973220438062e-02
1.668383796082575643e-01
-3.449594388319501825e-02
-1.308567963787694577e-01
-2.362518436113179576e-01
3.167222961313127111e-02
-2.268901871499886397e-02
-8.923413903488713883e-02
3.720293427189650531e-02
3.157420358110307745e-02
-3.555579886703824632e-02
-3.109829271258391509e-02
-2.211260080677016765e-03
3.941458062227441023e-02
4.962343101209733265e-02
3.235968702472553915e-02
3.908757702104821014e-03
-2.991637532725049953e-04
-3.584320754969237688e-02
-9.501219279829746511e-02
-7.744048151862598095e-02
5.474350410009344581e-02
3.939468977128705862e-02
4.565577382538416051e-02
-9.257675696070205573e-02
-1.180937938638673135e-01
1.134462428038317261e-01
2.887203060664655235e-02
3.541420282877395104e-02
5.886488594556591597e-02
6.444722969073617309e-03
-4.740800239694481499e-02
-8.975307712879448951e-02
7.008159769532366912e-02
1.747835062856915866e-02
-1.487815816942059284e-02
-3.078335178713988238e-03
-7.774960340598368116e-03
-3.491077945634619983e-02
-4.160361931177532224e-02
-1.867110454468280389e-01
7.306670541993794121e-02
8.756052995181784482e-02
6.110380788212118469e-02
-3.628635429782629818e-02
3.922734232059176332e-03
-2.169151163150066230e-01
1.160785422910923376e-01
-6.419751826413507001e-02
-1.923837699836529122e-02
-5.082895721395381400e-02
8.749247375899683876e-02
9.156233333720754930e-02
-2.824892298453031067e-02
-4.280022281782556309e-02
-9.470758222038341834e-02
-3.961493055619987741e-02
-4.707268103134926163e-02
-8.340892583656467352e-02
-3.661174709701707497e-02
-1.302095396656398341e-01
-7.756684532614334382e-02
4.390275015011588233e-02
6.966072404206109792e-02
5.101373299399267203e-02
-1.258887736578103989e-01
-6.541736258981739605e-02
-1.861123883855993477e-01
-1.038951989289786798e-01
9.362401667044488451e-03
2.348977072736875907e-02
1.391007044413142268e-01
5.134826572653922866e-02
-8.815075255135533527e-02
-5.173957556485894033e-02
-1.041176866386225169e-01
4.366001726553063456e-02
1.268895300184281205e-01
-2.712354898564681496e-02
3.703541881956031595e-02
-3.782183293898576382e-02
-1.798121624611510871e-02
6.809050747827044558e-02
4.402701233544314280e-02
8.536733879900641406e-03
-1.308665225279383344e-03
-2.604761196342962604e-02
2.410995061608663462e-02
-7.344387692625298225e-02
5.948992882684747685e-02
1.203260471427580747e-01
-6.876200931384118115e-03
5.565419022390707959e-02
7.122707964060219499e-02
-2.013202609223439105e-02
-3.291250056367499982e-03
4.158300931242798343e-02
-9.317243961762078364e-02
2.799151244659167648e-03
2.679157537048168503e-02
8.442193421886092647e-03
-1.394182389360384272e-02
5.755224229092352484e-02
1.073049434971924156e-02
-7.251217262801232244e-02
3.624336933755954726e-02
-1.055228104133404572e-02
1.131482774634758326e-01
1.501237904626590708e-02
-6.502156732135042083e-02
1.053045005810925444e-01
5.442599176694411928e-03
-2.676360662853761174e-01
1.771154169119092472e-02
4.189084598697676715e-02
9.794625010144109023e-04
2.266091647459225408e-02
-1.413841818617299351e-02
-1.434301839566996806e-02
-2.496650235015154470e-02
7.450922844778772036e-02
-5.544320823531806441e-02
2.790933478432146286e-02
-5.028123693760735285e-03
4.261942187623882911e-03
6.887050115099599412e-02
-9.873717918222484763e-03
9.368294928507144015e-02
-5.636887106303196948e-02
-4.400707996538661543e-02
4.350809555857437089e-02
3.685320008728235758e-02
4.434599613251176409e-03
-1.213279992465148352e-02
6.768001667945743038e-02
-3.817180381943741704e-03
-1.900153730290330290e-03
1.116390386789267372e-02
2.458479794310706318e-02
-9.999023373584167707e-02
-9.757141942586947114e-02
-3.038544085317665053e-03
-3.372525988136377325e-03
-1.501412462908089385e-01
-1.574595800402042028e-02
-5.260405253643735124e-02
1.201573178675965081e-01
1.005864733350125828e-01
1.374194950939303661e-01
-1.969314816228184828e-02
2.888401635209513277e-02
-5.240362481051706600e-02
2.093002438406367516e-02
-1.112890455042225141e-02
3.138275691754266461e-02
3.509184260656857818e-02
-1.084121176363373323e-01
-6.802240711583938670e-02
1.158967848579380705e-03
-2.115977098698543918e-02
1.414717238428572603e-02
-2.456863115241799539e-02
8.040316869953159640e-02
-1.066923391218349004e-01
-7.255103446710049753e-02
-1.116578491633991171e-02
-1.752441382788511026e-02
-1.971006494385731667e-01
6.135671516201289533e-02
-3.412742866000752912e-02
2.442673829875091629e-02
3.449060010404932444e-03
8.766094187768937174e-02
-9.664653313553411146e-03
-1.727664939758308815e-01
8.454576017735151994e-02
2.587848713429649269e-02
6.868794583335299797e-02
6.348316706376250576e-04
4.247879892912524713e-03
5.431818063236687477e-02
-4.537370276915861367e-02
-1.387634092680981035e-01
3.897665670409004163e-02
-1.253407464136274685e-01
8.213561604661873822e-03
1.976977988768163427e-02
-1.922816417910984746e-02
-2.735102198793268324e-02
1.138518050714702919e-02
1.561419239399157444e-02
-3.209056644363209032e-02
-1.734669546262712914e-01
-2.817019564172245152e-02
-1.503377795389823635e-02
2.216406281022505892e-02
5.210498159575378124e-03
4.125451333170653684e-02
1.631184804239697167e-02
1.171057926027798679e-01
-7.290391014019020899e-02
-3.955841858056857036e-02
-8.676992730198757053e-02
7.304346836720121416e-02
6.442784227002776309e-02
6.495918427326961841e-02
2.908694301437220534e-02
2.048067169302996565e-02
-4.751020300953895381e-02
-1.277211826042755349e-01
7.814774723584426430e-02
1.283517378816698695e-01
1.164819028572339210e-01
3.448755701188177536e-02
2.823535033423779997e-02
-8.019685926825230460e-02
-1.626409031067481761e-02
-7.109725076002726407e-02
-9.831970689991004209e-03
-3.058718247827135403e-02
7.574968737298062860e-02
-1.005883165131885582e-01
1.953727663175432692e-03
-3.996865058818013100e-02
-8.905668812766528997e-02
1.305343932845293327e-02
-4.353227966507280944e-02
-5.691192373161841483e-02
-9.506846268622375085e-02
-6.258484230548960747e-02
5.899776328117587593e-02
-5.983351241298904416e-02
-8.276761290187459319e-02
5.355602695291073606e-02
6.253213892959293141e-02
-1.406918315564688673e-02
1.909275968957708791e-01
7.837545259422604160e-02
-1.187302703296800044e-01
8.044420350011652343e-02
-1.543177881986219913e-03
-3.550141220906789796e-02
-4.566439460743775686e-02
-5.625898187218798807e-02
-3.801845960949991332e-03
-8.031141355081522493e-02
3.780345086176488401e-02
-6.579275415887229916e-02
-5.754616288522781953e-02
-3.008015982163089741e-02
-6.239308032755072619e-02
1.216651258308781014e-01
-1.287029433058049441e-02
-3.520883900442192682e-02
-2.718365199270085866e-02
8.284836718508098441e-02
7.663710896958400576e-02
3.085216747000239443e-02
-3.440183870342317790e-02
-2.441710541273291526e-02
1.999168563154083648e-03
2.919833762435271318e-02
1.293660977996664296e-01
-1.084268159485638761e-01
-5.978166798198773779e-02
-2.698328382817629517e-02
-2.485857153433376418e-02
-6.102468577575878572e-02
-5.888283869007412269e-02
5.406936895748622185e-02
4.356899096521398701e-02
5.130552735899131939e-02
-8.029853830387782831e-02
-3.061296312558993427e-02
-1.183801037192885527e-02
1.003244011335684277e-01
8.720182804899972995e-02
-1.294808675587737212e-02
1.038215853811790511e-02
-7.372030794685331678e-02
-6.530213493780014089e-02
5.399823604974117452e-03
6.930737775195795758e-02
8.869771307647168757e-02
1.021604283606033364e-03
2.790861339290685861e-02
-6.043632840884001489e-02
-2.150337720615875386e-02
-3.744138721897910527e-02
6.506733384527947639e-02
2.004099806614169643e-01
-4.258419438304476140e-02
1.036179640959442212e-02
-1.482636080242920665e-02
-7.290606426067816614e-02
4.264338641177678468e-02
1.539154399622589750e-02
-2.313150314648629996e-02
1.640009036496055950e-01
-1.484865285786177158e-02
3.486327736805194810e-02
-8.731298517754880473e-02
-2.379038572272361082e-02
6.851788176128888533e-03
3.044271895914671400e-02
1.197024421035997876e-01
5.655580345485942961e-02
5.655696503447672080e-02
1.960710002904437754e-01
1.932815159829458923e-02
8.710229930400915921e-03
-9.398564300762557444e-02
1.545741698340127035e-01
9.388759038587669858e-02
4.025758602120300608e-03
1.567732557542510577e-02
-2.679907702091924651e-02
-4.706404592256180353e-02
-8.572015995837889424e-02
5.662040049102696343e-02
3.269921169432377095e-02
-3.602106162515810589e-03
-4.600415930493340771e-02
8.020040371066308738e-02
-2.848154415288422364e-02
-7.809922102134631006e-02
-4.114609462727227690e-02
1.233477538104898741e-01
1.020017913004537258e-01
-3.468346871260965386e-02
7.068317690071336534e-02
-4.832851639716462255e-02
-4.408741630311564796e-02
-3.288426996119302170e-04
8.543833202131481674e-02
-1.112432134998997540e-01
-4.097917606239002974e-02
-7.937564960781448575e-02
-6.089156724897887459e-03
-7.939195938680404518e-02
-1.304111065477006337e-01
4.649725351546103724e-02
7.774950753425116656e-02
1.251867659987118131e-01
-1.057577621110067506e-01
-4.510807894274081881e-02
-6.393102009462245383e-02
-2.067393711518520499e-02
6.049707956127579195e-02
2.517002335773071281e-02
1.225828894994318227e-03
-7.699269855880526425e-02
8.144718508278242508e-02
-1.252595214162343339e-02
5.154391418847707046e-02
9.439282600727741390e-02
5.243458173525421956e-02
5.063849118563748530e-02
-8.915487554048572016e-02
-8.517174832460493172e-02
-1.810636916281528272e-02
4.926821601563587116e-02
1.133853375112051920e-01
1.943531316502420531e-02
1.443590342272443872e-02
1.106592132202982928e-03
2.238068897895476028e-02
6.751203050966012552e-03
2.846987191462408556e-02
2.531711766221445524e-03
-9.485175639497009370e-02
-8.429708352276241157e-02
4.634115119792533988e-02
-5.018820388926435727e-02
-3.155938506369378865e-02
-5.709270160514421516e-02
-1.107038490483177873e-01
7.581046010044012462e-02
1.098464811932070712e-01
-1.100210389043572434e-05
6.639686073290806956e-02
-8.138947018221810020e-03
6.377881767190948965e-03
1.126488665148451668e-01
-2.923258054901017519e-02
2.629851566899374382e-02
7.117365111672468991e-02
-5.294565600260688065e-02
-1.039916994088733136e-02
-4.156578552949322103e-02
8.020199732850340213e-02
2.313996992541492506e-02
6.334640966095025916e-02
5.631912883928162639e-02
-5.053279141961806997e-02
-4.858257005901277237e-02
-2.022559189951108824e-03
5.459709807236810125e-02
1.815506212028322394e-02
5.197699337863415092e-02
-1.578746263611978395e-03
4.197199448778071718e-02
8.254232356596252762e-02
5.324070868671795104e-02
-9.326356820083174515e-02
-1.096692898562201361e-02
2.200511855180540578e-03
8.793395150040148045e-02
4.235302014440112117e-03
1.014600602534692676e-02
2.545256050861769304e-03
-2.205023137229548263e-02
3.616394110667767864e-02
8.892379471423907111e-02
-1.000098762865365976e-02
-3.177711686731107821e-02
-1.471095271797196735e-01
3.180065441764320239e-02
-9.507262478854067167e-02
1.406983632378796742e-02
-7.282026723365129552e-03
-6.804527126513404411e-02
5.262619979855010996e-03
-9.313165985626137983e-03
2.689781466414055411e-03
-9.693277510247119699e-02
1.085013565307242980e-02
-5.432057751043255917e-02
-7.914879697278123794e-02
-4.618145803632659266e-03
2.701822693082405608e-02
4.148490365263474144e-02
-2.541971065563272680e-02
-1.157465700390847979e-01
5.723709691186487647e-02
9.085558256679615585e-02
1.475326517272467462e-02
2.659921488178131413e-02
-2.850579440953553145e-02
1.157574233206650795e-02
9.132924341809088575e-02
-6.784381157813685649e-03
1.023803998336435261e-01
6.083590030609845739e-02
1.194058084510292994e-01
-3.020517345847968660e-04
-1.861733068497179594e-02
4.671451203473942632e-02
1.624281368267538883e-01
-6.859972358629241873e-02
8.833599355666313380e-02
-1.555853086805752961e-01
1.358075467666057246e-01
-4.184073188492312689e-02
1.054067535116427340e-01
9.468814682309550923e-02
1.053521885900407656e-01
1.639996158377210467e-02
9.057370795708749589e-02
4.584725669950870386e-02
-6.620676410372303144e-02
5.867500235893022276e-02
5.131925352978572441e-02
6.012385575724100983e-02
1.526482065950532374e-03
8.885423753274246383e-02
5.011102683610721767e-03
-1.805831540353950437e-01
-3.715174123406540796e-02
-1.593536565178217679e-02
-2.003893353185296766e-01
-3.196416504191123414e-03
-1.404687425679926882e-01
1.768945745624932869e-02
3.791853714822192301e-02
-4.366405747024479367e-02
3.619573371572284981e-02
3.781541295353767901e-02
1.311874808333823583e-01
-1.716768153202057404e-02
9.086124004784873476e-02
6.833587958813944208e-02
-6.729310488001136181e-02
-1.576869467405410397e-02
-5.104458797663682240e-02
-3.973661548877914507e-02
-2.760615176978448160e-02
6.412593967414083329e-02
-3.696311817769430685e-02
4.044378705901656088e-03
8.356262750865188493e-02
-2.224419190316622927e-02
8.759109753329051562e-02
-1.597401487112818166e-02
-1.480893907400524651e-02
-1.659133633556224979e-03
-8.644018008544835253e-04
1.141143677961189290e-01
-3.004673148312516848e-02
1.952564102086348785e-02
-4.043146867822025592e-02
-2.227226948418147695e-02
-2.201337150257545727e-02
-3.735789596930375739e-02
-5.813112641869213476e-02
-1.445554017557973414e-02
-1.377633777435337270e-01
-1.549146019998368790e-03
2.941741343542291290e-02
3.728714758664978396e-02
4.371026269839452943e-02
-1.052257107828862559e-01
-5.362221552788537515e-02
-5.734831960239438441e-03
-3.774029212198036498e-02
-9.744136748391774017e-02
8.928596608845745797e-02
-2.334289019998818035e-02
1.416029725226362369e-02
-3.295347402868642472e-02
5.076696222011007481e-02
2.843584123264976740e-02
-2.289708218223143396e-02
1.179903071942957210e-01
-1.418787825854887219e-01
3.463739876275187535e-02
-2.117515014494733561e-02
7.953045053430755212e-03
-5.677151987751485884e-02
-1.266463253502164536e-02
1.263909507767242701e-01
-3.374541501097005208e-02
3.773534505185296289e-02
-2.151528841057589320e-02
3.591145337298532608e-02
5.542306495432092368e-03
2.124490581461309716e-02
7.846536522407716874e-02
-3.740768424696475775e-02
-1.005466311468339313e-02
5.859421726763373861e-02
2.859418203770254172e-02
2.878884980045307712e-02
4.190567103412975308e-03
5.560746659905865807e-02
6.658618209533616328e-02
-3.235965559077884357e-02
4.826752204343163349e-02
4.716380661905004990e-02
-4.177581674254737809e-02
-4.318245565759175342e-02
3.617520887751828756e-02
8.190916222773536592e-02
2.462695872021807356e-02
-1.297738186219151574e-02
-1.748997620388675206e-02
-1.416393331692070989e-01
6.564530262642073732e-02
1.556767506813067775e-02
3.064375795350538292e-03
1.137102555167248813e-01
-6.299171071329846827e-02
2.222961089038669874e-02
1.117078820046152748e-01
-2.486842959579842194e-02
-8.019175708393593005e-02
-5.389283080984106494e-02
-4.145436856403691625e-03
6.209362231565700857e-02
-4.642029142849203593e-03
9.198151674187295124e-02
-3.906345398680016734e-02
-7.833130987999624428e-02
-4.409200999317321873e-02
2.009907890703930070e-02
1.600314193031766863e-02
2.975708199834734696e-02
-5.099440127191241789e-02
-3.712647530419110886e-03
1.448648872274406821e-02
-1.003631430662297597e-01
-8.083292320888240193e-03
-6.409014075610744432e-02
9.155925276659523937e-02
4.528420155090739918e-02
-8.109102752281951987e-03
9.129534289272343839e-03
3.210213211853130827e-02
-8.949905312918265965e-02
2.541814179665014689e-02
5.420114153964864651e-02
-1.596012970958723964e-02
-4.404594544790003952e-02
7.811600546218938623e-02
-6.177684718948288356e-02
3.840525644037754566e-03
-7.550030919386899186e-02
2.630963691939901955e-02
8.616398102364895145e-03
-3.239404894305963900e-02
-3.510280466422988077e-03
1.363606989525282046e-02
-1.413593708245821090e-01
-4.632692887005396970e-03
-4.561487546583131020e-02
-4.544559607187295333e-03
-2.065250021065436967e-02
-2.575079153394494932e-02
-9.558818729066293624e-04
-9.806053042555654131e-02
7.363333562604743726e-03
-2.461992219296506648e-02
-3.241268087567910489e-02
4.236723679359015449e-02
-9.136218252490836689e-02
-5.226452658982873312e-02
5.041988953150513403e-02
-9.690377344006582960e-02
-9.922421460843949825e-02
-6.881201131460300269e-02
3.107508095199453327e-02
-8.298710142407173668e-04
-4.098176073724076746e-02
-8.856725261612145850e-02
3.775589993138493694e-02
1.461173124187747918e-02
-7.591727604809694017e-03
-1.410877433326573893e-02
2.815457398536400438e-03
-2.447181747286744993e-02
-1.228281292981498740e-01
2.915423662018123974e-02
-1.022867283584199954e-01
2.091479515074179743e-03
6.613106762267939587e-02
1.009115894591546964e-01
-6.269938709490921469e-02
-1.327868604540653058e-02
-2.496620668564575839e-03
-4.603378844006071613e-03
1.310836368714116996e-02
6.112643657902391142e-02
6.042517561091291511e-02
-1.416826146145044873e-01
-9.478383397233178242e-02
-6.462440417193805742e-02
-7.444548227842576887e-03
1.117989829726305645e-01
9.040160552434988589e-03
7.442909207459647014e-02
9.575535122756560769e-02
-6.950206168800232565e-02
-3.599319802181481960e-03
-1.100193204125233387e-02
6.209970898281540891e-02
3.365460647897582785e-02
-3.176614999144798668e-02
1.376806017771326461e-02
4.981190326832338200e-02
4.028009631172889057e-03
5.727645743714046556e-02
2.684372039308497923e-02
-2.259173921380351613e-02
1.622313279711204426e-02
6.277689756616980366e-03
4.687346593878658277e-03
-1.951903567023251934e-02
-5.952060253635542593e-03
5.564093599164804393e-02
1.633611115467454439e-02
-2.244858313902109784e-03
-6.987192370841494027e-02
7.699250288837177630e-04
-2.861912560417075035e-03
-1.188085310102438563e-01
8.229498090141883562e-03
5.725314601154347233e-02
2.722591112388555307e-02
-5.473338067820313763e-02
1.045279853469683468e-02
-8.401260869044795132e-03
-4.288101672074703941e-02
5.475117284706130030e-03
-2.919472518247024501e-02
2.952721352127562950e-03
-1.664368132941101627e-02
-6.959859894997355578e-02
2.348813287526415119e-02
-1.050324339369871490e-02
-1.210617781275606097e-01
-6.304700101009809432e-02
1.194002512596516706e-02
8.386906738742214151e-02
1.950851360189839734e-02
-7.987979290512867148e-02
-1.825128120371991708e-02
-3.590529306674442034e-02
4.680672014900887079e-02
-5.521546640953427926e-03
-3.898276700437346143e-03
-1.050942159908720003e-01
6.591090830935897316e-02
1.323463049715246920e-01
-1.269141887694717197e-01
-1.699666177947743370e-02
2.623738888622972193e-02
3.485287654587994333e-02
1.265967394151807646e-01
-3.983100323866619469e-02
-6.470432098357510597e-02
-3.374082896873990822e-02
-1.821545754132942313e-02
3.099236238925288413e-03
-1.703550704029585527e-02
1.050893339984932534e-01
-9.404704560437977118e-03
-5.136604105130657127e-02
3.165519057488276611e-03
-2.921585227222677980e-02
9.552733881405686689e-02
6.358863098581322981e-03
2.004665369836920036e-02
1.910355329801842472e-02
-3.379793677622151826e-04
-6.166899056054928052e-02
-6.544192282288718854e-02
-2.455400900396354641e-03
-3.301645909224689562e-02
1.164605776654534068e-02
-3.691631559798828205e-02
-1.074609363157720682e-01
-1.645318433246811471e-02
-5.914583128163579395e-02
-2.571079305539803600e-02
-2.080232075504853326e-02
8.071235401472483251e-03
9.983661198152440214e-03
-2.854606613901335826e-02
-6.093555181585583007e-03
-3.827758860582368416e-02
1.187461158384199300e-01
-9.262692327330029896e-02
-2.536191870671275495e-02
6.680263769381586392e-02
-8.585280471799369706e-02
-6.043074676731950701e-02
2.945748331024284489e-02
1.848235753625104144e-02
-3.594372082944974345e-02
-4.907956132504635166e-02
4.634974640937152002e-02
-1.954106962766865782e-02
-1.582521264373964662e-02
5.340094852741728015e-02
1.289277334184554466e-02
-9.990275489505895390e-02
2.968176107291703794e-02
1.503113570666049677e-02
5.344137045674287462e-02
3.644349733654395768e-02
-1.606497940535888194e-02
-5.118504930924367390e-03
2.759871691733619195e-02
-8.095152219632394119e-02
-2.929941576443666207e-02
1.941339216806651710e-02
1.266967557174676628e-02
-5.431752984150030328e-02
1.342744578356330765e-02
1.693711709951637237e-02
-1.717628235237455420e-02
3.702536978764321002e-02
8.996633088654545918e-02
-6.079914950349415287e-02
-1.862659756200826244e-01
6.307501528740031005e-02
8.320096261684127581e-02
-1.867029970198751804e-02
-1.180334689773437484e-03
-5.459750998112399001e-02
-4.683944542178578030e-02
1.056393969897585078e-01
-1.774338127201297022e-02
3.607126350229563488e-02
2.745577946855815715e-02
4.648341849520558344e-02
-1.391153907330754808e-02
-4.415714227249308010e-02
3.780088156656412346e-02
-4.819728484301540050e-02
-4.207127305469460232e-03
1.278297013440068443e-02
4.196519184456007356e-02
6.752720161420817935e-02
1.156972833612495144e-01
-1.083893803654315119e-01
2.396821466124423455e-02
-9.099197168339785702e-02
5.989111393382440252e-02
8.465737077258746190e-02
3.392233736938692762e-02
4.242390404714847102e-03
2.814046702970219443e-02
4.356629641417493481e-02
-2.340257028895179892e-01
2.904900049560359132e-02
-1.393246282522384027e-02
-2.133782496618723962e-02
1.041357590867510313e-01
9.209454175938636133e-02
2.554292956328638869e-02
2.650679594389372326e-02
2.702062220845835930e-02
-4.937197495876485820e-02
-5.499830426848345555e-02
4.628547837528855513e-02
3.751340663844484474e-02
1.210738127288592952e-02
3.945030149259461799e-02
-2.872697612099638434e-02
-2.728192538599852682e-02
-3.699108090536929599e-02
5.570476337310724391e-02
-1.602837831120131756e-02
1.209581653246897051e-03
2.171099195189905851e-02
-1.381898585596695594e-02
-1.540567487996490903e-01
2.193790560143006781e-03
3.321191995218661375e-02
1.499864084763257929e-02
-4.656314200211789101e-02
-1.097396431082035828e-02
-1.225839664011135234e-02
4.292703914021275824e-02
-3.273550875147698304e-03
-5.338470007522033711e-02
2.901149981334620598e-02
-1.095052084696700873e-02
-2.615894574846175380e-02
-1.327458287261538139e-01
-8.401939484847900652e-02
-1.341191643352054180e-02
-4.256850048927329766e-02
-1.214792554573664377e-02
-6.383862991126811048e-02
-6.996045523114277631e-02
1.338016871238031577e-02
-8.982935761817714693e-02
3.262048132838012149e-02
-6.617814462256070562e-02
1.408075068166333432e-01
-3.799957177762135901e-02
3.048387107444424857e-02
-1.636971165521783431e-03
-2.725442669892695624e-02
-3.411280767138640674e-02
-5.012739281284935011e-02
1.302883697637144955e-01
-4.176952102334589856e-02
-1.506241024760748143e-02
-5.826292055900196554e-02
-6.781282598902598109e-03
1.023819253372375004e-01
1.533055439594429789e-02
6.536140220305795834e-02
1.340520495610970364e-01
-4.555077914504490622e-02
1.204820395626062662e-01
8.875106064514313997e-02
9.866505753287395375e-03
5.228081531784019298e-02
-3.156812372658131249e-02
1.152718005047494165e-04
1.145815797113084872e-01
6.171138705926813156e-02
1.093203345678492588e-01
-8.282994016573540230e-02
-2.001510832213956523e-02
-1.084160840676293147e-01
5.242940104305607307e-04
-3.532753089957284959e-02
1.332188602356905449e-02
-1.509080908367227934e-02
3.103801281902943479e-02
-2.415025744389743406e-02
1.876070835122291280e-02
9.594334679633330365e-02
5.744287626070847252e-02
9.060423778833194552e-02
1.274203123657905237e-02
-9.233009481398248008e-02
-2.103736541158850518e-02
1.839406960762262830e-02
3.859868810894673263e-02
2.204656938849446079e-02
4.592619013353321789e-02
6.385168362020101490e-03
-8.525027963086460880e-02
1.110336475482556068e-01
1.303343943676686482e-02
1.296308389918348902e-01
1.323001079505293776e-01
1.338313499251728503e-02
1.431447090859243876e-01
-6.912953492886847462e-02
-8.830541294478197467e-02
-9.038170093028076446e-02
9.081544191858260950e-02
1.401093194628303534e-02
-1.915099190252337463e-02
-4.473418366503820187e-02
2.943016490794605339e-02
3.793774594097575059e-02
-3.692143593719802303e-02
9.005182249183407012e-03
-1.359724058083105168e-02
-5.496406959922131574e-02
3.566031923291411443e-02
-3.146328016221179580e-02
8.268873325369364979e-02
2.064872768953333534e-02
1.115327939045109990e-01
1.818519126730296781e-02
-2.362111236178069881e-02
-3.077357834717683871e-02
2.003309197342502401e-02
3.239362315622765741e-03
-3.274269821313379597e-02
7.130802482959346100e-02
-3.220936934686059738e-02
-1.392441531511560415e-01
-1.034796775753223513e-01
-1.593983135229485107e-02
-4.656429168768410828e-03
1.120372610937844932e-01
-5.185692292944164145e-02
1.131403910631509496e-01
1.487337102631010322e-02
-4.167177111941268441e-02
6.444112110676865346e-03
2.031277670241451311e-02
-3.799935350800952988e-02
3.440975747205803938e-04
4.913665777965120496e-02
2.475981746015764803e-02
-9.183169790868866977e-02
5.889915322191975611e-02
-1.506308006072291927e-01
4.253468150993292354e-03
4.733366742839346594e-04
-5.316897273766617305e-02
-4.856250025059428987e-02
6.430839938748753037e-02
1.066035787056921758e-01
-1.070342913530725193e-01
6.979935690949881644e-02
8.637483343390279372e-03
1.260835965428822036e-02
7.065178929054816148e-02
-3.133872282809126164e-02
-5.068606088312680585e-02
4.054796685092160180e-02
-4.029884746051387578e-02
-2.421428732190746350e-02
2.418040458491923020e-02
6.432040776519293290e-02
-9.928289878807376734e-02
-8.453308511164725481e-02
5.804395760196889333e-03
-4.881542186946995210e-02
-3.590700101592912696e-02
-5.401437327847788405e-02
3.552195218209244082e-02
1.449207147486072655e-01
1.439224338699932049e-03
-4.265320888374202896e-02
1.511477463662169174e-01
1.704042020069320568e-02
6.421500202714773564e-02
5.371503734475280289e-02
-5.543174506906587556e-03
7.198109600827504173e-02
-2.051911279064153396e-02
5.941483482776158467e-03
-4.590957333712551713e-02
-8.598104698221951253e-03
-8.037361343521126633e-02
2.832870122572875640e-02
2.105794472002124954e-02
-1.229171011743700540e-02
1.385074353929829083e-01
-1.010286067077878769e-01
-5.517934189224590891e-02
3.923835098911550995e-02
-6.314352128188226165e-02
6.858378283435631606e-02
1.853917260927553934e-02
3.565398488511366953e-02
-6.960112129176702911e-02
-9.826263662699313839e-03
2.536469799336634606e-02
-3.163879909293856180e-02
5.797944704438313945e-02
3.091637709694406225e-02
3.641307009839683806e-02
-4.898121975136305456e-02
7.025795276463484007e-02
3.424976111591495481e-02
-3.606162823169672960e-02
-2.456840048579357616e-03
5.773499075730163799e-02
-2.893844601374363779e-02
1.767316329444591078e-03
-1.240159369827884966e-01
4.700090268537203408e-02
-6.447720418237987139e-02
3.305856250395114437e-02
5.982914263442991321e-02
3.199503122124376653e-02
-5.373531010207883497e-05
-4.335175743495705419e-02
-1.488377529887252582e-02
6.771640354643633508e-02
-1.126890364273873263e-01
9.130935032717665822e-02
8.925487763202294422e-02
8.283722581151136202e-03
-3.945455827660606513e-02
-1.415785577590429611e-02
-2.955379459908659412e-02
-4.204783000449352492e-02
7.538844180220717617e-02
1.945759748933160310e-02
1.819505873054841003e-02
6.476488233694335794e-02
-1.083523460207116429e-01
-3.475365413070904963e-02
9.288602688298043530e-03
8.408381060349569280e-02
3.871644112316911801e-02
3.905204074590482022e-02
3.446759042878115575e-02
-7.193282393369029859e-02
-5.088621964319051116e-02
-8.894971134147942535e-03
3.174416880639081839e-02
6.273548362557909708e-02
6.003298202810637002e-02
5.640067431131571413e-02
1.267687037880534384e-01
3.753868918129527055e-02
2.566537926989096580e-02
-1.959563426881748283e-02
1.075493633733592275e-02
-3.477387946753300596e-02
1.004223439491549463e-01
-6.591785720693774803e-03
4.210782932315715668e-03
-1.330191478677655338e-02
-6.222596461178551280e-02
6.435551438901532251e-02
-1.644849671460799079e-01
9.500044705920837607e-02
5.966869160899937463e-02
1.448276960681640392e-02
6.286505613192401587e-02
-2.478740057230187713e-02
8.832080751592766288e-03
2.560200713953113966e-03
-8.988818632782501206e-02
-8.289899597481453081e-03
8.556446059801120496e-02
4.156862216244335689e-02
-2.340903465407466119e-02
3.002151850729067872e-02
1.442270292467031506e-02
-7.340977580019983351e-02
-1.974879969459430659e-02
-8.147486821455197925e-02
2.988631739088918465e-02
-6.638888754151071880e-02
-1.702528788303334095e-02
-3.465763121843230127e-02
-6.157428160552479851e-02
-1.091099018275147776e-02
5.648376623056373946e-02
1.931263053716340827e-02
-3.777454059090498695e-02
-3.296765443069930163e-02
2.065985422993828549e-02
3.758534220205293763e-02
-1.013151490419762213e-01
3.696650373109937326e-02
3.361909270676050054e-02
3.415633203203531643e-04
2.721958928789067894e-02
3.794044641859496692e-02
1.022220580228555692e-01
-8.868977574047337553e-02
4.785218055258440295e-02
6.504007768432295243e-03
-2.727050529509323501e-02
-1.396123018628871448e-01
3.118523431877050570e-02
7.078832633000234353e-02
1.005472139514938384e-01
1.439298053900831161e-03
-1.880772853108657328e-02
-3.979576044715505898e-03
-8.969142539263726122e-02
6.050750256247203196e-02
6.822022338116483231e-02
8.124729693941749875e-02
2.454539297587117128e-02
1.200300337852580612e-02
-2.962903728818729390e-02
-3.468744753194143854e-02
-1.676757766924966142e-02
-8.299643678267937252e-02
-1.430989975464210667e-02
2.750976971955365266e-02
7.360226199188621421e-04
-5.863178115073541807e-02
-2.017222327560911493e-02
-1.394785519451144373e-03
3.830208924413477239e-02
5.321827972942384105e-03
6.925505331221994479e-03
6.869557621294349395e-03
8.214142169591279186e-03
5.535798550322732631e-02
-3.517109086552465402e-02
-7.076532033478605266e-02
2.844270816714758107e-02
-1.708513866734703013e-01
-3.700393706064691868e-02
-3.595227842576514954e-02
-4.502511915160628542e-03
4.615505641883833193e-02
-4.428037245893090557e-02
-4.873279131763579020e-02
-3.082960653759593550e-02
3.908696723512586346e-02
8.539148903667583348e-03
2.961649091078440849e-02
4.984587520869666888e-02
-9.379686642110787731e-02
-9.711206582372397533e-02
-2.240162926835978507e-02
1.898942117778072702e-02
3.430334412507990427e-02
6.618173111146159748e-02
7.554196892515871453e-02
7.969568596029912022e-02
-5.357273246269200762e-02
-5.243604738836390305e-02
6.744137732043911648e-02
-1.927540357253706288e-02
-5.070009175965699798e-03
8.639917778029655021e-03
1.774533358109925407e-03
-6.778813025095899170e-02
1.146822799456018865e-02
-6.735947525858707041e-02
1.159701239328457013e-02
-9.500673751846416132e-03
-4.207039306795243988e-02
1.462450389362522640e-01
2.571160007965414551e-02
1.804189911785061134e-02
-1.167112351999081282e-01
2.332109257646158007e-01
5.103515990940482583e-02
-1.187412078242488719e-02
-1.042307567508128363e-01
-2.996012324750779721e-02
-3.219293759355657154e-03
9.371058580837668406e-02
-3.764949184272511212e-02
1.593538713912989041e-02
4.904752792676804474e-03
-1.030881628278464829e-01
2.583135242799801390e-04
1.778914117814759180e-02
4.761741205010207312e-02
-1.641711930761161758e-02
1.168041612369248861e-01
-5.138509960132102428e-02
-9.090168858218421188e-02
-9.156449237260787244e-02
-1.770065329081982330e-02
1.981008200156331167e-02
1.090094133058947673e-01
-5.304747043885264107e-02
2.995376024340984031e-02
-3.496272372044542231e-03
-7.056919936418664871e-03
-1.138260280620477516e-01
-6.067227176795186167e-02
-7.037066151663171065e-02
7.764759435334790336e-03
-1.704591876857678573e-03
-4.278529004630778065e-03
-5.993750780121810673e-02
-1.002940864370257812e-01
3.552859268067322385e-02
6.447314792182697041e-02
-7.539644258820898948e-02
-8.537193914420125552e-05
-7.780538658695269894e-02
-1.321008316945921912e-01
2.103196928348514266e-03
-1.669207063052699502e-02
3.324612680689945782e-02
-4.642582688487374883e-04
-1.658436137701236462e-02
-8.490812337271204380e-02
-8.398837360896774240e-02
7.689157149123744539e-02
6.454853274134131347e-02
6.890416151778927523e-02
-6.001903460328227198e-03
7.983693497422514329e-02
-2.725640934531006060e-02
-9.155249244880619974e-02
-3.888558472759529039e-02
9.348226654825286808e-02
-8.049994884035972798e-02
5.232671122732925062e-02
-1.879421746339973720e-02
-1.807908788951372329e-03
-2.726320670744093386e-02
4.260489620031992358e-02
-8.290961662885763112e-03
1.072996609328830120e-03
-2.134509108796854293e-01
5.407546504017028688e-02
-1.648409943183788001e-02
-6.062802017069145524e-03
-1.629324150003823649e-02
-8.574891061762021649e-02
-8.673385008212411429e-02
1.228072044079656228e-01
-3.148505330150566661e-02
2.441470471168952217e-02
-9.539232264852950949e-02
-2.055918965286196443e-01
-2.732984330458184535e-02
8.408086330436721767e-02
4.316336216413010213e-02
7.299720868150950427e-03
5.709790030712069697e-02
-4.981354917472745336e-02
-1.480279925993514822e-01
-1.342753248300281510e-03
5.354224910362793272e-02
3.546652864002436401e-02
-1.862424547576409239e-04
-1.021261172413555074e-01
-2.174973610438468707e-02
-3.265113196651634603e-02
1.809854781256835937e-02
-1.688046741418118210e-02
1.063733147197879897e-01
-2.398520308852268579e-02
-4.047296446644510493e-02
1.504751902666169941e-02
5.766757866545865405e-03
4.905190602634664637e-03
-3.905576858490465708e-02
-3.238060808302446053e-02
-3.552070698253822351e-02
2.388080404959381023e-02
3.964561474124878027e-02
3.657727079122751260e-03
-9.457136465674391423e-02
4.207772606389428502e-03
2.014842164224666526e-02
6.129497820351296339e-02
1.635025406638235951e-02
3.099424511686311307e-02
1.839008149508375781e-03
1.276671292858207740e-01
-1.540872773252718875e-02
-5.797104360815625440e-02
-9.094997351784348677e-05
1.076001074852460035e-02
-5.951485593696787327e-03
-4.409671718180043637e-03
1.063131315759179990e-01
1.470960378519411624e-02
-1.577456935310569616e-02
2.292433574802463930e-02
1.683045142911623188e-02
6.759647330650486730e-02
-1.942005344814682136e-02
-3.028659705026534935e-03
7.035455540645424444e-02
1.231564391697275405e-02
-1.122959365714207847e-01
-2.133975436700484563e-03
-1.414297361787807406e-01
4.837409685565189493e-02
-7.359309410104811211e-02
3.170250547463791205e-03
5.258111786165270418e-02
-6.763416601002181228e-02
8.436416800215018608e-02
-5.046250602743972136e-02
-3.516286385111364043e-02
-4.648840684146730157e-03
6.837724195731369366e-03
5.594077743847442052e-02
6.806898390471706473e-02
2.646261260550973951e-02
3.523885450767988078e-03
-4.159897127944837264e-02
-4.584713335767540143e-02
9.451273643998368140e-03
4.503468428077853081e-02
5.737238642396937788e-02
-2.459954924949610267e-02
2.986196440000544235e-03
-1.226920374810128167e-02
-5.258951905493581408e-02
-5.399551453251820454e-03
4.285919733350045807e-02
5.708568969306806323e-02
-1.558814436352722911e-02
-2.157927264102366127e-02
-8.034477980887240467e-02
3.723733448012214731e-02
-3.781243421573062674e-02
-7.743856883746129405e-02
-1.094645530958932370e-02
-6.460255757814833966e-02
-6.579753709091526459e-02
4.208138421328859458e-02
-4.716307260261500683e-02
-9.356109654104333151e-02
-1.599348501111538118e-02
-1.485220349858242320e-02
8.377484312011688333e-03
1.984911821111039198e-03
-5.103599230732281528e-02
-2.768729163298526766e-03
-5.332027097497952020e-03
9.139674375836609466e-02
7.423437521587870902e-02
7.170735802157061911e-02
-6.049332100306021448e-02
1.181694273586731403e-01
4.863943394213217364e-02
-8.391423900472097519e-02
1.439210011923684925e-02
1.603440819202889278e-02
1.598924944550116078e-02
7.969124476410738289e-02
-1.949366250545312568e-02
-2.240137150441500261e-02
-6.915183095474729258e-02
1.678749331356218719e-02
2.285823206329374441e-02
3.165142349719059179e-04
8.563807737594195113e-02
-1.542532963855067392e-02
1.383714979004297962e-01
-2.586539668891671417e-02
-1.017369208577983686e-01
2.666075479947422819e-02
1.072238676832016832e-02
-1.036717819664574880e-01
2.299805177952832409e-03
6.007617211102351563e-03
-2.221802168140137382e-02
4.725229302748589627e-02
4.111567057884167598e-02
-5.769167346760917942e-02
4.074994756973890353e-02
-1.777144795277066022e-02
4.517292422948030600e-02
9.714741900593385285e-03
-4.745122682424256048e-03
-3.508577687595871436e-03
1.110706679686106479e-01
6.735525785072539462e-02
-8.531800482774300198e-02
-2.895677766956972210e-02
7.766202800157879019e-03
3.506954287757071270e-02
-2.454010516277428319e-02
-4.458772953179700876e-02
-7.331829333632219892e-02
-4.249403888247631211e-02
4.203229838373568651e-03
3.277929651203564249e-02
2.266072462534993864e-02
-3.174435670004314286e-02
-6.263435308980198901e-02
-6.106172607897748794e-02
-1.355926335843206029e-03
2.649211631751578755e-02
1.081692348529013636e-01
1.377121395996025975e-02
5.179347596686792454e-02
-6.954273266985556978e-02
-1.277315807704451633e-01
-1.416695454817804012e-01
3.611156685317446630e-02
-5.253014770256701077e-02
3.321842168947548163e-02
2.706779547891084367e-03
-1.563120521739029545e-02
-7.354750660225697206e-03
-5.653207315296152405e-03
5.791632944794998517e-02
-5.934080558466720348e-03
-2.065017036201401840e-03
-2.833975742724034047e-03
2.770666534378263268e-02
3.771267314946853688e-02
3.068502634314753882e-02
-6.962031355843969344e-03
8.213828232987469002e-02
-6.372530822701756061e-03
1.954336623942984005e-02
8.116330204291952004e-05
4.223158037839144091e-02
-1.261795987050056203e-02
-1.120827531889461576e-01
-3.991487037370840089e-03
-6.390202757280019630e-02
2.796502997743061103e-03
-2.613460273196716727e-04
2.674170611805582257e-02
-1.563174099046603371e-02
-1.024527853215290579e-01
-2.613058517052629145e-03
4.403206096734178093e-02
-4.762121445740371412e-02
2.416208189543109577e-02
-1.882264913888813396e-02
9.765739061355190043e-02
-1.149341962434904246e-02
-2.509755790850973917e-02
4.158711870922829346e-02
-1.257621053795609893e-03
1.070258247662193851e-02
-2.533454976898843677e-02
2.113331993236858622e-02
4.725933708368736108e-02
6.143583255289065265e-04
-1.059645090775072213e-02
-1.174929348858140543e-02
-3.367944758976241376e-02
2.992228434188706765e-02
-4.450699331992515745e-04
-1.420596643804984162e-02
-3.428829609337188944e-02
-6.123202445821267215e-02
3.772484565825424269e-02
-5.824844689294451407e-03
3.975993271152677977e-02
-7.186584739835147340e-03
-9.389302320187309370e-03
1.986138381172252582e-02
-3.132981361058354008e-02
5.387774669789724413e-02
1.075416320365971470e-02
6.584995064148903288e-02
-1.095933740172237367e-02
2.134764358681111654e-03
2.948724032091772085e-02
-1.692964727559195803e-02
-1.646223583800468515e-02
6.941185346639137943e-02
-1.671018834835100858e-02
6.008155597596245845e-02
2.544083025300146461e-03
1.307040470565698671e-02
-1.146691987932833140e-02
-3.697358110478066867e-02
-6.686054251044716568e-04
1.260209129586076747e-02
-5.770455505783668275e-03
-6.348089140849996759e-02
-5.910382008400330567e-02
-1.466268217388251027e-01
3.936921049886744906e-02
-6.143863779933370767e-02
5.315440427485098457e-02
-7.807602303986749259e-02
-1.121729474006260829e-01
-9.863173980762474091e-03
2.466723339624521741e-02
-1.262979588744200243e-01
-3.729165497553185021e-02
-3.167363507527452132e-02
-3.465603709553603112e-02
-4.485419745603989872e-02
-5.472253926211009117e-02
-5.608405103161413774e-03
3.181566428485319009e-02
1.585828748854275008e-02
-1.538930010049828490e-02
-4.929592861214651678e-02
-4.738622493811963168e-03
-2.779526519848722274e-02
-1.246546592306647071e-02
-8.720515661830947549e-03
-1.051983037206617316e-01
-8.740764731049777830e-03
3.763264062311544311e-02
-3.461505912438782306e-02
4.700465299050265999e-02
9.168343092065248112e-02
-2.152513747905150654e-02
1.424862523708514406e-01
4.355595608623497039e-02
-2.937972935278191158e-02
9.587557279036450220e-03
9.803076535925957236e-03
-9.001587913343487776e-03
2.102938994499259084e-01
-3.431221275164528933e-02
-2.563072013952785548e-03
-7.912228036628296546e-02
-1.036068149992059872e-01
1.601141877867166829e-01
9.789884437879292634e-02
-6.177593119732562726e-03
1.082287028343446172e-01
-3.483648836314936353e-02
8.763385501447214232e-02
1.319021743326161955e-01
8.659545867097932781e-02
-8.003193862769283906e-02
-3.060359772011194551e-02
-7.358786288512222939e-02
-2.850820153386253442e-02
1.222237762556616925e-01
1.234968486230307722e-01
8.951382027523194229e-02
-2.739631494345960705e-02
-5.626095575966298321e-03
-2.554538194075634677e-02
-1.342464009188491791e-01
2.499185915441472922e-02
1.110122058396800226e-01
1.173076403471148416e-01
4.233464634948593680e-02
-1.302137313352106085e-01
-2.289748472949731245e-02
-3.908873679573542093e-02
2.820749178547118236e-02
-4.585172235005104124e-02
-4.951768143556068563e-03
6.807558777471878209e-02
1.398434180125782134e-02
-1.769009114680921910e-02
-2.414065567564663631e-02
1.043720729825742093e-02
2.722557298803033113e-02
5.838130617073437889e-02
1.277091684280100281e-02
2.332305548282521263e-02
1.289579871959483683e-02
6.691103177719071038e-02
4.485644264078111898e-02
-6.531461680739625297e-02
1.684335947569133574e-02
2.141850007792768171e-02
5.958524764371182086e-02
1.548885033258189797e-02
1.124926162384990574e-02
-1.751538841783267103e-02
-7.400581795544755592e-02
-4.141791743490099917e-03
2.590158751015933861e-02
5.580839327954696671e-02
4.886041463717289562e-02
1.033494799313279880e-02
8.055973633179108750e-02
-2.713077849182898415e-03
-8.797844544197376548e-02
5.699433634420179168e-02
7.577363626442516070e-03
-6.585331514122068353e-02
-9.354494487367748246e-02
-3.471752726226251529e-02
1.686634952895689141e-02
-1.819472075546449408e-02
-1.753588699539915946e-02
1.289832255786381790e-02
2.817333470093890541e-02
-3.357137074614528066e-02
5.085244191142387904e-02
-1.723540447587080756e-04
-4.837645305346920110e-02
5.738012462364243393e-02
8.446505449883512373e-03
-4.201524374455260780e-02
4.926757549419455429e-02
-4.915810632136855679e-02
3.718706288092217538e-02
-5.450147851259989212e-02
-9.395831863375175841e-02
5.120978290506729771e-03
8.286755259160533127e-02
-4.344008842374533913e-02
-2.697806552814692449e-02
5.571897976632797511e-02
-4.820235816866650508e-02
-7.934375872801315011e-02
-4.119731902741866070e-02
1.377075927056311405e-02
-6.108479797828535174e-02
3.025706664051992616e-03
-8.448430311380256130e-02
3.769416154324074092e-02
-1.490188878843499709e-01
-9.793798624908453543e-02
1.406947317648774357e-02
9.273309883825264777e-02
-1.326305316336553498e-02
1.558699889728971250e-02
-5.554624312529218150e-02
-9.640017755659793797e-02
7.666558043269487352e-03
-2.121401884515927358e-02
6.535001883959934421e-02
7.826912428257369603e-02
1.376744545315194621e-02
4.626270979736425704e-02
1.046393971355183763e-02
1.503254308759041646e-02
-2.527607388442511260e-02
-3.841975876974468296e-02
-3.826837333946956493e-02
6.376279591912895062e-02
-1.836478583518354191e-02
-5.924695854345671947e-02
-6.652497654361201607e-02
-3.107973548873837338e-02
-5.243678942989612318e-02
-1.029363600242350768e-02
1.323638922313134618e-02
-6.732168635992160158e-03
-3.928653395960132744e-02
-5.389917273502879691e-02
-1.326129295405822396e-02
-3.438082206048313078e-02
2.110313349055645618e-02
7.409260774715056841e-02
2.626595896937973518e-02
-1.057802750981769353e-02
-2.039936830232007975e-02
1.965934574346675512e-02
5.774414950710798564e-03
4.160595145237550724e-02
8.796148780764855013e-02
1.255887454941060841e-02
-9.294266865172685910e-02
4.023630677399450684e-02
-9.653070434226220659e-03
4.419253819271577038e-02
-4.443622487017356154e-02
-2.135602558100068230e-02
7.995751023777268596e-02
3.971644782743629504e-02
3.942770236326807037e-02
-7.806650202323835164e-02
-2.296640811722850534e-02
3.182168699809482040e-03
-5.514657512448224025e-02
9.814337819157814558e-02
3.608551681858031962e-02
3.233739219704136886e-02
-3.518689047747539100e-02
4.237218447652974646e-02
-2.675911211556239108e-02
-5.855943649143751512e-02
2.768541576573869262e-02
5.123463012054273180e-02
5.712023256186860021e-02
3.134636649438884287e-03
-1.335341134769838997e-02
-3.591272414801309487e-02
-5.186817331016276011e-02
4.182503815857454427e-02
-1.600812746765341646e-02
6.666211680513314981e-03
2.168737495341650084e-02
1.399547807658702847e-01
2.439673840268460556e-02
1.225595174426640649e-02
-1.093821733568097199e-01
-3.450033663706468523e-02
-3.310275536539355329e-02
1.589887915008446687e-02
-4.981514044990647747e-03
-6.761265606077411158e-03
-8.957258877974777489e-02
-2.365369661592758854e-03
4.615163138455200681e-02
3.600313689472509765e-02
3.901359561027990114e-02
-4.019665455617224548e-02
-1.301307859864522798e-01
-6.511755342647154721e-02
-5.708524123210614865e-02
2.076420160355781433e-03
8.328994254166466674e-03
1.121274631878722838e-02
6.013376078611402248e-02
7.135650377900445637e-03
-3.835979246940252052e-02
-9.490395086032816716e-03
5.698023895749655676e-02
-1.412863054251190659e-02
3.941726487951765362e-02
5.761151247777978462e-02
-4.121089279199991601e-02
-6.159171337327282170e-02
-3.458461057599540589e-02
5.664004123085468467e-02
-6.514606915494020045e-03
-9.673283790147122613e-03
4.951034457199859906e-02
1.992277469995405031e-02
5.533531961709032415e-02
-7.692873700459045179e-03
-1.035219577350555281e-02
-9.819816349422726132e-02
-3.118873673045878189e-02
3.471284276877566188e-02
-7.899566243066522431e-04
-1.837710428707216639e-02
2.097219173140717208e-02
9.950641608386893988e-02
-2.149998379241067556e-03
-1.699981953483905260e-03
9.132812958647115384e-03
3.682172573937580670e-03
-3.609450133789569165e-02
-6.232936583939956837e-02
-4.604408867212138323e-02
1.156208673703918929e-02
-4.387838520650073210e-03
3.345406788550053107e-02
5.963700014178410780e-02
-5.219161821407376084e-03
3.940822753535376533e-02
1.177122425489842208e-02
2.263532880858845978e-02
-1.727482587328948299e-03
3.660019361604435056e-02
3.766115347140503583e-02
-4.894588354124343454e-02
-1.213382931628673167e-02
-6.188633732159201650e-02
1.176900680080535805e-02
-3.178854275422778042e-02
-2.709019864876435410e-02
3.173414656108163728e-02
5.009699572444600846e-02
3.685180148220414120e-02
2.965523489124990628e-02
-3.842154791102452005e-02
-4.410053015382286307e-03
-5.140003767589475248e-02
-3.888634240752548987e-02
2.797102809302585633e-02
6.767371090973608311e-03
1.350254441650373949e-02
7.445875429427382952e-02
3.442346895006004326e-02
4.528633147822500038e-02
-2.559476752683861531e-02
-9.400350147660060940e-02
1.360024119625635186e-01
7.255056840728819900e-02
1.607570713425325593e-02
-4.566359719714484233e-02
5.341587702838749424e-02
3.483816937209360115e-02
-8.520972468590090262e-03
2.622362186949509649e-02
-1.025650032302008116e-02
-3.983717363218962360e-02
-1.346194686101077551e-02
1.330569992446739742e-02
6.649329272428002036e-02
-2.103655660375513409e-02
4.526683618255893798e-02
2.572793656966530784e-02
2.286711966803866430e-02
-8.519378493025558940e-03
4.847284639192114136e-02
-2.832221145180221361e-02
5.712883365736454166e-02
-1.135057543353659576e-01
-1.148524261888898834e-02
-6.398388716696584710e-02
-7.214979111784286525e-02
-9.140297029841618071e-02
-4.092815402071410535e-02
-2.631211119081027644e-02
2.048337457505990458e-03
-1.234917874264356563e-01
-5.821881581613321671e-02
-3.763287921855495988e-02
-1.458210838400329085e-02
1.171968152270092814e-03
3.121439323067419502e-02
1.776741150623729892e-02
2.074629767817228951e-02
-5.494472845861958499e-02
6.763837568328673333e-02
1.866760737243450263e-02
-3.066480460783805456e-02
-2.115181022350496806e-02
-7.860145383223728077e-02
-6.238084784099741376e-02
-5.259935141064691483e-02
1.627452984522299861e-02
3.370661533618957151e-02
-2.930384394009136542e-02
-3.701951553698945574e-02
-5.418976819242965481e-02
-1.700303392144680500e-02
-3.023322545395605576e-03
-1.561241033259999286e-02
2.704480774120065004e-02
6.834878952678642705e-02
-1.436743570695708447e-02
-6.539846620446224112e-02
-4.234763944197649649e-02
9.541840392883440408e-03
5.948657883433410010e-02
1.877191457340478264e-02
4.732858523132170772e-03
3.872748712347894029e-02
2.255650282438418502e-02
2.914703562995469427e-02
-9.053674866378214059e-02
1.621856827693378064e-02
-1.437154467841286754e-01
3.503582531783559079e-02
-1.671000098764319555e-02
-5.197043744657525027e-02
-2.767931911160400466e-02
-1.017507410672931906e-01
-1.153414818214452547e-01
4.673464087343216430e-03
5.766425549369817022e-02
2.052688945609860288e-02
9.156012930437405772e-03
4.304547439755183891e-02
-8.741482463278178738e-02
-1.071790520571203331e-01
-9.541213238033004196e-02
-4.318795625168798252e-02
6.766892771505782049e-03
2.575709615403522224e-02
2.239467629351529418e-02
3.826946307101565872e-03
-3.559649576455022058e-02
-5.170100482012451176e-02
-1.420501821646780009e-02
-9.709489322381086029e-02
-4.093667672100315125e-02
1.338323225950563689e-01
6.999467000572105746e-02
-3.285281057752977713e-02
-5.480662259302677974e-02
-5.701479600932177205e-02
8.857433892175194112e-02
5.338740795133306571e-02
2.051524737393539341e-03
-2.203313678219140023e-02
3.861168094480041738e-03
8.831095882576854225e-03
-8.987873673802299068e-02
-1.160043828777388569e-02
1.209826378471604534e-03
1.500164539142623613e-02
-3.207892308297016336e-03
9.456060281389368216e-02
7.930932516920093100e-02
3.754341293966006327e-02
3.105719390613432412e-02
-6.676361742948450084e-02
2.024503057593681626e-02
3.175243288940749614e-02
9.316620788104996997e-02
-1.727176222623507881e-02
-3.129603605432793728e-02
2.006322667761380532e-02
-8.767294579848190425e-04
4.320287533339788044e-02
5.515164993044328196e-02
3.007594076162589322e-02
-1.036080706433169588e-02
-2.289080103774583652e-02
3.555373571962314877e-03
-1.337057082127463548e-01
4.093611196496389076e-02
8.229870694943544618e-02
-7.454636726077003284e-02
1.262733426760659639e-01
6.412742040732593435e-03
-1.351748677145426375e-02
-5.220922228410626587e-02
-6.632302877621679832e-03
4.985824850116369472e-02
1.919831095743649435e-02
-3.665038709634672875e-02
-4.049174821161428267e-02
-8.374262515585217947e-02
-3.373984905073654228e-02
2.889489836954240581e-03
-7.541999910625873937e-02
7.740803429209113656e-03
9.524885906293207444e-03
-3.127470633492478863e-02
-1.927047602172256291e-02
-1.070401138781010460e-02
4.094532138557654966e-02
-2.926615294752198376e-03
7.553196389089503540e-03
-4.166066369020183374e-02
-2.413765191761809217e-02
3.759813429542241403e-02
-6.968913710974686260e-02
6.513228803505619058e-02
2.159318386810229681e-02
4.702824132080540495e-03
-4.144355565428985838e-02
-8.300814255243165254e-03
1.478122960220547809e-02
-4.100776599217657165e-02
9.100098005366707987e-03
-2.863137958074052358e-03
2.607064284792512746e-02
-1.473684488012830772e-02
-3.105167246859973085e-02
-3.577353491332680574e-02
8.689231638622142706e-02
3.492023294470757155e-02
6.272244794304626669e-02
-2.721810042004048011e-02
-1.413703585482663574e-02
-5.325886012542113690e-02
2.201352228115520393e-02
5.544667602545236967e-02
-6.075919176039831782e-02
-4.411434378962154901e-02
4.355549635502171946e-03
-5.382545860755819089e-02
-4.468827852339585238e-02
-1.169837897693769002e-01
1.561270286581973032e-01
-9.177642668143845550e-02
1.348204703497562183e-02
1.513702782385496944e-02
-2.465332044505843048e-02
-8.722243518346451882e-03
-5.257983672872298953e-02
-1.124646093795307333e-01
-9.319627446207214005e-03
-4.923799526638843183e-02
3.145699377966141436e-02
2.987280603762083181e-02
-6.234726287982172294e-03
-1.396140207227639096e-02
-7.414394747689642684e-02
-3.842544641342275635e-02
-5.284507859846547528e-02
-4.837083444957696737e-02
-1.122744862572474904e-02
6.750893443129345195e-02
1.134098355385367990e-01
8.506379237628428069e-02
1.612368791946858226e-03
1.024434130279630178e-01
2.673134704014715896e-02
-3.520939138868483392e-02
-4.150768690435142211e-03
-3.068996858708761266e-03
1.797696265232938406e-02
3.691782568607682863e-03
-2.803855159518315807e-02
4.625562652217966864e-03
-1.009129770138949764e-02
-1.899295509733823356e-03
4.733125830631617487e-02
-9.716360779632282618e-03
-3.691088653297711769e-02
-7.909866664735275277e-02
3.778736512351858756e-02
-4.437920624638656830e-02
1.809331306179584598e-01
-5.902768796033618440e-03
-1.561762781185810182e-02
-4.471648354446988716e-02
-4.955853312450823542e-03
-3.164879177553295286e-02
-2.652174927062022486e-02
1.329495008465364225e-01
-7.218015016769624426e-02
-4.683887852674639696e-02
-4.241340283833932440e-02
-7.420815047492800368e-03
7.604978578914674270e-02
-8.683024013602461122e-02
-1.145746436434711725e-02
1.062307590955957753e-01
1.750887590728333887e-03
4.968264065205153790e-02
9.548644484763070539e-02
-1.204197266663801884e-02
-4.967133094610651223e-02
-2.455318914184270035e-02
-3.909788509006919058e-03
-5.291768514494667869e-02
-8.168981524812930772e-02
1.009658970193564285e-02
-1.922519810228026996e-02
-4.493573848432183548e-02
7.952581187532081763e-02
1.807045419833485100e-01
-6.356441458174262593e-02
-1.015972343635354186e-01
5.602149410368723048e-02
6.607335118111568040e-02
-3.596943484274933711e-02
-3.452714641724913963e-02
7.894314294046868297e-02
-5.224624584140406813e-02
1.316838512732262934e-02
9.540641634990863762e-02
7.229681734165900597e-02
1.196656605565372435e-02
-3.959146637661619533e-02
2.359661313925142875e-02
-3.037598083069571048e-02
-9.791739996780582378e-03
3.258844915270860815e-02
2.791304426684636589e-02
-4.255340722938287523e-02
-2.197916220465811338e-02
3.478362562874011757e-03
6.743667433736187655e-02
9.258662599820201289e-03
7.309981301991044789e-02
-2.939907276132431441e-04
-6.512405465602813526e-02
1.861245667646758972e-02
-5.168104838460142736e-02
-4.058059364746335711e-03
3.517024097269772637e-02
5.964790212054504187e-02
1.400824747275434545e-01
-1.011494907507530100e-01
-3.660723958208858542e-02
-2.818039509821895772e-02
1.084842969270160135e-01
1.826485016308247444e-01
4.275138986544665259e-02
-1.093620827715093974e-01
5.953774468294820155e-02
-4.974207335046969963e-02
-1.846157043084237226e-02
8.483286181406028692e-02
8.980712879128931181e-03
-3.736205867588432428e-02
4.845043212712852460e-02
-3.374832512109716964e-02
-7.359150543666013317e-03
-3.182274915218025885e-02
6.604714480482622163e-02
-4.857447756331574606e-02
-6.383411790551132836e-02
2.206676525989426790e-03
-6.582345652857993223e-02
-6.750828335051257956e-02
1.630815996896869610e-02
-6.537307831154198778e-02
9.067477176000750261e-02
-6.121433703730600612e-02
-3.730341534675702536e-02
6.635454766363123313e-02
-2.193131370100616720e-02
-4.933691942347155635e-02
-7.959573517492147393e-03
-2.121663129745483215e-03
-5.016679060692622732e-02
-3.468748368577818930e-02
1.853898695131293295e-01
-5.797476474787000705e-02
2.344112649099279130e-04
1.635617031743571287e-02
-3.030794134466869433e-02
1.066199039241859242e-01
-7.139765165917122403e-02
7.737974261995917043e-03
1.852474910574636747e-03
-2.886466711758042814e-02
2.119773967290855543e-02
1.543088625939580127e-01
-4.043984849295622491e-02
-3.050533280215373191e-02
-4.648029940076361249e-02
2.206029042814976193e-02
-3.323871910518931549e-02
1.482643282438080717e-02
9.493436685957626353e-02
1.149512802850333193e-03
-4.920193153011143475e-03
-1.593591537076933726e-02
4.307800225228359051e-03
-2.154171971988347312e-03
2.284514982960745427e-02
-7.975789837290962747e-03
1.129849206914374238e-01
-1.207168893317461106e-01
-1.417670187391256997e-01
-1.184345208658666576e-02
1.116448426027442063e-02
2.481816931408095325e-02
2.328959604468815170e-02
2.258215572111819773e-03
2.030338873636806929e-02
4.149136376908552429e-03
5.723701756152971276e-02
2.362209867436580735e-02
-2.243331635402264108e-03
-2.017576890993485333e-02
-1.068186128360174153e-01
7.327614295357290364e-03
7.968504578634788560e-02
-4.788552476489199572e-02
-5.855748846356885473e-02
-2.480454243385669250e-02
1.705969266823633909e-02
4.338546658493755599e-03
4.085777159505352141e-02
-5.370776396070174596e-02
1.090259466872428411e-03
-2.057806173057016852e-02
3.542469662576734624e-02
6.739652209608529287e-02
2.586795030121446376e-02
3.473798494091877298e-02
-2.288051461995226424e-02
2.757027997483867468e-02
-7.617238532637216585e-03
-3.211229382052110948e-02
2.823835826687806118e-03
-1.403708644935400610e-02
6.948272151937322227e-02
6.649884776246341167e-02
-3.280339610791556393e-02
-2.406585131736241334e-02
-9.386998160181885681e-03
-1.124539523477033169e-02
-1.430422204949519799e-02
-2.063923319317512509e-02
-5.450394795609145304e-02
2.397975056695640997e-02
-6.268981530962874915e-02
2.081134963655779588e-02
-4.457345075934236039e-02
1.230982828048183923e-02
2.814439441831154826e-02
1.764976468702710022e-02
-1.859272115148869267e-02
6.004416439927369453e-02
-1.209103111603890106e-02
-2.256834535798535324e-02
-3.703409220274817872e-03
-5.759062491952935542e-02
-3.185799693109333391e-02
1.389998412016895182e-02
-1.488634916545698503e-02
8.074931107851712406e-03
9.361275633679019478e-04
7.274680702582917574e-03
-3.989412569559296073e-02
-1.784930893485563164e-02
1.808522980490295112e-02
2.026412580380274053e-02
2.469991480042221799e-02
2.240618641382389337e-02
-3.965924334291263086e-03
2.594361962037444735e-02
-1.050080079640747406e-02
1.062700589730875000e-02
-4.664468895230859669e-02
-9.359445291183085547e-03
1.497597173193670160e-02
1.602437475703895678e-02
2.846462406669424822e-03
-7.894712246240722167e-03
3.181895576527023206e-02
3.679008344705124445e-02
8.784076440627796439e-03
1.474089578848206475e-02
2.673035331486661378e-02
1.460677547644826345e-02
-6.713095798571123984e-02
-1.636127717522106381e-02
1.224577802117285397e-02
-2.506741561177863731e-02
7.218040583540687172e-02
-2.906893143348538225e-02
-2.471988732342972686e-02
6.109267081707459024e-02
3.281978900496805573e-02
1.432152989658536796e-02
-7.120694415808015432e-02
3.668334548823712696e-03
-2.553704577781732137e-03
-3.930848321860782452e-02
1.761528477222512601e-02
-7.108506610685010052e-04
-3.778667132402224738e-02
-7.098871320510685701e-02
6.281017359786101803e-03
4.504965035576011245e-02
-9.720841393737184380e-03
-1.083707518317815650e-02
-2.479642713924220740e-02
3.892691004990325720e-02
5.254827228095380887e-02
-7.433588446807594396e-02
4.272554044039464372e-02
-1.909224973536251951e-02
-4.714779323867450411e-02
4.542781608688607406e-03
-8.654703371679076107e-03
1.336357945989326799e-02
2.726986109222368643e-02
1.461411049745939272e-02
-9.427091545078827850e-03
4.881815251890406215e-02
1.512825150679765127e-02
4.621830648717496770e-02
-7.183119257138733879e-03
-1.701276635739453098e-03
5.023073095683700667e-02
-7.624318702168803724e-04
8.061619670205969618e-04
-3.963923219800296466e-02
2.250317535990227491e-02
-2.108065131786937205e-02
-3.752686388901212838e-02
4.863982859402909281e-02
2.597252881630479973e-02
1.291658376246725137e-02
-3.778219249765137067e-02
-3.140655860847673536e-03
-5.083424630758846645e-03
-2.400053890464320244e-02
1.715952529992025022e-02
5.747872119772561017e-02
1.457055352284098576e-02
1.486396354433441695e-02
-1.134131304830894721e-01
2.349341891330132548e-03
-5.221145799394677489e-02
-2.145538623762592231e-02
-1.079860841818781544e-02
2.498641440098071931e-02
-1.134138826611712572e-02
-1.427545920119239857e-02
-3.624862351143515182e-02
-2.959481647365534707e-02
-3.243190531945791544e-02
1.842759489543722637e-02
-2.589667663937115366e-02
2.606311895137886081e-02
4.114700662722427238e-02
6.250167268011069810e-02
3.699179578436171539e-02
1.435244143002160216e-02
6.270906735043245417e-02
2.007331035352612897e-02
9.595454278484405464e-03
-3.226086581490810595e-02
3.314394645738231310e-02
-2.928036776048001041e-02
3.163701892383825875e-02
2.015768466345419299e-02
2.315752875264656327e-02
1.053231172722525130e-02
-5.528783868730765411e-02
1.170506474260441659e-03
-4.214232019987150524e-02
3.471378063048975032e-02
3.839703023253553463e-03
-4.035466126254429881e-02
-9.041016732250160490e-03
3.374170258069295047e-02
-5.762861715760021070e-02
-1.979319155030092106e-02
-6.010204515920213736e-02
2.349356520224411132e-02
-7.041835153145732662e-02
7.067460309773170024e-02
-1.703697383021126211e-03
3.806006952786373469e-03
5.963125045656665624e-02
4.261823326469214163e-02
-7.347125183010531912e-02
-2.087981077026083987e-02
-1.184771097868756329e-03
-1.629956755825036352e-02
1.610714296501478821e-03
9.471646574766250104e-02
2.266573403022944730e-02
8.217780745130226494e-02
4.461926870584066035e-02
-1.343257976713202115e-03
-2.215274487776914408e-02
6.863865369549139450e-02
5.728197165032612032e-02
5.104415998134390065e-02
-6.570370243397893710e-03
-1.821259792554925927e-02
-5.640692298977370567e-02
-6.288726528149834322e-03
5.354496007880948233e-02
6.103575097320688980e-02
4.993775853315424174e-02
-5.905364755610660599e-03
-1.481507032600819229e-02
1.115751412036750795e-01
-2.977001088632133877e-02
5.502113110468914714e-02
1.559015318767236480e-01
8.309517235778828004e-02
9.991402374208545323e-02
-5.551197958969320001e-02
-1.551980388546584100e-01
7.901991629144029111e-03
-5.518585001333158047e-02
6.691960027914413238e-03
-1.356257295343281984e-03
1.313565538891383385e-04
-5.414022791644445415e-02
5.306226616226879245e-02
7.446161855072409852e-02
-1.693667885638438370e-02
-4.833548629181771278e-02
-8.592549251234622709e-02
-2.547882339207377389e-02
2.354880538799103418e-02
-4.886582502199733613e-02
-2.424345907339611403e-02
-7.191169498399811733e-02
-1.895124923881558870e-02
-6.236128045703070305e-03
3.213255027993647955e-02
-9.291534709925618890e-03
-2.236061576229659772e-02
-5.468744348655715792e-02
-8.476901196332053967e-02
-2.622733737694173117e-02
-3.759811336645870611e-02
7.716785644706590508e-04
-2.019178022627600086e-02
4.870603948440922759e-02
7.341211692749030626e-02
-1.397965604555262593e-02
-1.287868264758558479e-02
-3.370034987413000199e-02
1.881542769835448797e-02
6.683796219621630785e-02
2.091409603606332948e-02
3.385183427055359767e-02
-5.730692532963434574e-03
1.039157844599755340e-03
-7.252273549942789277e-04
-4.059489512104186293e-02
1.592717900518518526e-02
-1.227012711407445972e-01
3.684861489745092783e-02
1.899742291927564511e-02
2.827812332614108512e-02
1.993823637158190915e-02
-3.351247967740034195e-02
-6.300685088529073274e-02
8.388350250970871835e-03
3.197640711136481156e-02
1.244417000225089658e-02
-5.539855777248563207e-02
-1.421354028690903215e-01
-1.540279033113961700e-02
-1.993228315567539127e-02
-1.124422282506000043e-01
2.768177518427851133e-02
1.037666648507320002e-02
-4.327308474729082283e-02
-1.184661186099027624e-01
3.242384901661032881e-02
-7.903402498222586794e-03
-6.370198172432652017e-02
1.827811469850185513e-02
4.987959735949983042e-02
2.894989139213965251e-02
-3.012474693331119308e-02
-7.328321701345411054e-02
4.828082598112462542e-02
3.314506133519388997e-02
-3.522784388194458854e-02
1.932962541835917675e-02
1.030245126831225155e-03
1.221502631189837554e-02
1.711944953136906866e-02
-2.321092355242479130e-02
1.363984198907116502e-02
-6.010714427031615958e-02
2.998885248538559964e-02
-5.498005581176589746e-03
5.770813749827755079e-03
-1.212788194705327338e-01
-1.459063648784470618e-02
9.875580408924534981e-03
2.464423852633730594e-02
-7.182642405623257398e-02
4.336890410391900513e-02
-1.676639193227316346e-02
-2.922261531850596158e-02
-6.060436631482412143e-03
-3.984321764221732814e-02
-5.715744424916006233e-02
1.088154501488241416e-02
3.901040328210406138e-02
-1.929602810446605365e-02
-2.902812286511319978e-02
-2.245747363484043926e-02
-5.042224529001854832e-02
-4.723170825162876368e-02
1.684276832888019493e-02
5.032844261680100018e-02
8.319093952109727491e-03
4.343143061194005422e-02
1.135302802991580151e-01
-3.943421387730267069e-05
5.001836025177454348e-02
-6.373828183185056839e-02
-4.530207309987927672e-02
-4.090769546514758104e-03
-2.059311282117377850e-02
9.159274473570719333e-03
3.029040037760843268e-02
-5.089446608229251934e-02
1.816471463848682785e-02
2.197679318238941401e-02
-3.345661014928402732e-02
2.058909322370928649e-02
-1.394070380813716981e-01
4.315757980379566344e-02
6.212607502203214976e-02
2.589406748772448558e-02
2.075195228557788138e-02
-2.272139368854639990e-02
-1.310548487944530362e-02
8.933790167624758305e-02
4.758566843437683769e-02
7.267664357212384740e-03
1.111919943077335424e-02
1.011620353001850200e-02
2.556729409847283835e-02
1.526614369111081899e-03
7.770822161423206198e-02
4.646072692002756882e-02
1.251748467531827239e-02
5.072935355342647612e-02
1.803670238313404700e-02
-1.612265476654901331e-01
1.931263880110889453e-02
-3.476779182562345777e-02
-3.734963627661483376e-02
-1.606949984168514964e-02
-2.513177634824036513e-02
-5.839110334600983165e-02
8.149129414975787855e-02
-6.547561209240246143e-03
-5.255439350673346555e-02
-1.120446091269318087e-02
6.283705123165525541e-02
-2.853519674086819891e-03
-4.297198064121505318e-02
8.803211415977642111e-04
-1.860313175412309228e-02
2.180880758779731726e-02
-2.949831704094829296e-02
1.529779094935372272e-04
1.046423858751905356e-01
1.315899570825266804e-02
-2.795190178171593973e-02
-8.157662454645216860e-03
-5.709952086188668785e-02
-2.155247083422701104e-02
6.683673347816226906e-02
-1.405391580481911429e-03
9.521307733953766894e-02
1.668906998830440441e-02
-4.111554559272518478e-02
-3.854136416687962280e-02
-3.912205330758171049e-03
3.090290127749458285e-02
8.350508256348934677e-03
1.172239100060150224e-01
2.149358899992432487e-02
-1.036544174973816172e-02
-2.562169865895215851e-02
-3.271493813211989732e-02
-3.155373968529659456e-02
-1.651523558362715666e-03
-1.779539872359079539e-02
4.053117002984384099e-02
2.902315447754790639e-02
1.921225201022792525e-02
6.139827145326082897e-02
3.249019028199289384e-03
-4.528114474904763181e-02
4.274462429064311564e-02
6.359500520040739513e-02
-5.971509451931342194e-02
-7.625060757356831587e-02
-2.227472902431202814e-02
1.046778977338330557e-01
1.202771532922429082e-01
3.615175851239160049e-02
3.716579200655222015e-02
4.599716674901964397e-02
9.451953393801464445e-03
8.894308239567397245e-02
-1.218722189527612909e-01
1.205088554606688865e-02
2.002443240194426780e-02
7.453280403625836548e-02
-3.181867441963961984e-02
3.159227710472282263e-03
9.189331828303545779e-02
-8.247682289001988243e-02
-2.729822576536340001e-02
8.699083123194005160e-03
7.392001922906960010e-02
-6.034815628241216312e-02
3.954571004028578640e-02
1.448444997716180106e-02
4.014599722004938420e-02
-2.062481913275412138e-01
-2.681132366382484727e-02
8.047834641260462329e-02
8.104439461243931331e-02
1.539120409522053839e-02
-1.330753856420309814e-02
-4.580466574790986733e-02
-1.428863291478354742e-03
-1.275792268023195064e-01
3.406407263313869505e-02
-1.677993834885759504e-03
1.143101235116414892e-02
5.454357921421419675e-02
-9.119880900400341439e-03
5.555270762135389173e-02
1.075020724574328734e-01
9.622391603758781442e-02
5.391969128361899510e-02
-9.453207757840409453e-02
3.642221093318439434e-02
3.063769266886132159e-03
-8.384872340515295286e-02
-8.410798394769841702e-02
5.367000580559145445e-02
2.541893717494530386e-02
-1.538828696595811486e-02
-6.068770558162292494e-02
-1.484134578068519502e-03
-9.138670807386027606e-02
-2.289579203926399992e-02
6.963755479368961832e-02
1.890570354908555767e-02
1.796988247732295499e-02
5.862187110931157963e-02
-3.775071804141227894e-02
-8.861099072554955852e-03
-1.395000650122567853e-01
-9.775270118440853445e-03
9.728241447688183718e-02
2.923099322913073894e-02
1.394624820479635832e-02
3.085670335100595268e-02
-4.649703221861045850e-03
-3.692357038874129888e-03
6.330502031346905978e-02
-2.571772717794945651e-02
7.789598036497435984e-02
4.548878875210976558e-02
6.117683405348072444e-03
-1.356076263275307787e-02
-6.034453664688554930e-02
3.013290234141309878e-02
9.343481782694189330e-02
-5.208435269275266989e-03
5.430508600387347340e-02
5.013655091471778263e-02
3.028987707997661885e-02
-3.318386251088505101e-02
3.696334920629545245e-02
7.862050609636111326e-03
-3.500912421332396524e-02
-1.560985370960318516e-02
3.498670779470681308e-02
4.027056843264553709e-02
-2.248053763370571126e-02
6.066622037714262949e-03
-1.599563293484516924e-02
8.486840636227505411e-03
9.689593069079684498e-03
-6.093496251748152515e-02
7.408457321367367850e-03
1.046872292594876012e-02
-9.487126607780947685e-02
-3.222956466657786977e-03
-3.459382665306666438e-02
-9.874754252864893778e-02
-5.053880083146099211e-02
2.149900273082606256e-02
-4.750600527074053461e-03
-4.902532983518171662e-03
5.513437034016421129e-03
1.570104195180397136e-02
-2.228934652562479801e-01
9.884845070821027604e-03
-1.451150575300007815e-02
2.134061314927552383e-02
1.915151871281496263e-02
6.444189184799607728e-02
3.439233432806956814e-02
-5.315206086657454920e-02
-5.858401396886808027e-02
-3.440803227750825755e-02
-5.509719419556418502e-02
-7.143602064917883854e-02
-7.178135858652909262e-02
2.860007617587578474e-02
2.242428229111957660e-02
2.428760770923036119e-02
-6.020553400791305715e-02
-8.368682989810119488e-02
-8.004484354203648955e-02
-5.346211731678879309e-02
2.283418251270904423e-03
2.527043527688516839e-02
1.905631624976639963e-03
-7.451378421178705969e-02
-6.262731037328593021e-03
-4.526141745489910273e-03
6.307869143003948242e-02
1.439763144721737873e-02
1.044927489720827787e-02
8.600346242243658845e-02
2.744559916316341788e-02
4.741072696690046967e-02
-3.321045785487254653e-02
3.913211693488336668e-02
3.409648410464018869e-02
1.012234410273248238e-02
-4.880762942850121189e-02
-8.061773412123759974e-04
2.473032950178718353e-02
2.719415749869495691e-02
1.969012254413976537e-02
-2.056354427444552491e-02
1.367192458187629911e-02
8.506816974856810931e-02
3.766837019693158178e-02
-5.463760360812824901e-02
-2.557514435844682882e-02
1.694071310783178130e-02
7.028250856723126938e-02
5.558587402963504481e-02
4.200751141487001072e-02
3.603415836994727783e-02
-2.817105876715865140e-02
-2.385804129246395580e-02
1.274520172830528875e-02
-1.647919419536445634e-02
6.690480387651208394e-03
-1.924719115194100175e-02
3.056628654718763615e-03
-2.831674169521802148e-02
-2.459871662083754074e-02
4.266833887278724709e-03
-1.060449397511941394e-01
3.121071207856413593e-02
9.433195705444180623e-02
5.235990468406871018e-02
5.276263139787029655e-02
7.086748759414035481e-02
-1.903886930966125490e-02
2.609020839511955181e-02
2.304402463737691142e-02
5.422759350932704857e-03
3.271979874720663817e-02
8.075116796333367541e-03
-2.715309876174569828e-02
4.314154612845169656e-02
1.391796545550981132e-02
-2.712072333447746939e-02
3.140090684387642633e-02
-2.383652831404027908e-02
-5.973649136833389384e-02
-3.201051132082918804e-02
5.149439354204332978e-03
-3.517255397994936000e-02
9.605936455181308259e-03
6.339261054060232881e-02
1.423051053055979925e-02
3.253080884393723393e-02
-2.787997784328533069e-03
1.876925857503115858e-02
2.155235477577586989e-02
7.168067274791605457e-03
5.760389964958219366e-02
-2.208228629157796968e-02
4.107422599622094495e-02
-1.569049685376598113e-01
-5.601252806668353783e-03
-3.635983828781239047e-02
-1.034588603295429066e-01
-1.270335106008803686e-02
5.937693004780716932e-02
-3.180073983054430842e-02
-2.319917902442675608e-02
5.309562483573019437e-02
3.101343884512964763e-02
-1.909312830677504028e-02
8.216879757622980174e-02
6.974676777281693663e-02
-2.520990372088839637e-02
-3.620000076328312028e-02
-3.829657672829012843e-02
-4.111825569829349880e-02
5.724201341577376395e-02
1.598017543419532477e-02
3.401279437672170836e-02
-2.166311443119988550e-02
3.863409901313463735e-02
-4.798306257882734016e-02
7.960169501829990335e-03
-2.083960382930467523e-02
1.024719039301815460e-01
2.425489094553541849e-02
-2.540739461547279060e-02
-3.601618910330608297e-02
2.660361232757674915e-02
-1.467001550796926887e-02
-1.562773679929452264e-02
5.088974175287531987e-02
1.582114069821868169e-02
1.651898917481149642e-02
-3.609034805045320538e-02
4.134440148048830477e-02
-1.659478461613237907e-04
-2.559938696358379784e-02
-1.530323042035303671e-01
9.367160387780321118e-02
9.218192526003525511e-02
2.922338452978659115e-02
-1.125687790645900771e-01
2.807864090079206093e-02
-2.039414159196525217e-02
2.445383512109629981e-02
3.927008197938466026e-03
1.850529335482563320e-02
2.856784692573759513e-02
1.977415171308999353e-02
3.722215114475626099e-03
2.794589196927895966e-02
7.962499808344369878e-02
-5.131377935433364956e-02
-3.254912892502896671e-02
-4.899838370791474891e-03
-9.787972401933242583e-03
8.413149761626801532e-03
-8.898201217011281888e-03
-3.041900740045865720e-02
2.173062354146681335e-02
-5.349582340087796067e-02
3.533825911635791149e-03
3.693068227271580767e-02
-4.359605721393885504e-03
1.954544477386197313e-02
-1.381501330227426910e-02
5.017362946577035021e-02
-1.585170926035450040e-02
-1.995258156676511102e-02
2.221318268472128807e-02
3.836607266112210951e-02
-1.142631551970955603e-02
-1.865988902774623134e-02
-1.056964825199942920e-01
-4.989944565269020804e-02
-2.965937954667885110e-02
6.458057977955115880e-03
-2.037155296164148283e-02
-4.420170972397177017e-02
-2.637648783922537377e-02
8.293209213254621598e-03
-5.524982079373417891e-03
2.183472805700769834e-02
1.032503811748759215e-01
-4.433785203422682675e-02
2.073644982869745496e-02
-6.125110373007276038e-02
-8.358421188624416687e-02
5.253762138411736254e-02
1.198413491599696346e-01
-6.196756801491462574e-02
-6.373592335213822124e-02
-1.415954627542020602e-02
1.724328963466132195e-02
-5.087579474434422711e-02
-1.223824780058106049e-02
7.226309166893291058e-03
1.455105496863955822e-02
-5.267084469544392605e-02
3.800227539610675359e-02
2.914216622041491955e-02
-5.305145996608491565e-02
-2.720141439200589317e-02
-2.757139875084022376e-02
4.426277136031872561e-02
-2.911583298857572596e-02
-4.118222932436109429e-02
1.412443628435179621e-02
3.631945427574423402e-02
-4.815177616484397904e-02
2.676633272285541126e-02
5.636335167794350592e-02
5.870538283994787554e-02
-3.056824929010437675e-03
-2.783617969473672731e-03
3.526149594676587090e-02
2.640155597366743503e-02
-1.351391577385683759e-02
-2.250746087027835282e-02
-1.059233373159595426e-01
4.906279303747979048e-02
5.383875727743733797e-02
1.968013095569426732e-02
9.393174714741547859e-03
-3.819644229785323919e-02
3.574356866317535825e-02
-4.177329636513502087e-02
5.237690587417645482e-03
1.047890578375767351e-02
1.554437471107520882e-02
-9.904314430596854180e-02
1.364200940438789131e-02
-1.646199221426671716e-02
4.511731049531658017e-02
1.636132951115300965e-02
-6.269381266021287202e-02
-3.217881457700554233e-03
-7.740279997702882719e-02
1.479863362779789901e-02
-1.073070512064658137e-02
3.599561140133426818e-02
1.948316636021405965e-02
-1.480855611835322355e-02
-1.302884749489394145e-02
8.762659192898528127e-02
-9.436617309609449111e-02
-3.357904132923049401e-03
-1.433577441626623927e-02
-2.127157034271599800e-02
2.058474413863454339e-02
-1.263483827122619668e-02
6.143802373450147486e-02
-1.266660533108702677e-02
-1.306413463587077425e-02
-3.709615737220516712e-02
1.431635901879763917e-01
5.061615737464322112e-02
1.351403775632875615e-02
2.459635790248796555e-02
4.587154413857009311e-02
4.263081175383006544e-02
3.579008675048660909e-02
-7.985473995639287559e-02
-6.980373575417772591e-02
-5.074103555923852905e-03
9.517289147001808947e-02
1.437204496127957032e-02
-2.584033649413023520e-02
-1.459545775771191670e-02
2.994597700638192139e-02
3.538873128492334846e-02
-2.751838065817894911e-03
1.112053277784552652e-01
1.384377879691737513e-02
1.004006029477429000e-02
1.629794253885930716e-02
2.422236707571309711e-02
6.455472533241116140e-02
4.259573794330887703e-02
-1.893897138740837163e-02
3.601835891729500416e-02
6.883491399115360121e-02
-4.047997797832297157e-02
-6.256553405819498259e-02
2.759219748760468466e-02
-3.457372040379215819e-03
-5.345105130117996234e-02
5.183953343484685311e-02
7.305258053342688143e-03
-5.387444067131651887e-02
2.228950570487093358e-02
-4.751360721902293111e-02
4.513348233551046224e-02
3.983965345981531347e-02
1.835455125446204148e-03
-4.556300790982326793e-02
-6.710899535709270725e-02
-1.110506999753604618e-01
2.929103894273426406e-02
1.462197560141549613e-02
-1.132440385556842191e-02
1.470868168095510430e-02
2.508448250022651815e-03
-3.898573443673952754e-02
-3.111792556902614679e-02
-1.918804087937273084e-02
4.018938142207561376e-03
2.955783770017610460e-02
1.050860991546322641e-02
2.926191711200825524e-04
2.739609867467236769e-04
-7.488889793465006682e-03
-1.409584283990983691e-02
2.779349121876812517e-02
-7.487631303637665159e-02
6.404859865162018662e-02
-2.538478312150115046e-02
1.598284696496462751e-02
-5.471157576246064164e-02
2.394332282693538774e-02
-4.553101628510637655e-02
-3.973054349957527709e-02
1.317934094074118927e-02
-1.134897892495371867e-02
-1.844065623979270624e-02
-4.979515582467628626e-02
-1.039642055116862286e-02
-1.109470086394137023e-01
-1.168925361778342178e-02
-4.357250116548189080e-04
-3.069598508877082604e-02
4.635939677207256970e-02
1.938347170846347819e-02
6.239547093609158421e-03
-1.163347810692584063e-02
5.952743314840330119e-02
4.355539967878884616e-02
-5.369025576333653210e-02
-9.960531196184994884e-02
-3.980662912414115011e-04
1.001667546828550054e-01
5.824654370174923296e-02
-3.043700448692690866e-02
1.363897523795693997e-02
-6.182019742168115561e-02
-8.057214993395679647e-02
-5.089588482597176555e-02
3.683205016775338569e-02
-1.554850315605122227e-02
-3.116353357701289600e-02
-2.715804522021648959e-02
3.013349644412674500e-02
-1.521955557193739941e-02
-1.334877044899308585e-01
1.002328378661114933e-01
1.733754834003480017e-01
-1.517674130817869838e-02
-4.225186003667254567e-03
5.313692801919508296e-03
1.918998102056722679e-02
1.308041258425736431e-02
-1.235454071790754310e-03
-1.812639335640588503e-02
2.086353894175685675e-01
-4.313442754951113574e-03
7.835319242935567807e-03
2.416743031132760275e-02
7.936825159328042729e-04
-5.329081846385979801e-03
-8.728003406685658216e-02
-2.035548331542296613e-02
1.021542141709398249e-01
-6.844054239027269788e-03
9.755090065801316768e-02
1.345294837435778990e-01
-8.595648807077731907e-03
4.524638989833870348e-04
5.297568214427681582e-02
2.866086181587681678e-02
1.523788400664809195e-02
4.989041644258583597e-02
5.198397886624812197e-02
-3.359144477255327638e-02
-2.874135324406222602e-02
6.646874385680706654e-03
1.891359463475345004e-02
-4.633391402035504439e-03
1.131368076946312126e-02
5.081091299387556492e-02
3.861584399405453699e-02
-1.082361831101611022e-01
-1.589787160450248371e-02
-1.413331511464051629e-02
-1.333774435987211855e-03
-8.763904291519233544e-03
-2.952226378683068045e-02
-1.558535121692352157e-02
-6.206600494914837896e-03
2.435387868821843257e-02
6.851962875507849882e-02
6.260769492377075973e-02
8.830925932320751737e-02
-4.510620668582111456e-04
-8.329466137592318742e-02
1.349940149923792472e-02
-1.621326172697223900e-03
1.464718732200267007e-02
3.010941573632055016e-02
3.794391724487755635e-03
2.273340992812090608e-02
1.279151680358106384e-02
-5.131043870103946421e-03
-1.168577492123743129e-02
-4.662688718905358409e-02
2.541650768162714326e-03
-5.760837807364269612e-03
3.352214297418917854e-02
3.995106445483087576e-02
2.444187101479129015e-02
3.904272240555620166e-02
-4.130845079507464157e-02
4.506212413642925879e-02
1.089524457243385008e-01
4.201584826591468411e-03
-2.368329446269996919e-02
4.731449351127173936e-02
-4.471891796491633125e-02
1.643598292365594515e-02
-6.602511351518694505e-02
6.595220764274514064e-03
-5.439692767393983219e-02
4.334118586866535922e-02
-2.407530766648857332e-02
-1.016183308556131565e-01
-3.321979631121429327e-02
-4.842846474370861298e-02
3.099560463830940832e-02
-6.818761904027403724e-03
2.362581261641868297e-02
2.141654793728182959e-02
-4.786248360637720967e-02
-2.479399046262829691e-03
-1.003407548579399594e-01
-8.570455094097607571e-03
5.834820532046712527e-02
9.634907584464377783e-03
-3.073339673771430594e-02
-9.803107680246703204e-02
-5.614560169982493569e-03
3.508467430323479463e-02
3.369056097815296968e-02
2.964416909367037500e-02
-1.620743307572626232e-03
-5.102918307051403091e-02
-1.146703318530819388e-02
1.575636314834204590e-02
4.690689173760286684e-02
2.336319055289745594e-02
1.777612815631126608e-01
1.577481134610893634e-02
1.586039385203605323e-02
5.659550179811809190e-02
-4.419789876013908991e-02
-3.690849015643915543e-02
-6.531748936456693855e-02
-5.691812970980607289e-02
4.296663853656831900e-03
7.814515366337999175e-03
-7.331576161023371958e-03
3.447409128187033794e-02
9.436149842247778044e-03
1.521169587620617158e-01
-2.305652116371190510e-02
-3.247454827369213731e-02
-8.871383883247627861e-03
7.829452765703918959e-02
3.972562841809711837e-02
-3.815595418016390350e-02
-1.119749247628713806e-02
-2.856055820133715506e-02
3.020297020504189925e-02
5.498357360954499173e-02
1.774068843335269152e-02
-9.539208364235302051e-03
6.428814712955838173e-04
-3.594301354860411635e-02
-4.959056514436758697e-03
-2.152424312825632763e-02
6.255412784565698991e-02
4.096739773280411168e-02
1.915649988346852101e-02
3.158961848852490963e-03
-4.887216734258160306e-02
-2.304858061799445676e-03
1.209328184958113027e-02
-4.748037297538407198e-02
7.790937515157883575e-02
2.699163446681845588e-02
-4.671603226845989776e-02
-8.566085582686842892e-02
-1.987009993407253677e-02
-4.369500092599079566e-02
2.926826431944438284e-02
1.849656194567278825e-02
1.417679285304734686e-02
-2.850926289779032521e-03
4.797712492237447141e-02
1.304332643820427795e-01
-1.880552671238353707e-02
-6.514890550029231973e-03
-2.694986776221185154e-02
-4.088921067727963737e-02
4.432354298305783008e-02
7.186297659269319169e-03
-5.748049820125549630e-02
7.115928994987309741e-02
-5.076603017700999365e-03
6.878105564757551471e-02
7.244416603519220066e-02
1.038393298635587395e-02
4.070039195774799445e-02
-6.432793504609182755e-02
-2.275600840045589185e-02
3.576960505442418337e-02
5.009160262529531449e-02
3.594887760902201052e-02
1.129624957958325071e-02
3.804311170819127397e-02
-6.253085255058066227e-02
-1.085934761859065449e-02
-7.741931969319895690e-02
1.246395388856857273e-02
3.032681499225985816e-03
-6.111769966785150082e-02
-3.218826819383083931e-02
-2.378657736166635284e-02
-6.585845710217214100e-02
-3.793461914993522671e-02
-3.032852194054858064e-02
3.805322965890053921e-02
3.461984594668908715e-03
-4.030660266965586241e-02
1.546555872911745122e-02
3.619417105787179484e-02
-6.440212893569529848e-03
-7.179537020734001046e-03
-8.058183859844979952e-03
-2.866840343771748581e-02
3.515330322692029191e-02
2.476291390954772284e-03
8.575657642789313861e-02
-5.150273451629887311e-02
-4.974920171515200690e-02
6.016052806883043225e-02
4.155890355390350066e-02
-5.149801811762207138e-02
1.248834486338297120e-02
1.063044730406387250e-03
-2.004529232950937739e-02
-3.999305689918478818e-02
3.766978185601654178e-02
9.150451478877212608e-03
-2.678462629523954003e-02
1.493945340025780791e-02
-1.104919206501053623e-02
-2.827514626488614180e-02
-5.553691229819174985e-02
-8.446468382678181189e-03
6.759722211689739302e-02
6.431934008147610626e-02
-4.426596743054991845e-02
4.680295661125399159e-02
6.796963545714818436e-03
5.240755030843888274e-02
1.057448997196325513e-01
-2.005256355637362320e-02
-1.566185804370150841e-02
3.151257025604653483e-02
7.240887587028110861e-02
-1.403252369479260075e-01
-8.096364079512249901e-02
-1.178575967102219249e-02
-4.023967145919755961e-02
-2.046460471063545616e-01
-7.109007735947889262e-02
7.908444483437733485e-02
2.564845474773243261e-02
1.806679773296605840e-02
2.472720833799036191e-02
-8.318727391210566091e-02
-3.480952173098354058e-02
2.294839893680495485e-02
-1.927395580281108731e-02
-9.725375243792153124e-02
-3.984007082253136767e-02
-5.940575088241922819e-02
-6.558385233522553981e-02
-1.022827384439459197e-02
1.252004531421722217e-02
-4.144494120203963405e-02
-7.036933009770497682e-02
-4.232717674549789366e-02
9.498591299169593938e-02
-6.553284750910416678e-03
6.517992329699694859e-03
1.109636362362462769e-01
4.836092032584131395e-02
1.008580181832812415e-02
-5.770558722974247767e-02
-5.538531058254947403e-02
3.674426999815977573e-03
-7.421012306292280869e-03
-2.964952599697811761e-02
-3.322673398452449800e-03
1.932453799554138167e-03
1.075382356652142615e-02
-4.644852123961469570e-02
-4.656076092101388286e-02
3.682884018094349093e-02
8.305049959413650373e-02
-4.241541166218655567e-02
2.024411091302328811e-02
-9.316996317750955020e-03
4.792945597749437292e-02
-2.601380763288697190e-02
-4.510829482928607748e-03
-5.882945261214117538e-02
2.589296103814709218e-02
1.335078970625437796e-02
9.717115038955766171e-02
3.510822969081587447e-02
2.160497763142267200e-02
3.237037072879942606e-02
-2.805159880731845912e-02
9.154838662488304010e-03
2.116217842647432831e-02
5.641478559622840200e-02
-9.601425130054217633e-03
-2.903756909605200165e-01
1.974948927496032736e-02
-1.910322084524671699e-02
6.831761218426955773e-02
3.606001071440536471e-02
8.304740356265981338e-02
5.509275657244745023e-02
2.659011446464034506e-02
2.836728594187625310e-02
6.279257223112728881e-02
-1.758624876135706644e-02
2.946909244895826521e-02
-4.679900834046224478e-02
-1.075450576519139251e-01
1.676299833136881204e-02
2.458073371627795059e-02
-2.654494512694677982e-02
-1.187206981893168672e-01
-9.143214113141755195e-02
-2.696572074778122441e-05
4.715456219884512322e-03
-2.422866370963583371e-02
-3.566511336590670600e-02
1.948690619659446815e-02
-6.729213971334477642e-03
2.450292277718651296e-02
-1.931203925124959017e-02
-1.937707195997604923e-02
-2.289383180547021127e-02
2.224875090480402974e-03
1.292923409400170177e-02
2.276330587077076209e-03
-1.561625280773500969e-02
-2.530018152182272884e-02
-3.169056009202265989e-02
-2.039580177311600337e-03
9.781763653300112882e-02
4.744032220370832803e-02
5.071105872347021759e-02
-2.359163444824996514e-02
7.300144835548950939e-03
-6.355553638575550668e-02
-6.137391677018988467e-02
6.677823075949069348e-03
1.060754808481215172e-02
-7.311226441232736295e-02
-3.143097975119423654e-03
1.235865270401625277e-02
4.616540041914942577e-02
4.568826911995067797e-03
4.006821279147941561e-03
3.726370470162660656e-03
-5.652922875154040017e-02
2.129345322105662131e-02
2.612973834168523871e-02
8.761363139594610661e-02
8.138840432949143167e-03
5.196269537518120873e-02
-3.073284093561981511e-02
-5.296383487703112958e-02
2.981349587909853244e-02
8.801189497073839615e-03
9.030379340341851760e-03
3.115135910322632679e-02
-5.101076382349902655e-02
1.125823747615819527e-02
-3.073797403402269562e-02
6.551338070030701677e-02
2.717326611053502358e-02
-3.671084489529612398e-03
2.878432266527412159e-02
-9.834534473039269892e-04
1.262295679912892044e-02
-2.381429446319167920e-02
-7.185145980083422479e-02
-7.561835045834484903e-02
-1.344819665329576508e-03
9.917776421402788034e-02
3.151407834255124524e-02
-4.641216724689267714e-02
5.518477762477667220e-02
-2.399313660367558693e-02
1.441726167653243663e-02
1.193427214385172144e-02
4.104917303030373305e-02
-5.606511909891785661e-02
2.775699006622714057e-02
5.223207875623193421e-04
2.126176930326565545e-02
-6.760995116881103606e-02
1.083312270426644783e-02
1.200146875172856432e-02
6.422735052128736820e-03
2.122499705094255118e-02
-7.293128068818094736e-03
-2.212494467309216242e-02
-8.678328370392736357e-02
3.102996263314390657e-02
-2.222124382694266181e-02
-6.532966443254750732e-02
2.707341072400338416e-02
-3.492633257485739523e-02
-3.006237302938564310e-02
-3.858070363603268577e-02
3.302755814587121641e-02
1.304582797303915215e-02
-3.434903231950627023e-02
4.498934229429299436e-02
-2.222032893128548375e-02
1.740928103790704423e-02
1.582856546029064171e-02
-7.135204837471649519e-02
1.905035697188447313e-02
-4.323618810400480655e-02
-4.891572923850338872e-02
-1.931746398810624266e-02
-4.342431411976161587e-02
6.321590152731222656e-02
-1.433552525776306957e-02
1.531026868434713292e-02
-1.933172308609214241e-02
6.069603305360340983e-02
-5.125190014723649684e-02
1.652916897611141425e-02
-4.908248339476485589e-02
-4.547839239275378725e-02
-5.585389878761244653e-02
5.905619805253666671e-02
9.713140073411724931e-03
8.854394241141211319e-02
1.255075535057112966e-02
6.744474741911382631e-02
2.895596239419078594e-02
3.804701990394535049e-02
3.593235754299456408e-02
-8.155349689234922539e-02
-5.052543413735044453e-02
-3.176381895981040399e-02
2.450643713874358851e-02
4.299548560814442019e-04
4.108690343324372662e-02
2.822775922563466877e-02
-6.477404016673024567e-02
-3.259050134718653041e-02
9.383917234881090919e-02
4.128632576272567994e-03
3.847469662445006378e-02
9.994227765377147743e-02
-6.073932387306911138e-03
5.025595155447412643e-02
-1.102808493991049715e-01
-1.173389176116760094e-02
4.137269039779306601e-02
3.972115902651601055e-02
2.423124856641686864e-02
1.368332790033354243e-02
2.186585871590210166e-03
-9.520260100915783549e-03
-4.842252544661335145e-02
-4.306825322125697186e-02
-1.273501200812385964e-02
8.344655783276519467e-03
-9.165315222847167376e-02
-5.893621062300063995e-02
1.524780165987182218e-04
2.634523772070457986e-02
-3.511452343610861962e-03
3.290438467737503286e-02
-1.341194930254330231e-02
4.163689585354688610e-02
-8.763730496696217967e-03
1.409168466668729754e-02
-1.277365283435390186e-02
5.342993397613560874e-03
2.487009845952035253e-02
-3.584779554410792712e-02
2.714458970426985793e-02
-5.026315459727512952e-03
-7.234426180361265384e-03
-1.312362251725720033e-02
-7.888689629406796591e-03
2.008606647024313574e-02
7.783930323833615494e-02
-3.148012516836398711e-03
3.366463889881261828e-02
6.127001871408833955e-03
-5.741155973011095870e-02
-5.314170527679620837e-02
1.824125709340401399e-02
2.294091311674099909e-02
2.541736122117163339e-04
-6.274047951846971338e-02
2.586009391886668826e-02
-5.888149523976635158e-02
4.042667979089573094e-02
-2.849233521422781315e-03
-4.191080299637881153e-03
2.649863462376329110e-02
5.556586033239477654e-05
-7.363499509796259113e-02
-2.755266603022333421e-02
6.022509438596683820e-03
3.545338044768456959e-02
5.948328199371852483e-03
-8.077289995036809889e-02
-3.952358374824479353e-02
-2.777494376811188992e-02
-3.472233222188787077e-02
-3.628011184772577877e-04
9.741095931047825604e-03
-6.780030317900111875e-03
-7.039852761873796605e-02
-4.681019838963197330e-03
-8.719649737044095350e-03
-4.016383986911493953e-02
1.326746050570880124e-02
-2.186007598031860719e-02
4.444676289922105256e-03
-1.196642697961047136e-02
-6.361709185079310325e-02
2.543285402068168680e-02
-5.491382319466008716e-03
3.187032248871715656e-02
3.469758966935703598e-02
1.856922056772510737e-02
7.712842516820225813e-02
3.965404760039212620e-03
-6.970030374953298247e-02
-1.649130001843342880e-02
-9.856922747118367079e-02
3.977009055060276577e-02
1.918299773378092168e-02
-3.784665800954231316e-03
2.089964222070962718e-02
6.922405511624479812e-02
3.837125269815186424e-02
-3.405845580301717496e-03
-4.986521907160470363e-02
-7.054401025676812487e-02
5.726114624099877537e-02
-1.068631136123899955e-01
-8.897118253922535469e-02
2.212781250745681980e-02
-2.145156319582768728e-02
-1.027433706276901192e-02
-4.300000039778809763e-02
5.853374924110271021e-02
-6.638090561362748609e-02
-3.756274598675490156e-02
1.362913038905003843e-02
5.949917962146798744e-03
4.731099360287873215e-03
-9.406047663672381653e-03
-2.238652865621881816e-02
7.802029002033754324e-02
4.247728293404606087e-02
-5.436509721930769465e-03
-3.506047577905991447e-02
-1.915121374718577185e-02
6.120397093903664869e-03
-3.759389837240260934e-02
-2.643134740178137987e-02
2.338531320049797024e-02
-2.010180279604890236e-02
1.693350507264820143e-03
-3.770243337350766971e-02
2.305126431375726162e-02
-1.433910546509228889e-02
1.329315960616685166e-02
-5.328548706346638089e-03
3.266886836452219389e-02
4.702397052642061370e-03
-3.091707347173581338e-02
5.857900173516016051e-02
1.647501283589274113e-02
-1.985777892760396540e-02
-1.048180216216371696e-01
-5.452022044075586354e-02
-3.236527929452296531e-02
7.391592843673847578e-03
1.286722157752811027e-02
-5.065826506921343453e-02
-1.498738411592927429e-02
-3.242585692304560119e-02
-2.169571445014827765e-02
-1.929396099080449636e-02
-3.074443364339614522e-03
9.438252199446748453e-03
3.811103641501209505e-02
-4.434445150006226244e-02
9.217195832711046893e-04
-1.908862165228091684e-02
-9.121717633462906802e-03
6.027657412835323025e-02
2.455258251072792164e-02
1.159826408804002194e-02
-3.998907090794664304e-02
-4.188856875462551588e-02
6.529574266413061545e-03
-6.920317370768837295e-02
-1.089955985604965441e-02
-1.294359516397784564e-02
-3.421103577432603460e-03
-8.849945035383079833e-03
-8.464924605972616242e-04
-4.966421239220036171e-02
-6.458181283187446053e-02
2.776989053042131644e-02
-2.684364286944620343e-02
-4.738465938901705726e-02
2.418424635786303734e-02
-5.283658015272738040e-02
-6.189228952399952050e-02
-5.529180414369862240e-02
-1.683658728891623824e-02
5.068608870814932804e-02
9.272950010493781481e-03
-4.739404094205380488e-03
-3.708274275354745547e-02
-2.771792359117540572e-02
-2.023191635460953181e-02
7.717426344445927830e-03
8.484466054798038559e-02
-9.019690948535878444e-05
-1.281716251611810312e-02
-1.079239339937378660e-03
2.642740188787476990e-02
-3.326897086441022583e-02
3.270447943710649841e-02
-2.062265961498626135e-03
6.144407652391777053e-02
1.488002003060447716e-03
-6.560179342743906357e-03
1.156484192961594604e-02
1.220836214680896120e-02
-1.717827620334761579e-02
-7.018429735225470423e-02
-2.430255915206961520e-05
2.492238639559689675e-02
-1.386221844352013288e-02
4.460000043389523994e-02
-3.038939447876946864e-02
-8.370162893434671125e-02
6.059888688390550546e-03
-5.927578679488490487e-02
8.346865950570662995e-02
1.625314983047998138e-02
3.720884809767502355e-02
3.683204889617572569e-03
-1.396945165392036656e-02
-3.697240419264196526e-02
2.585588130484641270e-02
4.461602571035628434e-02
3.871380050667535405e-02
4.097449347942015013e-02
1.018650604356585374e-02
5.770454052414341478e-03
-2.320729008355579964e-02
2.331479774720359582e-02
3.597155221403771502e-02
3.211313729997159611e-02
3.339828800351760107e-02
1.474143801797704427e-03
-5.842370055405433221e-02
-8.437521410732182203e-02
-8.773352315073840169e-02
-4.634856484365543206e-02
5.274461428186807271e-02
1.275303911601688781e-02
6.340415807890233124e-02
-1.186694790940401312e-02
4.449619911549965862e-02
7.395334144775033910e-03
-4.244786707670915316e-02
-5.597904674225148702e-02
9.030532906467585857e-03
-4.602812099989157107e-02
5.372227391038177091e-02
1.505255195328963624e-01
7.534836313347541281e-02
-3.288110643190577526e-03
2.460998919280134659e-02
4.675554824455523811e-02
6.538691201617299886e-02
-4.633266580644589822e-02
3.442477456832233884e-02
-2.883987912658597316e-02
-9.430701777409922562e-03
-4.057571976869819852e-02
-4.958544298621005153e-02
2.804278663727599943e-02
-5.122761784526430606e-02
-3.243144750605509927e-03
-3.771658446782397145e-02
2.074827987972861082e-03
-4.196254802919703597e-02
-3.755462465995159510e-02
-1.007362360086214159e-02
1.428996666568527370e-02
-4.109300404203117263e-02
8.643151805202116747e-03
-2.858163562326745955e-02
1.156657441300376343e-01
2.364034571611988572e-02
4.032444690729111020e-02
4.173759745914824675e-03
-1.481904399176347913e-02
3.571960336562107069e-02
2.385397994177562708e-02
-1.047187224516625825e-01
-7.411677209925969165e-03
-1.396383377132351909e-02
7.349361854560270205e-03
3.277082360155772478e-02
-3.108370327047987186e-02
-6.730224631836733903e-03
9.914934745771646074e-02
-4.395122852673204877e-02
-2.730903833922409749e-02
-6.377385216147435365e-02
-3.120568389318079811e-02
2.328333743655422797e-02
-8.520519109655559642e-03
-9.815351769700931400e-03
5.232331189304652470e-03
-3.351977183718982817e-02
-7.341552515078006436e-02
2.700744540993199605e-03
2.212173295283143860e-03
-2.096052460138950885e-02
-1.291167260931431592e-03
-1.213996718325049268e-02
-6.727441359379067454e-02
-3.911351174199395771e-03
6.584080883990585560e-03
5.259673698648938134e-02
3.810843542324834216e-02
-3.713791700973212428e-02
2.115865362829176879e-02
2.125624469667937097e-02
1.575419346216958352e-02
1.765374703229090000e-02
4.645290137548111625e-03
4.566583302363991237e-02
-3.188814311604666607e-02
1.031331678790066778e-02
8.502067565863641319e-02
9.999708103125327235e-03
-1.591849539428903323e-02
-4.293721197069964163e-02
7.578791315216648616e-02
-6.594652571148426623e-03
1.980203884330463196e-02
-5.401941445009538281e-03
1.930139499153120039e-02
3.468350784336626802e-02
1.225170607097654345e-02
9.137240589937912355e-03
-2.025653231199401119e-02
-7.101195180809759255e-02
-1.712313222871708965e-02
2.314610313406955180e-02
7.107455639461414398e-02
4.643972131517210000e-02
1.885265125939300773e-03
-1.699540730891482831e-02
-6.326197365870050993e-02
1.809791203238279161e-02
4.454564273850308148e-02
2.633975397924239598e-02
5.634553705812180707e-02
7.449018524113180939e-02
-1.818412609776325073e-02
-1.180139742904130068e-01
-7.053749250916051261e-02
1.969149552549372476e-02
2.017780298994950247e-02
-1.579808578657774035e-02
-3.343823836119804577e-02
-1.294889330433170865e-03
3.473502070974155559e-02
-2.300022775827660626e-02
-3.444781501971083681e-02
8.320728651077396315e-03
-9.562925370404651293e-02
-9.094703875656287573e-02
-3.884572757419495377e-03
1.003958478994367715e-01
-2.966005403594915851e-02
-1.220867450544373400e-01
3.383632403187428889e-02
-7.216284238514563028e-04
5.065569462021338523e-03
-1.409189469793087172e-03
-2.070414957664318267e-02
-5.508354785697506389e-02
-8.768044374289146736e-02
5.000102389796543326e-03
-1.113008576429370955e-02
1.649340536121127188e-02
6.715698231888790268e-03
-1.195167456150620505e-02
-5.072864130267536187e-02
-5.857759841061008915e-02
7.905448103478278365e-02
5.357170986622602701e-03
-1.759907315406314399e-02
3.574457706001900326e-02
-2.303295836581109937e-02
-4.512332742323860169e-02
2.826962061288145617e-02
-4.869005163151261112e-02
8.710998243890596265e-03
-7.622913649977991479e-02
2.516176441379612549e-02
8.113959238500956239e-02
-6.719930637774240365e-03
-5.269462227916187069e-02
2.855693745206972639e-02
3.771811496711335171e-02
-1.500062378002450271e-02
4.734770793574009234e-02
3.882175136825818940e-02
-1.088254217900883752e-02
2.580629404720440057e-02
-2.603464640156236826e-02
9.514655470669857590e-03
-8.667712079100928224e-02
2.406798030903672253e-02
8.070643888813752720e-02
-4.722348842042754097e-02
1.745397484652428527e-02
-1.864558466322000646e-02
-1.221685906188447850e-02
-8.614592034260110109e-02
2.273679020033453693e-02
5.429174009768238107e-02
-3.277980273839281589e-02
1.139814121577127637e-02
-9.682741165805603539e-03
9.376362613515235034e-02
-5.975344562307306068e-02
-7.309039717046744711e-02
-9.951084153200036655e-03
7.702209045380484231e-02
-2.903406493911625877e-02
4.650100333256995677e-02
2.377161817788317477e-02
3.138202605831049569e-02
4.053093730305024067e-02
-9.143797877611966121e-03
1.885796160034145311e-02
1.577662420962708950e-02
7.380109936204756749e-02
-6.217933085205987198e-02
-4.456162089515283697e-02
2.576225034869630837e-02
-3.748659123482436101e-02
1.207982876782607087e-02
-1.275943842372473033e-02
-1.006148935624234277e-02
-3.463705910943079558e-02
-3.194765668507487666e-02
9.757423794003239337e-02
1.144847721528780282e-01
2.347274705071055942e-02
-8.174578491043487175e-03
-9.657905368737315643e-02
3.232705538305117449e-02
2.945353513036971446e-02
7.903825436098985135e-02
7.243601405591527931e-02
6.555785815722502130e-02
2.156477263039347642e-02
-9.974410369664324372e-02
-4.131527077178610147e-02
-1.821093121494652203e-02
2.551041576117003828e-02
2.380543557871563076e-02
-1.337552281425892671e-02
-6.793489034372723889e-02
-2.419273884115252793e-02
-9.891168543060073481e-02
-5.473131701067825844e-02
-4.299455462334327016e-02
-1.446219370353072492e-02
-2.090496488642765160e-02
2.187215044720421456e-02
-3.051526177558647190e-03
3.064181421197037167e-02
1.727737167256799405e-02
2.905657738463120893e-02
1.137073888028712100e-02
-1.702646957758217547e-02
-5.288754354352499798e-02
-6.616886407077290921e-02
-8.369464596478774429e-03
8.655975749434043076e-02
-1.138323212855040130e-02
-1.168501044913302506e-02
2.906629026807185448e-02
4.661913162568272900e-02
-2.017638097055482818e-02
-1.567708185740282131e-02
1.605074124046033252e-02
8.063394100996375963e-03
8.305251840824897161e-03
5.265117234499590293e-02
8.611635322311994578e-02
1.562450008436122237e-02
-3.917782816801082535e-02
-3.742679165531462293e-03
1.630252428643663536e-03
-2.430966028445533805e-02
-2.225025365808260686e-03
6.357855288369082536e-02
8.244231531096626181e-03
-8.272303267242810121e-02
-8.742215555474962263e-02
1.866846589733653361e-02
-1.395102251558778990e-02
-7.522614043470038370e-02
-3.166824121934690584e-03
5.274438060857284533e-02
-9.670013944886359999e-03
-1.024841364216828032e-01
-4.185104289949249240e-02
-4.199791606606831200e-03
2.073659237201042494e-04
-3.766210094188142399e-02
4.555630620887205634e-02
3.679961064827637005e-03
-3.299826277777941075e-02
-4.918440111988299501e-02
-1.053374374029082509e-02
-1.251146136813258702e-01
5.354171075382259046e-03
6.838485598858828896e-02
2.170758762471483236e-02
-1.667819144315685342e-02
9.380786821649222951e-03
-2.006134698722164024e-03
-9.879866421926142284e-02
-1.557214480232609229e-02
5.832136388950077965e-02
1.445381911419632050e-02
8.259506719948140827e-03
-8.093675920527652196e-03
-6.269620949238764729e-02
7.138029604534194134e-03
-9.202818458197865870e-02
-3.408609912548832277e-02
6.905080132281034289e-02
3.249384132500209715e-03
-7.549049104316361489e-03
-5.191694100309569848e-04
-4.597368322083746073e-02
-5.841389071937071187e-02
3.249630528430420828e-02
-1.273286711181720494e-02
-3.133480144504148523e-02
1.262405200429231600e-01
-7.563989609741061937e-02
9.327179793736943905e-03
2.509655951684971326e-02
4.175687822786094267e-02
1.234929554031635179e-01
7.308746456782060086e-02
-9.395092135783876530e-02
-4.604996713086833421e-02
3.139169948822212019e-03
3.336910611933975070e-03
8.792720128056825957e-03
-1.626002455589011658e-02
6.706670032238033936e-03
5.980368226349630500e-02
1.275502141764904042e-02
-3.027827775751024825e-02
-3.270629104933545778e-02
9.142462414781992244e-03
4.042802359309725924e-02
2.758313103770104746e-02
7.099222197010772450e-02
-1.306019142592276285e-02
9.998480210286757319e-02
1.176468067375396193e-02
-4.390406278035523246e-02
-4.185070885034854193e-02
7.830110114007048094e-03
1.126716904974033907e-02
3.165815241755674803e-02
-5.445700186816249469e-03
-1.254382830790504513e-02
-3.873066116009200865e-02
1.393709888787522666e-02
4.776532545486739112e-02
-1.318121427988580563e-02
-5.363024698680565749e-02
3.383771484490510212e-02
4.271623444328166014e-02
-2.573726981595534855e-02
-3.334646813202104404e-02
-8.071453407221879095e-02
1.638007269165093777e-04
-3.327758968988467694e-03
6.956638552530663988e-02
-3.871588333059541864e-02
-5.065697205201590003e-02
-2.607811471662089056e-02
3.816382664093129207e-02
1.877441319637235956e-02
-1.580861244707098753e-02
-3.030721959585720715e-02
4.122275618723380587e-03
-3.453290265075056181e-02
1.490671503889120586e-03
3.789117828121020548e-02
3.097457552519116211e-02
-2.857173598282077356e-02
-1.158999444533955966e-02
-6.460968246817437588e-02
3.249301255548101702e-02
-2.109355061012074123e-02
1.092827916689112847e-02
7.911404441080173433e-02
3.955270403313995015e-02
-1.858589335354843969e-02
1.898348329984901953e-02
1.263504966458002966e-03
4.800299182584271546e-02
-2.763151669302913588e-03
1.957660860647731510e-02
-3.155372843298584473e-02
3.891163515548883012e-02
4.723748155459217384e-03
-1.264840937633144799e-02
-6.863045175631278527e-03
2.671672437500449693e-02
-2.550368222287220654e-03
7.811271645932085436e-03
-3.465633064423841170e-02
5.509820523008038262e-02
2.703856855353727745e-02
7.789212477568845105e-02
-5.222810237114057508e-02
-4.036146617956939964e-03
1.023053670639261642e-01
1.008224045491008802e-01
8.357557019724698270e-04
-4.472194712799080346e-02
5.804308490416879018e-02
-5.042580445079773710e-02
-3.906857321833671903e-02
4.215817230562575457e-02
5.784338779986820250e-02
-9.373571011402896669e-03
1.214886759443866981e-01
-4.320038521474148935e-02
-4.817981668188202511e-03
-2.183945292576493918e-02
4.278188707694145082e-02
1.800052805129546685e-01
3.561764601488152937e-02
-6.261345370787356479e-02
-1.910240636235620640e-02
-2.990224420092826071e-03
-1.933880326678827019e-02
-5.754932857189431344e-02
9.282975896834910756e-03
1.374697426041997933e-02
-2.480304817056301972e-02
2.645980001990618207e-03
2.161271164505945003e-02
7.648273674968113223e-02
-8.799701040129495264e-03
-1.565489199414367427e-02
-3.756969681418753648e-02
-7.351219116179927293e-02
-2.336856058939755856e-02
-2.287885785472803385e-02
-5.079153281429332756e-02
-1.468973773945494998e-02
-2.102522119061493722e-02
6.653396731055294389e-02
1.711298866977693095e-02
-5.023073457254485785e-02
-3.167072782713813844e-02
-3.463066545703642751e-02
4.049221145410035992e-03
-1.815883440381311012e-02
2.506931896207461111e-02
3.548441542972213467e-03
1.047025264925237203e-01
-5.603426384007085571e-03
6.235016227784248403e-03
-6.830140397057382802e-03
2.764928889538870865e-02
-2.106156786818054460e-02
2.908944623274104316e-02
1.016604546710231718e-02
-9.067796184578620980e-03
-2.377124659238971649e-02
-6.145865296817701849e-03
7.635546498242209643e-04
-4.211525340376022497e-02
-1.848328286453148478e-02
-4.403986105272233997e-03
7.472696124108907205e-03
-2.376702854509698051e-02
3.682212936322386276e-02
1.016184803591177292e-02
-2.135191054379440706e-02
-4.643233773200617504e-02
4.991696148028288565e-02
9.500651765776267632e-03
-5.199502507210781999e-02
-2.304415810592071179e-02
5.315884413064156377e-02
5.419823955056427695e-02
1.800844142909200502e-02
-1.935682943484825363e-02
-5.134426009803860075e-03
-5.376905396144848748e-02
-3.227730926540541001e-02
7.670038649108974586e-03
2.459743282892956281e-02
-2.864987075478943671e-02
-2.691097577333094459e-03
5.747127619542029275e-02
2.274568167953644297e-03
-6.280636309194790462e-03
-4.740985192543954035e-02
4.054880293763531152e-02
5.151192705367863001e-02
1.402179634439384287e-02
4.335333349015697835e-02
4.777328878937382728e-02
6.778951154689438416e-03
2.495949464801359291e-02
1.182591924683275807e-02
1.030736038649867833e-02
1.212123576311808920e-01
-2.239603349916315100e-02
2.172199475975852140e-03
-5.526529440375373831e-02
-2.620173745911882554e-03
-2.590773367153083664e-02
-4.344876630762024849e-02
-5.169521593043251151e-02
2.521416139364449777e-02
5.323047022900209702e-02
4.262029539379981469e-02
3.489429139587721211e-03
1.993941579572994227e-02
7.969071524668797091e-02
-2.809405039369283416e-02
-5.037113216925299258e-02
2.104109653631344723e-02
5.684409070708447420e-02
1.303642282693849228e-02
2.780697542090297680e-02
6.034637662263152291e-02
-4.537152715111970186e-02
-2.367992353841124123e-02
-2.036470297846959543e-02
-1.124704595756601325e-02
5.375525092321475212e-02
-4.627662436195913859e-03
2.277033156278737008e-02
8.557231012991053931e-02
-4.592705226673850227e-02
-5.383190052457143687e-02
-3.943785381128569328e-02
7.093962489850780262e-02
2.442551412167700761e-02
-2.593457391405385240e-02
2.725385019203201489e-02
9.027901579556951717e-02
4.564029306714626616e-03
-1.754193891317014017e-02
-1.828397635197638940e-02
-7.435806076509332563e-02
-3.366371446204852874e-02
7.302480108934114589e-02
4.839688300727950331e-03
-6.777180228880631818e-02
-1.978107739542736554e-02
8.311923103711801875e-02
-1.022912663678165052e-01
-3.516311200023163747e-02
-2.876773828122995529e-03
7.566224719744471527e-02
-1.236472902919339562e-02
5.240753777653277268e-02
9.287766857063232961e-02
-5.394636951731234670e-02
-2.218303562155405154e-02
-1.512250045609619953e-02
5.481864704698626023e-02
-8.741497866298094874e-03
-1.132650752989538268e-01
9.647738347104320433e-03
1.617452841273156819e-02
-5.032781264510897967e-02
-2.618665335882581352e-03
-7.072060171788496427e-03
1.013613098923234063e-01
-2.052415347178389304e-02
2.462757852815723736e-02
2.319633571773417613e-02
7.857003785098192611e-05
6.737372953928870423e-02
1.133321486984790495e-02
-9.244986742542744829e-02
4.144467321371957808e-02
1.646395235687106440e-02
-2.829015304091063790e-03
-2.486827510082912501e-02
-4.254915659725611032e-02
1.282330236172250955e-02
1.334642013394102614e-02
1.638241649333355664e-04
5.188775036982972572e-02
-2.203129160492005648e-02
-1.704184495161061019e-02
6.406464693898911156e-02
-6.834567197854862428e-04
-3.176053980583264102e-02
-7.077824738075147795e-03
1.704309066900757536e-02
4.665214622028830346e-03
-2.162402208930232911e-02
6.763533397436666435e-03
-4.707892866058147920e-03
-4.150440298661601385e-02
1.613109371630392849e-02
1.510378512444336963e-01
6.177827939637474917e-03
4.118605697429578161e-02
1.008614272741514481e-02
2.791269146356588696e-02
-3.582796215459316258e-02
-2.046368442433519827e-02
-5.278947341712277724e-02
-1.700697730285436263e-02
6.910875579326829915e-03
-2.811546350604757563e-02
-1.097914306815733244e-02
1.682424727416831703e-02
8.603720451939793346e-03
3.118717508783191376e-03
6.033069489240908481e-04
-1.527568496087035148e-02
-2.636342264662435916e-02
8.861191532446721641e-02
1.019910361330988308e-01
2.936767775912590278e-02
5.080964210773579459e-02
-4.833164870806021945e-02
7.701668967928071430e-02
-4.392333029378273079e-02
-3.995508542465579793e-02
-2.009607062823009702e-02
-4.323077604048344846e-02
-1.180485541715975764e-02
-2.334670669791111958e-02
8.755132627809288082e-02
2.578050178205924109e-02
-9.974222882685998548e-03
-3.730987316005677373e-02
-7.991773866191140274e-03
-1.892840132491674984e-03
-1.115838087146912988e-01
5.294521820989892685e-02
2.587612136094939730e-02
-3.671269175024374342e-03
-8.552523388466819199e-02
-8.050982276905904386e-03
-1.771990445784468390e-02
-1.196904900777510071e-02
-3.797636856406501338e-02
-1.056108520198313222e-01
1.147000011122598084e-02
2.496916002212090299e-02
-6.267685401727883000e-03
6.046319629166379411e-02
-7.365684645096713667e-02
-3.046680174981747369e-02
-1.781395124059914625e-02
-2.590226280550643814e-02
1.058889252629716532e-01
5.086174689560431228e-02
-3.625770112600064203e-03
-4.284301709184755447e-02
6.678039117840484096e-03
-8.580284710097531298e-02
7.244242158910324525e-02
-7.976344095119191832e-03
5.657552254607231719e-03
3.107215722762433560e-02
-2.078313392009634164e-02
-1.319342903160797102e-02
-1.038370592729657010e-01
3.999018069589070634e-02
3.134864907789838145e-02
3.191690862913817289e-02
4.860027549007270992e-02
-1.750066238410147995e-02
-1.427999508012903207e-01
-1.035651532096240612e-02
-6.636844128382016206e-02
6.677666019782335649e-02
8.777892127400242078e-03
3.132836662186215537e-02
1.258387947115552352e-02
-1.378260875234947093e-02
1.017716846359735007e-02
1.856576680574234181e-02
-8.530509466373513081e-03
3.035247266852265924e-02
-4.038593528210435504e-03
1.360798297161405490e-01
4.434942469475778443e-04
3.244969438086373059e-02
1.199242422589341835e-02
-3.165948872230851113e-02
1.962607930123908342e-02
1.604811450485070165e-02
1.861694188942395953e-02
-2.246568016407923113e-02
3.068849897115882158e-02
6.745729532001285000e-02
-9.012602447374366485e-03
5.340696391784840319e-02
2.135223461192565370e-02
-2.450675837254955372e-02
9.918172999014158997e-03
-3.290969128152733576e-03
4.369691364549720125e-02
-1.113316794710738321e-02
-1.736312959346219056e-03
-1.584702639115814077e-02
-4.736995949068279615e-03
2.886851610521614861e-02
2.946768675828534412e-02
9.141995940025373496e-03
-4.851947924220759503e-03
-8.477152091585338223e-02
5.124602629071564608e-02
5.200082390462361370e-02
3.898291051337049971e-03
8.108247968636482506e-03
4.319473057781956365e-02
1.106342642520296259e-02
5.901501465505238925e-04
-4.840186499442487161e-02
1.303590068489204543e-02
8.742289260216937197e-02
-6.570506013834473760e-03
2.863788870289255689e-02
-2.410802376348743919e-02
1.522599179764451763e-02
7.719212101360407863e-02
-9.253820261538748398e-04
-3.011578608695458098e-02
8.383920128492290680e-02
-5.813868277503861717e-03
4.668146837445734387e-02
5.125313576380788848e-03
-3.265527354128618109e-02
-1.097867814512984604e-02
-8.228294487052931205e-02
-1.684357814810618498e-02
-9.382426499334815817e-03
1.997010600019936966e-02
4.902899127456234428e-03
1.289078524909394088e-03
3.015540916493996727e-03
-5.937403674105845575e-02
9.336446870756288235e-03
2.515035440597999938e-02
1.209023797129312600e-02
5.168690604191754356e-02
-5.020570323945761776e-02
-5.945250640667699288e-02
-4.921250661311160624e-03
-9.311527098735018770e-02
-3.954562853680052004e-02
-2.751521638030794345e-02
3.000579078537747579e-02
1.927786458701523375e-02
-4.247510799652889912e-02
-7.213201687760648594e-03
1.154158834322270566e-01
-2.389210214676503255e-03
1.238094336508492078e-02
8.907036910978249553e-03
-9.247817208078748519e-02
-5.937121733785455380e-02
-5.528274678019592242e-02
-2.222536259959224936e-03
2.015687091089958180e-02
5.270482417567630418e-02
4.865972457471259144e-02
-1.833830401033474493e-03
-3.454854524930663778e-02
-1.792692076492816665e-03
-8.827203214330539560e-02
5.023977604563011415e-03
3.910080784717448812e-03
5.516241237038214951e-02
-4.603453705865544372e-03
-1.256468932110534759e-02
-8.221577989778763168e-03
-3.567619420510080575e-02
-1.835045723486888186e-02
4.963267491864375991e-02
-1.988080945781475414e-02
3.431595499127280957e-02
-2.507642627070530081e-03
-1.275746810280743992e-01
-8.038455779773619192e-02
-8.423885610459960760e-02
1.080114506544205266e-02
-4.464065238946489378e-02
-4.993013188703625260e-02
1.285009446187764187e-03
-2.556008236706321796e-02
-7.046646947854237619e-02
-5.443480602109740385e-02
-2.006901247879154873e-03
-1.755396872127414423e-02
5.883194266770928882e-02
-5.213946810556163540e-03
5.342961716461475108e-02
4.363020267349136672e-02
8.885206739791436104e-03
4.709765361247090359e-02
-7.929108296181708315e-03
-4.311462881281092480e-02
-5.518450939037190112e-02
-2.971638944563011892e-02
1.133270502231402063e-02
3.291787734189473291e-02
6.108693268436812818e-02
-1.372276912569043994e-02
-3.381463034780271548e-02
8.455399514848131737e-03
-3.309833925065450155e-02
-1.827078063501300781e-02
2.541882491172559044e-02
1.814194044144475798e-02
-4.445917246570271764e-02
1.243878837755245381e-02
1.449565036670935961e-02
6.118932817317311590e-02
2.885232801934237146e-02
4.917207479167314682e-02
-7.157546458454221161e-02
2.549259282541635474e-02
-9.300639472487690768e-04
7.527755050857641572e-03
-3.185636922417835887e-02
-2.848732386597499500e-02
4.721317816121265235e-03
-1.170210952615387406e-01
4.489984579051833902e-02
-4.929782292434290933e-03
2.254980604489691814e-02
1.736475820708485718e-02
-2.651531661099068918e-02
-4.553314763876348259e-02
-3.063327877759532396e-03
-3.683544679973851932e-02
-1.926275247367057603e-02
-5.563958586615738722e-02
-5.087947348108354945e-02
-2.303162605811160529e-02
-1.868950769360893521e-02
5.217876490151207580e-03
2.021496444301364853e-02
3.175410550443313190e-02
-2.480166023045010312e-02
-5.505399657010519310e-02
-3.073349427622245472e-02
-9.012382064788970401e-03
-2.559029483940737301e-03
1.702659436223500147e-02
-6.846245656030032489e-02
1.105094187165883354e-02
-6.441672944639530163e-02
-8.920075314884792772e-02
6.190865185427262343e-03
3.203732991401202906e-02
-6.676413151982599214e-04
-4.029074852537749274e-02
2.625221274495983387e-02
7.033696675173869983e-02
2.170417715507220319e-02
-7.758516537047899231e-03
-2.369844766168249101e-02
9.666867814180871155e-02
2.150737529764319700e-02
-5.301602409587565998e-03
1.994993884857815085e-03
8.544147656406646252e-03
8.357910694013738484e-02
4.496143826851786013e-02
2.973996249803799192e-03
8.613932986747585563e-02
-7.054009326815821601e-02
1.264647982782046709e-01
-1.412962577440858916e-02
3.536087245613206420e-02
4.171173285590314833e-02
2.260007723806235769e-02
-7.771172938182996370e-03
7.525022685930148753e-03
1.038272879218471584e-01
-3.539110678886766420e-02
1.100665241464881400e-02
2.186766563915262113e-02
1.966749322955154908e-02
-1.379120206453797980e-02
-9.172686302563635985e-02
-1.271986797277133152e-02
8.919421668895288757e-02
-5.565791935838462767e-02
-4.605688475643605201e-02
-7.634547296290660617e-03
7.800064327079662616e-03
7.002119774244339179e-02
-5.669777471944949243e-03
2.352794277089705760e-02
-5.210336509678173238e-03
-3.285505458501849357e-02
-2.203860872461017861e-02
8.024131933362602109e-02
-2.332980365953589603e-03
-7.463487372214288457e-03
1.336725138228978156e-02
2.630249648466927506e-02
-1.188898334587009525e-01
-7.506059094726956482e-02
2.480224142568941345e-02
-2.781023968595765922e-02
2.824792662587918141e-02
3.774292450346215105e-02
2.942096738505664208e-02
-1.289819736938966482e-02
3.618024404133515781e-03
-4.925931425372415129e-02
1.165349300637248675e-02
-6.387366739054047352e-03
3.615800560776107064e-02
-6.542987975311186089e-03
-2.659474994359000213e-02
-2.347002696909780001e-02
-6.681514843968704154e-02
8.966926419287316735e-03
-1.612648475809955531e-02
7.738432085317133516e-04
6.167040777657407935e-02
4.255678259290407439e-02
-6.574077912536623047e-02
-6.327287069677303699e-02
-9.249966707406633015e-02
1.902515223360858390e-02
5.867604564668370444e-03
-4.071943712039167301e-02
2.638869808489173897e-03
4.123891516365119775e-02
-2.296834156341898830e-03
1.131394044071388182e-02
-9.581065823007937562e-05
-3.964243669389256458e-02
2.873453581664769940e-02
1.469543629394465950e-02
1.044349621136414635e-01
2.958092729485025524e-02
-1.628223218633944105e-03
4.314393074818496238e-02
-3.862271894916928516e-02
-2.404424671980425615e-02
-3.985769569169531068e-02
7.969763287349732050e-02
-2.085736454085110672e-02
4.976635829069227419e-03
2.879331571364401182e-02
8.635072736539219085e-03
-1.475133799079596242e-02
-3.615798202744932750e-03
9.079960577129425614e-02
5.186704881873268301e-03
4.994076105890100925e-02
1.545655300769548275e-02
-1.233899985898114643e-01
-4.780571867916674766e-02
-6.725046855717388417e-02
-5.140817242578032964e-02
7.602848283317943656e-02
-1.049023477459875078e-02
4.477365873012023600e-02
-2.581261654364904769e-03
-4.017103579311199352e-02
6.386766628900691391e-04
4.987546282192874790e-03
2.098426027108443725e-02
1.031966077330428999e-02
8.672716510146646907e-02
-9.862454085746066162e-05
-1.208702029615731782e-02
2.196710403416061302e-02
1.109098362976742580e-01
8.000456577951824133e-02
-5.242974444163821940e-02
-7.605123479413576637e-02
1.878058957002462503e-02
-2.787173723595613717e-02
6.727269100457143602e-02
4.041007918611891347e-02
2.689965012639985303e-03
4.400066792135153004e-02
5.947348536609711050e-02
2.243451171964156582e-02
1.762384038338201883e-02
4.653914218967210303e-02
-1.577251532303329887e-02
-7.394874687988540335e-03
2.359911757430538382e-02
4.918583856413791255e-02
1.792401102972948287e-02
1.685362986470190227e-02
3.516378097766356334e-03
-2.264590798477213174e-02
-1.086474911164562462e-01
-2.662612063361709594e-02
2.984994640122792808e-02
2.702545314143775870e-02
3.066412810418223805e-02
3.832581663863331850e-02
1.387328207793337570e-02
1.519321571589570853e-02
-1.307108722782552093e-02
1.059508600904595678e-02
-6.748792045965514019e-02
-5.843179868203099425e-02
-3.034560981626686221e-02
-4.565209535360139487e-02
1.143322198780040953e-02
-5.921968625052971558e-02
4.118168999047670809e-02
8.359116535250446164e-03
4.062756990177985444e-03
-1.986459769864360944e-02
-1.807326344489873504e-02
-7.915370618356985105e-03
-3.333924078476366987e-02
-2.002825949703887498e-02
7.390486032613996503e-02
-4.838726109357592564e-02
-3.609976330016194911e-03
3.607716322999759279e-03
3.692148340961130121e-02
-1.962209043934333430e-02
-2.120785031846083440e-02
4.253193291476298904e-02
-4.756552091271074034e-02
-3.903252597384646028e-02
4.751074619720720843e-02
-1.219094799276095736e-02
9.187779432430738524e-02
2.557741910228096202e-02
1.877586558832037081e-02
4.391830355954232101e-02
-1.025136223075873848e-02
-2.717084401582316872e-02
-7.630468758957889563e-02
9.980883923527427998e-04
-4.768274465143747948e-02
3.201597176378936926e-02
-3.803816932380935101e-02
-7.668047352208559597e-02
-2.136639095388022727e-02
-2.507154185831138998e-02
-2.915319228481054806e-05
-5.923594581954715055e-02
8.049231828952641346e-03
1.519292813274125860e-02
5.292935685956278585e-02
-2.466732940726713841e-02
-9.143211539391797593e-02
2.009355050325457165e-02
-5.379151760015148109e-02
2.439656725110209839e-02
2.026159952016977350e-02
-2.487856282885041875e-02
2.135630344833729793e-02
-6.118588528356875417e-02
1.968157233462838190e-02
-1.377684007324512854e-03
4.373132184492906083e-02
1.185874370449980023e-02
-3.290998330810675221e-02
-2.418850642522929126e-02
6.589741915556100206e-03
-2.849070710816553609e-02
1.381034553833660090e-02
-3.236644948809551392e-02
2.626091433993058000e-02
2.879168492631890841e-02
-3.370210853630584147e-02
-5.403740869218912057e-02
-6.692816114788048554e-02
-1.077413351553940411e-03
6.294266478078532068e-02
-5.962015357487917416e-02
1.194741169754373437e-02
-2.559637535784230200e-02
-1.131203305653636845e-03
6.307413585333039585e-02
6.360623857450441176e-02
-3.539864374947681441e-02
-2.360699903809294203e-02
3.750908306330313913e-02
2.457476259559479223e-02
8.513783486274906220e-03
-7.085633917947872784e-02
-7.538176400913558506e-02
3.922287779910464678e-02
3.297034819926397686e-02
-5.874301475593327049e-03
6.019314564170917536e-02
-1.886018751852761022e-02
-8.405994968882171681e-02
-4.261886441120883717e-02
1.424315716284100045e-02
2.607927439031918274e-02
6.201615943104263687e-03
3.914172574146875666e-02
-1.438442305729993251e-03
4.966797034764817986e-03
-3.574349332039634258e-02
-1.142678963905036787e-02
5.074538820214893192e-02
2.107454921842394358e-02
-5.703089755169879482e-02
1.970122208172640776e-02
2.762092998938159294e-02
-6.357424481024842589e-02
2.496844545679379607e-02
4.369953698724273611e-02
2.627393165105450928e-02
-2.085291054992015336e-02
-4.465810055504405851e-02
6.689775765777998540e-03
-2.763680024375785027e-02
-3.655652216960318668e-02
-1.986313140262461682e-02
4.208475004508628603e-02
1.510975165190486455e-02
-3.494897706257048958e-02
2.400481686465268799e-02
-4.301270016669434676e-02
5.734701511683547304e-02
4.654741425353382117e-02
-1.115380959369868287e-03
-4.128970705530692065e-02
-2.852633735318945221e-02
-5.055390881841047984e-03
-6.384352439630280873e-02
6.554326481530498016e-02
4.077990654767356393e-02
-3.635650500192456717e-03
-3.766765672692170414e-02
-1.086610798195991601e-02
-5.697653370964675390e-02
-1.289627898260042524e-02
-6.214115239381043376e-02
3.648521242448038437e-02
1.969570432036687677e-02
-2.428431922989525427e-02
8.482164146874093119e-03
1.577744130701175251e-02
4.375112873856486749e-03
-2.326181581292714046e-02
-8.325778554299521905e-03
4.518756394243852309e-02
-5.029033924592259119e-02
-2.750176420442368083e-02
8.032672267944384811e-03
-1.031420569046139456e-02
2.830118658690389602e-02
7.728860669566172195e-03
-6.964506500434029801e-02
3.056672140920953934e-02
-2.434447461529583995e-02
-1.002439112544000199e-01
-1.361496237281536320e-02
-3.181147032617364506e-02
-2.520322889633774474e-02
4.645191520907036159e-02
-2.558351800382849348e-03
-1.613050343499237288e-02
2.883343217508030701e-02
-6.478235408180202035e-03
-4.611807704094312427e-02
-3.415396989716495968e-02
4.359873702007054097e-02
5.477288495787897143e-03
-5.342019697818168635e-03
2.415150818101573227e-02
-5.427440516035204193e-02
2.827880548520162515e-03
1.006315820321842386e-02
1.977757430124833793e-02
1.066937052808630652e-02
-5.832694561659425986e-02
-8.663922185797670594e-02
9.113911869054373838e-02
-3.492464631617498566e-02
-2.393629964526155368e-02
1.211172420599707089e-02
1.254368448558705433e-02
-2.515861471009715744e-02
3.635255770143534793e-02
-1.265825109409132385e-02
-7.069533611577883195e-03
2.307739164116736144e-02
1.892618784861340234e-02
-1.565285839891897984e-02
-5.908492003163697687e-02
-5.995443295677152507e-02
4.472170585168480650e-02
7.341353788386831627e-03
-5.568837740161676486e-02
1.165410961263813917e-02
2.348977169779293411e-02
-2.015809832102874802e-02
-9.687841201849706207e-03
2.749490413747310638e-02
1.436395911358165529e-02
-7.927837970255821598e-02
-2.621723727390358819e-02
4.782090029273359036e-03
-5.792161460870584415e-03
-2.267200253662825932e-02
1.422025162610911393e-02
1.831373753750298317e-01
-2.278010243601949827e-03
-6.356309320929752482e-02
4.755349123620834784e-03
3.334435265897061490e-02
-9.734762478052331330e-03
8.953318784149580378e-04
1.352339329567888229e-02
