4.308200877837892531e-03
4.308200877837892531e-03
4.308200877837892531e-03
4.308200877837892531e-03
4.308200877837892531e-03
4.308200877837892531e-03
4.308200877837892531e-03
4.308200877837892531e-03
4.308200877837892531e-03
4.308200877837892531e-03
4.308200877837892531e-03
4.308200877837892531e-03
4.308200877837892531e-03
4.308200877837892531e-03
4.308200877837892531e-03
4.308200877837892531e-03
4.308200877837892531e-03
4.308200877837892531e-03
4.308200877837892531e-03
4.308200877837892531e-03
4.308200877837892531e-03
4.308200877837892531e-03
4.308200877837892531e-03
4.308200877837892531e-03
4.308200877837892531e-03
4.308200877837892531e-03
4.308200877837892531e-03
4.308200877837892531e-03
4.308200877837892531e-03
4.308200877837892531e-03
4.308200877837892531e-03
4.308200877837892531e-03
4.308200877837892531e-03
4.308200877837892531e-03
4.308200877837892531e-03
4.308200877837892531e-03
2.053570519281573969e-01
-2.286998040894433482e-02
-1.381100512278197467e-01
-1.677150424570620912e-01
3.342865880842195159e-01
-4.358931854065403178e-01
1.214586816550849990e-01
3.005905483645180953e-01
1.340037673171673438e-02
2.094234894602683417e-01
-5.367930823538404894e-01
-3.735897506932513434e-01
1.499305078136539959e-01
-1.246246071284084211e-01
1.236661998204365356e-02
-2.769110225850319740e-01
-2.167656779215453855e-01
-7.158481920983364444e-02
-1.430197864914145855e-01
3.429799265389980034e-01
-8.548902435189659199e-04
-1.434029170191689073e-01
-2.266968563972549255e-01
-6.665798654781035504e-03
1.752673956842455694e-03
-5.701221844130778538e-02
2.302679368672150007e-01
7.711932277161154259e-02
5.193936309500542248e-02
-5.962710363458969542e-01
-7.075576562716333617e-01
-5.352554554634754158e-01
-5.024069603190716160e-01
-1.111877082233788117e-01
4.133997046818883025e-01
9.684106371584283446e-01
-1.863181046090110204e-01
-1.790771192132519229e-01
1.479663780219702407e-01
-1.941502300157507133e-01
-2.991533047512535681e-01
-2.931765057776106742e-01
-1.802004534066179997e-01
6.821953477625615492e-02
-7.521179079111023347e-02
-1.280130981017102432e-01
5.421796291304125104e-01
2.247342883458758322e-01
2.522578881659019445e-01
-7.000577056191226166e-01
-2.681138367278034784e-01
-2.842854589061486470e-01
1.188209887437140511e-01
-4.107311444947223111e-02
1.914231025681341902e-01
3.183664689289457395e-02
-9.031053327775587225e-02
-2.090542990876772533e-01
-1.273576564518963394e-01
1.493646839439204121e-01
-2.175126660659160854e-02
-1.510395854626629397e-01
-2.113023379470980179e-01
4.651586558630502188e-02
1.461192228154366834e-01
-3.210620283501618433e-01
1.364308016260709078e-01
7.164178987327736170e-01
8.463206817986912434e-01
7.623935675891273522e-01
1.917879693163510035e-01
4.475232373682018205e-01
1.543818395608377581e-01
-1.756955101720122578e-02
-5.970842231189795596e-02
-1.188169513990727233e-01
1.418074518782403148e-01
1.012802951786934691e-01
-1.371263541771457206e-01
-1.895879623705442607e-01
1.048890475650864629e-01
7.514107593532048934e-01
4.421970678400670152e-01
5.278793772920335747e-03
4.667643817233259051e-01
-3.568756236148212246e-01
-1.725870376328782485e-01
-1.086105760949088450e-01
2.585123338965253370e-01
-4.654179415948292431e-02
4.216780833276552731e-01
6.022822668656886425e-01
1.405978741414440070e-01
1.039786615740055792e-01
5.304251770689298595e-02
1.430359211453446910e-01
-4.315168323175395948e-02
3.478216806359488156e-02
4.048583385020930736e-01
-3.124026980129709918e-02
-2.407694691255042041e-01
-6.847848649197213478e-01
-3.184212548801463316e-01
3.883550123531608056e-03
2.601195461386722751e-01
-6.736774702495079703e-01
-1.510635506136450701e-01
-6.405261330930359653e-01
-3.263403495631811979e-01
-2.379967861896888359e-01
1.835686669688380013e-01
-1.503714395544619720e-01
-6.880529964404219490e-02
-1.928930136441182053e-01
-2.388312595581689735e-01
-8.563468484104394540e-02
-9.260749792531000613e-02
-1.739557616135148643e-01
1.821096714159956553e-01
-2.275328906105666404e-01
-5.524243455700386107e-01
2.126472638291635187e-01
-1.213502798286414386e-02
-2.188030487697749660e-01
-5.002441505356236551e-01
-2.963334610075790132e-01
-2.315677669646787618e-01
-5.238376143636090942e-01
-9.845652966743383139e-02
-2.979162856221146405e-01
-2.348046049041618566e-01
-3.779765819533203453e-01
-1.773359522245666620e-01
-4.569976523705851501e-02
-3.942977984790943524e-01
-1.726311324706351902e-01
-4.522401722791870304e-03
-6.506693031076339617e-02
3.712279012647383691e-01
2.346709146485030650e-01
5.258372364578004499e-01
1.519186562689532893e+00
5.573542080866257242e-01
-2.574269402754623681e-01
-1.170456621460439217e-01
-4.566821547147681959e-01
-1.038585218166930002e-01
4.176158614225237709e-01
-4.931513733590368181e-02
1.782162834821803266e-01
-6.575373707583070937e-02
2.702934975249810662e-02
-1.673756105070315359e-01
-4.095165075236716079e-02
4.113149819237656990e-01
4.122897086066969474e-01
-1.181696730407253981e-01
7.049498822092393757e-01
-2.254555518624122290e-01
-2.083026987512683337e-01
-1.311001139842592478e-01
1.027979624007481496e-01
1.433129873174783797e-01
-9.310900752709035111e-02
-1.863664428456130173e-01
-1.221697867501357893e-01
-9.992686586313526131e-02
-2.285200297797097824e-01
-6.262167827619687099e-02
1.046416668553083185e-01
3.234241742441174711e-02
-1.367719783241225784e-01
-1.662345791677987128e-01
-5.289478454350928782e-01
-3.308150872382866203e-01
9.294567621830769621e-02
-3.470468210291381000e-02
-7.527204766744450826e-01
-7.207820938811477784e-01
-2.060849039803075156e-01
-4.860874293832753157e-01
-2.906043544031126080e-01
-1.153282225573906972e-01
-2.248919394680380657e-03
-3.379608355670742914e-01
-2.156752517325969121e-01
-3.702521090493059441e-01
-1.568109888903369553e-01
-1.323502988778287592e-01
-1.084743828179521585e-01
1.242604947985139902e-01
2.580378101535575619e-02
-4.524492038197922006e-01
-1.488493869577647566e-01
1.071800462229687972e-01
-2.816452483406609586e-01
-2.671423767292510076e-01
-7.460005915843408164e-02
1.157169179418050114e-02
-1.319485077721480326e-01
-1.816522913608212275e-01
5.319543418800207896e-02
-2.520168498107021038e-01
-1.906188180765756301e-01
-2.172174634452267161e-01
-8.863967937524468155e-02
-9.800669896244693091e-02
-1.453302513059393231e-01
2.092037515191223218e-01
-1.124307562916846415e-01
-4.558281390201272543e-01
-1.655734691266698699e-01
2.202447959044715464e-01
6.617177662076913214e-02
5.905906414099745261e-01
1.166176654127751983e-02
9.474630518902348031e-02
4.241012473257924631e-01
-1.091952262523118861e-01
-5.948924732992413866e-02
1.122803067134274801e-01
1.505388686004936749e-01
1.770678174536878813e-01
2.443480904809716345e-02
3.114088380272182766e-03
4.615954252036129080e-01
3.979995292683238817e-02
-9.372251929489233691e-03
5.046610200752091879e-01
-4.815365401589263294e-01
1.904944283113056691e-01
2.853811744921806448e-01
5.657680537507269181e-01
1.008547592278443428e-01
3.477159278828542144e-01
2.749779918025834213e-01
1.030851247686703775e-02
-2.806885937616628718e-02
2.921438581850276939e-01
4.293124277466739969e-01
5.048780092530964769e-02
-1.851431308243148277e-01
2.580523523117686166e-02
-2.462475303623826162e-02
5.786171095301779338e-02
4.585908293321462881e-01
1.710033147811046705e-01
1.397513356094141623e-01
-2.937857429096524808e-01
-6.537455092814000723e-01
-4.999399622993539460e-01
-2.983969348581448355e-01
1.093931705644990843e-01
-1.236255240946742828e-01
2.081505039127689791e-02
3.905519584598410310e-01
7.988421492172273486e-02
3.299882421108930042e-01
-9.943160836436251704e-02
-1.072601436879665193e-01
-9.255373461646135280e-02
-1.355626090722743537e-01
3.209931471532774805e-01
5.901970269431802141e-01
2.234284024546789593e-01
-2.219772488200819349e-01
-1.979821740651237227e-02
1.265518799230414548e-01
3.977923188724348247e-01
3.290197849749305070e-01
-2.434457399110186854e-03
1.304205719146601661e-01
-7.332524669273823847e-02
-7.621776691757778388e-02
1.850593759103042191e-01
2.904606951523345804e-01
2.531911327365879427e-01
-1.610262915985000848e-02
-9.764407626334842272e-02
-4.646360327272205937e-02
-3.389233086582215115e-01
-3.097108388123918643e-01
-1.138949341607217725e-01
4.521219988171606419e-01
-8.061039787842726179e-02
-5.147012254703768885e-01
2.956053641267015752e-01
3.491858619843569156e-01
1.857231142639578225e-01
1.922273697509007118e-01
8.712809379841378321e-02
8.857024063703766714e-02
-2.759200374895476662e-02
2.359442518128453403e-01
3.864624367385095793e-02
-7.912550019088622488e-02
-1.338490746046736013e-03
1.634005445859397776e-01
-1.788738822612265592e-02
-1.941431867061680847e-02
3.937217304753914404e-01
-2.402007913308010500e-01
5.355836091169988763e-04
2.802967798951966905e-01
3.129387488161635700e-01
1.589592830678872859e-01
-1.156389772636789715e-01
1.902247721054236562e-01
-2.063373001701343523e-02
1.127772228453258196e-02
2.880127807609615953e-01
2.656940269577716118e-01
1.555076844329939256e-01
1.641331585032913820e-02
2.145500218694131045e-01
-3.330410812848693530e-02
2.924178116714701292e-01
-1.741120439653789931e-01
4.600177582870336179e-01
2.962762537355550507e-01
-8.220555919601202355e-02
-3.086187339721322420e-01
2.189547112150429242e-01
-8.065792549758360463e-02
2.468406173341251286e-01
-1.714605620243103701e-01
-6.232661961464713851e-02
7.685552550345134404e-02
1.848625158516813138e-01
-1.477188446472589012e-01
1.177098375413301590e-01
9.397297841650044392e-02
-1.359646416471048669e-01
-7.167476463586180957e-02
1.744653705906321906e-01
4.290599929455872763e-01
-2.008996426603001373e-01
4.550264597554239815e-02
6.728228240247244307e-02
-1.993323552787507058e-02
1.275182187298498082e-01
-7.712942350754883880e-03
-2.110034256316080381e-02
-2.494223683515952583e-01
-8.181588622066149341e-02
3.092552544154946736e-01
4.092166773947717578e-02
-4.575704051418755941e-02
-6.610755952372833477e-02
2.091363777480783476e-02
-2.477854683242504963e-01
-7.328089229105108626e-02
-3.364716603478641876e-01
-3.950489042002527929e-01
-3.042826367449403061e-02
1.207753140168904005e-01
4.455470321565447867e-01
1.171354317000877998e+00
-5.988229371708594234e-02
7.026175890721547690e-02
-8.663921695442235171e-02
1.044592516920878067e-01
8.441993978949390368e-03
-6.261617121637796934e-02
2.112037722160981651e-02
-2.462958121757948260e-01
7.554883926163911967e-02
-4.307627500915232888e-02
-9.414228381344444396e-02
-2.040933491366326846e-01
-1.730466214451086282e-01
-1.527528442945157994e-01
3.785134347107662611e-01
-1.549407257487721637e-02
6.317358704167588823e-02
-8.068327102080416480e-02
8.796159709640366531e-02
1.967007630241672800e-01
-1.262569001898910734e-02
-9.088055826463227460e-02
-6.485684364895792642e-02
2.141265677619628716e-01
-2.368405468725834073e-01
1.538149893590118680e-02
1.590178904168667584e-01
-1.246523754017887092e-02
5.905346814837987568e-02
5.322882665592787443e-02
-2.617217208699085806e-01
-8.770013641968542328e-02
1.126390283695742900e-01
2.896553832255302496e-01
7.261092228524586301e-02
2.524999439689408140e-03
-6.836387013898665987e-01
-4.049718600996887741e-01
1.368412300216327870e-01
3.097787581087956266e-01
-1.147602454373105631e-02
-2.645821922871232079e-01
-6.675128409354327830e-02
-2.831507547549825740e-02
8.841635341670471548e-02
-1.062453631460255100e-02
-6.218523899291854284e-02
2.763534908044091298e-01
-2.654700129622075688e-02
4.819766543500333955e-02
-5.085676859747446932e-02
-6.157937296799614879e-01
-1.180526618929043509e-01
2.480451472833647975e-01
5.514792935128831619e-01
-3.886022770800882931e-02
8.280984030848320687e-02
1.989324112342164552e-01
-7.137072984922884777e-02
9.531486921138290769e-02
1.318625820631686429e-01
4.282024261979689994e-01
7.247488802515789086e-02
-8.850752249752696921e-02
2.718201205604044504e-02
-6.812120788835358820e-02
-4.190119891489353654e-02
-4.464136696855184328e-01
-8.874253630720130293e-02
9.923827243833117928e-02
-3.263121546175317134e-01
-9.031906037008274879e-02
-1.586272615703810396e-01
-3.223920611098158862e-01
-1.115243174679690294e-02
1.126677702193580322e-01
1.208610022314138277e-01
1.687565967864281258e-01
-9.629578726383115905e-02
3.114533705522713747e-02
-8.780276095268602088e-03
9.770200473808975106e-02
-1.036959251307990465e-01
-1.690652906406105993e-01
-4.122132796513570674e-01
-9.078786218271496511e-02
5.779339516788640357e-02
-3.448686132574733110e-01
-8.450588294271667300e-02
3.610341117772643271e-02
1.288176016637805898e-01
1.057871969625661379e-01
-6.631114784760730463e-02
-2.009738815208632068e-01
-6.615548535221610349e-02
-1.966992006444988894e-01
9.283092493346280227e-04
1.679478344137292356e-01
-1.731352179526326196e-01
-2.466635659667865133e-01
-2.506381960277179188e-01
-7.757895302788070380e-02
-2.185266041074216958e-01
2.331123635039728526e-01
1.331513390155114052e-01
6.320918685303293649e-02
-5.907599146206383989e-02
-3.045860164152927596e-01
1.411963365990558383e-01
-7.791416950140796216e-02
1.043613410162932964e-01
2.153264672034396754e-02
7.625888659539267755e-02
-8.042261379807076616e-03
2.503357021802858629e-02
-1.691682233234038657e-01
-2.364891109531177538e-01
5.034678307593407759e-02
4.717491400614776120e-02
1.528300480280367912e-01
-7.963799486508589542e-02
-3.806019061706557016e-01
2.620461317434744641e-01
-3.127426767007742692e-01
7.836460895760344325e-02
-1.423628999461467592e-01
1.136769417836550194e-01
8.053768379167011715e-02
7.198110341621977160e-02
1.283292662031704501e-01
-3.578860822907375602e-03
2.599786904889148098e-01
-2.122164533400575370e-01
7.939245546916333385e-02
2.871755471211131366e-02
-1.822775193714810671e-01
-1.508319034965538985e-01
-1.043638677154497402e-01
2.794930613912492978e-01
-1.681168389781484696e-01
-2.390491714173675897e-01
8.742443344119270321e-02
-4.577040208883594863e-01
-6.971043113983593775e-01
2.774313474190415740e-01
2.126473552895232211e-01
-1.610455582057395973e-01
-2.404108782562928981e-02
1.196734602020845806e-01
-6.851247364080027824e-02
-6.938417456156351082e-02
-6.052077586448287305e-02
-3.694713648922037103e-02
8.900523864355566750e-02
-8.291622162960614328e-02
-9.746266369249510786e-02
-3.087971097481741478e-01
6.737823771021510255e-02
-4.947105188956500421e-01
4.706984230026253074e-02
-1.772485256785312768e-01
-9.527807976161839498e-02
-3.251669115341194183e-01
-1.250511529741299699e-01
1.771272817708774427e-02
6.501278198965416283e-03
-6.099055821186091103e-02
-1.513697007004939643e-01
-1.527161498625452252e-01
-1.749725726660948111e-01
-2.134384948128104087e-01
5.097906472809200784e-02
1.034321223349971286e-01
-5.327998511047326441e-03
-4.999342916069406118e-02
1.477222614193766659e-01
-2.838559990333086036e-01
-3.882204909741001631e-01
1.527718815975244726e-01
2.283766822737958724e-01
2.132640251922684194e-01
2.903021549509469112e-01
-8.047376391734989420e-02
5.476040245730695588e-01
6.840906415462850651e-03
-1.540152476116712632e-01
-9.017686204354306845e-02
-1.857356403190558725e-01
-2.608255428864184045e-01
-1.255363379328039708e-01
-5.959144432888401066e-02
-6.655741699450806736e-02
-5.624867045319293934e-01
-2.330222544786490213e-01
-2.642814889098663578e-01
4.743082361877876685e-01
3.249293598109524728e-02
2.281879470941974020e-01
-5.206698469029251430e-02
-1.677417222249543705e-01
5.663734522214845801e-02
2.705586405718881510e-02
-6.701809835420882711e-02
2.133259178339906859e-01
6.309877454883139336e-02
-1.351283874118099082e-03
-2.104648015771609926e-01
-3.917920674015878263e-02
-1.845236293916522816e-02
-1.448092411838312610e-01
-3.470263915887870088e-01
-1.767244523067015294e-01
3.363741473050695374e-01
-3.128473565724463890e-01
-2.883642560466994631e-01
-2.058803752969157186e-02
-2.013427946020541759e-01
1.627310887574382470e-01
1.971366804803261485e-01
4.046108869082674087e-01
5.790416942862940120e-02
-1.307079390258535367e-01
9.440452799852329380e-02
-6.915333659523903442e-02
-2.251250757796245672e-03
6.099243983421880066e-02
-1.407928640757600269e-01
-1.164938669309858732e-01
-3.725740576650370950e-01
-5.518155402274376418e-03
1.112701623447139854e-01
2.735327974244840532e-01
-1.363159747218440909e-01
2.164744359575808130e-01
6.649143893789008497e-02
-1.220176638877980280e-01
1.766663456180961322e-01
-2.308143553947115123e-01
-1.312177917672706362e-01
-4.054986089958519113e-02
-4.376532730461586002e-02
-4.361727368871138460e-02
-1.202777864400408486e-01
7.186672230645901882e-02
-3.942597273071128672e-02
-1.749296785136957369e-02
-7.247056790961005357e-02
-1.244747908505645373e-01
1.363108864021044808e-01
1.046330403371228679e-01
-3.122310459431311691e-01
6.368450981820572565e-02
1.911753564864251131e-01
5.428353489464624038e-02
-6.898578979788894117e-02
1.506954073508458558e-01
-4.502347402203375065e-02
-2.305410786547031632e-01
-2.055671608900155878e-02
1.714708272480241213e-01
-1.919696488661107037e-01
6.996870787471933667e-03
-1.815337660393103250e-02
-2.687318675382128208e-01
-9.860615458073599543e-03
-3.221467559296103955e-01
2.798647121881651656e-01
6.255779522941168347e-01
-6.235206062849886488e-02
2.286206816937130237e-01
-1.737937691962279374e-01
-3.353711512334642264e-02
-1.775590939230015375e-01
-7.019452282938730414e-02
-6.147029141793376728e-02
-9.102185523730206562e-02
2.347741898572531793e-01
-1.163312023643178067e-01
1.836012051158596864e-02
4.917044286897299943e-02
8.345045951454005406e-02
-1.199460697690580002e-01
4.413082192284001337e-02
7.838036871916406745e-02
2.320936799880494172e-01
-2.923076313470872600e-01
2.126444328629853442e-01
-1.517388125520125197e-01
-7.143334078443450141e-02
-8.405770872605565838e-03
-3.534440934878642082e-01
-1.751588714134330593e-01
2.594132776972276483e-02
-1.629198468502842667e-01
-2.450296184335847283e-01
1.401620281297609183e-01
8.463847457235022798e-02
7.564790586875511091e-02
-4.857979260898613594e-03
2.334356914702557240e-01
1.535673384669155317e-01
-3.552666617299862772e-02
-3.375210841727219885e-02
-2.607691839958010682e-01
1.127001470781797271e-02
-4.927142434486372208e-02
-3.490148179076679735e-02
-1.690103709945756927e-01
1.802076948688178040e-02
3.880983956755746922e-01
4.473823653285209645e-02
-7.574036842958173366e-02
-6.933847101946818969e-02
-8.606480957762646655e-02
9.052526020105529370e-02
5.103177038896372641e-02
2.390608030304868237e-01
8.741160030487764299e-02
-2.697596753414286397e-01
-2.957108875863842523e-01
-5.245738386936630304e-01
-5.046708282894910719e-02
-5.773354382381465921e-01
-7.249823245513108416e-01
4.709668049030533155e-01
4.378602960462406046e-01
-4.255066046025353377e-02
-6.058427374498051576e-02
-2.721330305360354293e-02
2.233212618088396828e-01
-1.938013178550900342e-03
-5.187221325336000000e-02
-1.631755148170215691e-02
6.814440476793168222e-02
-9.783167457845638737e-02
-1.694187510916400630e-01
1.256840574666923116e-01
2.924894618564167215e-01
-1.216965801836118605e-01
-7.283846912246724759e-02
-3.045849730538749411e-02
-7.598324326634117720e-02
-2.821018961355606369e-01
1.650777268078157944e-01
-9.150209208410567396e-02
1.896519629972539533e-01
-9.666208935501054145e-02
-1.027155250752627008e-01
-1.000832155302967680e-01
-1.945655952524322219e-01
1.437565555576223730e-01
1.376696487434477673e-02
1.512000048667813956e-01
-3.583435935189593913e-02
2.366828288358931720e-01
-2.079926425143319157e-02
1.683471163030708997e-02
1.320967108896763803e-02
1.898137873992518654e-01
-4.350642162666997770e-01
7.986243443173027257e-02
-9.137371304412168771e-02
9.874709441493743911e-02
-3.515133987688326411e-01
-9.161796964055568537e-02
-7.152154986060080266e-02
5.493681134258625309e-03
-2.126442131352717368e-01
-1.465136688850280089e-01
-2.080012954368149619e-02
-9.204688046939335511e-02
3.845966008912777429e-02
8.221436361131759241e-02
4.437895471292287453e-01
-1.495097241889765394e-01
-1.408170135960105651e-01
-8.823998616566822162e-02
-3.356787534714887888e-01
1.755139986954893094e-01
-5.329619062484952652e-02
1.938945132362033738e-02
2.427918256533091179e-01
-1.310393526518113805e-01
-2.439383665129781498e-01
-1.780590805685850764e-01
2.491248513153345723e-01
2.044881286216654326e-02
-5.158148230624191866e-02
3.077371706526593198e-01
-2.128016835493381706e-02
-5.532626433803325416e-02
-1.008156398827402822e-01
-4.165308877404313992e-01
1.894525123457216076e-01
-2.881603708457820545e-01
-1.926238886980367881e-03
-1.354089107236651490e-01
-9.132983317875834062e-04
-1.358349732697960999e-01
-2.604082699256213621e-02
8.537457319858701710e-02
2.486718363594293546e-01
-8.816530879240948304e-02
-3.899836484905935818e-01
1.259247012632652984e-01
8.609879167940885647e-02
2.265011866035336260e-02
-9.976228639837644852e-02
-3.346485204016874659e-01
-2.041114466186473575e-01
-3.346246378924205844e-01
2.526217986263901705e-01
1.649208244131548096e-01
-2.832961489058862248e-01
-4.304815798359843404e-01
8.104139672675640671e-02
-1.204080517640068876e-01
6.519812754765155760e-02
4.374652848823969847e-02
1.492976663422632966e-01
-2.486054596723518417e-01
-1.698081513324071201e-01
1.351087765874780730e-02
4.010367204373378736e-02
7.409324909385059388e-02
7.819921889823276684e-02
-1.078857475075601507e-01
-1.087953889345363995e-01
-9.566983914027551994e-02
-2.436590284186144484e-01
3.858800186145160960e-01
-1.243626073097026663e-01
2.074355915475789569e-01
2.949315580362401601e-01
-2.981158674967381850e-01
3.784456500243379290e-02
7.049909654516961499e-02
5.848012084518056097e-02
-2.309359496593206273e-01
-7.383976079243834145e-02
-1.170452418128612171e-01
-1.242734948714715598e-01
1.710488526597024328e-01
3.697550765123634453e-01
3.740630532070052250e-02
-1.656686304494102147e-01
6.446062457639512022e-02
-2.829042770176677934e-01
-3.466143263681138210e-03
-1.005820782190125669e-02
1.989341402716787721e-01
6.881740579061123610e-03
2.420706892105350672e-01
8.307130446342023133e-02
1.160569850227185923e-01
8.099966141323129698e-02
-6.981479445155328034e-02
1.079245372090743144e-01
1.748708283891322324e-01
3.560666466355104642e-01
1.013193341445771944e-01
5.146738161403852790e-02
1.026351704448533464e-01
1.031411443615453533e-01
1.589406938813990589e-01
4.391049045096052650e-01
1.104329735712643867e-01
3.634500744752718338e-01
-2.805263619514627993e-01
2.432127527308028045e-02
-4.058062247685040314e-02
-9.394868537376381556e-02
-2.141529399289235358e-02
1.831457854292485588e-03
1.680670266384327316e-01
-1.498623134147493430e-01
4.072202592595407927e-02
4.658334079570937598e-03
7.835032719478550456e-02
-3.562529492833533262e-01
-3.672992153820044403e-01
8.525329769204434416e-02
-2.633091001167988665e-01
3.709487575753794841e-01
1.066325770778181192e-01
-2.518854191101455031e-01
8.967700863023936320e-02
-8.029142985169074320e-02
-5.667009425496442876e-02
-2.307723001868104418e-01
6.831333979663295475e-02
1.787118356256738039e-02
-2.853741608071332925e-01
2.589461688237312820e-02
-1.106872615638131857e-01
7.132606007210200161e-02
6.252436841073256979e-02
-9.638609457955995847e-05
2.073543190751100940e-01
-3.060051589885673384e-01
-6.273293343677491807e-01
-6.502466434335729684e-02
-8.695119856686462506e-03
2.132058229435572216e-01
-1.067494382742824183e-01
-4.449502845490518887e-01
-2.163656907420318659e-02
3.748419674082117958e-01
-3.316348713651453423e-02
1.628852311501503558e-01
5.803495115791094255e-03
3.300307697352506398e-01
-9.876550186662902409e-02
-1.182257836642025550e-01
1.638556433494030573e-01
2.733367010757987714e-01
-2.108005078150469447e-01
-4.017616865108316615e-01
1.612038769811876548e-01
3.465668232779400143e-02
2.060836333981506258e-02
3.483315661986821632e-01
1.776893441253953043e-02
1.218923331269842342e-01
-1.471020917529703709e-01
3.792508395137113297e-02
1.050152236351932222e-01
1.697079534399508760e-01
1.476436850844410897e-01
-1.453503289550928668e-01
-7.391457334444778704e-02
-2.507277110328649528e-01
-5.011638412581199270e-02
2.710301791046538025e-02
-3.763098514172547038e-02
-1.727820845092027935e-01
-6.165780388420340208e-02
-4.401054220051585641e-01
3.494121370880918231e-01
1.481213456621193747e-01
-9.434493726175247064e-02
-5.412563870212251660e-02
1.342401241907816289e-01
1.585970132136996918e-02
-1.126897287526412855e-01
1.405012751656040948e-01
1.123159534062757037e-01
1.251345820574037704e-01
-6.027499749714709115e-02
1.174679856855488994e-03
3.939844918269103796e-02
1.245074149013106549e-02
1.665414097331454069e-01
3.703321996243317260e-01
-3.666089646814151004e-02
-5.146557787465950717e-01
-6.271297179916465736e-03
7.111849546626265728e-02
-2.976803393866556124e-02
7.600964891412714808e-02
1.808764697876847349e-01
-1.816176435548763068e-01
1.888818895654043040e-02
-7.077713331526412632e-02
1.137055488216874855e-01
-4.122790336561058672e-02
9.380258753654788229e-02
1.855456246841307444e-01
1.412862315956572856e-01
2.973538475975548434e-04
-1.730416492440877141e-01
-5.165502384701931710e-02
-8.214319188336338673e-02
-5.657035562519736882e-02
-6.535692907685596020e-02
-4.534558332258699365e-02
-3.169833551929461257e-01
-2.387982095763931667e-01
1.285187714930724756e-01
1.954587705074685988e-01
-3.118343231284750883e-02
1.312857980821667547e-01
-1.421709751005934552e-01
-2.748068347070046769e-01
-1.302571712807656240e-02
-3.422146881906063670e-02
1.392320974717645987e-01
1.578305944523782922e-01
-2.466547582199674349e-01
1.343510884697691754e-01
-7.821167535901310530e-02
1.723640374467855507e-01
-1.701836502725983385e-02
3.858696674001492466e-02
5.021000757620265320e-01
3.712567735927978924e-02
1.533334734837508428e-01
-2.825654412512803443e-02
1.100041156310797297e-01
-2.934713677944141841e-01
1.153920790766011298e-02
3.513892221209486411e-01
-1.610962842732979738e-02
9.788408350833764648e-02
-8.880481849282352569e-02
-1.414097745334328554e-02
1.098433654279841187e-01
-5.928273341533456253e-02
-1.585128839939807244e-01
2.500486173468192269e-02
-2.278850661557869084e-01
3.397239274765283257e-02
-9.494070501168640208e-02
2.182632706173109893e-03
3.576417281979770713e-01
3.814812029330576920e-02
4.646583253587349693e-02
3.457219015206607765e-02
2.004128772223729704e-01
-5.295839833515807449e-01
-2.208872182688960406e-02
4.933216513073776510e-02
-2.055686431147610987e-02
-7.719997377857666654e-02
-1.470772561187609351e-01
-2.252109301705838007e-01
2.883477906853375572e-01
4.796345202122281881e-01
-8.481035497378758281e-02
-2.285501069002788543e-01
1.977382399107432409e-01
9.981464231650979957e-02
-7.295044353440453822e-02
-2.574220252477631976e-01
1.357682475262448132e-03
-3.336372643613343403e-01
-2.946479578613787065e-01
1.438553212280606342e-01
-3.588481441530082250e-02
-4.533041581395979777e-03
-1.442202408250849999e-01
4.688169177668284615e-02
-2.074535410546989311e-01
-3.087315897273907872e-01
-3.198178196559830488e-01
2.914011479589844189e-01
3.637834049975746664e-01
7.441752803153393880e-02
4.252509552171694351e-01
3.652743335840840100e-01
1.244074886292537291e-01
1.037306426546276972e-01
-4.930625505585756185e-02
2.297388952797352335e-02
-6.541290840985765354e-02
2.780051336527074035e-01
-3.196727679983187714e-03
-9.783034217722220982e-02
-3.487355914231868997e-02
1.686306236327548003e-01
-1.580855417354912473e-01
-5.715359582483860168e-02
1.927539401657655388e-02
-6.865098264533173178e-04
1.078858127202855649e-01
1.440280458607952618e-01
1.759026864367294607e-01
1.625976300049839299e-02
7.258936090013747011e-02
-1.069410387733472738e-02
-6.104535990075692781e-02
7.353863390249384957e-02
2.699124535631604038e-01
1.821700256708605470e-01
-1.673490923941735667e-02
1.277300012887577496e-01
3.874775678249316180e-02
-8.872617335823620999e-02
8.086915331448578381e-02
7.291468686083896027e-03
3.444620554562814047e-02
-1.806265302869606432e-02
-2.658343165278035380e-01
-4.724932164699420789e-01
-1.809906316036392071e-01
-2.416300188671345328e-01
-2.811888558139066796e-02
-5.758151762815825331e-02
-5.890182064414901247e-03
1.311505160259696795e-02
2.295548928994924423e-02
-1.431067906556487968e-01
-7.925048580999155545e-03
-1.864540131799485578e-01
5.071511152890643970e-02
6.670977497277057189e-02
-1.887847232421143440e-01
-2.445342137704604457e-01
1.680842056984778177e-01
1.055064223938752127e-01
6.733178110532227721e-03
-1.357694073122234224e-01
-1.933734756355191264e-01
1.281271754153774992e-02
8.397956059490493952e-02
-4.215387863069897101e-01
5.244180652574095131e-02
-6.749057263439246779e-02
-1.321033246989486987e-01
-1.436681994138553631e-01
-7.957381347736364186e-02
-5.308186442037525488e-02
-2.484504511561642925e-01
-1.153962834229724232e-02
9.547127972222538284e-02
-3.278273414161926580e-02
-2.027483415954200729e-01
-2.776349511975712558e-01
5.739635690428043779e-02
4.532286716995531650e-01
-1.836059567504966239e-02
-9.281866918618911222e-02
1.131365981829269007e-01
-3.168834912021458172e-01
8.807931761245038627e-02
-4.673306037441158356e-01
2.301260172814464933e-01
1.720020296439926377e-01
-3.519887232889784001e-01
-1.105170209005488235e-01
-1.331316640710336896e-01
-9.888059267310761458e-02
-2.058589722802622035e-01
3.855298652259384756e-02
-1.044478152519583702e-01
-2.501798275006116845e-01
-7.773080588432856874e-02
-1.130062077196422460e-01
-1.187789860941955156e-01
-3.818699894261156080e-01
-8.848498221085540627e-02
-3.745687540623576089e-02
-1.706256179635254611e-01
1.358748455264711941e-01
-2.146890634451007265e-02
-1.244613837512162507e-01
-1.404544608055701971e-01
-8.269235124469517806e-02
4.437591790203244957e-02
-2.002547902954273651e-01
-3.088752463024435624e-01
2.692222241793340021e-01
2.473514829954953920e-01
1.447736832658114980e-01
-4.926306207552628713e-01
-1.199035325044477997e-02
2.990095154503951136e-01
-2.017473972268106763e-01
-1.677899737991389584e-01
-2.785687347488234877e-01
7.239013792764667499e-02
-6.368775405253493394e-02
-9.975706044913131010e-02
7.761746052689777464e-02
9.614014920978655732e-02
2.568336695897386474e-02
1.468961835863821785e-01
-2.294976065995079639e-01
2.812258300839211023e-01
2.421724564266871660e-01
-9.399417908497209595e-02
5.399256015055159397e-01
-1.127666134645484604e-02
-1.462099656451837371e-01
4.046298916256294703e-02
-6.410568997254109669e-02
-7.499381557639026030e-02
1.302598080081041054e-01
1.703215832662411944e-01
-4.418971917406428612e-02
-1.475351899001378919e-01
1.134642721706959761e-01
-6.462778384065012705e-02
-6.612856923761215033e-02
6.085359941346236978e-02
5.342937535498981649e-02
9.011467958637262021e-02
1.936554117020821558e-02
-1.378472029642107965e-01
1.258327565549252625e-01
-1.051770319213549826e-01
-4.267541494653012690e-03
2.653444395812253886e-01
7.084995983318026491e-02
8.076291520880576891e-02
-9.856740293022864252e-02
-1.486989794315855644e-02
-2.285665911554052993e-02
2.630021278814686364e-02
1.053062418697184033e-01
-2.904559469719772968e-01
5.562143743485706282e-02
-5.104994414121613588e-03
2.629265768476512014e-02
-8.559100840349184725e-02
-1.198647517702167431e-01
1.688397463342519167e-01
1.544621907712237507e-01
4.888983619171474726e-02
-9.708885961451974023e-02
1.299596649795703163e-01
6.016739221092923945e-02
6.957905226752192362e-02
-1.379888168624731903e-01
-5.869286498366456384e-02
6.948952158450630301e-02
-6.294804863125121053e-02
1.034149067283281070e-01
-3.938460021657876758e-02
-4.484236417972821886e-04
-1.206564394871508933e-01
-1.321006660786573916e-01
-2.000839944909500456e-01
-2.451457142234933148e-02
-3.323519778559972382e-01
-5.318258374753581652e-02
-1.089767792440642091e-01
2.658384038156960325e-02
-5.858026590293229779e-02
-4.931221900784043405e-02
-2.060513784250112557e-01
-1.861257919502697922e-01
5.071770674641640914e-02
7.969872883517438444e-02
-2.294427182650093100e-01
2.950498812185750608e-01
-7.261333023356365823e-02
-2.178850696801103506e-02
1.915871369435660429e-02
-3.965589895374185131e-02
2.191381297625614177e-01
3.084828066694841886e-01
-2.561860116666743806e-02
1.823225885386672157e-02
3.283309547125237704e-02
-4.176645298687382650e-03
-1.730484511331054909e-01
1.026027687608725286e-01
3.218238678193265784e-02
2.492370036322499316e-01
7.508538103650337810e-03
8.251068976189404602e-02
4.365374944796356765e-02
-1.003344996220244256e-02
1.173859463060157315e-01
2.960182483798422942e-02
1.602708016328257268e-01
2.212827403877715496e-02
-1.537570726714231895e-01
-2.146460021862754003e-02
3.326790526901026168e-01
1.089459388229302265e-02
2.802040824097257743e-01
-8.921783276908226701e-02
-2.179326346308029516e-01
-1.374777842951498408e-01
4.076809409421091462e-03
-2.084027310628706608e-01
-5.343893622056482273e-02
-2.817979409863372031e-01
-1.178749687029261861e-01
-3.942391706977961263e-01
1.374385387790159618e-01
1.652160889546289979e-01
-8.895716493540300335e-03
-1.269900740959363505e-01
-1.431036631309622921e-02
-4.276538743717746005e-01
1.826537540691185180e-01
-7.972233780697648986e-02
7.782298765483738889e-02
-3.572315956514903745e-01
1.196745083488055250e-01
-1.315759467398020799e-01
1.966826552040432663e-01
-1.344022454630962038e-01
1.839338114872632324e-02
1.409950038036300868e-01
-1.983782831330532237e-01
1.117618088268006599e-01
5.061519574756371403e-03
2.255134041639313136e-01
-1.061658748308496186e-01
5.892582087334913288e-02
1.510557308253395944e-02
3.515309939372444209e-02
-2.572236267369429896e-01
-3.825614238581092480e-02
-8.002166587411341236e-02
5.869237541848250084e-01
-1.424685463620835868e-01
2.050578759054099420e-01
2.005603477944415958e-01
3.950452036826684193e-02
2.584302249393657588e-02
3.796289016736633104e-01
9.691767866733036474e-02
6.541180983512415170e-02
-1.269787362319585167e-01
1.189864300637858904e-02
-1.420298284800790289e-01
-1.011810085621499683e-01
-1.520447756357667657e-01
-2.314712346744831062e-01
-5.203907376404624807e-02
9.532876662054262651e-02
-4.815501345332742766e-02
2.054052495168278564e-02
-1.353567119873656799e-01
2.171897645171792235e-01
1.516743065244425259e-01
-2.672143032896235337e-01
-1.529785248272954035e-01
2.193218789799290802e-01
1.585082216900576824e-02
-8.432924421859444575e-02
2.557802894119960979e-01
3.245466356618439407e-01
-4.186616454789140150e-03
-1.099437037816589913e-01
-3.485263846074226346e-01
2.415946743387052953e-01
1.672893779240615109e-01
-2.060648791714400352e-01
1.230880745185107400e-01
-1.971946039986499991e-02
-8.057362189016124832e-02
3.797030091441129518e-02
-2.119614241576898706e-01
-9.269437947102547593e-02
-4.849538463268646821e-02
3.290104069247906660e-01
-1.642273540524330222e-01
1.675272195450695223e-01
1.650965586254966033e-01
7.935362102486437363e-02
7.945256025790659038e-02
-2.145912733348345480e-01
1.700228568464406216e-04
-1.432791649482121621e-01
-1.207224647072107152e-02
4.267939681329907531e-01
1.467767826265231265e-02
-5.791827073542333421e-02
1.335872178740794003e-01
2.451519989411941880e-01
-1.844275776489114893e-01
-2.444103254736975372e-01
1.155472279778579081e-01
2.954432632751132770e-01
2.951815895137750723e-02
-4.471779617475001717e-02
4.043745757355164672e-02
-2.011754815925085593e-01
-2.603852993984640540e-01
1.399075557773923062e-01
1.832235468955205060e-01
4.097399337676019271e-01
-2.783828389857189237e-02
-1.399991096668256885e-01
-9.415523130577974076e-02
-3.664450456532141187e-01
-2.316227942973309861e-01
2.234794897942624647e-01
7.752189106633696272e-04
2.514329738032798911e-01
-1.210415268906347638e-02
1.636215127737125907e-01
-6.538318179472142611e-02
3.055202003055003043e-02
-3.351318119240035420e-01
1.379610699722835440e-02
-7.282148825625710253e-02
-2.329326563323472210e-02
3.520082532193411634e-02
-9.549454078592685066e-03
-5.829956068364781918e-02
3.685026012727447842e-02
-7.933368224557425796e-02
2.848340054217042283e-01
-4.713158159720067242e-01
1.446204603776120312e-01
4.567052418866963080e-03
-5.449851963146517403e-02
-9.088065986064026991e-02
-1.982288746590709361e-01
1.654727175551232998e-01
-4.643490868578139530e-01
1.057553363570502003e-01
2.370070740621951430e-02
-4.894602803343988534e-02
-1.825058081509735863e-01
-5.750354520779053791e-02
-7.610016797087279516e-02
2.437545564432074263e-01
-3.383816462437968520e-01
4.692784882072727481e-01
1.656369407081273171e-01
-1.401242466688245453e-02
-2.073322098492783039e-01
1.130548981544076681e-01
-2.645491263900213996e-02
1.286388590780334351e-01
-1.938232317028004137e-01
6.550024860763099810e-02
3.208783296501043769e-01
-3.580442423943863695e-02
4.859656831905702357e-02
-9.815226425096011675e-02
-1.760951291941565966e-01
2.540501354304798842e-01
5.775231002994769824e-02
5.182254712777178973e-02
-2.426993259328743546e-01
1.169474477254357596e-02
1.907483344607829590e-01
-1.817052553164087147e-01
-8.287189713707621141e-02
1.163547228983103227e-01
-4.786342791152589649e-01
-7.481555401304305908e-02
-6.169025502002998401e-02
2.517194672295012814e-01
-9.598690840786650025e-02
-6.988261825241955452e-03
6.858160943731152204e-02
-1.836062626264537423e-01
-8.907815471524944961e-02
2.791721288929344819e-02
-7.577659445114567904e-02
4.479371263091062594e-01
-6.742673734878772140e-02
-4.652141180721715286e-02
3.523011269635833997e-01
-5.113165066266048275e-02
2.036497490465441207e-01
-1.292248534892607437e-01
2.501181478443071926e-01
-4.993225409527549119e-02
-2.704041196690204485e-01
-7.963386925620953571e-02
-1.966032034919104610e-01
1.049370439604770527e-01
3.455797056680479096e-02
-2.560123928553329278e-02
-3.420432968315113564e-01
-3.761493333799750816e-02
2.600132386253989347e-01
-6.625423824095874603e-02
-3.469452870500800978e-01
-1.432681521467490601e-03
8.784969847944973376e-02
-1.279133726367041313e-01
-2.207316210844185167e-01
-3.474865376316363386e-02
9.979694869963132153e-02
-1.146316229935269264e-02
-7.455107260021416604e-02
2.351275523685460514e-02
-9.232475341925294732e-02
-7.527904340956298457e-02
-7.805713655585065983e-03
8.953838037336749045e-02
3.596234603145113951e-02
-2.148540954843467243e-01
-2.408926840028572935e-01
-2.477150022097193982e-01
3.359461552000292395e-02
4.347036829032607796e-02
2.093440831201567320e-01
-4.096477562593568711e-02
-6.126439253755540382e-02
2.167726986779703047e-01
-1.689657405291917214e-01
6.378840363952434367e-02
-3.375846526765900746e-02
2.259236627510292916e-02
-1.657503609988416893e-01
-2.054506172579066425e-01
6.265012215406944029e-02
-1.588316700194302156e-01
-1.700607797209690297e-01
2.409143345880579712e-01
4.427925618917042949e-01
-7.286755752681794984e-02
-6.610539355512261468e-03
1.553845662879320411e-02
-1.549562981468790013e-01
1.395854541854545661e-01
-2.576538035267461960e-02
-3.030642432570796949e-02
-2.592951980777856158e-01
-1.840474130281586906e-01
-1.778863333198512364e-01
-2.050634382714698056e-01
1.089174166865090193e-01
-3.351903607262404772e-02
2.177100840599469761e-02
1.636924180167216580e-02
-9.718938426914010276e-02
-1.175690298666099004e-01
-9.155296837829893231e-02
-3.581909832187264997e-01
2.648399290259006444e-01
1.708433490544811195e-02
4.311132085748482778e-02
7.314078602039555954e-02
-2.542060187841529983e-01
-5.556141562439605858e-02
-1.596615154085746779e-01
9.145524888938855179e-03
-1.135147128194560623e-01
4.208125889010075338e-02
3.418094525305122588e-01
-1.893792157079323205e-02
1.784752692969702459e-01
1.868780413037222365e-01
-1.264863209134458322e-01
-2.129647993798626238e-01
3.675417605045323832e-02
-2.974822076904779511e-01
-4.589129831133080262e-01
3.939762861999859811e-03
4.193559691220244412e-02
-1.642142283090891608e-01
-1.949769146267157638e-01
-6.961239542561789562e-02
-1.829087306465937146e-01
1.964073138404095753e-01
6.003488969942290948e-03
-1.397309697183031496e-02
-5.406984305012382808e-02
-1.845079310916087345e-01
2.182113719779140565e-02
-2.731050455083614686e-02
2.005014753203668010e-01
3.040476198867513857e-01
1.585101178814492529e-01
2.720677275040563337e-01
-1.994137967666917421e-01
-2.248712791306610725e-01
-2.681006392912058667e-01
-3.969335243865061980e-01
-1.293327735394438349e-01
-2.014659247993220645e-02
-2.264982449018569308e-02
2.255327553953695441e-02
-1.366031374450453820e-02
6.006572387314788875e-02
-3.380616406569681986e-01
-4.184487206591882245e-03
-2.201676926519273991e-01
-7.785219058963804839e-02
4.573270962208299262e-02
9.381744598213970221e-02
-1.956290908944433860e-01
-1.125745743252064557e-01
2.048048612338649876e-01
1.042538422499467432e-01
-2.139758065094340966e-01
2.877457551817621736e-02
5.750713012204405200e-02
7.084760537721242202e-02
1.557291082049758191e-01
-5.676712316050441104e-02
2.123405354075316720e-01
-1.146017632101604539e-01
-2.296143379281453956e-02
1.209750368013677579e-02
1.538738732717336855e-01
1.091836762451300069e-01
-1.036092919319274164e-01
5.000720785903656207e-02
1.047199681905955498e-01
-1.308238221959747427e-01
-9.734563934182101363e-02
1.786951657529186610e-01
6.146730012442341851e-02
1.784933155617202116e-01
-1.111076429388584315e-02
3.466521304973058798e-02
8.408063554160943864e-02
6.445619446951996552e-04
-2.582835573578918797e-01
3.782606922022360013e-02
3.310795198910992387e-01
2.366415361181913989e-04
-6.049332504289823415e-02
-1.259541024654643043e-02
-1.029911916108465358e-01
-6.056217151051612041e-02
-2.026407047592362343e-01
2.055745427370161693e-01
-1.138557034519418198e-01
2.573012221496983470e-03
2.310492839202961668e-01
-1.952420420091720010e-01
-1.832872205635317775e-01
-8.258282856005338957e-02
-3.326332630620773556e-01
4.042545776732015331e-03
-3.067794082158926960e-02
9.765879168587625336e-02
-1.700748193864881908e-01
-1.166396635943425936e-01
-1.117436876846800015e-01
-2.578295822438023133e-01
-1.153861138016688825e-02
-7.732298303518470028e-02
8.812650936881780139e-02
2.003595746964086655e-01
-1.942291436635434076e-01
-2.810521291639926367e-01
8.088422430836754440e-02
1.787192816499133252e-01
2.107424739942783121e-01
2.891660993331448409e-02
2.085771485618436241e-02
9.410443636001589174e-04
1.485989885268296784e-01
3.018385198640902850e-02
-3.026788301456404540e-01
-1.484524081777832127e-01
6.111786747039571477e-02
-9.479217877637165224e-02
-1.457469404390252243e-01
-2.503892345491369464e-02
2.240360188547371456e-01
-3.441332422827570597e-02
3.719186354594560262e-01
-4.520658423590341590e-02
-1.622146255129253145e-01
-1.121677670140142913e-01
1.109121825626198099e-01
-2.023506236828949423e-02
1.537108908516663930e-01
-1.081112293839630312e-01
3.608482591407500412e-02
-1.823031431135882230e-01
-1.588928352315269465e-01
4.334246184695935561e-03
-7.115005586029371498e-02
3.803228412419763782e-02
-3.368145884050613437e-02
4.621869498943931981e-02
6.285917215398983959e-02
-2.873752772284146606e-01
-1.267812270081927484e-01
2.218799432545749961e-01
-1.944838822744096030e-01
-5.878536533119497337e-02
-1.891108107729385091e-01
-8.974524004742760741e-02
1.542863478562334512e-03
2.792560850015861698e-02
2.059333221098688937e-01
-2.284424522537958080e-01
2.763975116716534397e-01
6.452904085752302586e-03
-6.256463601927345075e-03
9.577986058068758968e-02
2.842517233106034436e-02
1.076313107047374151e-01
1.007022085659224908e-01
5.425585965814463257e-02
1.806457035457252613e-01
-1.010893369744419734e-01
2.093998343258554051e-01
-1.815067736091120418e-02
1.428375427288343658e-01
1.183227640418826054e-01
7.227540591679357251e-02
1.003660103735893733e-01
-1.935984733609835695e-01
1.473024201129837230e-01
6.952674943574808919e-02
4.284931323570137507e-02
1.163796714834115786e-01
4.978545090754732741e-03
1.117812848747230803e-01
-2.353826167058118563e-02
-6.408184341860648225e-02
3.194763589398875725e-01
1.210564381420942137e-01
3.192723965402376185e-02
-1.528469905334818406e-02
-2.494714898948575676e-01
1.449944763774290435e-01
1.185429720260303965e-01
7.087683321449736451e-02
-9.199257206127230135e-02
-5.480218140237933661e-02
9.319313541846946380e-02
-4.257410868245861679e-01
-7.665715371900294617e-02
-8.410936878274854686e-03
-1.501743383295068013e-01
-5.147029008873425793e-02
-1.643202237579607095e-01
1.925097195151626028e-01
-3.439374343627073921e-02
-3.203638468257092309e-01
-2.038205171730520827e-03
-2.223431205005367284e-01
2.880399454343290921e-01
-3.623782285141016746e-02
2.022312843162430568e-02
1.920036794456616847e-01
-1.573647094745624087e-01
6.671319901554918774e-02
-2.189152921375644989e-01
2.753075676831058249e-01
-5.896485416442926591e-02
-8.761615272762611484e-03
1.483044434104596188e-01
-1.334875699680504457e-01
7.487834002251229915e-02
1.658918475475338605e-01
-1.805452826247910258e-01
4.492646920324938065e-01
4.906806436202511279e-02
-3.897153457300005508e-01
1.576380677100852890e-01
6.759739418706596503e-02
3.490596044167115081e-02
-1.855122500581060652e-02
-4.502030706030688001e-02
-1.383018950182622608e-01
1.024815331261607898e-01
1.204736495339228802e-01
1.492180876677625945e-01
4.018091797841744084e-02
-6.682314716998331849e-02
-2.578579022711648960e-01
-3.304443941914014804e-01
-7.987192017908788244e-02
-2.086193943141891327e-01
1.144542368479315314e-01
1.688840938645268797e-01
9.760282233777829025e-03
-2.830525504780690982e-01
-1.583720484806680762e-01
-2.341481733289154377e-01
-2.241495168752774270e-01
-5.484375905176931687e-02
3.227888686697168164e-02
3.319964040695396607e-02
-2.056753210851804403e-01
-5.331532772398223097e-02
-1.099533613990939657e-01
-1.743807345345761428e-01
-5.625493115551211468e-03
1.327956720646768229e-01
-2.706083126524164717e-01
1.008667178301748957e-01
-7.596383375942381000e-02
-4.525022443141080153e-01
-2.077039902010337225e-01
8.045558426574900279e-02
9.002542147806844031e-02
-1.656657476819475838e-01
-1.406133252709468873e-01
1.093863961740928169e-02
1.639819957281323307e-02
-1.417576535295640150e-01
-7.988575827974213339e-02
1.202803456999952149e-02
1.226444420827899062e-01
5.815038110939861615e-02
-1.790595273230901618e-01
-4.369366562414172400e-02
2.556093627439762761e-01
-1.164175269091250325e-01
-1.936458428127182940e-01
-1.284132643817401664e-01
-1.031019925624171302e-01
-2.599221111705604312e-02
-6.412341829481670030e-02
-6.255800525098459408e-02
1.888772438539621790e-01
5.926365563642981699e-02
-3.632261950947382467e-02
-7.565083737365610461e-02
-1.499847074554115992e-02
-1.388471284813628248e-01
-9.879228418880138529e-02
3.619226279156848025e-02
1.013468508244696475e-01
-2.290514797993849494e-01
1.853309119112233616e-01
2.207437143318332073e-01
-1.002260408645320663e-02
1.608974017860622663e-01
-1.641681621798524518e-02
1.781536131358621433e-01
4.858239079897847326e-04
1.983997574460190372e-01
3.038732487457994000e-02
4.713904687518104958e-02
2.826050007880275342e-02
1.091401170633818918e-01
2.060326835007962598e-01
-7.887222941612392901e-02
-7.429362636221797933e-02
-1.672137200995983120e-01
-1.082205839218986776e-01
-1.135893963783834448e-01
-4.740216092889847077e-02
-4.836498505038833162e-02
-1.723562218656303491e-01
-2.697290119229520111e-02
7.806412330692012735e-02
-5.854995285214566886e-02
-3.808706900011133573e-02
7.719818810551670740e-02
-2.410259359174481697e-01
-1.281960854185918708e-01
2.220675282049574401e-02
5.903573763498676935e-02
-1.572516025551647101e-02
3.469622377000989785e-03
8.085499598078944861e-02
-8.988167822355104530e-02
-1.207315862526108785e-01
-1.963373908212890373e-01
1.265214659229718652e-01
1.590843011496140824e-01
-8.103446401909307484e-02
7.619149081591697348e-02
1.734135025832953259e-01
1.289489627011208006e-01
2.572887592806444856e-01
5.871698765347654891e-02
-2.055725524536644588e-01
1.192022970641038598e-01
-8.926705726989211942e-02
3.659123672231705954e-02
2.198934671864425094e-01
-1.431686665765537769e-01
2.800728730790105238e-03
-6.634892878592962839e-02
-1.425801074620746678e-01
-1.170678366470328663e-01
3.801513050401869598e-02
5.020702889526204582e-03
2.450335422369980531e-01
8.647829694506621590e-03
-3.603495443445225294e-02
-1.816451652953934293e-01
7.793603968211471056e-02
-3.943146042690905823e-02
2.877179888296793608e-01
-5.571982187974240663e-02
-1.478377683257944830e-01
-9.637731575225491620e-02
-1.067437052428436700e-01
1.023675212426977815e-01
-7.941408475881980844e-02
6.574376930066951064e-02
-4.685663806085581945e-02
-1.722478232906969053e-01
9.444833800187454886e-02
1.547600558131153048e-01
-2.704108247468724469e-01
-1.614032365713447825e-01
-9.326876457250390939e-02
3.551930550763588990e-01
-2.161629415278185432e-02
2.340468652865715649e-01
2.033949727883440084e-01
-3.227140796949063556e-02
2.660934560387530623e-01
6.505991957370810264e-02
4.187947027889515200e-02
1.269462164429896456e-01
-4.273093509982736626e-02
2.763614202353120025e-02
-1.972786512235179257e-01
-1.870516185947480037e-01
5.275259319470360087e-02
4.903671271580250374e-02
-2.381309636457354384e-01
5.601437468832402844e-02
3.031977144582385653e-01
-2.775251493788888357e-01
8.251458739059544523e-02
1.080508491246632841e-01
-3.191530808917107942e-01
4.624298374280926688e-02
-7.194279903496342277e-02
3.152905862372992196e-01
-2.950451029117596713e-01
6.332377860592891539e-02
1.130217989528438244e-01
-1.483703646706036883e-01
5.186494007418444158e-02
4.705644439625061154e-02
-5.833722317206158081e-02
2.000302201196185459e-01
-2.500550401394878719e-01
2.542618436068141974e-01
-6.126171265204573974e-02
-1.411099069386626825e-01
-1.362570061489617665e-03
-1.863305839908497852e-01
1.530673015638945866e-01
-9.397219440468590479e-02
-2.354134402748849220e-01
-2.559794388630420303e-01
6.039692075740053269e-03
-3.943534715193678514e-02
4.224507559301701048e-03
2.661645555849989978e-02
3.099463240762168233e-03
-1.237854261507576326e-01
-3.760485618173378675e-02
5.135590560826616691e-02
1.100678491228112010e-01
4.628008266021373107e-02
8.810080105493901803e-02
8.972811676809124004e-02
-8.292725174925587306e-02
1.122797341125255782e-01
7.006361414426327816e-02
2.127240396346114990e-02
1.066114768138459734e-01
6.576719070008338330e-02
3.084974123067803567e-02
8.352735825675897119e-02
1.338513904993291481e-01
-1.639724566437647871e-02
-8.652466124415281179e-03
-6.286657277367220520e-03
1.369311863466214085e-01
-1.563824103966369450e-01
-2.175203527755846800e-01
-7.927852627186252055e-02
2.086169947615282849e-01
-5.180534327479581480e-02
-3.415239245708976412e-01
1.314541089011223574e-01
-3.342582086827045745e-02
-2.584654434987622429e-02
-2.711629931836969654e-01
1.539425117550481670e-01
-4.061073048381697026e-02
2.405442209932433240e-02
1.478541400622299384e-01
-6.226799061482735098e-02
2.288174649639467678e-02
-3.111619307804726342e-02
1.147119746420832281e-01
-1.298762568877853130e-01
3.745735833117522229e-01
-3.190011574020264196e-02
2.806586252483681335e-02
-2.494999061691062503e-01
-7.765342860959026372e-02
-2.415711897096321434e-02
2.170428488930042921e-01
-8.638780126405412596e-02
-1.294830738578745533e-01
-1.481908565687140023e-03
-2.070119946752505546e-01
-2.437971294400425801e-02
3.269568925796671049e-02
1.796769071478927227e-01
4.890651746605922945e-02
3.602020196735302160e-01
2.218293186474606382e-01
2.438100854105060000e-01
-2.772554546446143187e-01
1.528529396526018269e-01
4.445159024799840153e-01
1.650068413919202059e-01
2.217853387039062651e-01
3.384947775358924105e-01
-6.007700595094043333e-02
1.971162792096455528e-03
5.308006192990097523e-03
3.067230893026776650e-01
1.601748525210112128e-01
-1.235131190790745570e-01
5.595896786738226159e-02
-6.093280367217954185e-02
1.469839218708159645e-01
1.277266362106111441e-01
7.287355825109746721e-02
1.608883293773730461e-01
-2.056129449929509079e-01
-1.144217368072901822e-02
9.296939794794555068e-02
1.099390010893673830e-01
-3.114314588021597358e-02
2.179959666171021188e-02
1.686720696792190222e-01
-6.487125598434989593e-02
7.225398460235494744e-03
7.288042660259547167e-02
9.154229755684002712e-02
1.816790853176759868e-02
2.398698725873997170e-02
8.025966492653302531e-02
-6.147142730755324191e-02
-1.217696852982678851e-01
3.014729664352014740e-02
1.903399620113084209e-02
3.363456572295957930e-02
-1.769386499128104140e-01
-5.911231715236608952e-02
8.942238022378506956e-02
-8.193521293054266408e-02
-1.404578690406217412e-01
1.055609938918208729e-01
1.243580858615865176e-01
3.795398211410666023e-01
-1.809174429588911726e-01
4.516740798914462562e-01
-9.557426966912827004e-02
-3.505058587266123710e-02
-1.943768693975622130e-01
-1.198642376515851593e-01
1.334906028664696598e-01
3.656137358113023539e-01
-2.193482031598622400e-02
7.633398784655713587e-02
5.392070392283347668e-02
3.494986469285260022e-01
4.709392053064785644e-02
2.648636404307417314e-01
4.830343505559511752e-02
3.668898111401312501e-01
-2.182860049018028603e-01
-7.520066877101025393e-02
2.683034152665870198e-01
-4.406425883128724935e-03
2.044501520940096018e-01
6.496050605887790375e-02
1.571316170174968385e-01
-1.417013204972017160e-01
1.685878210712794256e-01
-2.163384792404039747e-01
1.890147838843038719e-01
-3.631090684988047546e-01
2.287503644622067844e-01
-1.653348209283538872e-01
7.156509443862740794e-02
-2.349780656645332200e-01
-1.789058697616721649e-01
-8.367500706101017871e-02
5.398206376600320905e-02
-2.205037676822893533e-01
-5.692894556302841025e-02
-1.548785825484710332e-01
-6.274605816458798946e-02
-1.152771088032513852e-01
1.447802261495486631e-01
-3.515199866370258969e-02
-2.437213702614452263e-02
-6.907301149265976381e-02
-1.801830948952960407e-02
3.839888843702716770e-01
-3.076034779113591411e-02
-1.080196711156960476e-01
3.251047938125122688e-02
-5.436913701196753601e-02
5.303381667337477012e-02
-5.691222415354302983e-02
1.378950252860789150e-01
-1.445706867913139522e-02
-2.563109778465350735e-02
1.014088164306475859e-01
-8.469289325889351600e-03
7.630240058636868217e-02
9.279794235259407331e-02
9.170783822294950594e-02
1.157643301368763492e-02
2.195283742541609961e-01
4.366337797645201968e-02
-1.010997689720433690e-01
-1.423475138633430344e-02
2.274275033128126400e-01
2.258663206976858559e-03
-1.116419605183440467e-01
-4.312049518448457519e-02
-1.287768385393600334e-01
5.973004720636726148e-03
-2.301311389154997444e-01
-1.063461764056862768e-01
-1.419583072231299647e-01
2.771439105475433790e-02
-2.114823481702867575e-02
2.442587867546189284e-02
-7.274137608100952890e-02
-7.959365501993877212e-02
3.090904690864381688e-01
1.792065132604669653e-01
-5.099796340235895897e-01
-4.929795495142672707e-02
-1.134521689005550255e-01
-5.516109459930930436e-02
-2.355803071696365159e-01
-1.363268610538504177e-01
1.836078189024790627e-02
2.067056303302793746e-02
-7.286661199687288759e-02
-1.023763719193355876e-01
-1.075939243295576803e-02
-1.905801416767062828e-01
-1.742568422665292660e-01
1.158013855101437672e-01
5.148502045572977276e-02
8.811293799523274572e-02
-4.695328784497773515e-03
2.611532788371655478e-01
1.150649683679972474e-01
-2.367011506964348533e-01
-2.854091325683276170e-01
2.046282981858743577e-01
3.287289040541520047e-01
2.567074285872469885e-01
2.754655542841852878e-01
-4.303944041810572885e-02
-1.918090231909583970e-02
4.754930533974304624e-02
-3.090527320037644299e-01
-1.083056101261894721e-01
-8.829842518729466572e-02
-7.872800414888975196e-02
-1.163487757403380563e-01
2.077241716277231781e-02
3.211984255290157297e-01
1.360490441165174147e-01
1.237692881837783865e-01
-9.104619171669939282e-02
2.061052136848693095e-01
2.571230785126925045e-01
-2.673489231791788268e-02
-1.145315076392782461e-01
-5.086579401282921575e-02
-7.746271193307861791e-02
-1.506448877484457827e-01
1.947924737961725938e-01
1.794814518602254605e-01
1.881543135663427818e-02
-1.226236322536573553e-01
-7.820453398935044154e-02
-8.896898815365746060e-02
-1.760611050096346497e-01
1.088722439929309116e-01
4.405646524958901633e-01
4.369039678944235949e-01
-1.039156967914198204e-02
-1.867254252901555736e-02
-1.449039037487912240e-01
-7.284457149116363439e-02
1.231567259284609660e-02
1.005330028394511854e-01
1.689810990173435182e-02
2.461440025061058245e-01
2.508950456478293081e-02
5.129174938448655824e-02
1.530696502860043051e-01
3.088061668796229786e-02
-7.527502109679655440e-02
1.461745956369475130e-01
-7.093507031722390971e-03
9.656872339169414454e-02
-1.231467139983735276e-01
5.801117276665175571e-02
7.911369969237724842e-02
1.160130355407972269e-01
-2.102802905484305040e-01
1.911223624547415678e-01
1.718656407783257234e-01
2.638986723800327283e-01
-6.429669262335731272e-02
-2.744488050610422933e-02
1.304054346899968242e-01
-2.194948326629257984e-01
1.464714189469810413e-01
1.247072415986694160e-01
1.307060438616258757e-01
-4.163016647946682358e-02
5.321262151722820286e-03
-5.888614629878331785e-02
4.531901369482732589e-02
-3.441028965342977641e-01
1.162031877620684772e-01
-2.373143803762358395e-01
-2.807301268894318164e-02
3.421424674277432909e-01
-5.915256823112317180e-02
2.853215106542357216e-01
-4.748968927881038610e-02
-1.442571245003319569e-01
-4.771420625749097505e-02
2.335346195296150174e-01
1.650590511780490599e-01
-3.252640553316332034e-02
1.050344324769732079e-01
-7.841102315466944028e-02
-1.969589500634811585e-01
1.578961069821243068e-01
-7.083024104905578933e-02
3.711697120248904497e-02
-3.624020621198179720e-02
3.072202953626945177e-01
-1.432234449621579697e-01
-4.905925006607386729e-03
-7.470855063270058494e-02
-5.092845290853701724e-03
1.311170787326549902e-01
9.358758237935554947e-02
2.857457385578522913e-01
-8.417911542181420737e-02
-9.248889390198412885e-02
-1.659015986333527842e-02
-4.293688819152078999e-03
7.981183190226982804e-02
1.287268341159754637e-01
2.039755042085474729e-02
-1.747400240191490928e-01
-1.947292590046837413e-01
-1.640892777028498672e-01
-1.338262093982881540e-01
2.012625304758577580e-02
2.161790516285770902e-01
8.828509419303043337e-02
7.325435882154282541e-02
-2.858559712697859509e-02
6.483532120184158642e-02
1.352277508152794905e-01
4.362121110711530969e-02
-2.179663758748986990e-02
6.902589461227694179e-02
1.334761839920914628e-01
2.959409041534937779e-01
8.526584533175186886e-02
-1.158923107272863545e-01
-3.917073176152630065e-02
8.005813180078170943e-02
1.085264261349076359e-01
3.525638770721353787e-02
-3.267659991367790617e-01
5.466843566599965953e-02
-5.461939309179182633e-02
1.048625906493149823e-01
1.105174332995366299e-01
-1.740284956127278321e-02
3.526379472884308419e-02
-3.000290422183066186e-01
9.204614226599683313e-03
-4.834968549902483176e-02
8.523516460757557534e-02
1.124963560542982799e-01
2.776684459543651146e-03
1.332996730173914525e-03
3.136012257942762393e-01
-2.145348653347890211e-01
1.724608387471690540e-01
6.016688508902640065e-02
6.022050892547354400e-02
-3.151949859464217574e-01
3.683143840169501859e-02
1.809639775416234386e-01
1.106130266451108013e-01
-2.650797245014559489e-01
1.020396143533675859e-01
-9.737026947660530965e-03
-1.340499225798302482e-02
6.782034444454007605e-02
-4.301716353615090555e-02
-3.820624260604212064e-02
1.378897738392797778e-01
6.018003244434785848e-02
-6.038689974670228416e-02
-2.059490533913827803e-01
-1.845443966238265524e-02
3.080906777871866842e-01
-1.167805595219961745e-01
-1.898737852080776278e-01
-2.558664035535506698e-01
5.619048192778188650e-02
-3.537394383024833333e-02
-9.805691068386372666e-02
3.368797559673692432e-01
-5.778615091793960074e-02
-9.859603857241257263e-02
-1.551584453718695689e-01
-1.053692895139124279e-02
-6.059535577455423677e-02
-6.658880851120433514e-03
-5.760000008128620536e-02
3.390174188248258336e-01
-6.768323954084083660e-02
-3.471846678859056429e-02
-2.974412201913301593e-02
5.167777639064415895e-01
3.117981805895053138e-01
-1.042599919593517437e-02
1.635628340467061848e-01
7.270893370827564983e-02
1.742212130180327903e-02
3.872057171586106711e-02
-1.816842223618648708e-02
6.620094226011369321e-02
-9.331188661208861257e-02
1.070152864685116889e-01
-1.652708622070891975e-02
-1.802480143038539540e-01
-1.402588882564329564e-01
-6.820084564560344176e-02
-1.019747923295457603e-01
1.800153292425692858e-02
1.330281151759075686e-01
-2.542958896633141022e-02
-1.139632195890307939e-02
-2.799815287305570943e-02
-3.350235578835993322e-01
1.137720582898589516e-01
-7.533955169178824240e-02
1.024753500050068489e-01
-3.543320274261484160e-02
6.819664462065992694e-03
5.465207479350958630e-02
-1.540887411259848350e-01
5.960113115166347508e-02
4.756508240194290416e-02
-4.886354683154449765e-04
3.028335911075357156e-01
4.852498299616099520e-02
-8.270867312047163605e-03
1.908041019996405130e-01
-1.448373805809058043e-02
1.097812945401402257e-01
1.712441035053752503e-01
-1.836877869024495027e-02
4.331955980996175792e-02
-1.513411200966299219e-01
8.876356017496424278e-02
2.573962766805933805e-02
-6.539301072129452552e-02
-9.276976110057474911e-02
8.456190826524935533e-02
-5.718972765410144238e-03
-3.080207940462337604e-02
-2.222685304023038211e-01
7.386757916227386367e-02
9.050413397715043051e-02
-1.394193487313744040e-02
4.195135704675707206e-02
1.299330827996616755e-01
-1.547230315442403754e-02
3.601000836713379172e-02
-1.621488560056355832e-01
9.123607579719378302e-02
-6.688755980029395531e-02
1.297146033370291489e-02
1.168606747096985476e-01
-1.756746726817742799e-01
-4.859948869425990969e-02
-7.747226971569683152e-02
-4.073925496127259877e-02
-1.704417707907331936e-01
-1.554596886852435134e-01
-5.365349792844657795e-02
-1.072821375431171481e-01
2.240441193996387526e-01
1.113672429348396414e-01
-7.214080576705320103e-02
-2.098929489814619909e-01
4.602564378178804205e-02
4.151770521893966004e-02
4.019247213021115428e-02
-1.061734678885970645e-01
-7.489842685321969340e-02
-3.218895766430573957e-01
-7.144934555181092772e-02
2.256395607950325427e-02
-7.754545951238581147e-02
-3.817318030166792775e-02
7.062512833509794474e-02
-1.385086313317780427e-01
1.801379288053365779e-01
-9.687538476979867808e-02
1.210289553030877846e-03
-4.997408132710617901e-02
1.840020187180863298e-01
-1.108103658876496145e-01
1.577575490718629569e-01
-1.403167133372142106e-01
-6.857053500121262912e-02
-5.169163648777159309e-02
1.271262809672728819e-03
1.613544135394630596e-01
1.823487774845165485e-02
1.343290519578229925e-01
-1.463558355158569302e-01
-8.330868105718765293e-02
3.881847524095883850e-01
-1.470349542630598055e-02
1.513047675605076192e-01
2.796536628333260999e-01
-9.235924124918329370e-02
1.253597693444413741e-01
-4.000396131727874949e-02
-1.239560261993109119e-01
2.029470110106895986e-01
1.498553099185207793e-01
2.664024687936260120e-03
1.675300801058685896e-01
7.094977919851722103e-02
-1.403213079991274918e-02
-5.886726789020966383e-02
-7.729327098473607986e-03
1.077576190056478596e-02
-2.048020170534338158e-01
-1.417732352053709954e-01
3.759668410667167671e-03
1.251699194243864610e-01
8.051997802973806517e-02
-8.110652020857078703e-02
9.538541131293357123e-02
5.338209127711729396e-02
1.920090973621496333e-01
3.164299902735173697e-02
-1.857014184175950489e-01
1.277948232968265443e-02
-7.623988397258255056e-02
7.229270916387295354e-02
4.180355836668366715e-02
1.902446729142520387e-01
6.023321692845358399e-02
-1.527315741346542965e-01
-4.905707843650063127e-02
5.332522814804174088e-02
1.522513249968381055e-01
1.465423298821249276e-01
7.962513661440781543e-02
-8.624435429831410482e-02
-3.111309344306131819e-01
-5.734473455578580070e-02
-6.858611792108960936e-02
-1.389855131248321322e-02
1.379257228746913755e-01
-8.246125454911601427e-03
-1.233711451417176114e-01
2.269459583226931393e-02
-6.131206628269631614e-02
7.600462037292043949e-02
8.419278434922140841e-02
1.901336122257658162e-02
1.399304033140367498e-01
2.844655341211541622e-01
2.589358567793468846e-01
5.177764845903974969e-03
2.575334664875101320e-01
-3.745704323774919769e-02
1.599210246780079503e-01
-2.535510178691980157e-02
3.679862670606496439e-02
7.697020863690043346e-02
1.566514845220452479e-01
9.662497690858614166e-03
-5.816950885359879059e-02
1.378106831004495547e-01
2.312922758321056191e-02
5.106779840539638418e-03
6.126325547429504678e-03
1.698113553952679544e-01
6.551809489267666764e-02
8.626572931686166124e-02
-3.034769293540622859e-01
-3.222295557505696489e-02
-6.047370707397688866e-02
-1.078359081835626732e-02
-4.272358997968300071e-02
-9.177549712473601073e-04
-2.663877059775129896e-01
-2.076159799498863978e-01
-5.645946107231346323e-02
2.017774739401775180e-02
-8.611953238332488436e-02
-4.302358771394693832e-02
-2.567966353313034800e-01
1.270294184313515984e-01
1.248385481971986122e-01
5.667155394704431748e-02
1.246532737147184877e-01
8.143357429267232550e-02
-6.361766730868947950e-02
-1.804130706197433487e-01
-2.213133634322123344e-01
4.508301849547304702e-02
-1.032598555165477744e-01
-5.397994570444549813e-03
-2.054035445383087244e-01
-1.027119742808153824e-01
-1.254110068104484499e-01
8.680197295361301302e-02
-4.204801235902296680e-02
-6.984610916670060121e-02
-3.823021327783920204e-02
-1.022318790775597064e-01
2.085388481096859398e-02
3.305588778939463207e-02
1.106374774811458433e-01
8.698657348487329188e-02
1.056890842688766041e-01
1.807377057384399188e-01
1.716271845184038358e-01
-4.692225783630601249e-02
5.761497136538495240e-02
-9.466970469862077964e-02
-8.664013478793702525e-03
5.282620604078851895e-02
1.295316976306047640e-02
-1.601867833382323789e-02
1.999137861012939554e-01
-6.063240092405416774e-03
-1.575355965027358529e-01
-5.921505738880546849e-02
6.642219687703178332e-02
-1.013539155436058020e-01
2.537073846637994401e-01
-1.670981581119131698e-01
4.978634059884118335e-02
1.110298490094283608e-01
1.846340491695048214e-01
-1.428837879364182606e-01
-9.866884345295258429e-02
5.653117812744756776e-02
1.471385103358022750e-01
1.060341437411762566e-01
2.494474261686868422e-01
-1.250314465735294644e-01
-4.996506583548181515e-03
-6.992135601226065478e-02
1.995840772423231324e-01
8.797705992619123117e-02
9.683553516285114959e-02
1.258119959182233960e-01
-5.031047491086054757e-02
-3.689435736773769570e-01
1.330800592608463451e-01
-1.737825898518794571e-02
7.542649281124902405e-02
-7.897275295439873388e-02
-8.482655064682186052e-02
-2.505422269170648475e-02
4.035586526988669577e-03
7.842133822725180781e-03
6.377884254855985258e-02
-1.430874492203986978e-02
1.310390759444347332e-02
-6.345826175311292117e-02
-1.349346624755923540e-01
9.237347383967826203e-03
4.547565867699984721e-02
-4.902636998289073081e-03
5.487684658677619010e-02
2.076446139453047915e-02
1.816106200405802618e-01
-4.379283172573113919e-02
4.250262275950910523e-02
4.048200561527998120e-02
9.219352426917366145e-03
-5.169559632832502333e-02
-2.955793085820737631e-04
-8.747871601391733754e-02
-1.439465435084559819e-01
-5.662891746676163365e-03
-2.771314990382658938e-02
1.322482569682460751e-01
3.005914955179190065e-02
-8.210946925239250016e-02
-4.286922932592135416e-02
-2.533332229776206340e-02
-5.341008920207926738e-03
-8.261489975210507819e-02
1.538083468514881147e-01
1.822823078803950947e-01
-3.339314891382412498e-02
-4.457820743004609759e-02
1.004598730568371096e-01
3.994356530972634038e-03
-7.372034478293676418e-02
-3.739263090220273922e-02
-4.786861663555073976e-02
-1.482707877805603848e-02
1.935105091518746906e-02
-3.788828979880223130e-02
1.378753269815671534e-01
1.787556182439452301e-02
-5.332813132975448150e-02
3.601510286566622643e-02
7.745499526179626393e-02
4.268448173187568660e-03
6.220499663550330127e-02
1.809075826074677332e-02
-2.416526365269174581e-01
-1.980372637197692909e-02
3.976936691705124788e-02
-8.230087293977840501e-02
3.687531963996221879e-02
7.677802900171190603e-02
7.671311970404284808e-02
2.912221432024382148e-02
-1.220067227769585372e-01
8.501634464698107352e-02
-1.976303720955365634e-02
1.698952644459399697e-01
1.031639553651508417e-01
4.971825142285897503e-02
3.368006874751434260e-02
3.586702383757245371e-02
-2.092897454752351560e-02
7.685204531888642498e-02
-2.138723459346907746e-02
-2.003933802459698099e-01
-8.276112327488933940e-02
-2.291231182961449009e-01
-1.638444212772020014e-01
-6.529711382539865605e-02
-2.113595865961536424e-01
-9.249661710937427672e-02
-1.342628746111495727e-03
1.571037931098786811e-01
-5.128566839227006319e-02
3.706736299855837441e-02
-4.339233559340690410e-02
-2.437636198736960885e-02
-2.390663594514596396e-02
6.640939082057976950e-02
4.042075352194005738e-02
-1.265830314902221254e-01
1.471377019280266096e-01
-2.037249340038549059e-02
-2.498774945698519490e-01
-2.932162423837789134e-02
-3.922160288047863569e-02
1.710398382115368709e-01
1.762066258398334653e-02
4.680592640386575277e-03
4.892756994779049601e-02
-2.743445852948565578e-01
-9.824842287446167166e-02
6.702864485350468367e-03
1.036200873968166486e-01
5.051906272910059240e-03
-1.162767246019534920e-02
-2.069315214087574517e-01
8.104467998697975628e-02
-6.909346545353317603e-02
-8.485795785155505686e-03
-1.264841973367582251e-01
3.562502128210894015e-02
2.606257293874519529e-02
2.744930698062745256e-01
1.065550134563163567e-02
1.022185122817438757e-01
4.027156023335146107e-02
-1.509899656707480997e-01
8.047205038345174588e-02
-2.046899160106401341e-02
-1.311750726620957430e-01
1.035153003541348579e-02
5.595954985004618007e-03
-1.331434767237880956e-01
-1.625659497807096510e-01
-5.423385297419978587e-03
-5.186047839768538614e-02
-5.593007368530182599e-05
-8.469193524263902983e-02
2.373619401209865754e-02
-3.125539401420975028e-02
-7.343009533130749611e-02
-1.201478124857846136e-01
-7.317823738735620975e-02
-2.965700502088589735e-02
-3.145606746277209570e-02
-3.545785111681992036e-02
-1.026101777837982731e-01
-1.110887883769582918e-01
-8.605104201944432929e-02
-3.871994549627073845e-02
-6.156337914442724241e-02
4.138836197402719075e-03
-5.332432885438559422e-02
6.026476638832848481e-02
-5.585770351719237387e-02
-5.488735982772233873e-02
3.146097519395929520e-01
1.633834384464625811e-01
-1.875370749465296305e-01
-3.787480083953682214e-02
-4.447734708847395774e-02
-9.693937412280712040e-02
7.433995782758218152e-02
3.540863099456225543e-02
-1.717856311602538807e-02
1.384432715801509062e-01
1.282758757784359105e-01
1.845536430741898104e-02
-4.719844920076236156e-02
-9.817630639504235091e-02
-2.575226709326256525e-01
-1.116707241661490935e-01
1.861157445722201043e-01
6.295321780625645625e-02
-8.336142087349934782e-02
-1.039590712689648089e-01
3.213654734438938648e-02
-7.625435249305343582e-03
-9.189179581047861312e-02
2.919881278511112649e-02
5.812230131125391969e-02
-2.005992842910718152e-02
-6.076379129191380492e-03
1.854691258903153409e-02
1.204788683551660106e-02
-8.946516761760420211e-02
5.585336389150066111e-02
1.599528296208236888e-01
1.853510333269452748e-01
6.458847215817703491e-02
-2.319060538930116031e-02
6.851180065864954927e-02
2.103905064038557801e-02
-1.358047998659005495e-01
6.795112973609291132e-03
9.026120601384399200e-02
-4.589052612172812851e-02
2.205601024211011757e-02
1.086640059389989976e-01
2.154091991972059417e-01
2.891761572060188579e-01
5.407882373006649840e-02
4.245617317239271105e-02
-8.137698582481965592e-02
1.142687185392336768e-01
-7.804040540343948340e-02
-3.873682032282415033e-01
1.577682081551569082e-01
-2.301824024667257010e-02
3.293267619918578692e-02
-1.233834571057116584e-03
1.152258900628761254e-02
3.789649146940939073e-02
-1.258731915714317653e-02
-1.483248761557533768e-01
-6.212059849250992777e-02
1.605729392790302204e-02
4.414771245424852636e-02
6.853666281538101090e-02
2.778662959524916265e-02
-3.102237109534155407e-02
-3.652128857645872695e-02
-1.957909658585085810e-02
1.073881057737659933e-02
-1.112599372248558940e-02
-3.271726404565213908e-01
-6.955995051826990849e-02
-2.241177437695406061e-01
-1.929402573940315613e-01
1.807023966244768187e-01
1.290258185841910155e-01
-5.758242773860771518e-02
-7.385558102160830196e-02
-2.074478076359788370e-02
-1.626583542487664569e-01
-9.471844291810156691e-02
-1.990718433412677624e-02
2.102820013592269360e-02
-2.123543093328355332e-03
-9.168202633282736269e-02
-1.097726693814542603e-01
7.959372330422739839e-02
-1.145493688429023715e-01
8.370799188690908332e-02
1.393822188750846180e-01
3.076739888092506342e-02
-5.559033901960028050e-03
1.526006531500029018e-01
-1.584886978114570799e-01
3.737499707621462497e-02
9.192599541021000131e-02
-9.365220315332080381e-02
-1.183280796446995881e-01
7.379497797926704017e-02
1.689113427757323593e-01
-1.838655627993422137e-01
2.633820612085724724e-02
3.336110233944195036e-02
-6.087477518803926374e-02
-1.953947166378354819e-02
-2.909821187289557409e-02
3.245994749609569796e-01
2.993230533359269585e-01
-7.596697162686107119e-02
1.376923012252568024e-01
1.318769537494295374e-01
3.608158774876749630e-01
4.193555159634392709e-02
-3.469361730911566660e-02
2.998024903136874489e-03
1.750287397746620732e-02
-1.985949878837908397e-02
-8.954224209376543397e-02
-3.546416528966709475e-02
5.547864156111054906e-02
-1.370237545962946502e-01
-2.663074253595874019e-01
5.020915677894510765e-02
1.308070033885131156e-01
8.793116939099449025e-02
1.270924433133386600e-01
6.764602575149016028e-02
-3.994961405386125708e-02
-2.465625561042925420e-02
6.050540409647620077e-02
-2.136337852110088420e-01
-5.609730604434988444e-02
-1.259484022087013766e-01
-3.216709344266548837e-02
-4.004248027633282997e-02
-6.223133532210769342e-02
-6.760375005475156851e-02
-2.040344973043284604e-01
-1.216042394874136956e-01
-6.401730168194001702e-02
6.447993863961598571e-02
1.624790964716731900e-01
-1.550012212008683270e-02
5.187733240636950571e-02
2.896249526811489616e-01
-2.109307729152801528e-02
-1.631830049512968395e-01
-1.568955630373022325e-01
8.425815056246722945e-02
-3.392836033658562511e-02
-2.226154127559813387e-02
-5.210599901219372526e-02
1.873055070713193840e-02
-3.928147635105808666e-01
-1.053666924350525613e-02
1.078827911150602864e-01
-3.678461766223873469e-02
-2.659196530391238350e-02
-1.697583328471189423e-01
6.361404636912838806e-02
-4.472396953852322832e-02
1.685153804283958112e-01
8.668367160042805830e-02
-1.586601757169667226e-01
1.235067921180340728e-01
5.378946026651025558e-02
-4.595574997081134511e-02
-1.250123067832183688e-01
-6.204409262371831518e-02
-1.795180407154464003e-02
-1.355568173229550200e-01
1.074866622909826375e-01
6.671698100939331758e-03
4.542954397764997071e-02
-9.142370432661682533e-02
-3.303497484501994371e-03
-9.545197878556058169e-02
-1.518752080429968676e-01
-6.898284521607198072e-02
3.397366586253274257e-01
6.582095475316002142e-02
3.391560633171580852e-02
-2.837220245170378116e-02
-2.284529596862268364e-02
-5.832644869596236709e-03
9.770001912338480143e-02
7.795557016944017203e-02
-5.046425451506465765e-02
-6.053253947285996972e-02
1.168358449054288789e-01
2.101303223715960955e-01
5.001990255376059791e-02
5.066079342165269450e-02
-4.371339063043229445e-02
-1.990794243384872569e-02
-2.522688038924821852e-01
2.220117977177327520e-02
8.791961313070283113e-02
-1.347666447185882042e-02
1.462201005135030929e-01
3.950057721615257700e-02
1.801852256009387962e-02
-1.847656025962657669e-02
-2.594411509844398722e-01
7.038268316355494880e-02
4.779892804301855147e-02
1.118422606552954141e-01
3.644542301517424837e-02
-8.206683226504639384e-02
-1.028066093923989122e-02
-1.447500617014589597e-01
8.825898718790116393e-02
-3.084307650613875018e-01
-2.284641995182270513e-01
8.089835618782936430e-03
-1.394042683793840845e-02
2.215793649932497889e-01
2.332837018673895590e-01
-2.028075899019986250e-01
1.225570093048328757e-01
-7.127612602395196062e-02
1.195822060937289655e-01
4.295604381640329150e-02
-3.327970068029958289e-02
-3.546833641682738125e-02
6.594812147483043729e-02
5.083069926914657310e-02
-9.856368528577300059e-02
-5.258363078888263903e-02
1.468644176135733004e-01
2.703139731149127867e-01
1.089178971323371131e-01
5.982401300503090158e-02
-2.285447046239547642e-01
-8.222445292652988749e-04
1.506208608615376421e-01
-4.729339154292809544e-02
-1.199863866244048685e-02
2.005748996171520526e-02
1.997163837157464317e-01
-6.982113298980835436e-02
-2.635236894988487837e-03
1.284406722312807225e-01
-5.118771819400259881e-02
2.423400050639052533e-02
-5.067632754947900935e-03
1.510786332152090627e-01
-6.238990653838148714e-02
-2.329710738402717973e-01
2.299046005374708046e-01
3.810813297284185164e-02
1.286548455912605859e-01
6.498262205777809164e-02
-1.792664374599729216e-01
3.164596386272269246e-01
2.349680620341537407e-01
-2.787649562983239293e-01
6.378987247721054632e-02
6.432970566829907325e-03
1.238826215418575849e-01
-2.174316463912236985e-01
2.161849977840453463e-02
5.127284739164119504e-02
-1.629343687227443466e-03
8.157852442325549958e-02
-1.530813037423071343e-01
-1.064343219302860272e-01
1.209195245934011897e-01
-1.280559897145046866e-01
3.230522938025567892e-01
4.313353851441407288e-02
-6.705269936116317955e-03
1.438958388829228163e-01
1.452360350463511030e-01
-1.233563249796137962e-01
-3.828955952388867628e-02
6.698116262325386205e-02
1.173171664316673413e-01
-7.452376895041501990e-03
1.025952789814089244e-01
1.915929723852362876e-01
1.238611322547729550e-02
-2.794365116768171564e-02
1.199007444799234622e-02
3.252405031366361610e-01
-6.045220604542610177e-02
-4.428329518871419734e-02
2.317169241872091799e-03
1.581745960665056627e-01
6.916289034981899786e-02
9.704877770208779342e-03
-2.520770853657231143e-03
5.587579771706509268e-02
-1.897887243341414565e-02
1.728563444466317545e-02
8.189116280038494233e-02
1.230764311269431782e-01
-1.320456369050002909e-01
-7.197116854658641705e-02
-3.684797723862059948e-02
3.384887414271415401e-02
1.160733560488084321e-01
4.059264302578931283e-02
-6.075009494866012716e-02
6.251491280869711509e-02
-6.223327328284337240e-02
2.178498922940859048e-02
-9.527341528649344721e-03
9.737503756288262702e-02
-7.702652990605099448e-02
1.301334477177598092e-01
-7.142824996648981795e-02
-9.700207382108229359e-03
-3.694742085291596867e-02
9.199156215383861787e-04
-2.263822683844481445e-03
4.254218531401935538e-02
1.578057846134628128e-01
1.545233780659224961e-02
-4.933531775258955671e-03
1.225658245132377755e-01
-7.689416086336936518e-02
-1.510740640131129353e-01
1.511953812986719381e-01
-1.166076070930359698e-01
1.351439340893559049e-01
1.409821993794597439e-01
2.793030855615959498e-02
-2.229641709388366644e-01
-3.877940717431414830e-02
-1.005478617878411817e-03
1.015547055541703159e-01
-2.146615951324965799e-01
-1.555104115958190203e-01
4.744962753777917652e-02
-1.132102346020768813e-01
4.221161806143618883e-02
-5.384355556837923384e-02
-1.924916263339422340e-01
2.455339021960371293e-01
-3.845297051258710769e-02
-3.170235693582908187e-02
5.289699715072162384e-02
-1.173148727640814515e-01
1.648046493664921675e-01
-1.292371963527005375e-02
1.030875933084119400e-01
2.406584749926343469e-01
4.791669839751182269e-02
9.382355743969920600e-03
-3.177306422966952315e-02
2.337980025667036610e-01
1.246477484574410183e-01
1.241985928837591041e-01
1.554035923129928054e-01
3.383137852086980091e-02
1.793819710376310522e-02
-1.279556106002391336e-01
-2.828281244066802036e-01
1.188706200309310040e-01
-1.637091253602342422e-01
1.261002433868450290e-01
-1.069050103429028398e-01
2.498924291323585678e-02
1.897307002616768767e-01
1.144654560466804721e-01
7.313045781758494013e-02
1.102396546618094053e-01
1.997686778569408295e-01
7.863886985639283178e-02
-1.267184220830360614e-02
-1.648213591979344195e-01
-3.341605226355953695e-02
4.425354068410287250e-02
-8.449570211248012830e-02
2.814855770727828568e-02
1.978284971084104046e-02
1.049644944774293445e-02
3.336748390042621609e-02
1.409397844872355143e-01
-3.634733697445365064e-02
5.709093728526078854e-02
-9.697408033713794673e-02
7.250578439140453746e-02
-3.699229496539883227e-02
2.456159770439089035e-02
1.302227140780524706e-01
-4.358716077221206492e-02
6.748593122424213775e-03
-8.520423319401174145e-02
-1.243882087901789293e-02
-4.208881308471272564e-02
1.210279056848098111e-01
-1.057481561998439706e-01
1.342325500423983964e-01
1.776230654672427411e-01
1.321709572563855295e-01
-1.464343675126365540e-01
1.506073232112967453e-01
-4.047596597927190232e-02
-8.663733070819859550e-02
-1.973721743943652671e-02
-1.761823072873170207e-02
-4.323244996323014067e-02
-1.858960734522887431e-02
1.241403486872230677e-01
3.664685391698009609e-02
1.257564492081227892e-01
5.912594913771246352e-02
6.215522543762762309e-02
5.224166461665930017e-02
-1.755807844403818943e-02
-7.072953197064302255e-02
-1.823156523503894899e-01
5.655579902813715615e-02
-2.735091845880095393e-02
-1.411290191003600480e-01
-1.007317520533042854e-01
1.356179178609172135e-02
5.328276868776735120e-02
2.672393768392720970e-02
7.061858503731094361e-02
-3.584401837710531058e-02
-1.125766224855629938e-01
-4.043023015423109073e-02
1.106534788431345895e-02
2.157718940475199590e-02
3.603869097663343901e-02
1.288819163197383044e-01
7.284654924831701628e-02
-1.794603284767253559e-01
-1.895538934099094408e-01
-6.053618012829882489e-02
1.486209022010139547e-01
1.619057134538820150e-02
-1.739602217311285726e-01
6.371994244230481941e-03
-1.133935272842904740e-01
-1.521799585274773853e-03
3.048650613701037876e-02
-5.048901837678589077e-02
-1.613794474056067657e-02
8.805098913724601628e-02
2.186436700394691485e-02
1.020322416159971102e-01
-1.748753935043024788e-01
-1.333764119037157692e-01
-7.114559856817521954e-02
-1.713700135604276087e-01
1.109825404882660571e-01
1.122797292109576073e-01
-1.706579136744500458e-01
9.868684302214453946e-03
-5.383448654550098030e-03
-2.062776104687555068e-01
-1.615602135706091513e-01
7.725484414662131538e-02
7.142842130515263122e-02
-1.793293818811606544e-01
-4.741291335628732700e-02
3.509178289839223752e-02
-8.789946033052713215e-02
-7.827271897801946210e-02
1.115240566717422555e-01
1.870250418806812254e-01
1.420888613566255732e-01
-3.848078092289193286e-01
-1.482980606656836287e-01
5.695867626224840330e-02
-2.978950473337553528e-02
3.671402496718968733e-02
-8.897108958651081534e-02
1.382564687349369104e-01
1.455120078792452865e-01
-1.507212300317357402e-02
-1.121353304256907657e-01
-4.876564609688696997e-03
-3.093325253307853129e-01
-3.572948938973060512e-02
3.299624659310868013e-02
-6.111187710354024777e-02
-2.117370750219344233e-01
5.663964488443322398e-02
3.938758683814933548e-01
-4.096071235980712141e-03
1.625884703647451357e-01
8.439730169322915386e-04
4.503564282561352272e-02
-2.472490208559590119e-01
5.024244457913521616e-02
4.250957623083672851e-03
-9.856472216685936705e-02
-3.299236981475157232e-02
-2.989249453939841691e-02
-2.486037581635003324e-02
-2.125772371777099601e-01
2.241039471987991971e-02
-2.782126572772198117e-02
-1.285144720260593225e-02
-1.144247111318082502e-02
-1.129746821608687418e-01
-9.557189368745425476e-03
-4.635964106832989734e-02
-2.135932588472866100e-01
-2.161089540026062128e-02
1.483716495606251518e-01
2.828445573098805135e-03
8.708918576816963852e-02
-1.747549666817922731e-01
-5.481205597281783859e-02
-5.113814785591089956e-02
4.586826978268203348e-02
-1.016641700783057767e-01
2.921154690399664910e-01
-1.306353056411588623e-03
-4.138796140596252837e-02
-1.166330187064290938e-02
-2.206648052491923251e-01
-1.418173717054813376e-01
-7.401595384240522435e-02
-5.287335241991440032e-02
4.383338469234631524e-02
-1.212293869421802173e-01
1.091379729818352101e-01
-1.279483424748822928e-01
1.311689869228879063e-02
-3.016981876905277388e-02
-2.216327790922901220e-01
-1.600015596793019634e-02
4.761301038929948576e-02
6.967744647627638344e-02
-1.571857810599645300e-01
6.863045418476274029e-02
1.827161177692128262e-03
-1.144384599754753179e-01
2.892794796498197180e-02
-3.127937536133590379e-02
3.437758672344205790e-02
1.171123868035256199e-01
-1.271361852616988974e-01
2.121301454017591182e-01
-5.030790491621139199e-02
-8.671820962591270110e-02
2.833440098542155394e-01
-1.212113664141688668e-01
2.105431750491717352e-02
-1.556207419846845647e-03
4.798835564470019938e-02
-1.069125040917709435e-02
1.520083883919470524e-01
2.050044177614562257e-01
5.272813833969408615e-02
-2.333047750611330629e-02
-2.292066066207739533e-02
-6.710744687280856269e-02
-9.371120852708532400e-02
-1.613855696922460170e-01
-5.116543965507317632e-02
-4.668082336625370421e-02
3.208089901108739095e-02
1.341690340335580378e-01
4.077101964991589750e-02
-1.866214083034033189e-01
-9.372826335671970155e-03
9.869161816714315527e-03
3.858050387143755616e-02
-8.354744283974695207e-03
7.151690272297088480e-02
5.538380665135376330e-02
-4.124553984558496783e-02
3.376879927666909947e-02
7.925340824439131016e-02
2.016582990416417032e-01
-1.903523448975348864e-01
-1.163342884989070347e-01
-1.240042735443787902e-01
9.282075790323947306e-02
2.473758682293583366e-01
8.171571720045524290e-02
-4.050599836266186721e-02
1.054923363838602690e-01
-8.653939771383110935e-02
-7.671058136038223785e-02
2.188925631044837949e-01
-3.146737060189669366e-02
1.020703169220724404e-01
-1.112488427084450289e-03
2.578640996374125319e-02
1.059946921760842597e-01
-4.440904988340569487e-02
-9.679377494413651806e-02
-1.622258037411977993e-01
-3.097335654741777133e-02
-2.715632781459626638e-02
-7.863746597162293850e-02
-7.846000898302804560e-02
-1.386629449816887544e-02
1.578549545538116827e-01
9.526092306775958696e-03
-1.880293675349382077e-01
1.201546749692867233e-01
-1.091898770261291209e-02
-7.931693887059791670e-02
-1.675507311975397984e-02
2.089624683233027580e-01
7.753399361232060638e-02
-1.596662313874790962e-01
6.894670912477421365e-02
-1.868950536242990623e-01
7.020254246355484007e-02
5.269128876465545286e-02
-1.185892215003013089e-01
1.357026944989476736e-01
2.636012378510318999e-02
-1.574417013915222971e-02
1.578542012258597471e-01
-1.178948556656663899e-01
1.369044053358002382e-02
-1.250809018288873663e-02
7.365351615089597848e-02
-1.032906697732861034e-01
-6.651765132352724375e-02
2.229949353763895081e-02
6.890725822507774712e-02
2.263419461079923395e-02
3.132022411838318865e-01
2.871738867372357062e-01
1.217870347283829119e-01
9.352938754943053434e-02
-1.754842056186427801e-01
-2.509086664743448089e-02
-1.257837941527409353e-02
-1.747947373838337065e-02
-8.638579024168084597e-03
3.025642824559725969e-02
2.230624210422211262e-01
3.598019747702832505e-02
-1.452725567028662415e-02
-4.106023720082717376e-02
-2.665472968834761008e-02
-1.427221594373065047e-02
5.963860440953882430e-03
2.473035964823997179e-01
5.267727732878713792e-02
-4.290132214364830721e-01
1.902554476815962806e-02
-6.048498909461540174e-03
5.990716043846767980e-02
-1.254792228890763695e-01
-1.861894975252951501e-01
-1.320899567774402872e-01
-7.134326241744848307e-02
-1.923027385319885929e-01
3.985087712685850964e-02
2.165232392450498061e-02
-6.125679091736369042e-02
-1.418996127492974102e-01
-1.148581696034280952e-01
1.226495894871017511e-01
-4.126075576181566229e-02
9.871529992456846980e-02
2.268183256635753278e-02
-5.479968743748821203e-02
3.120716606849315011e-02
1.562029998660601111e-02
1.586310534818710649e-01
-1.730948620006106387e-02
-3.790176875280860253e-02
8.333841675378915459e-02
-6.064058434078142823e-02
6.495369089083863345e-02
-1.198199500383055199e-01
1.359954444130300477e-01
-5.023459593362851472e-02
-6.481062222407182882e-02
6.225685832904866851e-02
-7.920020931083554538e-02
4.922591093573988608e-02
-7.586317109184191609e-02
9.854763068275936011e-02
4.042276144124454587e-04
1.421609335903409321e-01
-1.418936370617262244e-01
-1.342947051017287508e-01
1.815811883659974174e-02
1.774178150764975648e-01
-1.155357377833375609e-01
-4.139478163735117733e-02
7.591224129118270825e-02
-7.880312556455230932e-02
-1.410967279308257202e-02
-2.132057975900168434e-01
1.613081770790764924e-01
-4.774390121312841601e-02
-2.030240779135046303e-01
-2.278197593504030158e-02
-1.675757200462419105e-01
1.564749558051573841e-01
-8.513043938858312620e-02
8.250084951764635743e-02
-2.608870081960630929e-02
-2.989844048639875851e-01
-1.128589374151963733e-02
-1.255205493946736361e-01
1.382484184820455542e-01
-2.560800795148526210e-01
-7.631017082172141842e-03
1.333264333471612384e-01
-1.967164600522164630e-01
-1.345260918761965845e-02
-1.516426531452765014e-01
4.384502439611092511e-02
-2.778727132525893317e-01
-4.674443387547980167e-02
1.228174463952891315e-01
-1.501749220475309121e-01
1.287747601731096814e-01
3.384132870850195540e-02
-7.003361138273128672e-02
6.280346465885919272e-02
-3.498990428219219684e-01
-7.558846210621106287e-02
3.062217347717119953e-01
-2.384880668338214965e-02
3.224871533919954764e-02
-1.388000616365196206e-02
-3.814916909129972139e-02
9.034966734598168236e-02
2.908837157424417827e-02
1.425665187494422614e-01
1.177167749422408788e-01
1.543493992257523595e-01
-1.751256461908841378e-02
-1.388695688077142276e-01
-6.015429630510971126e-02
5.559881762135118755e-02
-3.412514259947346806e-02
-7.733556167391847369e-02
2.764456603268844459e-02
5.808742206021209192e-02
2.156329375003493698e-01
7.223479958484899099e-02
6.678453719309289383e-02
-2.407445561980387783e-01
8.260375855315888784e-04
-2.648799817249452085e-02
5.472202171288488570e-02
1.149138522934643747e-01
9.003479587212179225e-02
1.526687321110285767e-02
-1.443848565560114650e-01
3.069784390105620778e-02
6.843183639536967733e-04
-1.188075991124928066e-01
-3.665898705759303156e-02
8.206907110051386844e-02
4.459486044150422386e-03
-1.641024024043871155e-01
-1.303856024931130120e-01
-1.590084799875002841e-01
9.826676174159054700e-02
-3.594090774194207832e-02
-4.930612351381859909e-02
6.957720492644847710e-02
1.829236178680033464e-01
-2.225971382471995941e-01
-9.880827264692897127e-02
-1.006664364532446898e-01
-5.065801834948086696e-02
-5.839086724061225142e-02
7.926438120308294810e-02
-1.293230891003230576e-01
2.664330404687863529e-01
2.219752844285665383e-01
1.929978551512597298e-02
-1.750012028771238404e-01
-1.494834942084414808e-01
2.417887971684894444e-01
-2.794570381500922629e-01
-1.141084195674056390e-01
-5.288964427225983922e-02
-4.432094620472206564e-02
-1.671700103264872894e-01
-2.310760164815319623e-02
9.183065645129190324e-02
-2.113910120604802212e-01
-5.104824741271781624e-02
-7.511056448709946265e-02
9.853768663979829701e-02
6.394428097994367399e-02
6.700551587531211606e-02
-2.098254180179628392e-01
2.871297146264603639e-01
-3.131938188917898075e-02
2.164979332681426782e-01
1.667392248253709020e-01
2.868410407059111544e-01
7.541616637893247543e-02
-1.349899659650430350e-02
1.018157348631875958e-01
1.366147726401366336e-01
-2.554892188751320403e-01
8.177425225625871430e-02
2.539007031333263831e-02
7.659986863460002682e-02
-8.947416949551016685e-02
-7.405474614807092126e-02
-1.563891348878889559e-02
3.421707398559135221e-02
2.317223090456114187e-01
1.765835992630421930e-02
-2.581963036212367446e-02
2.919174938862840740e-01
-1.453395779263616690e-02
-3.444633788208024960e-02
-7.497207420928461014e-03
9.303469970748180773e-02
-4.083625940058273340e-02
-9.161463315237985960e-02
7.621930144687270869e-02
-4.592655563813199254e-02
-3.207805531143431699e-02
-8.628363501410947489e-02
4.792444820762188640e-02
-2.654797560512004440e-01
-1.218460676905612217e-01
-2.355919682556145422e-01
2.079833073519097020e-01
3.084778716353415648e-02
1.169421029751767371e-01
6.290484931443077188e-02
7.473287081574500612e-02
-2.655462503143911357e-02
3.963275908546119025e-03
3.040667730893642853e-02
-1.590427880049448128e-01
1.373077731692320252e-02
-1.229128663445464842e-01
9.733639598248752800e-02
-6.848387279710585474e-02
5.106982341762138222e-02
4.578470544417916760e-02
6.799032173683736135e-02
-1.956380147652222665e-02
1.763461146226677767e-01
-2.430582234030302102e-01
-2.121718580581454308e-03
-1.008321611570106302e-01
3.298172378519682001e-03
-1.277849024966958569e-01
1.490421851003680409e-01
1.041022074640500089e-01
6.471519324886411406e-02
-1.456922939490193879e-02
-1.090772473847156643e-01
1.955944273989990156e-02
-7.581764748071988247e-02
2.926056508738812678e-02
6.221606717080178234e-02
3.281034288272108995e-02
1.644055125146414165e-01
-8.713074853816359100e-03
-5.013391983718872014e-02
-1.222336327173961928e-01
-2.459739843695838701e-01
1.662871839392048856e-01
1.076764207695143361e-01
1.618567040051855643e-01
-9.386116584103600113e-02
2.117561940891459216e-01
2.901216378901075310e-02
-6.361658490262069032e-02
-5.505994304945702883e-02
-1.360289678929089974e-01
7.336050377045805204e-02
-8.257872596995952108e-02
1.052320802624682056e-01
1.728183482916191560e-02
5.722995852040316245e-02
-9.565578395541059209e-02
9.760325949112624855e-02
-1.007599321631342942e-01
-1.524887992954669300e-02
1.814619292208930756e-01
-2.176907510566618853e-01
-6.789870560509632391e-02
1.275330129505721222e-01
2.284391433771899849e-02
9.937008755668957916e-02
-1.090873741885858283e-01
1.622604153459048515e-01
-9.246143336915843558e-02
-1.039919693743759921e-01
5.627127461162614169e-02
-4.901762423163623372e-02
5.353033441432659273e-02
7.248806072789769350e-02
-1.792401894067629509e-01
2.193976884753030265e-01
-1.450472175195320901e-01
-1.085896098660091708e-01
2.587634446614859793e-02
-4.833152940758304872e-02
1.166840550905433455e-01
8.571615845152416591e-02
2.036221772167592925e-01
-9.575079350461189812e-03
-2.305243490213405161e-02
1.343316070500438081e-02
-1.784500156306352281e-01
3.206377525277905732e-02
7.806582582140156323e-02
-1.861352285105649304e-02
1.246604838344599585e-02
-1.201896214808785002e-01
2.108268829985789766e-02
5.984804100243133751e-02
1.261510539075855475e-01
3.197925357091567500e-02
1.733443532777849128e-01
3.634332997330895487e-03
-5.871262348324525482e-02
-1.209401486931283021e-01
-8.894443104680180290e-02
-1.579367153903574877e-02
-1.024858532267556160e-01
1.676081989944233908e-01
-2.766320446659875990e-02
-5.940033199657510088e-02
-9.127591712596824780e-02
-7.612878415205333316e-02
3.205767505457553235e-02
9.871341435391742247e-02
-6.687546731738078232e-02
3.675822561004855049e-01
-3.755884088749761318e-02
-7.972638009448224095e-02
1.022614488908641650e-01
-1.052484552714710690e-02
-8.638245564117690012e-02
1.639216269594808567e-02
-5.846160993213935994e-04
-1.321546083539452271e-02
1.644583536655523925e-01
7.627291657243654918e-03
6.731824921193504951e-02
-6.797896850557808013e-02
-7.027452368093581314e-02
6.650919611873483406e-02
8.280335750517170412e-02
1.874694688732501113e-01
-5.747155313696365037e-02
1.152898370568108954e-01
2.010464882089980226e-02
-8.963734955729506931e-03
8.472250098447783873e-02
-1.284531658532284959e-01
1.404009125592832474e-01
1.254110711527157140e-01
-6.646531619458828644e-03
6.730594300012682218e-02
1.649498301130981198e-02
1.154922457310298273e-01
-5.874183896366549917e-02
1.052458209757350417e-03
7.690183526326914432e-02
-1.170822018943177591e-02
3.355125118277613172e-02
1.496577642803483543e-01
6.503902522217534787e-02
1.083235955997865346e-02
3.612192065657423429e-02
6.412381945593366439e-02
-7.929683420262308158e-02
4.913369493625841661e-02
-1.166919528999186828e-01
3.823518380255651328e-02
-6.878046852222929018e-03
6.990132292728895580e-02
3.562608208888162764e-02
8.617853165280667249e-02
-7.419834861577027929e-02
1.280279567730892853e-01
1.100735316801001590e-01
1.182077828989275131e-01
9.890592020881203150e-02
-9.284729064121088893e-02
-2.441902505495188169e-01
-2.762258268428820912e-02
1.472131611999988321e-01
2.147643654059510840e-02
1.251345926669559724e-03
-2.022048463594833811e-01
2.571755874903653566e-02
-6.400435732634350561e-02
-1.091667099762815563e-01
9.360553978821445353e-02
4.139943282479437853e-02
6.391751848137409986e-02
-1.439228114452996699e-01
4.166925896610580021e-02
-4.966386684496377352e-02
-4.572283139030085264e-02
1.320923088655354127e-01
2.376959128684682024e-02
-7.190325069946384984e-02
-3.773118876900748153e-02
-1.383909764411024312e-01
-8.906054999339629852e-02
-2.247069036001962949e-01
5.210595627720962519e-02
2.663634604901809338e-02
-3.547665933775849545e-02
-1.661683533107010946e-01
6.078673742501802812e-03
-8.222796118578741542e-03
1.471909517170724366e-02
5.064836145833061243e-02
6.567520364387595053e-03
8.386997001778345728e-02
1.046286147154099067e-01
3.405432205323863371e-02
2.078999370978551198e-01
-3.582007026917032738e-02
-3.561786984445886040e-02
6.935051068956153697e-02
-1.095473418514478908e-01
-1.818726561755485416e-01
-5.569009971652098823e-02
3.561763780152302911e-03
-4.809157749627157759e-03
4.367110283057336340e-02
1.168879523241204976e-01
5.558759622830786173e-02
-2.341719702849722751e-01
-9.097438206455804588e-02
3.924286565242446345e-02
1.627874725370248229e-02
2.358529889225314397e-02
7.092218375114774098e-02
-1.351532896805997808e-01
-9.419193690335744829e-02
-2.562500455996439275e-01
-2.208573220154332051e-02
6.505084871781355305e-02
5.088863418471704231e-04
-5.017085080639725747e-02
-2.824477956603759221e-01
-2.023985023121374974e-02
-4.358104361927647719e-02
-4.976027112316824819e-02
1.784676631533775037e-01
-1.075091946505127016e-01
-2.455236768745977863e-02
8.100702546608495869e-02
1.059102494245931295e-02
6.699112428179432310e-02
3.520676631216717277e-03
4.081981337242038960e-02
9.205506034919032354e-02
2.091604432073006573e-02
2.742480604019914003e-01
-2.536169050914548195e-02
-8.991404518771793641e-02
2.340148595330446279e-02
2.576721016489698646e-01
-4.685429581753191436e-02
1.546481527359553632e-01
6.561096445100544905e-02
-2.327215881619876248e-02
-1.711342429000255738e-01
5.169354131692062426e-02
2.741596742613828241e-01
-2.659133000067261804e-02
7.115699927553173487e-02
6.913613760772384376e-02
2.716667402917406771e-02
-1.363803230231734887e-01
-7.261543852397676913e-02
-7.741650826544441144e-02
3.784220319409462574e-01
-9.328973528478140542e-02
2.107777899882270004e-02
1.685624252846644744e-01
-2.198130713982465994e-03
5.675545198193626684e-02
3.033822687903794946e-03
1.784291881342003894e-01
-7.729252842980829930e-02
-6.123136759434895382e-02
2.183679789890803982e-02
8.569984841420066890e-02
-3.450780517304838368e-02
-9.017912677011183376e-02
-1.648353168239176103e-01
1.776746140238796845e-01
1.691059051749311745e-02
-1.607236373445070088e-01
-6.136868449918781582e-02
1.912904177515498821e-02
-1.720821009928146794e-01
6.098081650125626585e-02
8.626121653751908647e-02
-2.325388728963538945e-02
-8.608765155494940702e-03
-7.758786891046684508e-02
4.685438177667914511e-02
3.827210273897368314e-02
1.334209981820698721e-01
1.127763068445074013e-01
-2.412624187666457393e-03
2.089049423198144698e-02
-1.222173136962229345e-01
1.052155626434968932e-01
1.394506462953637727e-01
-4.185284857166409606e-02
2.831025563925139779e-02
-4.610466700729958650e-02
-1.600262417998818132e-01
-8.926593550417830092e-02
-6.633338843242904403e-02
-6.376367984826987467e-02
-3.779014171016865844e-03
1.714614094826828194e-01
-5.421500997099686775e-02
6.225773336974371047e-02
1.562883004886326810e-01
-8.773575471415486979e-03
2.039969570715151337e-02
2.009431021857130406e-02
2.974738918126166101e-02
-7.089824952747592057e-02
-8.737186761239244467e-03
8.797287368328372825e-02
9.150491806441607423e-02
-7.536520323555126466e-02
-8.820005621010244823e-02
1.820548569123012772e-01
-1.835026585566027976e-04
2.059761719083144649e-02
4.338482595181020890e-02
6.728256873962620843e-02
-1.017144216342098784e-01
-1.118855034187244690e-01
1.259650817439635917e-01
3.742824483077594050e-02
1.069787160879978258e-02
3.664649931135556538e-02
6.343367058436037709e-02
7.399959003231502963e-02
-2.882724992597965330e-01
-2.100758391738826170e-01
3.464835482700923813e-02
1.295219390008650051e-01
-9.394368879199506764e-03
4.253603659402054732e-02
-4.293465592649824136e-02
6.631393796447813960e-02
-5.779478531015474867e-03
1.429969201233020903e-01
1.253425475202549037e-02
1.240280580225099488e-01
-7.360482337151810772e-02
4.389335540952556125e-02
-1.340871684674122821e-01
1.173777646695097487e-01
1.423149479513156346e-01
1.313549823260454497e-01
7.217564657390000173e-03
-6.978601659295644022e-02
9.970211743599143028e-02
1.383402573406531111e-01
-3.183960952289274227e-01
1.701521015839270179e-01
1.456327716221646751e-01
-1.325733030590843173e-04
-1.493882470056011047e-01
4.247690131534509472e-02
1.186122735802565969e-01
-1.486987614637121369e-01
1.391611392264624214e-01
1.461662729438746866e-01
7.040792397815032189e-02
-1.238704902261041629e-01
-1.842670735479469239e-03
2.494400245435144520e-02
1.710013239027876053e-01
-3.029191209837766019e-01
2.084304761188163768e-01
1.707541833525863528e-01
6.369337260934163254e-03
4.496519948852895163e-04
-1.180106906356855195e-01
-4.948056372454193164e-02
-1.140383366269180155e-03
1.089099914911972611e-01
-6.290934785792980793e-03
-8.348837219325136449e-02
5.032681478830300370e-02
-4.122249133961210232e-02
8.597753598170210926e-03
1.054182848146962559e-01
1.617644971477195937e-01
-1.388612638674230626e-01
9.923381579824398779e-02
-1.654458518694037761e-01
7.617754233699809696e-02
-8.388615629408517627e-02
1.393766477026481820e-01
3.252720359485464924e-02
1.134870237158519812e-01
-4.423933936302867909e-02
2.412785776016503764e-02
2.493856172898237938e-02
-9.547434532557248776e-02
-1.198354778806796743e-02
-9.297638503215645278e-02
3.783579439064262834e-04
-3.890772283239181395e-02
1.089397514907372577e-02
1.820520643007776940e-01
-1.837115009368642804e-01
-1.982611109225256574e-01
2.072869666269679390e-01
8.775132655922446290e-02
-2.378732576686865829e-01
-3.627967620995214276e-02
7.988178941361508134e-04
-2.656032038608801757e-02
1.317335487179569636e-02
3.119227263753582627e-02
6.151864243301714136e-02
-9.130788282215725193e-02
1.182518505443389267e-01
3.865667707592902735e-02
-8.658714790086259605e-02
2.951276311804283681e-02
-1.820306104543991943e-01
-1.228092560673454958e-01
-2.902656633969707967e-02
-1.049914161895035003e-01
2.215372446195488787e-01
-1.023071093609225282e-02
4.285455651181910297e-02
-1.449986667393576567e-01
5.753913704497021914e-02
-4.338604329997066550e-02
-2.333833672865265330e-01
2.893300609352559422e-02
8.553565268786224307e-02
1.116081572401207977e-01
-7.099779077143732187e-02
7.278185030783461407e-02
-3.121201627221008648e-02
-2.144828286896196534e-01
-2.419994949089544767e-02
4.729427355717163994e-02
8.213379284779170550e-03
1.235232636045444643e-01
-1.336405148269661503e-01
4.590586320283370630e-02
1.293951121912506330e-01
-5.493538518341865157e-02
2.045477563554416733e-01
2.447240426439666397e-02
5.372174202254124259e-02
5.201806583193258060e-02
-1.969193991071942762e-01
2.638031094352403377e-02
-8.071988501998392240e-02
3.549181248081301893e-02
2.311109551771776960e-02
-8.056169856826876641e-02
1.730140958927288974e-01
-3.877806332578737775e-02
2.123966673386383230e-01
-3.638658134028226881e-02
-1.184098325665974422e-01
6.283833127555840670e-02
5.083698120233274935e-03
-1.380826477860801760e-01
-1.533409238961873644e-01
6.903210516001591357e-02
1.910639168891568596e-01
-7.312418798302160183e-02
-6.843019061334684391e-03
-5.093966057894442831e-03
-7.409515020966285503e-02
4.086179695713675758e-02
1.114964752794616182e-01
2.055814088631821301e-01
-6.761068373505547957e-02
-7.481299852278641693e-02
-1.578461458762603353e-01
-1.832168658906167466e-02
-2.114542529721968600e-01
-1.291592964352840378e-01
2.745551281554065026e-01
2.998955406828484604e-01
1.387733897565528451e-01
-7.787250972072644328e-02
-8.119745293442460913e-04
3.507700278260827975e-02
3.952724301250821748e-01
-1.089785080264051714e-01
9.483624044966754152e-02
-1.122907277534185150e-01
-6.983958688001568049e-02
-7.538066641946496171e-02
-5.820206201043021804e-02
7.276292036246478911e-02
1.052153982815369759e-01
-3.430086979372490991e-02
-3.917096083778799642e-02
-3.934827203455502562e-03
2.399463965700045567e-02
4.132736878583376933e-02
2.628565261261373021e-01
-4.252037906204862716e-02
6.585119836505082258e-02
-6.696510414381261211e-02
-7.591904529211050863e-03
8.792693053428181360e-02
-3.999141634177248369e-03
2.641389641466506122e-01
5.391731118015842539e-02
2.165073380869476233e-02
-1.434116617627860801e-01
-2.570283564028530976e-01
-9.185136323744035047e-02
7.428593286522330863e-02
-2.829196948754935867e-02
2.595018697317555412e-01
-1.697883854243903146e-01
7.608518911244099847e-02
-1.685883910082420709e-02
1.223344194661505624e-01
4.021334730949507885e-02
4.088582608580968586e-02
9.927050852314397988e-02
5.995139180724444461e-02
-1.907684463561454824e-01
-5.342637959114417134e-02
5.995360274324295496e-02
-2.434051766745941314e-02
-7.788565445325035252e-02
-6.554520253339847502e-02
8.465907914688580727e-02
-4.527551182690729703e-02
-8.654468670519785412e-02
-3.872764739444121973e-02
-5.797969696385392446e-02
6.064770387925012135e-02
4.455977456339778320e-02
-5.258700118516380917e-02
-3.540464536847094668e-02
-4.763695118737448081e-02
-5.352804834124592209e-02
-7.476278103190067692e-02
2.880820879040690841e-02
2.516458446939251470e-02
-4.066185779656572748e-03
-1.517171616634768044e-02
1.956479640625548994e-02
-2.066859528381738975e-01
2.169785504960090872e-02
1.028776347088710685e-01
-9.009030068859830154e-02
1.581714481049129040e-01
1.180984831741599683e-01
9.964941315135633637e-02
1.073229314808350210e-01
2.103579858143102554e-01
-5.947912488870699815e-02
1.266579983281836130e-02
7.821512687541354314e-02
2.024476300177428523e-01
1.292371199320027086e-01
-1.090895209392075127e-01
-7.773330448994782149e-02
7.202185334540639819e-03
1.711136079333072657e-02
-1.353145645267112007e-01
-3.895740047874612921e-01
5.650935069436914537e-02
1.313572853806941609e-01
2.376625893024144481e-02
-8.209167081143933786e-02
-5.075853643531547804e-02
1.116230604485625166e-01
1.667016509849684469e-01
-1.588773949861977119e-01
-1.364174330778431671e-02
1.334765300130388854e-02
-2.092020918259325235e-01
-1.163331701692041920e-01
7.750015755274133888e-02
1.048690084162026137e-01
-2.151435216004798368e-01
-4.062181889540082691e-02
-2.824617214126027287e-01
8.626765818391372853e-02
-1.439063969109804497e-01
-1.932553326806408511e-01
1.371933404488328012e-01
2.519334138246591692e-01
1.406498401781190732e-01
1.237645663179118838e-01
1.113470628185624367e-01
2.086673575080224066e-02
9.080671503892974450e-03
1.214105646100525071e-01
9.513784534964840611e-02
-1.342269476612700969e-02
-4.158722585109585201e-02
1.496936716076049945e-02
-8.344998310589524237e-02
1.288146937888162355e-02
4.406534871776704443e-02
-6.345325279070998525e-02
1.526985192072891906e-01
-2.063617075294114922e-02
-6.038591906258718861e-02
-1.056623930321210630e-02
-6.518731653554871164e-02
2.565713645000956139e-02
-2.015141937930736010e-02
-4.357720731696039518e-02
-8.200420417411850849e-02
-3.508513941712790990e-02
-7.907179436289037740e-04
-4.290585879821572773e-04
9.605062825706660312e-02
1.221077658023724324e-02
6.232736479805182916e-02
-8.366416253864003560e-02
-1.796101758764580628e-02
2.474815599303768765e-02
4.152275381032014684e-02
-5.598680184860956033e-02
8.576829174955473423e-02
-1.358597367439920711e-01
2.541544440853985010e-01
6.841937754324255161e-02
2.154914019176506212e-01
3.514685937280974393e-02
2.098452135027733569e-06
-1.348675366289323052e-01
7.464119477445881057e-02
1.307315717140792311e-01
3.628102630570597537e-02
7.437149551467399367e-02
1.265277001526452783e-01
-6.870342283895612689e-02
-3.733635185322956018e-02
-4.152841201370435775e-02
4.211366350303838435e-02
-1.950452387675288002e-01
-4.671063062452741887e-02
1.322444646546389324e-01
6.651257528332260582e-02
-6.771360192108492881e-02
-3.128172504254876640e-02
-7.814786791989927761e-02
1.267173161759535815e-01
-8.412136137311994333e-02
1.751891706766781076e-01
7.820165338208892591e-02
-7.814754751068488103e-02
-4.480776047401844285e-03
-6.197975783164368091e-02
1.123197766049400526e-01
-1.267214344958219885e-01
5.673001050178123894e-02
5.481447729381257877e-02
2.512090836565020538e-02
-5.859569053370564801e-02
-1.795365346373512527e-01
2.308784379527164393e-02
-1.553860047713103432e-01
5.793573261729820928e-02
-8.533500543597706545e-02
-6.116887939119737376e-03
1.679487594765204650e-01
3.193629552285072448e-02
-1.376409243211712263e-01
3.278607822100478020e-02
5.023851050304591753e-02
-6.372042268613485605e-02
1.789798880174574836e-01
1.149912157827495396e-01
1.010734860593131695e-01
8.887070523286227930e-02
-4.424988191674773808e-02
-7.263881140439712447e-02
-1.288960476457071680e-01
-1.143924496820222236e-01
2.427778644923740681e-02
1.158098585043745854e-01
1.119816453426408787e-01
-7.018985094291847748e-02
1.988919679406656038e-02
-7.212218694545931286e-02
-2.913427770162834232e-02
-2.189544951324007283e-04
5.792027377898154722e-02
1.190655259633797147e-01
-8.819658087308118385e-03
-1.774461656435540047e-01
-5.669530355113837350e-02
9.669659864344837263e-02
6.664397363297926147e-02
-4.878740063675352651e-03
2.018072907966501628e-01
1.569376354480831182e-01
2.472610232812536279e-01
-2.641121068214576095e-02
3.847217788725741661e-02
-3.633590258763130798e-02
1.149550775749132725e-01
-6.648357575691138388e-02
-1.460048773816897127e-01
-1.716027088089468883e-02
6.681917505329165730e-02
-1.250618258447673548e-02
1.273559694602363623e-02
2.078017527187615565e-01
1.224364998044898400e-01
-1.248403218701175238e-01
-1.417735849033155693e-01
-3.094557533616750997e-02
5.373384516129278698e-02
4.533870476647072767e-02
1.310961134552186304e-02
8.291649297533726370e-02
4.723906214448758689e-02
-1.510686226501340400e-02
-4.459956616411663022e-02
3.492612351427709649e-02
5.005108190426475756e-02
-6.952870063929730837e-02
5.358091897414915539e-02
-1.487732622972772444e-02
-9.900309965617144770e-03
1.178689078055612099e-01
1.485755500568159138e-01
9.478804852608546661e-02
2.440093313176435463e-01
1.744681199686160811e-01
6.682392851654034294e-02
-5.136612320602377407e-02
1.017152719805724387e-01
-3.921798334149221438e-02
1.003640555107574162e-01
1.678178932435593369e-03
-1.381953769784768637e-01
-4.453954396725336856e-02
1.484533028914186703e-01
2.228012663787796131e-03
-9.259543754550791927e-03
2.183568650335823702e-02
5.113284995943026545e-02
-1.767002848275777693e-01
4.763505996792795349e-02
-4.305655911013676895e-02
-3.075645781459864225e-01
1.718240473187082895e-01
1.283007667679340602e-01
-1.933205374013630129e-01
-1.667977335101962222e-01
2.215692701704562451e-01
9.104367545370180281e-02
2.077900483755088304e-02
7.901919441377990017e-02
6.246260804391917665e-02
-1.573253538629888482e-01
-1.462149931375013034e-01
1.220163779145871097e-01
9.209006305305147966e-02
2.001909663666087691e-02
7.053919977366338023e-02
-9.981773982031220960e-02
8.303202018739161416e-02
-1.607390002380282845e-01
-1.604837821439114576e-01
-9.229169922204273624e-02
-1.947518904577800331e-02
-1.730492513359687540e-02
-1.564095209829391708e-01
7.355130653402180974e-02
2.168789927611658799e-02
2.534752769210515608e-02
-4.405516376654203259e-02
-4.297536657510482583e-02
3.034499069159760434e-02
6.571856499201543522e-02
1.028558421401659928e-01
3.200611998117428580e-01
6.729648787007251609e-02
-1.150061789927043360e-01
1.332034683796592400e-01
4.885424960379849968e-02
2.806118825175820536e-02
4.488625561441698941e-02
-6.695691320444689676e-02
5.644804824824670164e-02
7.043871347539948369e-02
9.656527984370728845e-02
1.346129612774739082e-01
1.779197898762816671e-02
-1.283421587137730663e-02
-7.049020781995878060e-02
3.974705952122807584e-02
3.915083495459488472e-02
1.151996010536954773e-01
1.060853531346873935e-01
1.609763159888302417e-02
7.330942575068197242e-02
-1.977300272381573090e-02
-1.320281056269756725e-01
-3.313450798639686404e-03
-1.874054453484567395e-01
-1.374485631560102838e-01
-3.108445038762078783e-01
-2.887070368853381641e-01
-6.642089154720125233e-02
4.023256891558912168e-02
8.315569390324639709e-02
-2.164394838888438755e-01
1.460364218529700518e-02
1.315067301655347687e-01
6.224722846014313360e-02
-1.661401243509693509e-02
-1.475530370400707746e-02
6.311307399976558152e-02
2.182119941138153107e-01
-1.581931913075677321e-01
-9.468244746777991494e-02
7.432658422097740414e-02
-9.351405473295280879e-02
8.340272196789397241e-02
4.319812309624460056e-02
9.384358805759789035e-02
9.477109458585702972e-02
1.341497776404034295e-02
8.841173565964410841e-02
-7.788805587937533415e-02
-2.365618152312155831e-03
3.898707022962519947e-02
1.017440228948148784e-01
1.132063199993706415e-01
6.425901714736396986e-02
3.809340392566459843e-01
2.955299491680964119e-02
3.302068065598942614e-02
-3.786938428624846836e-02
1.759582774347005774e-01
1.382194540313128606e-01
-5.522226753877144262e-02
-7.665672960685906978e-02
1.221840589701518251e-02
4.786755140478380494e-02
9.327773680805361012e-03
1.655140220826940567e-01
5.550325152731411249e-02
2.674752316797346929e-01
-4.313061700198154991e-02
-6.568491799063422287e-02
-7.363295982991689692e-02
8.116646644286815149e-02
2.708968038669394909e-02
-1.200935437679729462e-02
-8.487896859159002605e-02
-4.710427703183788645e-02
-1.105774768543019704e-01
1.167734035728195813e-01
-1.165183061520421171e-01
3.821407635179954049e-02
1.094308072229408131e-02
1.066036406193491548e-01
-6.566278435388654688e-02
8.812680346504725426e-02
4.885199296518232676e-02
-1.181180149872123192e-01
1.043004184734256795e-01
3.485649046059344919e-02
9.420561493325879665e-02
-4.665064254277502542e-02
-3.405885998827969108e-02
1.963999616555377192e-01
2.355534398333276880e-01
-1.252996180576205487e-01
-1.265225158561869567e-02
-1.420869290474087998e-01
-3.290433456542406210e-02
-6.173743948621208955e-02
1.636256421597171717e-01
-5.720138155858899009e-02
4.134995174208758867e-02
-1.721783245656478833e-02
2.125346374390081616e-01
-5.499704289390214274e-02
-9.614788514732299299e-03
-6.058778605591627620e-02
-2.865579373777171410e-02
-1.262512114802678553e-01
1.059506556452597965e-03
1.160224827147689208e-02
-6.897377299424117814e-02
-1.082248423878236221e-01
-4.851297523777348825e-02
-5.291156188946062600e-02
-9.626044470858442781e-02
1.570975980513067763e-02
4.376755122262317166e-02
-6.182227069700273192e-02
-2.862812583758268109e-02
-6.855435786264828246e-02
-2.247707522339825736e-02
-9.530005852828685176e-02
1.720651308680788347e-02
8.267271364332476336e-02
-4.913481441583206211e-02
-1.230079263736021458e-02
-1.781178817610301335e-01
-1.234036470912440592e-01
-1.378370380264501149e-01
-2.836406470117228129e-02
8.024419081454423064e-02
9.431585836534896183e-02
1.274408988340453019e-01
1.364425182386394264e-01
-8.833709997332837849e-02
-6.511645282313724414e-02
7.954564781348866243e-02
1.768728085361040980e-01
-6.272027719137861224e-02
1.386767255843778246e-01
8.958053790289131901e-02
1.056962528911319955e-02
9.401679683578688385e-02
-3.916472249592308635e-02
-5.039755969375888517e-02
-2.391831494876618322e-02
-5.567552257328074738e-02
1.326518228960119894e-01
3.847857271248893846e-02
-4.317917432703563541e-02
8.308868447697598247e-02
1.631260274066184679e-01
5.602544587670052478e-03
3.152644326973255695e-02
8.244753453385433861e-02
-3.547951335598746592e-02
5.398533741178498935e-02
6.651529275665331309e-02
1.821324686730071696e-01
1.472580489052539507e-02
6.170625216838677984e-02
8.559941686416563944e-02
4.301237085785518388e-02
-1.338973999116020164e-01
-8.254051387024327613e-02
-1.374235627088977452e-01
2.096414485503408087e-01
7.165199713726157736e-03
-1.909896823379152175e-01
-4.162667351331485882e-02
-1.867357291780043227e-01
-7.961892306992306156e-02
3.886318374009143511e-02
4.463488107362805629e-02
-1.086998649532317923e-01
4.980416999557812224e-02
1.323494718751109245e-01
2.801039588338211789e-02
-7.205872318983774782e-02
9.078561434037760169e-02
1.235863567631430571e-01
-3.091816136452999256e-02
-2.001316314291362239e-02
6.860966071020414836e-02
-3.901538207300630362e-02
-1.086817015824923099e-01
-3.565250170136592678e-02
1.890046983741536235e-01
1.333933698724298345e-01
1.436592899615485586e-01
-6.957872825910638159e-02
5.791374601732072330e-02
-7.807665722313622547e-02
-6.663558373019221048e-02
9.921505734443418489e-02
4.556216091380640293e-02
7.551550842469001434e-02
-3.359559070712619250e-02
-1.358420454007478462e-01
4.589510330801851827e-03
-9.851741214503685617e-02
-5.674267337371319275e-02
2.625413487164563464e-01
7.318881382442055106e-02
8.138529808879600702e-03
2.321622008753347344e-01
8.729606485050750431e-03
7.711442179640805306e-02
4.023698943831653663e-02
1.476542039185475552e-01
-2.133302593217402399e-02
2.151858306420200151e-01
1.137310320994041196e-01
4.257468884900189598e-02
9.701326342305226225e-02
-6.408785394067541274e-02
-6.914273410680174536e-02
-3.077120792714973380e-02
7.520721767929530732e-02
-4.207095716764720078e-02
1.360813606440559528e-02
3.820648420924363520e-02
1.130047397679697849e-02
7.495576651808844026e-02
2.722064341031742163e-02
-1.260890360350534201e-01
7.545767351816813628e-02
1.344117199822166264e-01
-3.078186285635414309e-03
-3.815268722558084330e-02
-8.588836783744169256e-03
2.552372931160814401e-02
-1.446599729267004641e-01
7.094602668608522567e-02
1.271863435727790814e-01
-9.550123774709786545e-03
5.435558255185497789e-03
-1.784078570765502414e-01
-3.180556028412138969e-02
-1.034169698003865323e-01
-1.794730197620812151e-01
3.957674217135604550e-02
-5.384479959262885446e-02
3.465672108843213459e-03
3.428554902396330206e-02
-5.876844590483961545e-02
-1.107993780622407998e-01
-7.922623554381873212e-02
-3.291265175898729078e-02
-1.314194885984323706e-02
1.142350347800045497e-02
1.220916536600831215e-01
3.376468954873809714e-02
1.495434311972090591e-01
-7.044946954558847785e-02
-9.123256080854594274e-02
-2.782368537907118494e-02
-2.321176186837519556e-02
-4.710425172146365941e-02
-7.473424534280261045e-02
-1.353800814455097604e-02
1.402812586489464997e-01
-5.562681088544524019e-03
-2.036503651305281853e-02
-7.610753505957512655e-02
-1.035317783908632078e-01
-6.217421973018120301e-02
-2.225565342134403282e-02
1.156249250907535331e-01
-4.146845261076068101e-02
3.696869267600279285e-02
5.735114699063499633e-02
-1.471514052241930659e-01
-2.912414681242218514e-02
3.507438758159010794e-02
-4.153122890281477075e-02
1.618235631199151647e-01
3.708560861719210067e-01
-4.228829474602612687e-02
7.175701518142954538e-02
-7.033835093331130585e-03
2.722819909839284749e-02
-6.857596176859388770e-02
3.495904466086613427e-02
1.293779355502206185e-01
8.372794453660532821e-02
5.626107899496699677e-02
-6.629866546940305083e-02
-3.182328032742748336e-02
6.660339370837953243e-02
-8.299026732287144437e-02
-1.108261053507172689e-01
-4.125857364743835964e-03
3.289325893981696891e-02
-8.718048477635240157e-02
-2.376118298711474286e-02
3.861661883471214501e-02
-3.240772765390359522e-02
5.772562486473403059e-02
-3.295129170292481445e-03
-9.736685929976944542e-02
-9.896443275642265169e-02
-2.814527890471059737e-02
5.379908337927264556e-02
5.734330896463846888e-02
8.364811798996828196e-02
1.469220558842642688e-01
-1.228714770966296554e-04
-8.781400126285618390e-02
-1.057026611891408591e-01
-1.086060153573930459e-01
3.863539227390717923e-02
-3.796071013487494622e-02
-8.875406876247338150e-02
-8.306811016340034937e-02
5.416542959989437134e-02
-1.893631744900112950e-03
-8.337389645378306957e-02
-1.029444651992197368e-01
1.433301116180369372e-01
-2.056803124245688147e-02
-2.411736677745564619e-02
-3.443057421873191998e-02
7.610044746739731691e-02
1.324463049928304159e-01
5.072692314508981531e-02
4.432735046968397374e-02
-1.364853077796090441e-01
-1.425308960287855267e-02
1.212034904587046408e-01
1.311806256453412756e-01
-4.341587163677484984e-02
1.746484797965961941e-02
8.978146372167780664e-02
-4.104808430839394090e-02
4.120749389575061733e-02
1.646308341451120927e-01
1.256743269251331674e-01
3.748242491880741933e-02
5.579956362958891913e-02
1.069996500230237929e-01
-2.307842453692476523e-02
-2.317125511766284229e-01
-2.350960973622541472e-02
-4.308054572642003657e-03
1.313762675235506105e-01
3.475090093562051285e-02
-7.531215453391507109e-02
-4.122171964429666158e-02
1.961212911492760114e-01
-1.161167952734231401e-01
5.779120077377924818e-04
-1.761299225301306282e-02
4.865913885400569190e-03
-2.832332498697234455e-02
-1.161577228555397412e-01
-6.709438928596556106e-02
-2.988237234267222819e-02
-6.122127682784104380e-02
-6.763533975226254311e-03
1.491477105347907006e-01
5.685338497553207859e-02
1.192171311787051519e-01
-9.417351767210295488e-02
6.912733281329382432e-03
-2.592065416604055240e-03
3.705733967019612246e-02
-9.902254947394750761e-02
4.723563494380762957e-03
5.628466371161392617e-02
-5.214817718428074733e-02
-2.383518526026153633e-02
2.285903795867742783e-02
1.999301642253139416e-02
2.959875769004276583e-02
3.061605160089812122e-02
7.345805094129716217e-02
-4.572721481043516556e-02
-8.663521590108477777e-02
2.054745462452470250e-01
-1.987381058348523799e-02
7.939809003814750354e-02
-2.837241935707014717e-02
-8.823698035491700509e-02
1.456394565485197301e-01
1.034645360937297004e-01
5.929673514959742098e-02
6.505594796262166579e-02
2.172812423247881194e-02
-6.499534854771971126e-02
1.627918215470177191e-02
-2.580640613593112032e-01
-1.631157276538384993e-01
-2.578884846128639760e-02
-4.855552460444824414e-02
-1.454792583658787997e-01
-7.410159534619242816e-02
7.962993868998122227e-02
5.618599290219541270e-03
-2.236165465919321971e-01
2.259782582160740905e-02
-2.505836012447843625e-02
-9.594849061441941551e-02
-7.545556573577837101e-02
-6.449268972310241710e-02
-3.199188035192856300e-02
-7.874296519711798670e-02
9.203811647100287874e-02
-3.164825967738925383e-02
-5.160253196477913168e-02
-5.253814416203137633e-02
-1.483678694814162362e-02
4.506560918551137662e-02
-6.127654773729059728e-02
-1.658060498583092610e-02
7.632408253641771723e-02
2.001905696724880779e-01
1.135207516817856865e-01
-5.814480376482024718e-03
1.099685769244614780e-01
1.391816704281008676e-01
1.522264700474499841e-02
-1.342411104314142345e-01
-5.922433338596543029e-02
1.566787762792922270e-02
-1.947506250616843348e-01
-1.293182694521149423e-01
5.987064669332244418e-03
8.368081064885221632e-02
3.291342055018312007e-02
1.640186277973177537e-02
1.306164157079815480e-01
1.384200177401679333e-01
-8.584089317711922351e-02
-2.248945375162450175e-02
-1.961012880479457987e-01
1.363231981326405240e-03
-2.812393508217881852e-02
-3.029733323491858726e-02
-1.079604691547869644e-01
9.396705401402305913e-04
1.030493715797692680e-02
9.314173105561840763e-03
5.421069520692996246e-02
6.575269742139459861e-02
1.211076266785215960e-02
8.048200661006768564e-03
6.364669304814510320e-02
5.568440070798173075e-02
3.334799566160692730e-02
-7.943131572084455305e-02
-2.586235343541942733e-02
2.566218720160781327e-02
-1.482844516612064345e-01
-3.718438133559431175e-02
1.513500323328060559e-01
-6.386324406929255737e-02
7.432347345311328402e-02
6.139257132138097733e-02
3.178820787727486274e-02
2.295657715917214653e-02
7.225109897116270552e-02
-7.591138707872864544e-02
-1.885870081679462962e-01
-1.277153203619444399e-01
-3.130212849398748137e-02
-9.544897208552909074e-02
-1.843630130290691699e-02
5.948509371094576337e-02
2.305271007006442774e-01
1.724607806552453867e-02
-1.283373359735109631e-01
1.304762791045745336e-02
-9.221462289986355823e-03
-1.485260875215299869e-01
1.705616278890235982e-01
2.021150653479790171e-01
4.499273420894660085e-03
-1.053541304338242585e-01
2.486434487776133587e-02
8.216842723457271069e-02
-1.544108135089282581e-02
1.857808497605880349e-01
2.182084050461562397e-01
2.152030528133146853e-02
-7.965233476693719950e-02
-8.435581307090593561e-03
-5.658374878640118864e-03
1.301764284210601974e-01
-2.813300509484907563e-02
1.668068592587746424e-01
2.804989195093712251e-01
-1.933790167219166453e-02
-5.599230893321199137e-02
4.272143249517889457e-02
-8.780344007243832960e-03
-1.040815548234806827e-02
-6.600616744925832946e-02
-2.894114927383772615e-02
-2.576705244907023240e-01
-1.146233275423541864e-01
-4.086143961262119623e-02
1.086493926497700095e-02
4.289661091862430331e-02
-7.865428855625170024e-02
7.416017948588723985e-02
-4.182410736805727836e-02
-1.600612476041733123e-01
-8.504561155494069769e-02
-1.082396467934784584e-01
1.145601447075711432e-01
-7.269449654512671888e-02
1.914671231761515546e-01
-5.519874456978049286e-03
-3.205241804912485615e-02
-4.747835802949190720e-02
-1.021984642515468694e-01
4.394025375087590168e-02
-3.883277689575541369e-02
1.389362711309723719e-01
1.530111810332370446e-02
-4.324974364060950316e-02
1.872965938475728287e-01
6.832896357249582109e-02
-4.779329703660992884e-02
-1.081200379765540481e-01
2.918688367771977987e-02
2.106276903443365656e-01
-1.294677612975559666e-01
-2.071243006184705568e-02
-6.250116405754349569e-02
-1.116397380494156683e-01
1.691849904798617757e-02
-1.134683005765773633e-01
2.629107738055844884e-02
1.179411387450379906e-01
-4.025055664859029415e-03
5.944788710017259725e-02
-6.887022716908576536e-02
1.079681363387191562e-01
2.041729379745907680e-01
-6.215647690209896020e-02
-2.895365738216012022e-02
-3.082337198683250679e-02
3.372766298266900720e-02
-5.108795447676705431e-02
-9.077483786988045644e-02
-3.211887086506452771e-02
5.739456940599834550e-02
-5.975984736803170022e-02
-6.341361524714937692e-02
-3.667689781039273206e-02
-2.435554568411627333e-02
-7.478820471498445754e-02
-8.525270753464735118e-02
3.260163451264207896e-02
-7.759943956066585324e-02
-6.118916928733052901e-02
-2.206770251961989726e-02
-3.654117551933683782e-03
1.920964443595804885e-04
2.963109673729386745e-02
2.636309335180669206e-02
3.686972224731719927e-01
1.134111007158257328e-01
-6.839328215753753826e-02
-1.143464929547812446e-02
3.429192244010252633e-02
-5.018883476332453540e-03
-1.696177843960101905e-01
-2.459404606800452003e-02
2.272634490789317285e-02
6.069882825131451415e-03
-3.601230925010514422e-02
5.916263512462838214e-02
1.672534304303557873e-03
-8.519112817203368382e-02
3.524411784711977552e-02
5.756371855210436206e-02
-9.189326361364000273e-02
-1.075749057044247253e-01
6.356368828799840998e-02
-8.930167876362643531e-02
-9.613359453779196651e-02
1.714356015059451122e-02
8.175797884837057716e-02
5.816306388610297667e-02
6.051456919201173013e-02
4.522596638353734710e-03
-9.591559689961454138e-02
-7.911977604033684774e-02
1.781900927816319757e-02
4.699188598772266467e-02
1.421815045071105066e-02
-1.468090632543665730e-01
9.826565689600721965e-02
1.070649252059501788e-01
-1.229104313073134808e-01
-2.326985115096407986e-01
5.094659553986156247e-02
3.765433082162178424e-02
7.623625287057227140e-02
-2.175105681987385409e-02
9.177623372654150624e-02
-6.418026415394064918e-03
-1.542194020452599956e-01
1.385363533277083996e-02
8.381437621926655923e-02
1.582440440576143026e-01
7.142777493241700415e-02
1.066982880855307653e-01
-1.057351141703017500e-01
-6.173673033344709293e-02
1.614440693693046103e-01
-1.213877588833631588e-01
-3.987295418833572969e-01
4.103721738417348552e-02
1.304036532243926239e-01
-1.987415375290567110e-01
-1.596932937716081247e-01
-9.646239847526459632e-02
1.188901454961092431e-02
1.055286813061864504e-01
3.868414809056378717e-02
1.125061832238330450e-01
-9.352535913972385984e-02
-3.553789801891548555e-02
-1.457201652096799457e-02
4.962468997484999894e-02
1.040237113380230172e-01
1.185594974326089207e-01
3.867690252961364372e-02
1.416575219458639512e-01
-1.540661331509519394e-01
-7.092254903145765732e-02
-3.309870787017244465e-01
-9.617519558786385980e-02
-1.106703246443747207e-01
2.930030765004712143e-02
4.494517300205515264e-02
-4.905371356049986059e-02
-1.213816426672758783e-02
-4.844474944565972663e-02
9.717022054887166499e-03
-1.324119142087414047e-01
-2.783482652911390548e-02
8.156317598984899608e-03
-2.575404145997427577e-02
-1.512300499927985743e-02
2.884796232308690089e-01
-1.543876486807457538e-01
-9.596919193180676599e-02
2.354902060664933183e-02
-3.444715985566697801e-04
1.817482488329385214e-03
-3.912848671888320001e-02
-4.922952282902867335e-03
1.678613819583194694e-02
-9.123559678458357039e-03
1.314920567139397749e-02
-3.411466027158453762e-02
6.085007903469107776e-02
3.301383357823992060e-02
1.618709086075907112e-03
3.334645038171760167e-02
-5.128269845960333438e-03
-2.310441098421817940e-01
7.994405782418745332e-02
-1.916964816872594179e-01
9.996283084194251822e-02
-1.887826488180709417e-01
2.873642065837470755e-02
-2.374474131226654572e-02
-1.015871854122601531e-01
-3.912645994533801852e-02
7.394419477730816877e-03
-2.707171202035759533e-02
2.812175040468151838e-02
-5.071858403636812784e-02
8.833780131036284011e-02
-1.383354400061530959e-02
-1.599951837747275868e-02
-2.106836985122165912e-02
-8.568394321348125897e-02
-5.100988005186898877e-02
-3.070134103857851543e-02
-6.183559210718265683e-03
3.654134334651348848e-02
6.362440920878970063e-02
7.311412936830737064e-02
4.492314676692716474e-02
1.270027462786931655e-02
-6.330013152982527647e-02
-1.065141630340345619e-01
-4.282029425912312059e-02
-7.556945938518289108e-02
1.025747417108503583e-02
9.645348451013613378e-03
4.967475221498884874e-02
2.157076436705084033e-02
-1.061666442312818454e-01
-1.485648476308698736e-02
1.611845433737708888e-01
3.602869649248232470e-02
-1.548600811919829956e-01
1.146810306079004433e-03
5.247686646073302166e-04
5.150301657158398022e-02
2.817673672380346939e-02
4.528755184827445990e-01
3.191796832241675097e-02
4.193069107530429662e-02
-8.975383679382076610e-03
2.448483401263411574e-01
-2.226367766532599130e-02
-3.012003078205542916e-01
2.297686838598834644e-03
-2.744627521050412022e-02
-3.507389368383889705e-02
1.820251506508048164e-02
3.603160588683672338e-02
9.543480124125218456e-02
2.416960770775027079e-01
1.328686050479524761e-01
5.451757636816963876e-02
-6.215057124691040005e-03
1.052931633683563788e-02
1.712728769802914774e-01
-2.711360578175143338e-02
-1.554413172881060484e-02
-1.752916677946960572e-02
-5.162429734615290450e-02
7.962711085342426623e-03
3.891292108500709473e-02
2.357903367143754092e-01
3.700484476238159043e-02
1.382374234631898388e-02
8.081206828253513150e-03
-1.015129126911156615e-01
3.458553881076512071e-02
5.537819585107700560e-02
7.617016712291357905e-02
9.342813014070146249e-02
-1.290368613783473561e-01
-1.407908877591156349e-01
-1.332670090179418065e-01
7.855727750573118784e-02
1.034073403041995895e-02
2.232494261292496812e-02
-1.861385714258194379e-01
8.337924377841147983e-02
-1.599196282014091752e-01
-7.154348043684610747e-02
-6.093719665855321099e-02
-4.113134295748088060e-02
-1.421536884523569022e-01
-2.668206578992522032e-02
-1.534185519399015596e-01
4.987142475835480704e-02
-1.102458411157035273e-01
7.908465856352265080e-03
-3.220926069374583593e-03
-4.010496274232171199e-02
-1.197487203961922486e-01
-3.535864134019416766e-02
-1.351626720457612674e-01
-4.265971270605496690e-02
7.233797482716852745e-02
6.356930276932845625e-02
5.956056250203554427e-03
-5.920167241507002381e-04
-6.533192052966485530e-03
-9.597708645027354379e-02
-2.969088204804512521e-02
2.580136020505958139e-01
7.033236897603775684e-02
7.914068560182917211e-02
1.361028444262573078e-01
-1.427964463604646794e-01
9.304312871796184548e-02
7.086453957045202312e-02
-1.711238241999578080e-01
-2.786435545799738692e-02
4.846601505980644570e-02
-5.442332852708617330e-02
1.181759209423093558e-02
1.151361284891239643e-02
2.422885938741204948e-01
-2.822515297164253714e-02
5.523413178024470793e-02
-1.016541251583789329e-01
-1.905702251753205179e-01
2.277873940101908523e-02
1.152499781206592772e-01
7.235988328363579525e-02
1.688764773374989703e-01
6.676024779461273151e-02
1.537249564676024249e-01
-5.387088433812634025e-02
9.161276412146053538e-02
-2.647888094842962975e-02
-1.234386730429858775e-01
-1.309520813874422152e-01
3.855102124118542362e-02
1.614452226873014928e-01
9.819360115850309448e-03
1.014743333521945234e-01
-4.469947610538107380e-02
-1.024460429770656690e-02
-7.554531539318465327e-02
1.701962984451648175e-01
-5.337590150276107920e-02
-3.234327204917296361e-02
-1.366211785680755252e-03
-9.924994324041026827e-02
-1.648346159180128223e-01
-1.228611163067739598e-01
2.509671038961332548e-02
-9.901991588141760559e-02
-3.721707257977705657e-02
1.282035223123318031e-02
-3.409859341778569836e-02
-4.612342016751630469e-02
2.673142249876526710e-01
8.509241747640239328e-02
-3.837146785992483905e-02
1.191265829032328860e-01
3.360955005089321518e-02
-3.134649235296024100e-02
1.621278218238863533e-01
-8.216313836443717156e-02
-1.317649581947991644e-01
-6.899078906766994979e-02
7.511263761563390096e-02
-1.551396349519237605e-01
1.746534588488786802e-02
2.205892754165008837e-02
1.048995722174093509e-01
1.304297343636291462e-01
-7.150252299550949320e-02
6.233160885438361609e-02
-9.420626023948075467e-02
4.581588283959500685e-02
5.505178423228209578e-02
9.839841385820101427e-02
9.493476208064528798e-02
-1.193854439969162795e-01
-8.532312249006422655e-02
1.143839351050910669e-01
-1.509936671772242334e-01
-5.698884793964117956e-02
-7.489234998955650313e-02
-2.505988091732668302e-02
8.627738730253702026e-02
-4.956364229545060646e-02
2.374869071134177653e-02
-3.861157879633624751e-02
2.090945086928894525e-01
-2.837805774577126239e-02
1.889739011736675245e-01
-1.740376718308425108e-01
-6.000578780680877744e-02
1.266699001605723317e-02
6.846126282117855066e-02
4.617556012641833157e-02
2.068243006036824538e-01
-5.382806573951802454e-02
2.189546487943243303e-01
-5.584018306920041780e-02
8.368749917424014861e-02
-1.326774580182764895e-01
2.235941180090751101e-01
7.280894043288997641e-02
5.842999987485048008e-02
-1.174861189126342326e-02
-2.591736846487538350e-03
1.010055004460631498e-02
-8.253617053575781903e-02
1.461221197012452788e-01
7.795442040673315753e-02
9.803153535398771712e-02
3.252132345078379526e-03
1.103572823197573882e-01
1.039516455502117048e-01
-3.802849795224606810e-02
-9.165422039645687233e-03
1.255041227040825658e-01
1.756132626412484354e-01
-2.186729286330016120e-01
-9.473566926764938334e-02
1.204377011793721780e-01
-3.042801894742145491e-02
1.066544150319144804e-02
-6.486433848224461285e-02
1.512891429525253240e-01
5.547906469337612889e-02
-4.652658874379382581e-02
6.294287472225247593e-03
8.657928273859495649e-02
8.209070027696849237e-02
1.993434648693981348e-01
-5.832328112321466529e-02
-5.964961877426611103e-02
-2.116474440688214387e-01
-2.369301820352455110e-02
1.364837693332685876e-02
-1.177104433882921602e-01
-1.804369425882654254e-02
-1.330095570949617056e-01
9.583166456733216432e-02
1.065586928398084693e-01
-5.015829649340507179e-02
3.902406186904831126e-02
-5.065978720331019980e-02
3.055818768557920853e-02
-3.372526825057949040e-02
7.476825077508035544e-02
1.119323653338247099e-01
-1.344954119574010287e-01
2.950742914847206272e-02
1.154371828797860627e-01
1.966323312651712882e-02
1.790401258884296298e-01
1.751462445997906681e-01
8.559797221554975299e-02
-4.946904446581642384e-02
6.207850223730069367e-02
9.906376782485272481e-02
-1.238561798904838467e-02
6.036955279050233714e-02
2.160310375628359675e-02
-2.111420205458084190e-02
3.933656459213540069e-02
-3.195042751234207501e-02
-9.934993124798360831e-02
1.437581367080399686e-01
1.807215122439407608e-03
4.106939081806420394e-02
-5.500997839506385073e-02
-6.458760576757940908e-02
9.265833990587508950e-03
1.000594956545356462e-01
-1.145198629900858467e-01
3.183770794125222181e-02
8.718329704481719844e-03
-1.969835470869481936e-02
-9.211409889327602796e-02
1.089889600931469582e-01
7.999031010574617073e-02
-4.170494276261441091e-02
-7.491983962313748455e-03
-7.521550839354968453e-03
-4.165862468516580430e-02
-6.651229758080275112e-02
-2.799627620371527778e-02
1.035722395923662914e-01
1.443371330278411802e-01
-2.081533002734837212e-01
-2.588276987676830111e-03
-1.661580754684442440e-01
8.662831032332750369e-03
1.117341140416528850e-01
3.371899129591685723e-03
1.082736702764193482e-01
1.985250261589441637e-02
-5.778614971751309254e-03
-1.714764223831531306e-02
1.685413435708247309e-01
3.080739508878578472e-03
-4.035973503144184293e-02
1.687831008453720459e-03
1.247487794016762380e-01
-5.237006318216702594e-02
-2.532323223034602111e-01
6.259202695821612650e-02
1.946352526375843828e-01
-3.354164846194405969e-02
1.478425964379185831e-01
-6.260311511133792584e-03
4.995860408475068237e-02
-1.165460211258078152e-02
-6.642014861741588061e-02
2.694055237038542674e-02
-2.136134149118675343e-02
5.143615784225748916e-02
1.140226481643283676e-02
6.309860060118460158e-03
-2.021529643963642514e-02
-1.164608725480316964e-01
-2.281102193990956414e-02
-5.952198207088202353e-02
-2.039704693406653446e-02
7.283403576572748672e-02
7.326963158463214998e-02
2.570740058242013387e-03
2.239691094887087675e-02
-8.963394420380160765e-02
1.016163200531732397e-01
2.484053619374544317e-02
7.850327911631715949e-02
-1.809205128489956016e-02
1.959191496791186649e-01
-3.431401356670806674e-02
1.562031612389378210e-01
-2.068968517713499766e-01
-9.692862123081240344e-02
-8.039822323356518585e-02
1.798316246432328791e-01
1.519444981740747103e-01
2.049202121300783830e-01
-7.665535656503362494e-02
-4.706940698118857597e-02
5.296497822010912127e-02
1.118001326116529470e-01
-1.597105074723887408e-01
1.776460195826294053e-01
9.348699432844395640e-02
2.811953712028105734e-01
-1.115980444118821330e-01
-1.080351810845016497e-01
7.728166269024683288e-02
-1.115866479186516519e-01
9.456587377793793103e-02
7.361677988781040183e-02
2.113819902280985596e-01
-1.148931523506101227e-01
-8.106341973882803809e-02
-2.047551818232889176e-01
-2.856642631876719560e-02
-9.589952148511124430e-02
3.806212668442596897e-02
8.574528434281129818e-03
1.731397675079085485e-01
-1.097181675290126446e-02
1.163160219801024492e-01
5.985012609231592229e-02
3.685225702073815363e-02
9.040331876374155251e-02
1.834189330103209170e-01
1.272525253323173733e-01
5.611913465578582255e-02
3.965113305623716583e-02
2.317455994353618057e-02
-7.392880877775791400e-03
-4.833066903813273280e-02
-1.023485300463574943e-01
-1.082240977492797129e-01
-7.746509600030333786e-02
-4.062523269491480349e-02
9.382683814002790168e-02
-2.371127458545480293e-01
8.629718802973698755e-02
-1.546451776461383286e-02
-5.340631764118115854e-02
1.824457850156419730e-02
5.652782236849535069e-03
1.271515183113861580e-01
-1.222561443633650990e-01
8.539741136649268982e-02
6.496769271613755253e-03
2.083122048943093080e-02
3.129008774351956651e-02
2.875236841730142157e-01
2.463935059591592508e-02
-6.038215620172621145e-02
-1.328086616575032408e-01
7.156125460809309446e-02
-1.845276686496307578e-02
1.444945878215478652e-01
1.111840043167455425e-02
-3.930798200867702957e-02
-5.728265730932509403e-02
-1.638270901309138439e-02
-3.163192542825610937e-02
6.011656096927530529e-02
1.406107280198948539e-01
-5.175651031237551991e-02
-1.906851108545212781e-02
-1.002384637735928216e-02
1.525206078045629118e-02
1.358663955203741058e-01
8.441389243427264988e-03
6.799681757239015023e-02
-2.510667948054161047e-01
1.054729810747002949e-01
3.036733322949837499e-02
-1.403079054729350073e-01
-3.284653123152973808e-02
-6.509082427133594528e-02
-6.775993312216865849e-02
-3.078487948616901240e-02
-8.174931682707786695e-02
1.869342270260483663e-02
-1.531120327686999461e-01
-1.347842623894405546e-02
-4.477189247807873002e-02
-1.049988166336956498e-02
-2.720845181511802324e-02
3.496364013480516286e-01
-7.051111169778434551e-02
4.487616530029857331e-02
-1.839555833046651323e-01
1.698627569920169722e-01
1.162404797022720399e-01
5.190271269796374598e-02
-4.135965228269280342e-03
-5.422764513045345847e-03
1.724158765937551172e-02
-1.872820211006457486e-02
-2.519789149639940426e-02
-2.515592923933801170e-02
4.406714327622326954e-02
-1.261829816386580150e-01
-1.300650371321072640e-01
-1.082654228745044134e-01
4.228976530275312812e-02
-4.198791932977929964e-02
1.333637596175259454e-01
7.268837873216141277e-02
-1.297791149360313090e-01
-6.764163789421873130e-02
1.274140187198715898e-02
2.118428188131015744e-01
-5.410130259320742804e-03
4.192138916572481222e-02
6.758402478840094818e-02
-1.147690468382930734e-01
2.197298942132995536e-02
-1.478320363026909383e-02
6.316978709767163969e-02
-4.816063876609681660e-02
5.254002397177486017e-03
8.372243532804159172e-02
-1.057610876797904637e-01
-1.283443906494133313e-01
1.025643734162607623e-01
4.259084573690039704e-02
4.427307447936339180e-02
9.358297356091904717e-02
-5.083675405640501049e-02
6.836508825266421341e-02
-7.134995320768119931e-02
1.215012514075313188e-01
8.316380252990644706e-02
7.379988856469764380e-02
2.443035399790295659e-02
7.049963848505569342e-02
-2.091845815273408668e-02
-7.406642011401505521e-02
-9.719052568598147979e-02
-1.783958090440241825e-02
-6.152779605660975426e-02
4.863789600480336595e-02
8.343127955301854470e-02
1.236148122550441569e-01
5.198127104588614461e-02
-8.034068133872361572e-02
-2.475181790237889617e-02
1.358060813796367616e-01
6.516331293804242426e-03
-3.950885064425473797e-02
-5.888397060699796653e-02
-2.598935245129776334e-02
4.647324901205544118e-02
-3.499149628620788766e-02
1.582519587061195221e-01
-2.562179821581584555e-02
-2.962983638914903212e-02
-3.674251583805625276e-02
-5.643553589034843582e-02
-1.241277565521762410e-01
-7.469614074803274106e-02
5.357782598600983187e-02
1.863144661120486600e-01
-7.263994110786152480e-02
-4.419710261875604146e-02
1.339127456140007943e-01
9.045517217878526472e-02
8.235381543895604894e-02
1.866254912727200246e-02
-2.039106728691423773e-02
-1.121808978740327228e-01
8.487025652853170954e-02
-8.583002763717346995e-02
-1.169929336141480591e-01
5.952583098777074894e-02
-5.904343083371101780e-02
-1.364624034707396724e-03
-2.316984487659726547e-02
-4.716317668050253042e-02
3.385212184023605325e-02
7.072227157250843277e-02
-2.624988049224378714e-02
3.042370583902724579e-02
-8.861843096746338522e-02
1.078541197781528269e-03
5.861454190927110897e-02
4.142581466957256930e-02
-6.556405115955751817e-02
5.431357465100118687e-02
-6.058538459535604478e-03
-6.459602903984762445e-02
-7.761654167196728460e-02
-1.636203077795398211e-02
2.763049980644874740e-02
-3.947097733775443984e-02
1.384283827087159913e-01
1.748128839912541088e-01
-8.452110513453139906e-02
-2.004348078338293315e-01
1.016281503914261697e-01
6.812717073048178695e-02
3.074509589553935385e-01
-4.376752221047989361e-02
-1.510183960301057782e-01
4.855800628516985379e-03
6.024718921633497731e-02
1.509475079111064766e-01
-1.700615497754600358e-01
2.393528506317560145e-01
-7.341408517789571597e-02
-3.967065009477822868e-02
-6.539445622897850641e-02
1.697337339610644480e-01
1.853736817125080372e-01
1.609781365250741447e-01
8.744635451028079376e-02
3.636468949560194008e-02
-6.450034525805806163e-02
8.450404589684409884e-02
1.347859356562648436e-01
7.709963493314753169e-02
-1.537434633068356093e-02
1.360293325334543668e-01
-9.949103626089060570e-02
-8.235528764288214086e-04
8.352224323486905078e-02
1.047037388888773096e-01
7.894501896727772194e-02
-3.190968752161792155e-02
1.273297674287862946e-01
-6.741885290103639961e-02
-6.859678956620049450e-02
-6.694088443942468325e-02
6.280379802540617118e-02
1.132330740710015271e-01
1.664486679295549276e-01
-1.336955752378223006e-01
1.060618393983757748e-02
1.217560880587443828e-01
-9.685553506754149278e-02
6.055964588513870067e-02
1.809031391279861470e-02
-1.035027093176304480e-01
-5.637746186756719541e-02
-1.543112655531413135e-01
9.494670989261227989e-02
2.594684404160892827e-02
3.298446898212965134e-02
-6.237748361280455456e-02
-3.296127339280773699e-02
7.802541323448959620e-02
-1.268009137126777375e-01
-6.131960526239146891e-02
1.093516130300008216e-02
-1.108046498687704964e-04
-1.532275703812177037e-01
-4.097898203941587048e-02
-5.862693843494545115e-02
2.638949182626099815e-02
3.231598717132976029e-02
1.038606650363576578e-01
3.145776603935884069e-02
-1.013829438322450816e-01
-3.903778453876751570e-02
-1.080122431832654384e-02
7.496881338506379555e-02
3.228521756175239954e-02
-1.144473757894796939e-01
4.430770666143857284e-02
6.917196366694360055e-02
5.804190987907473231e-02
1.795787933319018814e-01
9.036809232220352484e-02
-7.279864020325063634e-02
-4.497734280262400547e-02
-1.047087928658714667e-01
1.055263128449208110e-01
8.605854665346782464e-03
-2.122816541181216099e-02
-5.768978438212329224e-02
-1.608618154580922499e-01
3.919606543949356176e-02
3.784160612858358808e-02
-2.458926940151105051e-02
1.347405838943978584e-01
3.128918081979699672e-01
1.504762764727835267e-01
-2.155188372913339340e-02
-6.478885281564084053e-02
-3.051974068379685861e-03
9.343963998206788329e-04
4.894575875849559166e-02
-7.151439251746763426e-02
1.633042266579513152e-02
1.178436722412670862e-01
-4.005977447018773535e-02
8.012885791475991837e-02
5.059797368775306725e-03
1.120705978311456741e-01
-3.413302067236383130e-02
6.309023824898593591e-02
1.396590520165059690e-01
1.279776046028958687e-03
1.951483841295508642e-02
2.453041126220742787e-02
-1.091088952407999191e-01
-4.105736124239892787e-02
2.224721605000678018e-02
1.925062321746908445e-01
3.252221381155724622e-02
2.296658399598602157e-02
8.367631980228493194e-02
7.753196440206591711e-02
2.002439232250570467e-02
-2.148983017343514823e-01
6.795085564263514399e-02
-2.542733973894202928e-02
8.844546928808207087e-02
9.848294834024473587e-02
-5.695135115681912441e-03
1.161443980998301019e-02
-4.863860278276713189e-02
-1.590832753262373112e-01
3.370171606023755762e-02
-3.691017514484087880e-01
3.824793534408035128e-02
-4.956698172601949927e-03
4.284243819782775076e-02
-2.202951090973282178e-01
-5.468499284899668023e-02
-8.674222140613842280e-02
9.585181411611833069e-03
-4.301506674865715474e-02
-1.274457340884935230e-02
6.083219904927676669e-02
-1.124980265158361525e-01
-3.269003951920318972e-03
-3.730771392964274402e-02
3.305832971292949583e-03
8.660787540645947802e-02
-6.734402499309030676e-02
1.322841908086676843e-01
9.250475057095976228e-02
-1.288665041050390536e-01
-8.547133773655103683e-02
-2.333173432422338406e-02
-8.336085597728710300e-03
-6.115106028915839702e-03
2.046506619321289966e-01
2.577617268312546589e-02
2.543168329990676546e-01
2.622311057954083806e-04
2.403100623098055888e-01
9.398602504055929632e-03
1.807397211683148958e-02
-2.772837369021741855e-02
-1.410114103935050933e-01
1.680403408903773446e-02
-1.631422318044088715e-01
9.638726521208908216e-02
2.590749418129464354e-01
-4.474334638109428094e-03
3.096105926564159394e-01
-1.714796076706685823e-01
1.762729165122259301e-01
-6.155809166486914813e-02
-2.467684111810367342e-01
-2.298005919675054094e-03
8.679982584423810710e-02
2.975580723100557101e-01
-4.183751462801910126e-02
7.610233871827078167e-02
-5.386435220643091132e-02
-2.049291150880614976e-01
-5.417480968101764244e-03
-7.863930497675723774e-02
-2.607530703827007010e-02
1.670392833332447202e-01
-4.007591988973410735e-02
1.154730388530118973e-01
-4.548693376458141924e-02
-6.309148479797856493e-03
8.001627624781941506e-02
6.684579726716088910e-02
-8.912276911721730976e-02
1.493223395655877625e-02
3.283067306392541823e-02
-7.833856379169350584e-03
-4.356178066711487162e-02
1.170055001107952186e-01
2.561901358067000464e-02
1.138569623103108941e-01
6.860974279942147480e-02
-4.275370662625951196e-03
-4.338037750047196023e-02
-2.087774995394599820e-01
-1.725049580032119445e-01
-5.342051676330780013e-02
-5.238718354696568491e-02
-5.986818151716907094e-02
-2.138727841256170964e-02
3.754611922032442817e-02
-1.692397783239359133e-02
1.374083573853045470e-01
4.198863443998396977e-02
1.310996576028531160e-02
-5.280295193095822792e-02
-6.900791036451515981e-02
-1.133790320810504522e-02
-4.051660079462852948e-02
7.704578830015786084e-02
-1.696740746754402951e-01
1.063529607235809277e-01
8.742746716995875023e-02
6.912571064651829023e-02
-1.870390823538056399e-02
4.450275529451609702e-02
-6.152984004240712873e-02
1.157454354552763798e-01
2.563681535193270203e-02
6.795669810652056608e-02
3.913019258995141525e-02
-2.451148804285540814e-02
-1.492343615207601497e-02
6.533074535929665749e-02
3.906345592358666241e-02
8.781449142780362819e-04
-4.868544814145669281e-02
3.911204055106676236e-02
-5.529500163676803054e-02
-2.737056376492843016e-02
-9.342607697177164605e-02
7.686685100357631972e-02
-3.073071328004494361e-03
6.500895501296324874e-02
4.487302728470171642e-02
2.440770985116909667e-02
9.971376843535969051e-03
3.215895020362864037e-02
-6.495873291349207879e-02
4.110039706242650526e-02
4.237559443564246214e-02
3.394645991403782287e-02
-5.285249880433761163e-04
2.096572094855023854e-02
1.491715253037136091e-02
-2.167415193611749863e-02
-1.010735352772336032e-01
6.826344295547921714e-02
6.120208437861557327e-02
-6.830015443308619372e-02
9.117437535591152442e-02
1.045712097325529888e-01
-1.153745136923527148e-02
1.232778957479072623e-01
2.084934699850663764e-01
7.898334343654879464e-02
-1.007151119774761169e-02
-1.167131838745632394e-01
9.489838375962422745e-02
1.065622820299617912e-01
-5.643916410149251925e-03
-2.299938079490432101e-03
2.987875026123441163e-02
-9.209335275427660283e-02
-1.577914254974027708e-01
3.807018649640322994e-02
-7.842494296937990717e-02
-6.600636852797318876e-02
6.500385040996088659e-02
8.404217158232103746e-02
7.299265208000496608e-02
-1.273451907565615604e-01
1.636090249264199048e-01
-3.564881698732876025e-02
3.169729934243765285e-02
-1.260465247416866705e-02
7.002483360237199417e-02
5.522184301359896186e-02
-9.494194867442005970e-02
1.028860096644893946e-01
-1.237187772770656849e-02
4.808220360838103696e-02
-1.262542702284857599e-01
-1.295609533888281428e-01
5.499894916253716959e-02
-4.874860455440099827e-02
-6.964001614292165965e-02
2.942408363942282667e-01
1.185403660328273878e-01
7.303779455201983573e-02
-6.717830786014757083e-02
-7.851505147543091923e-02
-3.227733059089074596e-02
-9.737561211871353928e-02
3.194051588504479011e-02
-3.040413284376217162e-01
-6.929553342100876895e-03
3.462455522449788686e-02
8.193153072540352959e-04
1.243547344647718267e-01
-4.282505574101327928e-02
5.613517975036007301e-02
-6.312139129751294375e-02
-1.552322454609797731e-01
5.459351339184870602e-03
-2.121515623350724855e-01
2.926762747627710548e-02
-1.872858178583709484e-03
-4.857409863746299516e-02
5.819120476070861053e-02
-9.488042988351597096e-03
6.735949805088208009e-02
-1.677314952199889797e-01
3.059932918109883535e-02
-1.765402430835553548e-03
-1.135874146850357307e-02
7.055932533763659142e-02
1.036745234870080010e-02
2.279714857964758035e-01
5.202803408176458894e-02
-8.944001692706880779e-02
-7.270793530324495824e-02
-1.246776894229871535e-01
3.876397892555244473e-02
8.033500799830138595e-02
8.456854027639178206e-02
-1.899425700232666367e-02
-6.791856531383229714e-03
2.585957085180475706e-02
5.134146253859132175e-02
-3.558643622246836224e-02
-1.523214145674828268e-02
-1.996461785343128098e-02
8.060292674915764399e-02
-6.553883187898151830e-02
3.147230675293352653e-02
-3.639967143993015457e-03
3.838171070304178395e-02
-1.274351216625424499e-02
6.281905113728769585e-02
-3.406585801645167777e-02
-1.552055092359633237e-02
1.153099540825986008e-01
-2.866154781320734771e-02
4.380234180441323552e-03
7.777986664739565403e-02
-6.835235092239469457e-02
-3.957237294274715961e-02
-5.303149494550381260e-02
5.514821536567197924e-02
-7.522606997570064138e-03
1.158142689193336801e-02
6.689747966699584325e-02
-4.128395614674235797e-02
-1.398482351360889053e-01
-3.851205677764818480e-02
3.038039416948561389e-01
5.673503499523660509e-02
-5.387346900643946029e-02
-1.980524685829447573e-02
-1.074971344337965762e-01
-1.025290517681430869e-01
3.189827397835454104e-02
9.833773113041760494e-02
5.154381962335820300e-02
-2.470967382773125443e-01
6.780594097791151076e-02
-2.786568845462962241e-01
-9.420689630345857601e-02
-2.238393625283427793e-02
-5.736885464796361717e-02
-3.733252193284484176e-03
-9.243614398065989890e-02
8.133763885124757620e-02
6.217949680426702874e-02
-5.730679533345155174e-02
-1.475189639188833821e-02
-3.120455266216089381e-03
-5.198712161095030843e-02
-2.669857713937407451e-01
-4.135840056546898069e-02
5.184376463341525132e-02
-7.802980246822503740e-02
1.051560355443194733e-01
-5.415400042246258649e-02
-2.379706152736619021e-02
-1.053290393456748769e-01
3.029330842762181092e-02
6.432856661490855832e-02
-1.750991176167859473e-02
2.092298576860068260e-01
2.096633175904362434e-02
2.601702090888828867e-01
7.241379494955303697e-02
-2.008772258160674840e-01
-2.061349715607433894e-02
2.212962371508675474e-01
2.874594513708232310e-02
1.115346597564176034e-01
3.585860723312479792e-02
-6.449716791730210341e-02
1.384923484192812360e-01
5.125875096217524796e-02
-2.512972411247152774e-02
-2.540278809150129172e-02
4.205873652239670857e-02
6.775423945828117078e-02
-9.547869060238985128e-02
7.630776573687175768e-02
9.430200739891106410e-02
6.566848662054683428e-02
-2.032025061164250690e-01
-8.016296345146721111e-03
7.227338767436664035e-02
-3.996953374667584075e-02
9.256759431927795434e-02
-7.086983118006041915e-02
6.392359829354454272e-04
4.936872771965358092e-02
1.301214548003493954e-01
6.985883132037831733e-02
-4.446144576634226270e-02
4.258848228267752417e-02
-6.628420624877370826e-02
3.706612878772005959e-02
4.123025741134651173e-02
8.876420128144789368e-03
2.101436355655062482e-01
7.551543756401156438e-02
-9.336395127157878782e-02
2.658806665312979933e-01
-3.301754077098427165e-01
-4.167165151831488806e-02
1.097691071783170151e-02
-1.140254575304250756e-01
-7.998818038397693952e-02
4.509888570522872786e-02
-3.188431327325828152e-02
-1.161246875618236751e-02
-5.896452886707595487e-02
-1.681431424848356115e-01
-1.094214706289155375e-01
-2.842467463341182693e-03
1.597226619684469218e-01
2.947443027548362071e-01
1.645557385862614908e-01
-5.157877587537936653e-02
-6.024245323295071564e-02
6.330747234438002802e-02
-2.299896194183677009e-02
-6.750697481720541182e-02
-5.182649958001536022e-02
-2.926936465510684288e-02
1.530878408224898291e-01
-1.334070505176885441e-02
6.137453047936972106e-02
3.538209946663933153e-02
-2.755599261704630085e-02
-7.593253991386150759e-02
-3.409583713679986694e-02
1.055781215084756752e-01
-3.934386283566563419e-02
-6.812049992255567177e-02
8.471779596051740024e-02
1.108430462013366979e-01
-4.078099130946884199e-02
1.776427271275193495e-02
1.773709300313651982e-01
5.246599001331909984e-02
3.800145538483420959e-02
1.641853563884084211e-01
7.910968276424672208e-02
3.603675920731039262e-02
1.505368014527908582e-01
1.695210728056104066e-01
2.043928879181695357e-01
-1.785729536135862439e-01
-5.765204055190260857e-02
-6.026314669659891404e-02
-3.979214800467487795e-02
8.537147208643544594e-02
-1.140559318176621595e-01
1.428536093945638741e-01
-7.767180640315006490e-02
-6.633697064578460145e-02
1.175716806625296540e-01
6.716264715379532957e-02
8.534937905673067871e-02
3.166051673102863832e-03
-2.547497352853476255e-02
-5.546354926487902237e-02
6.104986435362915603e-03
8.395631394639702094e-02
4.566986723798569653e-02
5.445690713569734803e-02
3.390321725337682671e-03
-9.280094456922755031e-02
-7.272271785864983795e-02
-5.414053142976539557e-02
1.646655075445491168e-02
6.713527516301327769e-02
-1.513016453525712138e-02
1.321955685294041727e-01
-5.831014786070343875e-02
2.316720365581928422e-03
-1.834737933174044877e-01
-2.029911015860733428e-03
2.428137139502183628e-01
-2.552900403984600594e-02
-1.710133910476236210e-02
-1.081302349135787044e-01
1.903064934184753310e-01
1.812992609033108049e-01
2.862533415784457302e-02
7.114668632655414549e-02
-9.997610980311189000e-02
-1.694617931602461769e-01
3.164590291080541379e-02
1.212893173607467873e-01
-7.030684271226265991e-02
2.019597735986645645e-02
2.588997792677510401e-01
-6.585698187227834871e-03
-4.747205271593689380e-02
-8.000383357568802145e-02
-8.011390679439500673e-02
9.503923218639402648e-02
1.508868880906300280e-01
2.649455486754252465e-01
4.471194677911430326e-02
8.831704087365877670e-03
-5.558866279309397640e-03
-8.007916715478201330e-02
6.799644454187629694e-02
8.321748905850738509e-03
-4.191887235518979710e-02
2.432870813117256059e-01
5.065135312948828433e-02
1.449989258093591638e-01
5.680951912031870221e-02
-3.157021972470610005e-01
-7.810230667570482177e-02
-5.800335815373684062e-02
1.634884649484752428e-02
1.724746839023558187e-02
5.295020647405279668e-03
-6.863836204395364071e-02
-1.162289769464439591e-02
2.332459780314326964e-02
-1.043001578948667997e-02
6.344042720457873652e-02
3.119877788494620705e-02
-6.341722714988944076e-02
1.854292291473463861e-02
-4.702899538131981305e-02
3.055566912168962701e-01
4.853539660492810215e-02
2.068202120569969521e-02
4.326061389457792200e-02
-4.177364989654061556e-02
2.016542277767841701e-02
5.706220210188278630e-02
6.766531848201189081e-02
6.096197492674901297e-02
-9.557829427286505114e-03
3.347628741558576065e-02
-4.056332986733145185e-02
2.730752690845466429e-02
1.338108688228363541e-02
5.056461908029193097e-02
-4.649970400329275083e-02
5.303209177968003230e-02
6.510821797402903399e-02
-1.282265671249004785e-02
-1.621954456269072142e-01
1.871863511911614764e-01
-7.688781098251838697e-02
4.349118103981669536e-03
-1.285789402696981693e-02
1.014226499482966670e-01
4.237382938353557657e-03
-1.384175523695055365e-01
4.150728672136963504e-02
-3.580319548845266320e-02
-8.525239429741017505e-02
-7.374641496066651480e-02
-1.586489007190178616e-02
3.294399758829295172e-02
-6.595327303865629320e-02
1.381394478828520608e-02
8.996802066260824182e-02
1.525895159294168163e-02
3.239123561952149399e-02
4.551342195985373651e-02
-1.418804002066131609e-01
-1.763893002691489242e-01
-3.485565200151711368e-02
9.486058513371445344e-02
-3.300828993083344126e-02
2.001194547283616839e-03
-3.004378057760985488e-03
-1.144313309004443280e-01
-2.022527942097462061e-01
-9.696364948146206364e-02
6.146608226468548014e-02
-1.978921374427917643e-02
-6.554897655154960645e-02
-3.795984815804079315e-02
-1.056610417147347061e-02
-1.070323503049744884e-01
1.078302543353612669e-01
-1.000761871556978683e-01
2.581211281688421399e-01
2.367040030034122874e-02
1.430556683032736254e-01
-4.714812602524469376e-02
9.348803488882425142e-03
-1.479834760443776986e-01
1.923987588504570689e-02
-1.093921806679351710e-01
2.263230682143238179e-02
3.025052889606386769e-02
1.073191187227089533e-01
-1.582952790101092855e-02
-1.615948238993308514e-02
-1.148156028383813532e-01
2.758606466126226758e-02
1.741317999799759375e-01
-2.237311410566341502e-02
-1.516916936972425856e-01
1.028378428733596889e-01
-5.296585651706600673e-02
6.020842745519536937e-02
-7.362102758201632957e-02
1.180747414864626588e-01
-6.974881261412030353e-02
-2.162005871255199829e-01
5.282828986792289377e-02
3.152154657773109311e-03
3.614920962632380691e-02
-1.697287406119910719e-02
6.554062107172987928e-02
3.261590067198453374e-02
-4.205585080830226419e-02
-1.119927372482494021e-01
1.220882442604704771e-01
-2.700048449945455786e-01
4.171973894287340362e-02
2.199946661907852680e-02
1.069693458193790303e-01
-5.240075340044898777e-04
-1.349345566290316434e-01
-4.756590631377376373e-03
-7.447093983669382522e-02
2.352751186766342817e-02
-1.292803920644089721e-01
-5.377170855025814600e-02
-8.266077922443063053e-02
-5.705306841302305171e-02
7.199144712941274449e-02
-3.299230376235529061e-02
5.541113384889143068e-02
6.779173220900668040e-02
2.024454879562195483e-02
-9.993654270609453327e-02
-1.212469241871933084e-01
-1.647979196135453683e-01
-6.538205620614964686e-02
1.053128750552504156e-01
1.683466425552458401e-01
-6.295210949511129139e-02
7.412537176826525503e-04
-8.793715747307705166e-02
-1.173337456706530779e-01
-6.459954081005171711e-02
9.263658667180250939e-02
1.160937708322095502e-01
-7.391874592663875976e-02
-1.288359039511356163e-01
5.893248770292230237e-02
-4.148732900520984632e-03
-2.463064261481111294e-01
-2.378949972060700330e-02
1.198520972167744919e-01
1.232631039098620596e-01
-1.703100850739052048e-03
-3.233116877953030183e-02
-7.567620588597530253e-04
3.694611225868638105e-02
5.944909353473494355e-03
-9.651497261633536218e-02
5.055746622546416352e-02
-1.228764451549865799e-01
3.007282363071433692e-02
-3.489087155354783643e-02
1.064515519935723686e-01
-3.452657306074526783e-02
1.675615735065292752e-02
-1.322107613084049817e-02
7.621046648057256540e-04
4.207886206648601968e-02
2.755373870080413817e-02
-6.940680050766934173e-02
-2.228186297098810886e-02
6.786205993518018564e-02
3.255141559531234130e-02
-7.050994865881368701e-02
4.747872695242158492e-02
5.171682608267270248e-02
-5.717880611310134642e-02
-1.505394784809497774e-02
3.672881119383823029e-02
5.102862224427621302e-02
-4.376220954066334379e-02
-7.363091271736957322e-02
-6.487143184470245405e-03
1.189618840241226938e-01
-4.755948622218455352e-02
-9.336072317464716441e-02
3.182166545343699179e-04
-1.168255871220010012e-02
2.775194178998596772e-02
-1.448356644318435638e-01
-1.015150266647231597e-01
2.311925915505299786e-02
5.628270430693307902e-02
-1.413891595689891756e-01
-8.616509686650929145e-02
3.656436020377702018e-02
7.712781246517488865e-03
2.939098379361154006e-02
9.286104433065871244e-02
1.844365880356107212e-01
2.025124039614340510e-01
-1.518044356311067968e-02
-8.123076364342925182e-02
-4.569084104058999951e-02
-1.067381714975438739e-01
-7.749709844282440252e-02
9.845425994085818533e-02
6.548606183034698380e-02
8.110944477321326007e-02
4.894451349315966787e-02
9.482493622114064949e-03
-1.032419154047914539e-01
-5.207041553702772274e-02
1.545193443999762564e-02
2.588618972621896386e-02
9.600006366744927300e-02
2.886504979252084435e-02
-1.898197740114768717e-01
1.518847127798551855e-01
-3.557475525162077240e-02
-1.480018163253705998e-01
1.204179143650727368e-01
1.002971964227584861e-01
4.273364568259136603e-02
8.809454513262336695e-02
-3.659378748280491672e-02
-5.050070355121798193e-02
1.800899575437009403e-02
1.310891461347863662e-01
-2.504640699910449381e-02
9.305664866359182261e-03
-1.666593202709610796e-02
-3.759087761210248846e-03
2.094516662213536436e-03
1.932398201818287531e-01
-9.089420629207478619e-02
-1.203880748487365371e-01
-6.284961639794614530e-02
3.737576904894746033e-01
1.672570027010316165e-02
-8.139832967407793773e-02
-2.884998221334586846e-02
2.135419174929950870e-01
7.304527304906116569e-02
7.613324036802422701e-02
1.520848733424576705e-03
-4.335894080296089081e-02
-1.021090120948998509e-01
-2.672463695185339078e-02
1.187794464168161618e-01
4.344053294902610468e-02
1.957225105924131382e-03
-2.918354731150251194e-03
7.469587483915794343e-04
-4.148892780674134917e-02
-2.023092397118720909e-01
-9.171739501093705005e-02
-8.466529650138977792e-02
6.015025685026970104e-02
-1.032078678634321470e-02
3.572387039676906684e-02
-1.258512146386537300e-01
-5.067236713895910405e-02
1.768201209887263620e-02
-8.097530148444730125e-02
-3.038475191532049799e-02
2.035101643729431975e-01
8.715154603755882745e-02
1.058893026169525561e-02
1.070463670039109236e-02
5.921425157110248721e-02
6.039680510370275257e-02
-5.868206719100201724e-02
5.145355033208512396e-02
-5.027856830742078592e-02
7.508792189718543203e-03
1.648495817912367430e-03
8.203341911275466303e-02
-7.892931165021431494e-02
2.514288279553329383e-02
3.499873858855296477e-02
2.255814773268323414e-02
2.755640661909276867e-02
1.630742105944692211e-02
4.443991995202579981e-02
-9.995795328418721759e-02
-1.277218341692887282e-02
2.952974386328159270e-03
-3.483588140957799388e-03
1.236394600256250920e-01
1.762263870413470837e-02
2.933023977276361452e-02
-3.230127946152403645e-02
-4.454508904877961528e-02
2.792025964605177046e-02
1.053128318867174555e-02
-1.284895758572249524e-01
-2.030878031549120111e-02
1.659905236542352433e-02
3.225854438293263710e-02
-2.217286102022730798e-02
-5.088140796093824220e-02
-5.577282823668091444e-02
-4.558648087903446888e-02
-3.469894782077759948e-02
5.389523285140718212e-02
-9.685376734591473469e-02
1.123010886528529734e-02
7.169528300128570619e-02
1.208329109510923871e-01
-1.396787879176126790e-01
-8.315351408560237023e-02
-1.388800233251520806e-02
1.803113768961752961e-01
-1.795185788484342584e-02
-5.986077217249053404e-04
-4.592262486897005086e-02
7.405231484795848917e-02
1.154247205898439356e-02
-4.308059330429061390e-02
1.263607195313025400e-01
-3.197928944367357112e-02
-6.320062372928827131e-03
1.510233220267672739e-03
2.175182365637673768e-02
-2.012716294422367547e-01
4.232187156799077643e-02
6.903739909980149969e-02
3.487785263564843058e-02
-4.250029303347271220e-02
1.105208336862422008e-01
-1.674778107783346237e-01
-1.344710440753093816e-01
3.932061826040732927e-02
3.488133076394020482e-02
-2.438871145319760486e-02
1.132330345600022700e-02
3.683482701780817908e-02
1.057511786715061020e-02
-7.188075692457887578e-02
-2.796620068157779082e-02
4.506471415990756339e-03
3.899637904234740104e-02
-1.219177714428397036e-01
-3.124139944138137892e-01
5.364865591533007211e-02
-2.041406188962845425e-01
-9.256812694184383961e-02
6.311587826861526918e-02
-1.391653466347600732e-01
4.078706435219117687e-02
-1.084628535676822464e-01
-2.437929187638596951e-01
2.211790965133995923e-02
6.799158670531647852e-02
-1.695133723279285349e-03
-1.237192022008072601e-01
3.157268837079652002e-02
-5.057508990743588007e-02
-2.136258960253016315e-01
1.463412427119427806e-03
-1.898857404374146851e-01
1.208210009352214537e-01
1.396854230947631725e-01
-6.642723475971161473e-02
4.270716402251968635e-02
7.182675986215625308e-02
-1.335356971378955093e-02
5.044622724381029460e-02
1.225744983996008147e-01
-4.132482428173735872e-03
4.537657347255803775e-02
2.685136192443353109e-01
4.091097090895464555e-02
1.618634097339681152e-02
-4.590708847065014253e-02
-2.188604913800327664e-02
-3.223866505651502845e-02
-1.867567047441495987e-01
7.949825382330714951e-02
1.203304538857203065e-01
-6.034722030254182149e-03
1.453202532447428197e-01
1.326636429700532582e-02
1.653643228937629051e-02
1.227201866934714836e-01
2.961639614243081753e-01
2.482221730406641586e-03
-1.113815977607214569e-01
-3.148513515661504475e-02
4.257160776764959062e-03
-6.055539328229286172e-03
6.773868675394371930e-02
1.206594730681902761e-01
-2.888813260505008335e-02
-7.817557552814383137e-02
-6.697163470546768638e-02
-3.433386895215230217e-01
-5.291142837885473571e-02
1.476656633393824969e-01
-1.524840793476221756e-03
1.816863682597624208e-01
-6.199239437965039373e-02
-1.727328132835281582e-01
-1.866826670346836969e-01
4.702165180791769566e-02
-4.970888339320213289e-02
-2.576543629570589300e-02
7.344989397671572440e-02
5.242160564299754716e-02
-6.997961287868212366e-02
-1.522259593110621839e-02
-4.512351530294689966e-02
-4.860109892435380413e-02
3.038141885903848649e-02
-1.893366492429760656e-02
-1.583917294648810870e-01
1.045986930514537228e-01
-1.162693558446042108e-01
9.239617936494799733e-02
-1.078031423308835057e-01
1.250013621343092352e-01
7.432654847843170320e-02
-1.555357944568521583e-02
-2.849040830323353382e-02
-4.276144858200654764e-02
1.232654249161871905e-02
-6.700239908587632409e-02
1.417672573561045146e-01
1.076329005309754339e-01
1.270158132654677745e-02
-2.596042858338503539e-02
-2.852748292241880437e-02
1.602451567175348923e-01
3.714189447951439516e-02
4.856395827604668980e-02
1.769783836926309695e-01
2.030446594538045518e-02
-2.728597854114215293e-01
-1.824201981077856471e-01
-1.000154745711437365e-01
-5.446231155273440622e-02
-3.286473890428205646e-02
-5.528595505469354604e-02
1.068030778508336359e-01
-7.863858942264106977e-02
-1.101694470427897060e-01
1.793103581988708672e-01
-2.550825344453354349e-02
1.998717941972515677e-01
-1.710983944229929055e-01
-1.940039976312382675e-01
-2.066261918928442298e-01
6.325154291323063262e-03
1.120449314035367253e-02
1.891556065257595301e-02
-1.085532839155298884e-01
3.087819874717852298e-02
1.105720261987643144e-01
-2.536276666076788672e-02
-2.577490810578221825e-01
2.261581277809938395e-01
-7.475576153247896413e-03
-9.427485088484267861e-02
3.730362793141225874e-02
5.506721031848602760e-02
-6.176991793109903005e-03
-1.599897872712207902e-01
1.715516139286809572e-01
6.487533890317098706e-02
-1.909087998140123615e-02
-6.553427541235172515e-02
3.962287277341191433e-02
7.602073120796253025e-02
-1.349139224584283980e-01
-1.652117989910913687e-01
1.436329803282492268e-01
9.767992186332899451e-02
-4.623516246104379668e-02
4.916940059880726965e-02
-1.036394974893910526e-01
1.025149171286267452e-01
-8.821732431708093070e-02
1.298785550139242850e-01
5.395217945133203019e-02
5.839761753555756940e-02
3.577693322869582304e-02
1.209225622493437929e-02
-1.658910126415160946e-01
-1.520271495764607683e-01
-7.922322791418938415e-02
1.705198896555129573e-02
-5.808571968252300433e-02
-2.024543989614448203e-02
-4.218693169899356138e-02
-1.914453548422175716e-02
-3.450045234596730431e-02
7.435316712634038039e-02
-1.045358309471507569e-01
-6.789326479825025240e-02
-7.892548273635179024e-02
-8.890659577329447505e-02
-2.040808599015650308e-04
-1.228458422753899229e-02
5.923032857527901762e-02
9.278175366587455841e-02
-1.404132418294279927e-01
1.125680939114689916e-01
-2.815057358727304782e-01
1.210579470287671267e-01
1.820157261573294161e-01
2.451719475040148484e-03
4.571818720688298338e-02
9.754153272687304810e-02
3.359569846247217884e-02
1.984250829273255523e-02
1.679926074761816518e-03
2.962805546690715913e-02
-1.153756263926856013e-01
3.513075153621774555e-02
2.025163553242947598e-02
8.012465430903004115e-02
-1.086070027790469184e-01
-7.404905940651539120e-02
-6.942760841051244525e-02
9.029860222323095320e-02
5.176783493362945715e-02
-6.500458057234129172e-02
8.769061979003569055e-03
7.811935434456107608e-02
7.803764479456476444e-02
5.579469368232102544e-02
-5.083775725212276442e-02
9.688194828726122421e-02
-8.262779545640204504e-03
-4.546012221449094448e-02
6.465888478556949814e-02
8.778370857232872804e-02
2.377149389695393245e-02
-2.811758562306480858e-02
3.282587012077683997e-02
-3.241945489349754017e-01
2.250956602061023049e-02
-6.358234997950422407e-02
5.945933028423935895e-02
-5.285578728492117823e-02
3.945872559846849703e-02
-6.510879266957790568e-02
-1.270513122016331611e-02
2.308507362631201029e-02
5.562183953560053545e-02
7.774887072002852756e-03
3.558396416553710057e-02
-6.657286190204977916e-02
-3.677193190262479511e-02
-9.398925401613380387e-03
-2.293305765827727966e-02
3.397450211783219903e-02
1.541723384610372560e-01
1.082852720352047438e-01
1.769539266858484172e-01
-1.402734141674560897e-01
-1.499464066984396160e-01
-9.390001742337606566e-03
-1.961394897656235439e-02
2.988984277335811519e-03
5.078707850827934855e-02
1.246464232093008884e-01
1.817037695845200584e-01
3.498358717840963777e-02
1.022425922387929925e-01
-4.494634727773744870e-02
-2.696432890816347419e-02
-6.397768847816178665e-04
5.053345686959953564e-02
9.587252695476945752e-02
1.074164918707207379e-02
2.500259767831259153e-02
3.672665297115482175e-02
-1.334176758172042065e-01
8.439754919550293555e-02
2.727244125225167931e-02
5.328348120309335523e-02
-3.722964203762348795e-02
1.625908560499786937e-01
-2.115609758189981524e-02
-2.204845733239026995e-01
-5.067241182040940371e-04
-3.774513135571978817e-02
5.198421278675513513e-02
-6.552771484337863162e-02
6.718640142684234769e-03
1.203898277270289488e-02
2.215632597968270404e-02
-1.303162476638501932e-01
-2.294548533564131146e-02
-5.432401744329624915e-02
3.378393781564120041e-02
2.259683393785737182e-01
4.255388873749816996e-04
-1.938094522946262055e-01
-9.203636576759378907e-02
-9.549759239440453254e-03
3.428677195768756181e-02
-3.927717138884879999e-02
2.363433658037995128e-02
-7.295545273079044254e-03
-1.789711141590091814e-01
-4.692072385433906229e-02
-1.230307384697698798e-02
3.845803551638972417e-02
-2.160146290694996488e-02
5.274841101775902541e-03
6.116695326021980711e-02
1.035950216165496124e-01
-1.056276909439372441e-01
-1.114322983393818550e-01
1.976184824724380035e-02
7.842625514260608693e-03
6.567924044280733231e-02
4.613571509565952272e-04
-6.543217539310450248e-02
-2.638314635022220855e-02
4.560402417462429414e-02
-1.035266124993553319e-02
-2.726595127108500174e-02
7.179050419113715276e-02
1.314441330792046492e-03
-5.134763743094502425e-02
2.134644255699355217e-02
6.838266400370716577e-03
7.047357503394793832e-02
-2.468504841717435519e-02
1.924429287554026841e-02
-2.792292796705890534e-03
2.839624240754163448e-02
-2.814043923920549542e-02
-8.559060741774693337e-02
-6.485574971038516982e-03
-4.583927605857763404e-02
2.304339684182637321e-02
8.869009808934135569e-03
8.210478973750169607e-02
-9.776102501014984764e-03
-8.522982285388469581e-02
-1.595126209814647436e-02
-2.164386473059685262e-02
-4.681717052536043394e-03
1.146906662423033407e-02
-1.266828631345948419e-01
-6.559600290516421316e-03
-1.169069905723170780e-02
-2.622241606458037416e-02
-8.321708254050028120e-02
-1.630750999860838268e-01
1.598019847585322450e-01
1.625048315187354320e-01
2.655042586840860794e-02
2.322864935797196509e-02
3.542892743485674678e-03
-1.470972594118889060e-02
3.006341188030030830e-03
4.742815963083436143e-02
-5.681965263396789034e-02
-4.373841120551787837e-02
4.228330328892672407e-03
6.437278446739950859e-03
-1.717075560362162079e-02
1.285242412042637006e-01
5.606285352290307084e-02
-3.590612469497800885e-01
5.582301747774213313e-02
4.778000485756582483e-02
9.531827393608309495e-02
-8.259386721814573895e-03
3.223790139211038519e-02
5.204375337343872948e-02
1.432986330580999189e-02
-4.261043239430931107e-02
1.102415602293553426e-01
8.805605758219159362e-02
6.133148125772601433e-02
2.844618088909982648e-02
7.364439202268313611e-03
-1.243844672859968983e-02
-1.450155577354184933e-01
-5.172539318658592178e-02
8.688427462780198840e-02
1.501555670624500072e-01
1.964134417116515652e-01
-1.273144011802255782e-01
1.015957528617070088e-01
1.216378019373190733e-01
-1.055722583063288256e-01
8.780209064761080803e-03
-7.199551908857569280e-03
9.978629056148953513e-02
-1.443136124288768307e-01
-9.046009501594705349e-02
-1.419571627237785905e-01
-8.424224030087794357e-03
-2.064709333332128902e-03
1.448261518636646261e-01
-3.749621575533720365e-03
1.197246386332045665e-01
-5.882275361661841451e-02
-6.063085425532786787e-02
-4.304898304808564558e-02
-1.713523806206655384e-02
-8.004997835842691742e-03
1.267259364286132672e-01
2.660913376978443420e-02
1.249459698008622138e-01
-1.314382029970163901e-02
4.629514220421777557e-03
-2.299857147990164857e-02
2.369019491240960396e-02
9.998383886346222382e-02
2.474714414567836043e-02
9.308123119295552694e-02
-5.967286913333464879e-03
-5.605961468948112564e-02
1.284643743144073536e-01
-4.282355787509344036e-03
6.301450819632675726e-02
2.771340787936742989e-01
7.767063404110124969e-02
-1.170411567445130974e-01
-7.742337347755995358e-02
-4.427226969814228308e-02
4.594190184241254971e-02
2.237795716454792430e-02
-1.762617670497709788e-01
2.586657134882890466e-02
-9.163186613964893756e-02
-1.029079028731725437e-02
-2.206670196721337990e-03
4.200873773510496040e-03
1.521559182087139916e-01
1.746939558955198230e-02
-4.371808037751128860e-04
-1.101949650559341277e-02
-2.235237315939332114e-01
1.309697894692608139e-02
-7.385230505920042932e-02
1.060895642331294852e-01
-1.932515606022432997e-01
-5.397898459178619018e-02
5.835892377655203106e-02
-7.390267206756569174e-03
-1.003027684956692145e-01
-7.272993908185258760e-02
9.402839554356955121e-02
-1.632330046487394659e-01
-4.097533817067274681e-02
8.448491211340440621e-02
2.348964316552900819e-02
-2.023794066826583582e-01
-1.388308613061345065e-01
-4.416706367549300127e-02
3.287018030156350634e-01
-3.236348836971923715e-02
3.990675937580584302e-03
2.512326279066394719e-01
2.999731457108603325e-02
-1.766676264609740310e-01
7.393592240178975539e-02
5.023957524411171507e-03
4.702359693784906314e-02
-1.690508930836750467e-01
1.087018322819465477e-01
6.369210765047987610e-02
-5.595368118327657264e-02
3.983013025140898222e-02
-3.423288407107008546e-02
8.943499990671809063e-02
2.547408076934206678e-01
6.277787549375784398e-03
6.046274973609042785e-02
2.439067062874134342e-02
1.276738770542115431e-01
-5.303625467108340902e-03
8.562119587640762419e-02
-5.548927170603654840e-02
2.193476566798556460e-02
2.591090255436969553e-02
-4.231751745034854906e-02
1.382611003366253921e-01
4.538209027196375006e-04
1.062091364007689553e-01
-4.659345794845574235e-02
5.243081965714457143e-02
-1.016735131297541450e-02
-5.102121508257812660e-02
-8.187161517391380872e-02
2.049039019610860921e-02
-1.107083030205973373e-01
3.453075762163099194e-02
-2.460835554005819936e-01
-1.235476475462930421e-03
2.158579479329192918e-01
6.029196936007367308e-02
-6.895669112800276168e-02
-1.390554845673595309e-02
4.272922625740137315e-02
3.929289395138096941e-02
-1.653463948298402597e-01
7.777988351457325311e-02
3.749544496984399261e-02
4.004050098461685303e-02
-1.134998736805246655e-01
-4.117078424764098604e-02
-7.877089886884840186e-02
7.000858604178088196e-03
-1.823696306028019243e-01
1.614110375693496909e-03
-1.503285692792625805e-01
-1.462159211208103604e-01
9.865055325843287426e-02
-6.530434121891338928e-03
-1.642159197106604906e-01
5.958861383174267334e-02
3.432664424172614248e-02
-1.314683510914178843e-01
-4.841154828464334925e-02
1.012689133492772897e-01
3.158807505520452169e-02
-1.086996286150465202e-01
5.079469548748963281e-02
3.777300045876745560e-02
7.535540145584941618e-02
8.285317645834620881e-02
-5.041358733249230034e-02
3.513358416587167854e-01
1.083695020308491352e-01
-3.345949674561424225e-02
-7.867061687032259054e-02
-2.683379399434293947e-02
-1.149600495041249865e-01
2.770371160901556606e-02
6.262671723823029502e-02
8.566762090782220618e-02
-8.222551908301226065e-02
5.372306553456624584e-02
6.632766645632359737e-02
-4.646565571468964234e-02
-1.297660533390789239e-01
-5.809702625844109097e-04
1.142121422661367403e-01
2.606180711084768106e-02
-6.399619969166801814e-02
-1.501000082325918035e-02
-1.264934606760305391e-01
-2.050948806341549302e-01
1.100996653835912137e-01
-2.813017864020282092e-03
7.300366271434387266e-02
-6.227105809992389968e-02
-1.639692812425428206e-02
-1.797395380803563369e-01
-1.446539537921198437e-01
3.350427416321676705e-02
-3.883852153754968617e-02
7.978667051538551602e-02
-4.033293436220591888e-02
-1.197446116616891938e-02
2.659399982773480095e-02
-1.551628853708430719e-02
-1.841663420770981441e-01
1.960041528319827753e-01
1.381771188810358153e-01
1.630247817102948582e-01
6.225415626993500984e-02
-6.109038493151594529e-02
4.566816116019591955e-03
-2.660501493400754466e-02
-9.806103383487853320e-02
-6.167229270872394593e-03
-7.412906203481409162e-02
-7.739705488295316183e-02
-2.337501058464908424e-02
-3.828361094293777911e-02
3.132251196837326085e-02
4.622881806706323829e-03
6.192484307655218845e-02
-8.157278751261080874e-02
-2.381947992904588640e-01
8.220044103983380201e-02
-4.568062478772962065e-02
1.029001675227565055e-01
-8.996496519264884917e-02
-1.145056867449750944e-02
3.500966497191978881e-03
-7.126063706442432866e-02
1.919857819094361595e-02
-1.619204691585744010e-02
6.531011164116086454e-02
-9.657715181485534983e-02
-4.970276821623653002e-02
-3.610889654155904904e-02
-3.554009852831428035e-02
1.886590690233470036e-01
1.293907230486621152e-01
3.751156167229399013e-02
1.708623062881435561e-01
-8.303102728818155531e-02
2.452897833169594491e-02
7.629321272630643080e-02
1.328313495763113090e-02
5.123010657375487442e-02
-4.854529215833694455e-02
5.788562239141885682e-03
-2.221808630294826725e-01
8.683733493313632035e-03
-3.802155588657602468e-03
-5.450081133097491731e-02
1.758527747561819399e-02
-3.109657681152017128e-02
7.936171975409068297e-03
-6.160715893482679451e-02
3.219371029616351770e-02
3.184767006621865709e-02
2.308844214714524459e-02
7.635917897747981735e-03
-9.682979577693141826e-02
-7.596304484020131864e-02
-1.296541320759294347e-01
5.013636344659189170e-02
6.180073332351551998e-03
-4.140311881510087832e-02
5.571921750166358711e-02
-3.731719803699281440e-02
-2.626099990470930068e-02
-1.435650156439452485e-02
6.766434054278309962e-02
4.432135839826586293e-02
-5.449355796633637006e-03
-1.512706264943644852e-01
1.227694585058983490e-01
-1.470245207260667542e-01
-1.579416991533406228e-02
-1.395056763045642301e-01
-2.026971397857535353e-03
-9.143239899893286504e-02
-4.550924230372239976e-03
5.067583581346249422e-03
5.989562377546925331e-02
-2.238094218800105659e-02
-1.190806299651369637e-01
4.046227314441096928e-02
9.185590289403856856e-02
2.016410063741864989e-02
3.680501119151489281e-02
1.257624231301287220e-02
-9.889094296285302899e-02
6.755270552677450357e-02
8.034261304366961676e-02
-2.254013499292592537e-02
-4.792936760723524869e-02
9.755310357802923771e-02
1.105398473863440229e-01
-4.163344225367686564e-03
-8.677474494547769701e-02
8.669010364939824451e-03
-1.477037721808171777e-01
2.649717233513720210e-02
4.562428157141996260e-02
1.177882764492804296e-01
-4.340066395899323803e-02
-5.084445342257327971e-02
3.109077639306942129e-02
-6.010837740383791900e-02
3.697210427489054652e-02
6.723353177257145041e-02
-5.632679342766915009e-02
-1.227065861189974849e-01
-1.648461943931157636e-01
1.646099728053009026e-02
1.792280298760535462e-01
-1.398076335550424709e-01
-1.160294500840987203e-01
9.944985771763374671e-02
4.787244857965863160e-02
-5.128355850516754660e-02
-2.099558385254296500e-01
2.192139325949518311e-02
-8.326735270574348036e-02
1.410866220799814608e-01
8.607531788388818328e-02
9.998898738705291889e-02
-1.943079300106494850e-02
-9.834800920040831507e-02
-6.516888026130056299e-02
-1.216138440024362305e-01
-2.575933157962668196e-01
4.830985135669531305e-02
1.099795490901276859e-02
-1.385666238954853975e-03
-3.057749383553710065e-01
5.475877112700935911e-02
-1.034930908939670283e-02
1.041984112967510034e-01
4.336899166768273632e-03
1.971457169948094210e-02
-1.652454597649136506e-02
-2.003640642089809243e-01
4.138347146650384750e-02
8.374131683253306299e-03
1.046576470107617868e-01
1.830629359579623028e-01
6.434971286800317269e-02
-5.239165865737473171e-02
-1.006878653384118277e-02
-1.403137003587969500e-01
-2.739095208749445232e-02
-5.873725567144282012e-02
6.261144511114115352e-02
-6.338781105013618911e-02
-1.212058342821801249e-01
2.359803324625609627e-02
9.739875957695506847e-02
-2.166560458795134536e-02
-6.502346001515085794e-03
-6.706131559060550529e-02
-9.407391203227614615e-03
-3.387502844211864872e-02
-2.545061760466132625e-02
-5.030082604620250523e-03
-7.995196333522271159e-02
7.264849443306306553e-02
8.750023054150965485e-02
-3.045480602788355057e-02
-6.609872200892236149e-02
1.253874333967185950e-01
1.142847699667006861e-01
-4.473112913378497757e-02
-2.978938575092678412e-02
-6.196801101748745932e-02
-3.248911951081672606e-02
-7.689247690675732327e-02
9.710282745052185860e-02
4.915440529016509158e-02
-2.831038608529888589e-02
-8.913598557025048663e-02
-5.538502073559062322e-02
-7.977494470962290252e-02
-5.045582134628024545e-02
1.051486071298390473e-01
3.927102658673787411e-02
1.010185825019545292e-01
-3.460650042616760652e-02
2.690702325408289228e-02
9.692826619055089354e-02
1.201437207912988137e-01
7.862850157005137064e-02
2.772302247880918669e-02
-1.628182709693710706e-01
6.471401886158202610e-02
6.333229782681730480e-02
1.942103565818656397e-01
7.287165672400458538e-02
6.486050306211443850e-02
-6.282543263022451197e-02
-1.138075056851942102e-01
-7.708733219994337582e-02
-4.723019928143024071e-02
1.467575402997113310e-01
4.689559279687338655e-02
4.803150735352688938e-02
-8.315342512802612052e-02
-1.833810004208673017e-01
-4.846419858073530013e-03
-2.040954992812871183e-02
8.536757488815667483e-02
-2.718724069622785802e-02
8.753005566067333099e-02
-7.778498828899296780e-02
-1.009676103407816383e-01
-1.204721789821078248e-02
-2.183076621314792090e-02
5.978455719061763485e-02
5.838671140226143336e-02
2.009907882804273446e-02
7.552627479635495855e-02
-5.696324568206745376e-02
-3.192417138016841460e-01
1.287441056759239255e-01
-1.520248785035298311e-02
4.110612697145173827e-02
3.335521801882085358e-02
-4.409739483264904503e-02
8.053626963746683687e-02
-2.505416859612455416e-02
8.272028459450517235e-02
1.464694127285420255e-01
8.987087880747196555e-02
1.998071208177288130e-02
1.929230886603473111e-02
-1.379622855068596277e-02
2.966384592938281148e-02
-1.807400699593606219e-01
-4.454859211009353642e-02
2.198696083469796059e-01
2.241392011037973003e-02
6.655886376572868468e-02
1.194844815694856288e-01
-2.745815167643006005e-04
2.487889603371250605e-02
-5.546737613292557906e-02
3.112834863800560334e-02
8.039246434800620400e-02
6.852175467883363236e-02
7.928999804613401023e-03
-4.326479594842100318e-02
-6.592216979217262185e-02
-6.314668341204673907e-02
8.955451670367726991e-02
2.027516939712818711e-01
9.322856651239923992e-03
-1.083521279513223329e-01
-2.086770863683428887e-02
-1.215390282741711514e-01
-3.809959388222777799e-02
2.571416020389734602e-01
1.594168182279460388e-01
9.818301972221632479e-02
-1.225954544724551787e-01
2.216880802698155406e-02
1.097785951973967306e-01
7.080037095123568880e-02
-1.103848741511102675e-04
-9.000019627520780552e-02
1.188497248700707241e-02
-6.261745695497625275e-02
-2.164672807152309142e-01
-4.668851219789578455e-02
-5.930196230066278607e-02
9.637476403031478012e-02
1.303890149715630498e-01
-2.451937274594657989e-02
-1.019177627122506286e-01
8.669543143829293308e-02
1.117181709918042831e-01
-3.991988504424458239e-02
-1.202762853136717380e-01
-7.412507899885768803e-02
-2.640950816797091663e-02
-9.560914357868707802e-02
8.766111749101151984e-02
7.490145883603710475e-02
-3.296309380973043435e-02
-1.051049849383552948e-01
-7.890718098671052616e-02
-1.898348761061178780e-01
6.351904125675834900e-02
-6.062087235754357734e-02
6.163654492885515396e-02
-3.582685776133279210e-02
-2.316967295334427246e-01
1.444393105431415469e-01
1.313793062363782793e-01
