,mode,fstat_age_fdc,p,R2,fiber name
0,Mode11,63.7829094902397,0.0,0.161196300240144,AF
1,Mode3,97.5594769794462,0.0,0.138815556374296,AF
2,Mode6,51.5576551060081,0.0,0.130554916017325,AF
3,Mode2,82.2980396513177,0.0,0.107001505724236,AF
4,Mode8,190.574004323796,0.0,0.0979749076231841,AF
5,Mode34,86.924667478415,0.0,0.0760301351876812,AF
6,Mode1,143.691706001632,0.0,0.0754651063729363,AF
7,Mode17,136.860195555458,0.0,0.072135971667083,AF
8,Mode16,79.0913583709622,0.0,0.06081681756872,AF
9,Mode24,40.4051765704553,0.0,0.0602698336516508,AF
10,Mode18,18.6717226670795,0.0,0.0548213865409139,AF
11,Mode139,39.8717008584123,0.0,0.0511151266972765,AF
12,Mode10,78.4382275782911,0.0,0.0426561727369497,AF
13,Mode27,78.1415135019089,0.0,0.0424995350700729,AF
14,Mode29,22.7119580287518,0.0,0.0361001844730072,AF
15,Mode99,31.478405822922,0.0,0.0353997496741998,AF
16,Mode45,23.4610917711905,0.0,0.0343294913868631,AF
17,Mode19,9.64558639851942,0.0,0.0337433843327052,AF
18,Mode78,13.2223324774027,0.0,0.0334671202380716,AF
19,Mode14,56.0778187605193,0.0,0.0308790262498111,AF
20,Mode75,17.7399572491847,0.0,0.0301255862010872,AF
21,Mode68,52.4300451431807,0.0,0.0288532213899134,AF
22,Mode25,17.3601345390339,0.0,0.0274293843085696,AF
23,Mode69,48.4403032572184,0.0,0.0267512899617353,AF
24,Mode7,8.23431379038487,0.0,0.0266958067873403,AF
25,Mode83,19.1983911552777,0.0,0.0262160125631481,AF
26,Mode108,15.9737333701884,0.0,0.0253564256100006,AF
27,Mode77,18.4290207836733,0.0,0.0251324440832876,AF
28,Mode47,5.75465912737691,0.0,0.0239947918539374,AF
29,Mode76,43.2161797511064,0.0,0.0238927002941747,AF
30,Mode98,20.2853078745743,0.0,0.0234383483919755,AF
31,Mode37,41.5613450027681,0.0,0.0230036881711696,AF
32,Mode92,41.4053799707587,0.0,0.0229438279562554,AF
33,Mode15,17.1331449862086,0.0,0.0226555040114931,AF
34,Mode40,40.304419865349,0.0,0.0223804847258462,AF
35,Mode32,7.05117979892071,0.0,0.0222947545892143,AF
36,Mode63,37.9643956448018,0.0,0.0210532300169443,AF
37,Mode67,19.6834556009696,0.0,0.0195365447214179,AF
38,Mode194,15.7478607312432,0.0,0.0194951185997383,AF
39,Mode26,13.609164436881,0.0,0.0194379623420309,AF
40,Mode135,16.3139024518463,0.0,0.0187553397413512,AF
41,Mode143,33.280440114477,0.0,0.0185069321001149,AF
42,Mode39,32.3433103599801,0.0,0.0182611789292478,AF
43,Mode102,14.4087486492052,0.0,0.01788429890618,AF
44,Mode145,13.1377938049746,0.0,0.0176026260962479,AF
45,Mode9,9.94698888306452,0.0,0.0170886483122019,AF
46,Mode61,29.0517108302422,0.0,0.016172494071207,AF
47,Mode44,28.6661130977649,0.0,0.016134626042989,AF
48,Mode91,4.5739878976859,0.0,0.0159640718378588,AF
49,Mode48,16.0402892033189,0.0,0.0158722774983583,AF
50,Mode46,5.54377596665985,0.0,0.0156301695219819,AF
51,Mode60,8.68091688453408,0.0,0.015290003184285,AF
52,Mode142,11.821889802394,0.0,0.0138962804097385,AF
53,Mode103,11.8332310141098,0.0,0.0138645764464938,AF
54,Mode125,5.81088483235832,0.0,0.0137710195442168,AF
55,Mode38,24.4840303399042,0.0,0.0136786018429943,AF
56,Mode85,9.12431576694707,0.0,0.013210204320604,AF
57,Mode81,23.1842942502058,0.0,0.0132090223462392,AF
58,Mode133,18.9801197991841,0.0,0.0130697353032725,AF
59,Mode22,7.54467327127478,0.0,0.013061043225154,AF
60,Mode115,11.2528190356039,0.0,0.0125307315083304,AF
61,Mode163,21.9758348636723,0.0,0.0122898119743913,AF
62,Mode30,13.0248620393666,0.0,0.0121325227464989,AF
63,Mode170,15.5084352813159,0.0,0.0112773002240669,AF
64,Mode128,9.50121164154338,0.0,0.0112332229203329,AF
65,Mode158,8.98565772410624,0.0,0.01120099922038,AF
66,Mode100,6.65823075274146,0.0,0.0108010220078073,AF
67,Mode84,5.96676992729997,0.002,0.0107526223402667,AF
68,Mode62,19.1620738368562,0.0,0.0107385560669943,AF
69,Mode33,5.5073355631733,0.002,0.0105566095371053,AF
70,Mode64,17.9622706128072,0.0,0.010074459664905,AF
71,Mode148,17.7534382273631,0.0,0.0099427185907462,AF
72,Mode97,7.51345797187722,0.0,0.0096280476225293,AF
73,Mode13,16.6260956796627,0.0,0.0094678102593138,AF
74,Mode82,4.43419089157285,0.009,0.0091713602402218,AF
75,Mode53,3.84964104424775,0.016,0.0088281735503962,AF
76,Mode79,3.38219475460906,0.024,0.0086415741482257,AF
77,Mode111,3.94811538831273,0.015,0.0083407117626781,AF
78,Mode178,14.5542912114168,0.0,0.0082029963688964,AF
79,Mode181,14.4736160807255,0.0,0.0081248222889929,AF
80,Mode43,4.37378366420421,0.011,0.0081070859023981,AF
81,Mode110,14.3755549489892,0.0,0.0080774109491193,AF
82,Mode4,12.9587268320264,0.0,0.0080517838627323,AF
83,Mode59,10.6955210257809,0.002,0.0079433732993275,AF
84,Mode56,4.11963911554922,0.016,0.0074159315189694,AF
85,Mode191,13.1705418502774,0.0,0.0073980822489495,AF
86,Mode41,11.5837873178959,0.002,0.0065224950478362,AF
87,Mode5,3.12923328724754,0.038,0.006369411766346,AF
88,Mode42,4.06491693506385,0.021,0.0063508637038201,AF
89,Mode114,3.86403979526106,0.028,0.0060697235793599,AF
90,Mode57,10.665841994261,0.002,0.0060081492923787,AF
91,Mode72,10.3335755965233,0.002,0.0058224597103758,AF
92,Mode65,4.63217106944343,0.018,0.0058038607839786,AF
93,Mode49,8.90102964075668,0.007,0.0056875252170321,AF
94,Mode106,10.010212958008,0.005,0.0056477059952807,AF
95,Mode117,3.27780418831962,0.045,0.0053904012130417,AF
96,Mode23,2.61589380689614,0.082,0.0053676688435328,AF
97,Mode104,3.15208594582847,0.05,0.0053172738202842,AF
98,Mode20,8.23623094768987,0.007,0.0050970669531386,AF
99,Mode127,3.74619842355691,0.031,0.0050670136948328,AF
100,Mode58,2.64356765725485,0.081,0.0050512079431597,AF
101,Mode87,2.4353243224814,0.089,0.0047639312198127,AF
102,Mode80,8.3520657409863,0.009,0.0047471423132751,AF
103,Mode184,8.35680442524352,0.009,0.0047140882993829,AF
104,Mode109,8.27313238586817,0.009,0.0046597001974806,AF
105,Mode107,8.17783850664495,0.009,0.0046118637277969,AF
106,Mode193,2.15524158323751,0.111,0.0044315623631064,AF
107,Mode126,2.61011169867513,0.089,0.0044257315671934,AF
108,Mode88,4.94360452846917,0.045,0.0044179407362432,AF
109,Mode90,0.964271246114027,0.446,0.0043826581799787,AF
110,Mode93,3.31701632938206,0.048,0.0042764311207161,AF
111,Mode176,7.39428917883413,0.015,0.0041658030285145,AF
112,Mode73,7.28169171596794,0.015,0.0041037156088989,AF
113,Mode172,7.1922177461737,0.015,0.0040589021553823,AF
114,Mode168,3.33326287420308,0.05,0.0040104441904098,AF
115,Mode140,7.08916633883031,0.016,0.003999422268131,AF
116,Mode51,4.81998418549313,0.05,0.0039736175263427,AF
117,Mode105,1.92328347148651,0.142,0.0039708605343754,AF
118,Mode123,7.00372713766353,0.016,0.0039492586970129,AF
119,Mode71,3.43074666307172,0.084,0.0037416048730097,AF
120,Mode180,6.50887438483317,0.021,0.0036739606657808,AF
121,Mode146,6.42131786902284,0.021,0.0036193386381559,AF
122,Mode196,6.3716083552155,0.023,0.0035954856721833,AF
123,Mode86,3.75684748486606,0.085,0.0034850455960101,AF
124,Mode66,1.44350008155542,0.232,0.0033047019204346,AF
125,Mode171,1.58899893318714,0.21,0.0032556237853887,AF
126,Mode116,2.19080247410685,0.115,0.0031918109346832,AF
127,Mode122,5.585846932243,0.033,0.0031511249489458,AF
128,Mode54,5.55430200180604,0.034,0.0031363436002667,AF
129,Mode164,2.04839518362476,0.167,0.0031336909084805,AF
130,Mode74,1.8213759474883,0.233,0.0029515819388509,AF
131,Mode129,5.19994557706783,0.041,0.0029363533772247,AF
132,Mode12,1.93122836782057,0.188,0.0028822653598065,AF
133,Mode154,5.05487325871636,0.044,0.0028562500448141,AF
134,Mode89,2.6570716090199,0.159,0.0028512860553821,AF
135,Mode55,2.00913296084865,0.171,0.002769181922557,AF
136,Mode96,1.1305796500377,0.3,0.0027546626234235,AF
137,Mode147,1.64924793946486,0.199,0.0025767745247983,AF
138,Mode95,1.28959016317106,0.28,0.0025291436939666,AF
139,Mode131,1.33341393329216,0.296,0.0024861924192288,AF
140,Mode134,4.26880686384649,0.065,0.0024153600047732,AF
141,Mode188,4.20331554006916,0.066,0.0023731968836874,AF
142,Mode70,4.01524022598706,0.073,0.0022682782734373,AF
143,Mode169,3.70400400119669,0.085,0.002093188844002,AF
144,Mode175,1.18449619999086,0.27,0.0020069584138893,AF
145,Mode130,3.34282089433366,0.104,0.0018912331437953,AF
146,Mode199,3.10739497317691,0.116,0.0017625747592497,AF
147,Mode195,3.10853282540906,0.116,0.00175636380006,AF
148,Mode167,0.947014795160013,0.446,0.001733750120065,AF
149,Mode120,2.88775644304696,0.131,0.0016321093819689,AF
150,Mode186,2.87054306744562,0.132,0.0016224250858737,AF
151,Mode36,2.72476579423206,0.143,0.0015423921300724,AF
152,Mode197,0.794743426597844,0.424,0.0015154086801016,AF
153,Mode155,2.60816291142996,0.152,0.0014764389772021,AF
154,Mode121,2.53198500779711,0.159,0.0014726726735053,AF
155,Mode166,0.688696388178468,0.529,0.0013630504248503,AF
156,Mode132,0.706146864349295,0.526,0.0013521620246156,AF
157,Mode185,0.829800392488506,0.501,0.0013513042474417,AF
158,Mode190,2.29160577411228,0.18,0.0012986358055909,AF
159,Mode21,2.21973669202346,0.187,0.0012561309698103,AF
160,Mode165,2.06647133791536,0.199,0.0011985623468716,AF
161,Mode151,1.731788998339,0.246,0.0009813763769854,AF
162,Mode161,1.72523909272375,0.246,0.0009753499960855,AF
163,Mode152,1.69335857265482,0.248,0.0009595324581227,AF
164,Mode141,1.69451686963522,0.248,0.0009584943216041,AF
165,Mode159,1.67941468444745,0.249,0.0009539037794136,AF
166,Mode50,1.53265459182557,0.281,0.0009230107230608,AF
167,Mode157,0.534547887406661,0.656,0.0009168768355694,AF
168,Mode101,0.423125828700993,0.674,0.0008889299255231,AF
169,Mode136,1.50643324007052,0.277,0.000851980226722,AF
170,Mode198,1.39451059914094,0.294,0.0007898212074174,AF
171,Mode137,1.30791695052525,0.307,0.0007394399831171,AF
172,Mode177,0.688990430477748,0.648,0.0007098175211704,AF
173,Mode183,0.865172645041179,0.453,0.0005552769753638,AF
174,Mode182,0.914329737031596,0.41,0.0005187040162132,AF
175,Mode179,0.841268158986867,0.428,0.0004759072554468,AF
176,Mode112,0.742283096293597,0.453,0.0004213085740026,AF
177,Mode187,0.733166399892016,0.454,0.0004147436085911,AF
178,Mode94,0.704544483178488,0.461,0.000399303276071,AF
179,Mode52,0.633624801382452,0.487,0.000359121236436,AF
180,Mode35,0.535548590574001,0.526,0.0003038444217936,AF
181,Mode153,0.46153163689434,0.553,0.0002613576589686,AF
182,Mode118,0.412720523135984,0.576,0.0002336495013915,AF
183,Mode113,0.397778671314625,0.581,0.0002289744254943,AF
184,Mode162,0.373152355562967,0.592,0.0002110857189066,AF
185,Mode124,0.100671945505161,0.8,0.0002033125637741,AF
186,Mode119,0.352852165791785,0.598,0.0002011501172387,AF
187,Mode189,0.353483284702746,0.598,0.0002002533179266,AF
188,Mode192,0.258141990866844,0.654,0.0001462778378276,AF
189,Mode149,0.219639799438503,0.674,0.0001243259094487,AF
190,Mode150,0.192433435622811,0.693,0.0001090501092303,AF
191,Mode160,0.181722603854764,0.698,0.0001028438443978,AF
192,Mode156,0.16801253386415,0.707,9.54561971357265e-05,AF
193,Mode174,0.06755461485079,0.815,3.82332660688651e-05,AF
194,Mode173,0.0113197953133306,0.978,3.5362912091353e-05,AF
195,Mode31,0.0511861262895838,0.841,2.99127715647448e-05,AF
196,Mode28,0.0233153716686542,0.913,2.38858424854149e-05,AF
197,Mode138,0.0154644632551412,0.913,8.91206433385458e-06,AF
198,Mode144,0.0097202332997842,0.929,5.67910492952752e-06,AF
0,Mode60,70.541886947536,0.0,0.0870002547469707,ATR
1,Mode31,134.933479999105,0.0,0.0710274081482372,ATR
2,Mode26,58.8992019503994,0.0,0.0649861830407192,ATR
3,Mode25,37.3263816469233,0.0,0.0640078623184493,ATR
4,Mode39,38.4802849805721,0.0,0.0513511671159915,ATR
5,Mode52,25.0569121426805,0.0,0.0462657259852315,ATR
6,Mode40,46.1071910393796,0.0,0.0458322601063338,ATR
7,Mode94,80.5106098467168,0.0,0.0435911247251257,ATR
8,Mode45,30.0633664719863,0.0,0.0434679854980622,ATR
9,Mode33,32.5901944217481,0.0,0.0428594039204222,ATR
10,Mode124,41.1201388044856,0.0,0.0425715788234632,ATR
11,Mode6,29.004016485284,0.0,0.0421351505984077,ATR
12,Mode99,73.6135548988044,0.0,0.0400546309952685,ATR
13,Mode21,21.0709000028987,0.0,0.039484100242075,ATR
14,Mode47,65.9117394927569,0.0,0.0359477229758614,ATR
15,Mode34,19.7310324886609,0.0,0.0350036789863757,ATR
16,Mode50,35.0553671638915,0.0,0.0348248242364551,ATR
17,Mode10,52.1310294437911,0.0,0.0286863192563341,ATR
18,Mode30,19.1857386000787,0.0,0.025917924854769,ATR
19,Mode70,45.4584406288291,0.0,0.0250716357846286,ATR
20,Mode89,44.9570631122979,0.0,0.0248367485279585,ATR
21,Mode23,19.1402218102959,0.0,0.0241291010442364,ATR
22,Mode152,42.1393825366592,0.0,0.0233394172279176,ATR
23,Mode159,39.6007730279944,0.0,0.0222730179444059,ATR
24,Mode115,25.3141561857488,0.0,0.0218855438052982,ATR
25,Mode135,18.0683023210592,0.0,0.020971012875963,ATR
26,Mode17,13.8503859876549,0.0,0.0202976481109423,ATR
27,Mode27,7.69950973015011,0.0,0.0197901404692935,ATR
28,Mode32,35.3467212686362,0.0,0.0196050974920713,ATR
29,Mode110,16.7661018055927,0.0,0.018786546917434,ATR
30,Mode97,33.7083078050676,0.0,0.0187377420427131,ATR
31,Mode81,15.6372369766096,0.0,0.0183606551337896,ATR
32,Mode79,30.6117953160575,0.0,0.0170368327889205,ATR
33,Mode56,30.039962168094,0.0,0.0170036116197025,ATR
34,Mode8,6.18023013924419,0.0,0.0167386921374012,ATR
35,Mode107,29.0639205190248,0.0,0.0161832243448383,ATR
36,Mode151,27.4924831235614,0.0,0.0153780949877631,ATR
37,Mode3,3.52275300139565,0.003,0.0152019590843736,ATR
38,Mode173,3.56537005399222,0.003,0.0151083628264003,ATR
39,Mode139,25.9419136732281,0.0,0.014949052419378,ATR
40,Mode69,26.1447717127085,0.0,0.0146115136609753,ATR
41,Mode5,8.39499001676924,0.0,0.0144176802975957,ATR
42,Mode109,11.7953293933978,0.0,0.014396650768671,ATR
43,Mode22,5.64428417780162,0.0,0.0136712595663723,ATR
44,Mode12,2.99193374086256,0.014,0.0134415592342571,ATR
45,Mode48,4.58889085316213,0.003,0.0132524958539249,ATR
46,Mode129,4.82039354517181,0.003,0.013004289931813,ATR
47,Mode51,22.4276091648181,0.0,0.012537374736241,ATR
48,Mode125,9.55715750105436,0.0,0.0125106837721509,ATR
49,Mode66,3.14417085397803,0.015,0.0122761561997523,ATR
50,Mode4,6.60613916384537,0.0,0.012028224001329,ATR
51,Mode18,21.4937578176995,0.0,0.0120238452171794,ATR
52,Mode172,8.44024783433368,0.0,0.0120047020933633,ATR
53,Mode74,8.27887360980075,0.0,0.0119627654737254,ATR
54,Mode37,21.2701444240986,0.0,0.0118887601383491,ATR
55,Mode15,8.56616846433416,0.0,0.0118377257222079,ATR
56,Mode1,2.65034423374641,0.027,0.0113788517580975,ATR
57,Mode19,6.37938656250398,0.0,0.0112174198222629,ATR
58,Mode144,8.87450150585323,0.0,0.0111412655163827,ATR
59,Mode2,2.74478169682286,0.033,0.0110360358388399,ATR
60,Mode41,6.30424699370636,0.0,0.0109094862459402,ATR
61,Mode182,18.7781025808548,0.0,0.0105153530115996,ATR
62,Mode190,18.3870315938895,0.0,0.0104618552914456,ATR
63,Mode91,7.03397638576956,0.0,0.0102241939073947,ATR
64,Mode171,2.37591077437045,0.055,0.0098756827228568,ATR
65,Mode127,6.75622373380947,0.003,0.009476705778674,ATR
66,Mode116,16.8478299130359,0.0,0.0094541887159327,ATR
67,Mode14,2.28937309427727,0.075,0.0093641338851875,ATR
68,Mode136,16.3007404124743,0.0,0.009159112916264,ATR
69,Mode83,16.2426886972514,0.0,0.0091463422743366,ATR
70,Mode145,12.2212065468498,0.0,0.0090462986537715,ATR
71,Mode105,15.9650646220054,0.0,0.0089561616097957,ATR
72,Mode148,15.9047944597755,0.0,0.0089298777781123,ATR
73,Mode153,15.8150821592887,0.0,0.008879784133269,ATR
74,Mode146,15.5976812485463,0.0,0.0087582004305019,ATR
75,Mode54,15.1706365990331,0.0,0.0085541331284741,ATR
76,Mode132,6.77966849057602,0.003,0.0084951950126399,ATR
77,Mode61,14.9870569823479,0.0,0.008411243754938,ATR
78,Mode103,6.51746446032679,0.003,0.0083854322298172,ATR
79,Mode78,11.2114859626921,0.003,0.0082538047955251,ATR
80,Mode16,3.97708432579497,0.015,0.0081727539964972,ATR
81,Mode138,2.54549217526284,0.06,0.0079897796137524,ATR
82,Mode164,14.0855019441343,0.0,0.0079321726345009,ATR
83,Mode131,3.48538865323577,0.03,0.0077195096463641,ATR
84,Mode44,4.012288402972,0.015,0.0076380198179338,ATR
85,Mode20,3.19525495974886,0.037,0.0076151820469209,ATR
86,Mode46,6.26444571575113,0.005,0.0075238874729529,ATR
87,Mode93,3.66001700697078,0.022,0.0075162927290996,ATR
88,Mode7,3.60522976112062,0.025,0.0072306784726084,ATR
89,Mode137,7.59002923461575,0.009,0.0068937364203312,ATR
90,Mode123,4.04293825608765,0.02,0.0068582529335294,ATR
91,Mode28,3.23047833867278,0.039,0.0065959573830996,ATR
92,Mode88,4.53008377385673,0.017,0.0065692690994142,ATR
93,Mode55,11.6588798102603,0.003,0.0065550977406471,ATR
94,Mode9,2.73109355665061,0.07,0.0064946750915035,ATR
95,Mode121,3.06617720987207,0.046,0.0061849971035501,ATR
96,Mode185,5.81729830049801,0.011,0.0060494186626134,ATR
97,Mode155,10.5631569141317,0.003,0.0059478030676222,ATR
98,Mode186,5.12727918577893,0.015,0.0058324886381552,ATR
99,Mode59,5.42161518514234,0.019,0.0057757638401924,ATR
100,Mode167,2.65039575688047,0.062,0.0056633125461002,ATR
101,Mode117,7.02695638914524,0.009,0.0056374518105873,ATR
102,Mode29,2.80170336595481,0.051,0.0056022780198853,ATR
103,Mode111,3.6433525678153,0.044,0.0055126728227973,ATR
104,Mode65,7.26081998857258,0.015,0.005480511591711,ATR
105,Mode87,6.47370041800629,0.02,0.0053531744281749,ATR
106,Mode80,2.48087363964618,0.091,0.0052650183633427,ATR
107,Mode113,9.27362382451771,0.005,0.0052203141786091,ATR
108,Mode108,9.16337020755132,0.005,0.0051688399557525,ATR
109,Mode184,9.00332828885462,0.007,0.0050861181561538,ATR
110,Mode128,8.99884635325786,0.007,0.0050722357381519,ATR
111,Mode76,3.82339946232268,0.037,0.0048537368261539,ATR
112,Mode96,8.51132430655675,0.009,0.0047957519467436,ATR
113,Mode24,2.64776045539695,0.074,0.0046117276368534,ATR
114,Mode112,5.16628058528585,0.038,0.0045535982071378,ATR
115,Mode98,7.89101082399504,0.011,0.0044478603984416,ATR
116,Mode198,1.23150300710681,0.374,0.0043299154837911,ATR
117,Mode178,3.65771937690331,0.054,0.0042565359004501,ATR
118,Mode13,3.88418025648895,0.058,0.0041797070410753,ATR
119,Mode36,3.66195215182613,0.066,0.0040181754608085,ATR
120,Mode168,2.27165508607492,0.123,0.004001349264149,ATR
121,Mode177,6.79887182213683,0.019,0.0038332650851743,ATR
122,Mode196,2.25200933767201,0.117,0.0038323710651642,ATR
123,Mode126,6.70024383388952,0.02,0.0037818699734649,ATR
124,Mode158,2.64140416035559,0.075,0.0037171189766859,ATR
125,Mode150,6.43639329438781,0.022,0.0036332349892596,ATR
126,Mode64,2.02154929204423,0.15,0.0035807674950604,ATR
127,Mode175,2.54256489477456,0.105,0.0035464419029206,ATR
128,Mode163,6.24757580454535,0.025,0.0035257378512046,ATR
129,Mode101,4.4947454612381,0.039,0.0033254745847573,ATR
130,Mode119,2.28138421373802,0.125,0.0033236321657537,ATR
131,Mode133,3.80522117579531,0.089,0.0032624065901419,ATR
132,Mode58,5.72701889633542,0.032,0.0032308731122592,ATR
133,Mode165,5.30350277752304,0.038,0.0029953505606684,ATR
134,Mode100,5.26081724921782,0.039,0.0029708955176504,ATR
135,Mode95,5.16459494085285,0.039,0.0029177582535167,ATR
136,Mode85,5.1641387759081,0.039,0.0029149718357362,ATR
137,Mode71,2.780947969202,0.151,0.0027879394659003,ATR
138,Mode92,1.70483745102781,0.213,0.0027735778246072,ATR
139,Mode68,4.81188431847962,0.047,0.0027191114261057,ATR
140,Mode180,0.966140656288967,0.36,0.0026195656161697,ATR
141,Mode49,4.61685621322946,0.053,0.0026093885669488,ATR
142,Mode130,1.60013028186904,0.269,0.002538633209747,ATR
143,Mode84,2.04753392275427,0.214,0.0024292420839776,ATR
144,Mode157,1.26649042081871,0.309,0.0023943678833353,ATR
145,Mode90,1.55698055876999,0.269,0.0023891830534453,ATR
146,Mode102,1.37406835096613,0.232,0.0022676777653728,ATR
147,Mode114,3.97982057908178,0.07,0.0022662906335922,ATR
148,Mode188,3.98781886379787,0.07,0.0022574498584663,ATR
149,Mode42,1.35310684022618,0.243,0.0022486379341863,ATR
150,Mode161,1.38816523959999,0.288,0.0022163037707249,ATR
151,Mode43,1.38244579555252,0.29,0.002200949862948,ATR
152,Mode104,3.66416890185062,0.082,0.0020849105602215,ATR
153,Mode35,3.59963519381257,0.085,0.0020338155022739,ATR
154,Mode169,1.11626804645179,0.361,0.0019535839292824,ATR
155,Mode62,3.45601048847385,0.091,0.0019512612083111,ATR
156,Mode149,1.25029763588712,0.355,0.0019271822544629,ATR
157,Mode73,1.13313018145525,0.275,0.0016903418833284,ATR
158,Mode57,2.90726462034943,0.123,0.001643610657259,ATR
159,Mode176,2.85256364018456,0.126,0.0016169087920121,ATR
160,Mode106,2.83198697277043,0.126,0.0016025588788866,ATR
161,Mode38,1.5288408821999,0.364,0.0015696834350774,ATR
162,Mode147,2.76329531311218,0.131,0.0015629734816468,ATR
163,Mode118,2.75307415063385,0.131,0.0015560957558706,ATR
164,Mode120,2.52478580552984,0.15,0.0014268259830162,ATR
165,Mode67,1.64113412039627,0.335,0.0013593928414017,ATR
166,Mode195,2.39771443557031,0.161,0.0013567452853699,ATR
167,Mode77,1.28987835904131,0.433,0.0013194075767167,ATR
168,Mode140,0.700829849092595,0.489,0.0012902184205861,ATR
169,Mode142,1.67386419423625,0.288,0.001248612783029,ATR
170,Mode181,2.18384667066861,0.183,0.0012444471588216,ATR
171,Mode86,1.91442934399865,0.214,0.0010852169787727,ATR
172,Mode191,1.85199841530836,0.222,0.0010482963824102,ATR
173,Mode75,1.71799364161608,0.239,0.0009721184855178,ATR
174,Mode170,0.695575613243136,0.613,0.0009712854860377,ATR
175,Mode122,0.423555926449768,0.534,0.000970113695107,ATR
176,Mode82,1.43995825319562,0.281,0.000815256651963,ATR
177,Mode162,0.931904008397157,0.489,0.0007423068777651,ATR
178,Mode192,1.20569045121236,0.321,0.0006903724776511,ATR
179,Mode11,1.19090295978157,0.324,0.000673582140101,ATR
180,Mode134,0.324818478706657,0.793,0.0006027886291268,ATR
181,Mode187,0.163097706125658,0.75,0.0005842510331919,ATR
182,Mode166,0.231943579831551,0.666,0.0004990480280424,ATR
183,Mode156,0.845514690710581,0.405,0.0004782112453392,ATR
184,Mode174,0.753590210053191,0.431,0.0004444446830369,ATR
185,Mode72,0.0952908530609002,0.834,0.0004353445385714,ATR
186,Mode154,0.737423136741439,0.435,0.0004177476216413,ATR
187,Mode160,0.680123666515602,0.453,0.0003855251904715,ATR
188,Mode183,0.615135794198957,0.476,0.0003483441958981,ATR
189,Mode199,0.255139332344095,0.657,0.0001484388603254,ATR
190,Mode194,0.227066757562141,0.67,0.0001384413439412,ATR
191,Mode197,0.162211521451045,0.724,9.67532841021329e-05,ATR
192,Mode53,0.141802961863073,0.742,9.42754402922399e-05,ATR
193,Mode141,0.122851615740297,0.755,6.98273242262335e-05,ATR
194,Mode189,0.0717938600920331,0.81,4.13064044445466e-05,ATR
195,Mode179,0.0027932217359902,0.977,1.7785709234816e-06,ATR
196,Mode193,0.0025548772160861,0.981,1.67319914465785e-06,ATR
197,Mode63,0.002087669739042,0.977,1.23712174271055e-06,ATR
198,Mode143,0.0004367403325015,0.991,4.59684812967989e-07,ATR
0,Mode130,243.377195188077,0.0,0.121432027370923,CG
1,Mode55,60.9576470294078,0.0,0.091674714691224,CG
2,Mode66,88.7785465107455,0.0,0.0902739638127407,CG
3,Mode37,125.790011313232,0.0,0.0667009574191472,CG
4,Mode75,54.5687188755492,0.0,0.0647270749776514,CG
5,Mode2,25.1925337015717,0.0,0.0639912109172637,CG
6,Mode92,33.6726525127304,0.0,0.0603866228918012,CG
7,Mode109,26.716878226512,0.0,0.0581133441984302,CG
8,Mode54,65.4107179388521,0.0,0.0580811046196997,CG
9,Mode46,100.752602605582,0.0,0.0539960400310999,CG
10,Mode34,49.5400425059922,0.0,0.0517690199487377,CG
11,Mode19,95.0919692398023,0.0,0.0512152947816745,CG
12,Mode162,52.595434703807,0.0,0.0497894041242422,CG
13,Mode53,77.8527675395286,0.0,0.0470636739686156,CG
14,Mode8,86.2258130027489,0.0,0.0467457926330194,CG
15,Mode22,85.2146411291938,0.0,0.0461623623980214,CG
16,Mode188,34.4612350487888,0.0,0.0459744806596553,CG
17,Mode144,83.537704737951,0.0,0.0451890610736032,CG
18,Mode67,22.0922447261776,0.0,0.0406750413122474,CG
19,Mode30,22.8222978033859,0.0,0.0373468114445654,CG
20,Mode161,19.3109839707927,0.0,0.0367472399050179,CG
21,Mode145,32.8718794720962,0.0,0.0366034127105695,CG
22,Mode40,66.1368558398995,0.0,0.0362143365852094,CG
23,Mode108,31.1118621471789,0.0,0.0348336639702301,CG
24,Mode147,25.477847918124,0.0,0.0347948749677298,CG
25,Mode106,29.5902222676393,0.0,0.0342047912705268,CG
26,Mode15,62.0686947739907,0.0,0.0340568781855734,CG
27,Mode165,61.1687853979222,0.0,0.0334807817074965,CG
28,Mode3,61.0257161764849,0.0,0.0333894008017205,CG
29,Mode160,60.6749197672752,0.0,0.0333797675445183,CG
30,Mode173,60.7795096963267,0.0,0.0332873074772987,CG
31,Mode93,20.9373335854476,0.0,0.0321135832147412,CG
32,Mode11,23.5122642863834,0.0,0.0318257019669312,CG
33,Mode77,20.5175456711104,0.0,0.0303846422103684,CG
34,Mode16,54.7685331375457,0.0,0.0301768241550179,CG
35,Mode5,54.4318901721662,0.0,0.0299849055478649,CG
36,Mode45,53.6929399026035,0.0,0.0297062531513331,CG
37,Mode29,16.7940137552462,0.0,0.0285989646410721,CG
38,Mode177,16.4285830380847,0.0,0.0282607149004488,CG
39,Mode56,19.7356844329583,0.0,0.027533391190392,CG
40,Mode185,49.7933891683974,0.0,0.0274606252995648,CG
41,Mode26,37.3733904475804,0.0,0.0269328882791725,CG
42,Mode35,48.7610878416374,0.0,0.0268537079110072,CG
43,Mode182,48.3434124465582,0.0,0.0267074636323535,CG
44,Mode181,47.0396593748381,0.0,0.0259466864790454,CG
45,Mode47,18.8409920473142,0.0,0.0257619919620492,CG
46,Mode23,27.7701510473611,0.0,0.0255872086939998,CG
47,Mode170,46.1864005960365,0.0,0.0254988089650494,CG
48,Mode189,19.1592990574758,0.0,0.0253712852299155,CG
49,Mode124,10.4516124731972,0.0,0.0249998086960323,CG
50,Mode84,44.7732707181973,0.0,0.0247918007302536,CG
51,Mode141,6.07852260281867,0.0,0.0247122163163918,CG
52,Mode171,16.4407009448196,0.0,0.0245877033126858,CG
53,Mode115,41.855611267251,0.0,0.0241877307429594,CG
54,Mode96,21.2003687086395,0.0,0.0240303691616996,CG
55,Mode79,16.6647394645429,0.0,0.0236877903813535,CG
56,Mode49,14.4814743545937,0.0,0.0236349164287968,CG
57,Mode48,22.7830746304686,0.0,0.0230895702490832,CG
58,Mode38,40.7492337189869,0.0,0.022537471171259,CG
59,Mode122,14.5144193565484,0.0,0.0221569109946481,CG
60,Mode80,10.6106260120891,0.0,0.0217088105479654,CG
61,Mode192,13.8926481115575,0.0,0.0216232265059147,CG
62,Mode128,38.7991280735387,0.0,0.0215147607958643,CG
63,Mode86,38.2411672811776,0.0,0.021183645825688,CG
64,Mode186,16.1712788987398,0.0,0.0207033353519626,CG
65,Mode198,36.9264338429259,0.0,0.0204967422068421,CG
66,Mode7,17.8566534731163,0.0,0.0202923027054456,CG
67,Mode105,6.57058683529674,0.0,0.0200937375019292,CG
68,Mode135,10.0650833490094,0.0,0.0199611417939823,CG
69,Mode104,12.8550404370744,0.0,0.0190788919470539,CG
70,Mode17,34.073180628939,0.0,0.0189870543389248,CG
71,Mode113,33.5665993973722,0.0,0.0186573110679708,CG
72,Mode59,13.0330493379839,0.0,0.0185909685323036,CG
73,Mode112,33.1870512462517,0.0,0.0185549424417613,CG
74,Mode168,25.5907220275358,0.0,0.0185211897862023,CG
75,Mode114,5.41095811161785,0.0,0.0179962191189017,CG
76,Mode142,10.9676319575628,0.0,0.0179759307673999,CG
77,Mode58,14.975297057698,0.0,0.0172806848647608,CG
78,Mode155,8.77566609598063,0.0,0.017134714477025,CG
79,Mode87,29.900166540157,0.0,0.0166607981709416,CG
80,Mode132,12.7032263091392,0.0,0.0165069681430841,CG
81,Mode167,5.56794549552725,0.0,0.0156835335908451,CG
82,Mode137,8.76147910517685,0.0,0.0156640171459657,CG
83,Mode90,20.9680816422743,0.0,0.0155718430940893,CG
84,Mode191,7.69982982589638,0.0,0.0155541510428845,CG
85,Mode82,11.3313026460478,0.0,0.0155148614803685,CG
86,Mode156,27.3679514877611,0.0,0.0152671342591974,CG
87,Mode4,6.72926645365441,0.0,0.0152471519258656,CG
88,Mode63,22.9264822711501,0.0,0.0150718184231003,CG
89,Mode25,12.7467726930904,0.0,0.014962490102291,CG
90,Mode97,6.28272173506216,0.0,0.014479935609881,CG
91,Mode123,25.9271546780356,0.0,0.0144716640728221,CG
92,Mode18,7.32706117008272,0.0,0.013999572704557,CG
93,Mode138,10.4882875312431,0.0,0.0138261752928358,CG
94,Mode21,24.6593324128469,0.0,0.0137681853622664,CG
95,Mode89,8.42273091394371,0.0,0.0136612438213241,CG
96,Mode154,9.72053279152989,0.0,0.0133885237268486,CG
97,Mode163,23.6972039118055,0.0,0.0132494133183843,CG
98,Mode65,23.5268139994499,0.0,0.0131552491295891,CG
99,Mode149,11.0700539957047,0.0,0.0130756912613774,CG
100,Mode43,10.6619195139887,0.0,0.0128507517900007,CG
101,Mode118,6.55947198672214,0.0,0.0125993342364813,CG
102,Mode121,6.69853570535325,0.0,0.0124401822090241,CG
103,Mode72,21.5786866355942,0.0,0.0120746677644967,CG
104,Mode152,6.38750330402152,0.0,0.0120601048663987,CG
105,Mode119,20.6065490152529,0.0,0.0115739547381525,CG
106,Mode159,9.62988927357781,0.0,0.0113982031999853,CG
107,Mode110,6.20521322405791,0.0,0.0110296126186429,CG
108,Mode126,11.5425483464501,0.0,0.0109886512144483,CG
109,Mode195,4.33931183061655,0.003,0.0108328566986,CG
110,Mode95,7.62199266029375,0.0,0.0107272612352963,CG
111,Mode107,6.14534175179059,0.002,0.0103312639994291,CG
112,Mode179,18.3619194272008,0.0,0.0102945202882904,CG
113,Mode14,18.0223980060507,0.0,0.0100939333823309,CG
114,Mode133,2.54003035967284,0.03,0.0098403732456045,CG
115,Mode143,8.28784688934516,0.0,0.0097244660359086,CG
116,Mode42,17.2752923046001,0.0,0.0096974878071776,CG
117,Mode62,7.7807627963764,0.0,0.0096253356530311,CG
118,Mode180,4.80821280542716,0.003,0.0094572293333654,CG
119,Mode41,8.67816841036381,0.0,0.0093742338733646,CG
120,Mode1,5.90197512555382,0.003,0.0088565944593919,CG
121,Mode44,5.66937481923773,0.003,0.0088462363633591,CG
122,Mode166,14.8830562173913,0.0,0.008768432749123,CG
123,Mode169,4.96182911218354,0.004,0.0086172141044097,CG
124,Mode111,5.5690167797396,0.003,0.0084381147548674,CG
125,Mode81,4.6272555363432,0.007,0.0076808209021246,CG
126,Mode120,3.63651604376769,0.015,0.0075663143201766,CG
127,Mode60,5.45149754524871,0.006,0.0075053755623069,CG
128,Mode94,4.62846245645236,0.007,0.007490012642792,CG
129,Mode9,4.46134882711895,0.011,0.0070925051787119,CG
130,Mode57,4.85251348214151,0.009,0.0070266173932856,CG
131,Mode150,4.59438584444891,0.011,0.0069647863887331,CG
132,Mode196,8.20787297116304,0.004,0.0068835802729943,CG
133,Mode83,3.95922237826814,0.014,0.0067626552815739,CG
134,Mode174,11.3196374247719,0.002,0.0065839115101307,CG
135,Mode91,11.5876182963685,0.002,0.0065615218862571,CG
136,Mode127,3.66604764302986,0.017,0.0064260875351994,CG
137,Mode183,11.3950378960669,0.002,0.00641280269396,CG
138,Mode199,5.0490650839764,0.009,0.0063996526884871,CG
139,Mode85,11.1251623557512,0.002,0.0063742318169711,CG
140,Mode148,10.6988276814851,0.002,0.0061504148622957,CG
141,Mode28,4.45320761260497,0.014,0.006143324274038,CG
142,Mode24,2.02579360018717,0.11,0.0061127972688188,CG
143,Mode102,10.4990556767284,0.002,0.0059221357581645,CG
144,Mode39,3.78119095506567,0.024,0.0057432748492155,CG
145,Mode103,2.91957072960703,0.04,0.0055898385653578,CG
146,Mode69,3.97876443737757,0.021,0.005534637542889,CG
147,Mode74,3.4505344729993,0.037,0.0054918313593112,CG
148,Mode117,9.16144384493178,0.003,0.0051781190398067,CG
149,Mode61,9.19694200399596,0.003,0.005177627892802,CG
150,Mode10,8.84496636797484,0.004,0.0049969139560076,CG
151,Mode52,2.5679150462972,0.091,0.004888849944544,CG
152,Mode68,3.05161975745111,0.052,0.0048119964468955,CG
153,Mode31,4.43328789989598,0.032,0.0046389368860279,CG
154,Mode157,4.57502497037637,0.034,0.0044638029182388,CG
155,Mode175,7.38173431644314,0.01,0.0041763979006135,CG
156,Mode88,6.70219885351137,0.014,0.0038116044363288,CG
157,Mode146,2.69720238480624,0.058,0.0037722689178358,CG
158,Mode134,6.33614227503924,0.016,0.0035767600422483,CG
159,Mode33,2.52838611105472,0.095,0.0032612786279629,CG
160,Mode78,1.8908359524815,0.185,0.0029935498477032,CG
161,Mode139,2.42247177190436,0.125,0.0029413818546378,CG
162,Mode36,5.06892934200219,0.031,0.0028693030890209,CG
163,Mode172,5.06686813322479,0.031,0.0028616653776704,CG
164,Mode153,4.98586976598166,0.033,0.0028193546082163,CG
165,Mode13,1.57521296784687,0.28,0.0027924958048867,CG
166,Mode98,1.87562252711078,0.187,0.0025692753337127,CG
167,Mode194,1.76129849609293,0.193,0.00251475156194,CG
168,Mode131,4.24505599748309,0.049,0.0024068340189726,CG
169,Mode187,3.48022701849529,0.082,0.0023334978321006,CG
170,Mode6,1.37609894813092,0.276,0.0022160529026869,CG
171,Mode184,0.888473772001586,0.402,0.0018983263907249,CG
172,Mode178,1.59181989120132,0.309,0.0018185496046439,CG
173,Mode73,3.17301480226864,0.091,0.001796010957918,CG
174,Mode140,0.92474300139908,0.422,0.0015972284454201,CG
175,Mode76,2.45333915212446,0.139,0.001396893097452,CG
176,Mode176,1.42491699813268,0.361,0.0011847741158354,CG
177,Mode197,0.998901448322497,0.506,0.0011704436283598,CG
178,Mode193,0.482473981818471,0.621,0.000973829161803,CG
179,Mode70,0.794603412735738,0.584,0.0009675339156244,CG
180,Mode151,1.49035409004473,0.257,0.000847843246317,CG
181,Mode27,1.46321669578564,0.26,0.0008313126115823,CG
182,Mode158,1.45794409582537,0.26,0.0008254202331888,CG
183,Mode51,0.332997815636077,0.664,0.0008191513771276,CG
184,Mode190,1.36186349495194,0.276,0.0007716089270826,CG
185,Mode125,0.835973526775401,0.399,0.0004736606712153,CG
186,Mode20,0.0955381094448598,0.865,0.0003950211427921,CG
187,Mode99,0.631909040325795,0.463,0.0003611834407148,CG
188,Mode164,0.563130865813426,0.49,0.0003188482583199,CG
189,Mode32,0.484602942477733,0.521,0.000274509090916,CG
190,Mode129,0.403673049494008,0.559,0.0002283461872508,CG
191,Mode136,0.299413807732268,0.617,0.0001701535672043,CG
192,Mode50,0.211382919634075,0.672,0.0001202459186414,CG
193,Mode116,0.0638566624904228,0.829,3.63976262201269e-05,CG
194,Mode100,0.0353086206931755,0.872,2.01759738380823e-05,CG
195,Mode12,0.0263336845352357,0.89,1.51015864518665e-05,CG
196,Mode64,0.0111899097093796,0.935,6.6939436884208e-06,CG
197,Mode71,0.0079689691489512,0.937,4.66068763389477e-06,CG
198,Mode101,4.80318819101504e-05,0.999,5.03397800963986e-07,CG
0,Mode95,40.8776184964335,0.0,0.047650541438139,CST
1,Mode62,76.1502770153379,0.0,0.0413884514177615,CST
2,Mode146,31.06503857381,0.0,0.0391918173357256,CST
3,Mode37,18.9426654228624,0.0,0.0298096857446354,CST
4,Mode25,14.5242033923459,0.0,0.0273166920758929,CST
5,Mode49,46.6903909639599,0.0,0.0257461503667241,CST
6,Mode130,8.52103480553254,0.0,0.0256857634360427,CST
7,Mode1,21.3423385115185,0.0,0.0251850257697676,CST
8,Mode122,41.0949448893904,0.0,0.0227284287552956,CST
9,Mode76,41.024330149893,0.0,0.0227046200333788,CST
10,Mode81,40.3602714543391,0.0,0.0223907611965315,CST
11,Mode29,12.1551615671042,0.0,0.0222641660446051,CST
12,Mode23,9.61171782093536,0.0,0.021781860495973,CST
13,Mode190,14.7602352150893,0.0,0.0201656129481195,CST
14,Mode6,13.7841446855015,0.0,0.0198046053089104,CST
15,Mode132,16.1944090584842,0.0,0.0191694551618826,CST
16,Mode46,34.0900383829768,0.0,0.0189435596048602,CST
17,Mode152,16.0597860359382,0.0,0.018729511954281,CST
18,Mode40,32.7862695299482,0.0,0.0182191523796681,CST
19,Mode27,16.3819911085811,0.0,0.0182113677233083,CST
20,Mode167,23.5538246937899,0.0,0.0180910223632536,CST
21,Mode30,32.3027068203038,0.0,0.0179539479195821,CST
22,Mode9,10.7199615066866,0.0,0.0161595640631948,CST
23,Mode194,28.9476399420345,0.0,0.0161317842580714,CST
24,Mode8,28.7494529329755,0.0,0.0160036827528763,CST
25,Mode113,9.72052828396503,0.0,0.0156092849221591,CST
26,Mode97,27.0547982347697,0.0,0.0150729555632689,CST
27,Mode63,4.64950644796469,0.0,0.0144810628798523,CST
28,Mode20,7.8277615175272,0.0,0.0140363403922618,CST
29,Mode57,11.7137970548179,0.0,0.0138279340233608,CST
30,Mode94,24.6274321377756,0.0,0.0137646645095986,CST
31,Mode174,24.5361610351952,0.0,0.0137110960064054,CST
32,Mode193,11.4261122426555,0.0,0.0136441858970607,CST
33,Mode153,17.3875843172044,0.0,0.0136242736496203,CST
34,Mode42,9.29039885853272,0.0,0.0135997249526906,CST
35,Mode110,8.59289952324024,0.0,0.0129581701577132,CST
36,Mode59,10.0470333001251,0.0,0.012939893940493,CST
37,Mode101,22.2566693710456,0.0,0.0124592738349639,CST
38,Mode85,7.27079425503729,0.0,0.0122027339233954,CST
39,Mode64,21.6323779746406,0.0,0.0120946593795641,CST
40,Mode68,9.54133516575413,0.0,0.012055066971404,CST
41,Mode112,4.21397655496977,0.005,0.0117653246652887,CST
42,Mode44,8.08685233389412,0.0,0.0112585851998963,CST
43,Mode39,5.96232220724953,0.0,0.0110967006203009,CST
44,Mode114,19.4770652170696,0.0,0.0109031041688233,CST
45,Mode22,8.10833004018313,0.0,0.0108333775271364,CST
46,Mode56,5.55876838148217,0.003,0.0107921844136195,CST
47,Mode195,19.1109103937224,0.0,0.0107153652135392,CST
48,Mode41,18.6968850182119,0.0,0.0104751855792993,CST
49,Mode185,7.38605875550726,0.0,0.0103875064760429,CST
50,Mode80,8.75567731034885,0.0,0.010357474855274,CST
51,Mode15,17.941824117696,0.0,0.0100462383878215,CST
52,Mode53,10.104509557721,0.0,0.0096232569578053,CST
53,Mode117,7.58958598897478,0.003,0.0093541961738936,CST
54,Mode116,5.43685045592612,0.005,0.0093481076825807,CST
55,Mode158,6.83485807249775,0.003,0.0090651663004831,CST
56,Mode92,16.1165120403436,0.0,0.0090528702581163,CST
57,Mode166,6.34284451193302,0.003,0.0090326767658129,CST
58,Mode131,6.10566015747986,0.003,0.0088668435555215,CST
59,Mode69,5.3697791652821,0.005,0.0088523594317473,CST
60,Mode2,15.4445728609616,0.0,0.0086654714543486,CST
61,Mode13,4.46564564076083,0.01,0.0086321579386709,CST
62,Mode90,5.37526607099124,0.005,0.008487841598024,CST
63,Mode161,15.104811109497,0.0,0.0084848331689538,CST
64,Mode159,14.4788292933624,0.0,0.0081420697261687,CST
65,Mode138,14.3045261047152,0.0,0.0080293512178178,CST
66,Mode47,14.2316697555095,0.0,0.0079898630775643,CST
67,Mode73,6.17937366534244,0.005,0.0078973625235737,CST
68,Mode52,4.96604770500257,0.01,0.0077629483443935,CST
69,Mode71,4.85196750116915,0.01,0.0076312831593705,CST
70,Mode98,13.4755424284652,0.0,0.0075773084308977,CST
71,Mode105,11.1821540657022,0.003,0.0074515158402716,CST
72,Mode50,8.78967779925299,0.005,0.0073900260741604,CST
73,Mode149,13.0457627034634,0.0,0.0073475793079849,CST
74,Mode137,3.66114582918981,0.022,0.0071950104309567,CST
75,Mode36,12.7987721272139,0.0,0.0071875348722348,CST
76,Mode34,4.01194375881662,0.022,0.0070422574500124,CST
77,Mode186,12.3035979614646,0.0,0.0069225033051609,CST
78,Mode191,11.8275864860412,0.003,0.0066598016009563,CST
79,Mode38,5.22485821325941,0.012,0.0064982837556025,CST
80,Mode148,11.4718616750966,0.003,0.0064744233699761,CST
81,Mode184,4.01092128881537,0.026,0.0063579362796353,CST
82,Mode45,10.0831647070092,0.003,0.0063129161078304,CST
83,Mode17,3.55580183199515,0.032,0.0062539706260555,CST
84,Mode31,11.0552906266525,0.003,0.0062144417761448,CST
85,Mode51,3.1569933922808,0.044,0.0058909436864324,CST
86,Mode188,4.76936382320441,0.02,0.0058284446435342,CST
87,Mode172,4.09811953736088,0.028,0.0058146770137514,CST
88,Mode93,4.13327665034946,0.028,0.0056402376106863,CST
89,Mode134,9.94947033052378,0.005,0.0056166522648473,CST
90,Mode83,7.21357351729126,0.014,0.0056039726206316,CST
91,Mode86,2.52961992738413,0.069,0.0055524173436514,CST
92,Mode55,4.23025226542032,0.028,0.0055355028309195,CST
93,Mode128,3.22494540142176,0.057,0.0053638600659512,CST
94,Mode54,5.52934675027093,0.016,0.0053518681145778,CST
95,Mode181,9.45975829232687,0.005,0.005334183151681,CST
96,Mode48,4.83934476287922,0.022,0.0053073497508735,CST
97,Mode100,2.45029964823041,0.077,0.0051488669434297,CST
98,Mode5,9.02244810824094,0.007,0.0050915713038827,CST
99,Mode192,3.14363442654462,0.058,0.0049178954866174,CST
100,Mode26,3.27058352692512,0.057,0.0047618767239645,CST
101,Mode24,2.33133108120849,0.114,0.0044428121271365,CST
102,Mode164,2.76445612493658,0.085,0.0044232629438755,CST
103,Mode10,3.0333652339247,0.066,0.0044120830577688,CST
104,Mode150,2.29012387791385,0.161,0.004324750894511,CST
105,Mode99,7.57959756234807,0.014,0.0042849421167422,CST
106,Mode115,7.36396234018785,0.016,0.0041548757442573,CST
107,Mode171,2.89119633500418,0.065,0.0040517933852193,CST
108,Mode79,2.14683640672177,0.131,0.0039159826360871,CST
109,Mode125,2.24597132266481,0.163,0.003665765545394,CST
110,Mode3,2.2034200463681,0.173,0.0036295734249962,CST
111,Mode11,4.02176737884804,0.08,0.0035500502226497,CST
112,Mode77,2.49855571312102,0.089,0.0035207713663034,CST
113,Mode67,6.22507210977518,0.027,0.0035168476480027,CST
114,Mode136,6.17478436166821,0.027,0.003483955069988,CST
115,Mode75,6.17420534572933,0.027,0.003483512203621,CST
116,Mode32,6.11896165673651,0.027,0.0034508313865129,CST
117,Mode180,6.08474240411388,0.028,0.0034371905572707,CST
118,Mode72,5.94760319312325,0.029,0.003353624924961,CST
119,Mode143,2.03309690848369,0.158,0.0033501966463588,CST
120,Mode151,5.76217041409006,0.031,0.0032502612445519,CST
121,Mode70,5.69420062790524,0.032,0.0032121461529225,CST
122,Mode139,5.59254671460947,0.034,0.0031589508812025,CST
123,Mode65,5.29740659888005,0.039,0.0029888021947865,CST
124,Mode154,5.26910130353864,0.041,0.0029763324754011,CST
125,Mode35,4.25526821726189,0.07,0.0029338121309825,CST
126,Mode61,5.06390745043727,0.045,0.0028591542375554,CST
127,Mode87,2.34736692270396,0.173,0.0027548531973323,CST
128,Mode198,4.58192186140633,0.056,0.0026799340600635,CST
129,Mode177,4.6172492908212,0.057,0.002613418435264,CST
130,Mode119,4.53007391109801,0.057,0.0025566724057454,CST
131,Mode178,4.47659261488144,0.058,0.0025373604396821,CST
132,Mode103,4.35882426754487,0.062,0.0024639731432206,CST
133,Mode104,1.38327694148588,0.309,0.0023822768037942,CST
134,Mode135,4.21529739060195,0.066,0.0023812814198068,CST
135,Mode140,1.32186453995814,0.286,0.002143115578685,CST
136,Mode156,1.31259809253252,0.347,0.0021420554108443,CST
137,Mode74,3.75060167143707,0.084,0.0021178251315251,CST
138,Mode89,1.42704246334575,0.309,0.002085401287925,CST
139,Mode96,1.46398523575089,0.309,0.001973334629638,CST
140,Mode4,3.47131772740574,0.096,0.0019689255108959,CST
141,Mode91,3.48091084457267,0.095,0.0019687038939594,CST
142,Mode168,3.48290071043274,0.095,0.0019670707174027,CST
143,Mode155,1.33184314521691,0.344,0.0019437087280327,CST
144,Mode183,3.38135195084839,0.1,0.0019210736970613,CST
145,Mode123,3.28465127282274,0.105,0.0018561667683834,CST
146,Mode84,3.25946231101125,0.105,0.0018436629985364,CST
147,Mode127,1.08466133635845,0.372,0.0018049586202245,CST
148,Mode179,3.15854956523831,0.112,0.0017886557355143,CST
149,Mode133,3.08897110107049,0.115,0.0017504439436458,CST
150,Mode66,1.07222492292605,0.366,0.001724640209315,CST
151,Mode176,0.882032045393631,0.372,0.0016489978524248,CST
152,Mode82,0.860100026244442,0.466,0.0015906842553839,CST
153,Mode169,1.28660748256219,0.418,0.001503512540711,CST
154,Mode18,2.64633704787579,0.149,0.0014955589541519,CST
155,Mode141,2.48664517741602,0.161,0.0014094932434178,CST
156,Mode175,2.45108999027417,0.163,0.0013951652165597,CST
157,Mode157,1.90641792943858,0.261,0.0013150017566644,CST
158,Mode106,0.611691989428795,0.462,0.0012691265943261,CST
159,Mode147,2.22333142894807,0.184,0.0012592928052447,CST
160,Mode165,0.680642445503408,0.568,0.001188094973728,CST
161,Mode118,2.0932228292367,0.199,0.0011846153413694,CST
162,Mode28,0.621913452597733,0.569,0.0011677846596887,CST
163,Mode182,1.98604056084993,0.212,0.0011223596254389,CST
164,Mode129,0.547754381892566,0.637,0.0010925359043389,CST
165,Mode189,1.89114809074006,0.224,0.0010720133120414,CST
166,Mode58,1.78544309681658,0.24,0.0010145650169948,CST
167,Mode16,1.63331529376419,0.261,0.0009239628424264,CST
168,Mode126,1.61252717178597,0.265,0.0009158198431323,CST
169,Mode173,0.460082420469311,0.641,0.0009149481463019,CST
170,Mode199,1.5838441709567,0.268,0.0008967075955167,CST
171,Mode108,0.322988494198046,0.608,0.0007638068929775,CST
172,Mode14,1.24474266518259,0.33,0.0007045167964618,CST
173,Mode109,1.22295817768182,0.332,0.0006924150348322,CST
174,Mode21,0.38277875700728,0.753,0.0006106403712489,CST
175,Mode107,1.07782556885143,0.363,0.0006100514765294,CST
176,Mode124,1.05719448920685,0.366,0.0005983360460018,CST
177,Mode33,1.02925552284866,0.369,0.000582972082093,CST
178,Mode102,1.01071796028433,0.372,0.0005773956081911,CST
179,Mode160,0.80427643605616,0.428,0.0004583780716637,CST
180,Mode121,0.687455582948993,0.465,0.0003895129892981,CST
181,Mode197,0.613018978905143,0.491,0.0003469699926503,CST
182,Mode187,0.524944075213089,0.555,0.0003258346217057,CST
183,Mode60,0.549579061732908,0.516,0.000311142165972,CST
184,Mode196,0.0387214728912413,0.906,0.0002558542515285,CST
185,Mode88,0.374188483982578,0.595,0.0002117789293997,CST
186,Mode120,0.327646951481252,0.618,0.0001861404371907,CST
187,Mode163,0.290807802931652,0.637,0.000164532331834,CST
188,Mode142,0.284588731193576,0.637,0.000161079852602,CST
189,Mode43,0.240074691545277,0.661,0.000141570780917,CST
190,Mode111,0.229044568457858,0.665,0.0001305078811063,CST
191,Mode145,0.218525629006877,0.67,0.0001236758121676,CST
192,Mode170,0.183159616081563,0.698,0.0001038122177624,CST
193,Mode78,0.149000381407505,0.726,8.4323394145739e-05,CST
194,Mode144,0.135409052615655,0.736,7.85168353160673e-05,CST
195,Mode7,0.0452912449607916,0.849,2.58038919119195e-05,CST
196,Mode162,0.0297650939203089,0.878,1.6884128236393e-05,CST
197,Mode12,0.0095077426060447,0.935,5.49338059804764e-06,CST
198,Mode19,0.0012836237918274,0.981,1.81487153395937e-06,CST
0,Mode6,88.2605925258414,0.0,0.151912998353722,MLF
1,Mode3,95.5649166691897,0.0,0.131643731362186,MLF
2,Mode11,61.2320338904224,0.0,0.122198278932592,MLF
3,Mode1,76.7739419554048,0.0,0.0971674071256711,MLF
4,Mode5,54.3694013349509,0.0,0.0914102530447568,MLF
5,Mode2,89.5338467406207,0.0,0.0887001666988891,MLF
6,Mode13,44.4951877639858,0.0,0.0857784791036261,MLF
7,Mode25,35.9591300897481,0.0,0.0741271090110374,MLF
8,Mode19,25.6896906008676,0.0,0.0686424284648614,MLF
9,Mode67,96.9243413958841,0.0,0.0521505716350013,MLF
10,Mode17,89.9809032543328,0.0,0.0486389648782448,MLF
11,Mode158,88.9156476879604,0.0,0.0479100664652057,MLF
12,Mode115,51.3355486681928,0.0,0.0464948832571308,MLF
13,Mode18,28.5369108851241,0.0,0.0459632894607884,MLF
14,Mode26,21.6507293599587,0.0,0.0451498968589715,MLF
15,Mode20,65.0311320630242,0.0,0.0447472152647051,MLF
16,Mode15,28.6086155866553,0.0,0.044686106945716,MLF
17,Mode139,81.0139048662303,0.0,0.0438217232275619,MLF
18,Mode85,29.0746411328487,0.0,0.0426290413202554,MLF
19,Mode102,21.1191798232926,0.0,0.0344692341578309,MLF
20,Mode51,61.5095660575782,0.0,0.03369073461516,MLF
21,Mode83,25.0320800711545,0.0,0.0335047832897956,MLF
22,Mode7,19.8240264967609,0.0,0.0330108040072144,MLF
23,Mode184,59.2620179875246,0.0,0.0324569485425988,MLF
24,Mode92,57.079084827814,0.0,0.0313264368419059,MLF
25,Mode21,56.2363451406648,0.0,0.0309068066708418,MLF
26,Mode45,13.3602258264677,0.0,0.0293316671824888,MLF
27,Mode27,53.1029912513388,0.0,0.0291700526061493,MLF
28,Mode84,17.1056043609509,0.0,0.0287073367943935,MLF
29,Mode97,19.1786465615685,0.0,0.0278180415758306,MLF
30,Mode63,48.9203132325238,0.0,0.0270831873223399,MLF
31,Mode58,48.9868685668278,0.0,0.0270039464844306,MLF
32,Mode178,48.5164209168634,0.0,0.0267223129142127,MLF
33,Mode120,17.8827493305785,0.0,0.0255134443341785,MLF
34,Mode128,18.5547550174412,0.0,0.0249679580618686,MLF
35,Mode164,24.0941130310176,0.0,0.0245295107139853,MLF
36,Mode43,10.9092031488992,0.0,0.0244451230354754,MLF
37,Mode29,11.8334070889151,0.0,0.0236529685816807,MLF
38,Mode181,22.4609495501734,0.0,0.0236058692531986,MLF
39,Mode8,12.9027423854101,0.0,0.023576557607467,MLF
40,Mode170,42.425990529693,0.0,0.0234511965862879,MLF
41,Mode34,15.3016380087237,0.0,0.0232192971838355,MLF
42,Mode87,18.8125893812696,0.0,0.0221446164050526,MLF
43,Mode98,15.2768502789403,0.0,0.0213141927165023,MLF
44,Mode91,4.97814016254028,0.0,0.0199333684795187,MLF
45,Mode130,11.0090506803705,0.0,0.0199023161857374,MLF
46,Mode33,8.99631931826598,0.0,0.01953458322629,MLF
47,Mode108,13.9412069043743,0.0,0.0189632958245436,MLF
48,Mode140,33.3871193718774,0.0,0.0185430902354259,MLF
49,Mode59,32.4167884635624,0.0,0.0180296267382443,MLF
50,Mode41,32.3339986333193,0.0,0.0179969691373615,MLF
51,Mode16,31.9271003054156,0.0,0.017805227745069,MLF
52,Mode22,13.8182723707728,0.0,0.0167770310346663,MLF
53,Mode74,29.0378367809286,0.0,0.0161826571261931,MLF
54,Mode57,13.5752538367148,0.0,0.0160011402158801,MLF
55,Mode32,4.80825578840912,0.0,0.0159924426584201,MLF
56,Mode23,6.18337940686264,0.0,0.0154685347685472,MLF
57,Mode121,27.4905705959397,0.0,0.0153109551861393,MLF
58,Mode114,7.76429499977421,0.0,0.0152952402059701,MLF
59,Mode4,11.9479014655026,0.0,0.0152790933605208,MLF
60,Mode163,19.292713808608,0.0,0.0152599823528478,MLF
61,Mode71,27.0483486963003,0.0,0.015086893803002,MLF
62,Mode30,10.5828627099653,0.0,0.0140457634771699,MLF
63,Mode168,10.2150794218742,0.0,0.0138651725360195,MLF
64,Mode110,8.85295681902676,0.0,0.0131962130231674,MLF
65,Mode145,11.6974487946293,0.0,0.0130054954860819,MLF
66,Mode75,8.60083132132214,0.0,0.0129597981720018,MLF
67,Mode148,23.1677288681943,0.0,0.0129356669302844,MLF
68,Mode35,9.71914225774441,0.0,0.0128828346144079,MLF
69,Mode103,10.3104156918215,0.0,0.0124439912924323,MLF
70,Mode47,10.9394876616039,0.0,0.0123294176145032,MLF
71,Mode142,22.0196787917485,0.0,0.0123100997520964,MLF
72,Mode135,10.0900911463409,0.0,0.0122024232640055,MLF
73,Mode48,10.866001337495,0.0,0.0113223471430386,MLF
74,Mode80,20.1278262731255,0.0,0.011306434218718,MLF
75,Mode191,19.8547760201792,0.0,0.0111118533454277,MLF
76,Mode79,4.93468913468153,0.002,0.0104864779812939,MLF
77,Mode193,8.07161357000314,0.0,0.0102000707708856,MLF
78,Mode154,10.3018164831769,0.0,0.0101012485776305,MLF
79,Mode46,4.61800899572131,0.004,0.0096698987417358,MLF
80,Mode136,7.98824306288924,0.0,0.0095148212731913,MLF
81,Mode68,11.2230887660759,0.0,0.0094868277391669,MLF
82,Mode109,7.41423062272825,0.002,0.00908415071351,MLF
83,Mode105,6.64950023080142,0.002,0.0089587056032885,MLF
84,Mode82,4.49266903204448,0.008,0.0086361786129826,MLF
85,Mode42,15.2744156741087,0.0,0.0085787551603468,MLF
86,Mode197,15.0592741078799,0.0,0.0084992645066183,MLF
87,Mode77,2.9717781313299,0.028,0.0084079700697467,MLF
88,Mode183,14.8564324763959,0.0,0.0083900440796987,MLF
89,Mode162,5.02867156288441,0.008,0.0082027478669101,MLF
90,Mode146,6.93268437674785,0.002,0.0081614876513006,MLF
91,Mode175,14.4899821132558,0.0,0.008141482215039,MLF
92,Mode64,7.70933768841678,0.002,0.0079420653150702,MLF
93,Mode36,13.9184987084405,0.0,0.007858230784734,MLF
94,Mode174,6.4451960345864,0.004,0.0076456188187774,MLF
95,Mode9,4.12183587822289,0.013,0.0075437173784346,MLF
96,Mode60,3.64557741708125,0.021,0.0074228865043226,MLF
97,Mode143,13.0290580598313,0.0,0.0073213460168987,MLF
98,Mode24,3.92622922502265,0.018,0.006966839505481,MLF
99,Mode155,4.13688002378213,0.016,0.006699866652846,MLF
100,Mode56,11.726654693174,0.002,0.0065913881531982,MLF
101,Mode70,5.33055090393298,0.01,0.006439447316563,MLF
102,Mode167,3.57777358286592,0.028,0.0064039677012863,MLF
103,Mode123,11.3176439499618,0.002,0.0063651092252932,MLF
104,Mode99,10.8949193306037,0.002,0.0061262391551165,MLF
105,Mode100,3.96797937510644,0.024,0.0060469286150836,MLF
106,Mode111,3.16273585630675,0.048,0.0059624183232521,MLF
107,Mode76,10.3839389400981,0.002,0.0058487960192314,MLF
108,Mode188,4.40613951465785,0.016,0.0058291930493419,MLF
109,Mode54,9.87041287627951,0.004,0.0057756681331038,MLF
110,Mode93,4.31654193614167,0.018,0.0057126887577156,MLF
111,Mode90,2.68490284464271,0.058,0.0056786496817044,MLF
112,Mode125,5.53480891409387,0.011,0.0056546899906547,MLF
113,Mode104,1.86910381180569,0.145,0.0055981982875009,MLF
114,Mode117,3.12387238296418,0.062,0.005550934198058,MLF
115,Mode113,3.29824076430895,0.039,0.0053460708732309,MLF
116,Mode129,3.02811085761982,0.051,0.0052776571583867,MLF
117,Mode12,9.16746592673323,0.004,0.0051681542770564,MLF
118,Mode50,3.74458224914007,0.033,0.0051579633118129,MLF
119,Mode189,9.12946059189933,0.006,0.0051472939264725,MLF
120,Mode52,2.94739549231244,0.075,0.0050864226039008,MLF
121,Mode78,2.37609040247642,0.086,0.0049105684344056,MLF
122,Mode157,4.0219338033333,0.027,0.0049014143348172,MLF
123,Mode138,8.1019985399084,0.008,0.0045643363165546,MLF
124,Mode53,2.04721935752295,0.11,0.0045307714766741,MLF
125,Mode180,3.16304141134575,0.047,0.0043940470216239,MLF
126,Mode28,7.08152772669641,0.015,0.0039915030622019,MLF
127,Mode66,2.30533607429662,0.111,0.0039496813821591,MLF
128,Mode62,6.72079611940307,0.018,0.0037872295985833,MLF
129,Mode152,2.74219517629661,0.094,0.0037541944576495,MLF
130,Mode187,6.53608057610833,0.019,0.0036850144579067,MLF
131,Mode44,6.09786228348916,0.024,0.0034427636143777,MLF
132,Mode141,5.90067417016936,0.026,0.0033403295243358,MLF
133,Mode182,2.55677339772314,0.109,0.0033030657929437,MLF
134,Mode94,5.53464773779161,0.031,0.003126215788362,MLF
135,Mode10,4.26265000310237,0.064,0.0029617802912612,MLF
136,Mode131,2.03288985269071,0.163,0.0028708160149711,MLF
137,Mode81,4.98791552875668,0.042,0.0028403814204593,MLF
138,Mode177,4.89490599932132,0.043,0.0027617080417867,MLF
139,Mode14,4.82770890431332,0.044,0.0027316180102727,MLF
140,Mode69,2.93024938063938,0.145,0.0027039907297099,MLF
141,Mode196,1.57553118286841,0.237,0.0027024032337606,MLF
142,Mode133,1.94496947656317,0.18,0.0025828294747229,MLF
143,Mode119,1.97144636778713,0.138,0.0024480035712829,MLF
144,Mode192,4.26487554371696,0.059,0.0024077770009418,MLF
145,Mode96,1.6029658169499,0.243,0.0022827484265902,MLF
146,Mode31,3.88121833518876,0.073,0.0021933630812194,MLF
147,Mode172,3.85474454799691,0.074,0.0021776541147258,MLF
148,Mode195,1.98737570076343,0.144,0.0021128885971103,MLF
149,Mode166,2.95764733117559,0.101,0.0020624570395449,MLF
150,Mode176,2.55433985075401,0.121,0.0019287936038946,MLF
151,Mode127,3.26018943005157,0.101,0.0018430884812984,MLF
152,Mode194,3.16118892600477,0.107,0.0017857813749964,MLF
153,Mode144,2.8466578351687,0.125,0.0016087398169664,MLF
154,Mode37,2.69375946465856,0.137,0.0015237241973513,MLF
155,Mode38,2.56701804892159,0.145,0.0014511641366081,MLF
156,Mode198,2.51327136432756,0.147,0.0014209915436901,MLF
157,Mode160,2.36694599303129,0.16,0.0013383507321776,MLF
158,Mode116,0.657073481166235,0.431,0.0012865213231375,MLF
159,Mode101,2.20801850770332,0.175,0.0012492423680501,MLF
160,Mode89,0.71287645729528,0.54,0.0012301567829484,MLF
161,Mode173,2.01605633259649,0.195,0.0011473973549443,MLF
162,Mode124,1.98511780421489,0.199,0.0011215943632989,MLF
163,Mode149,1.82268673934759,0.22,0.0010313079699079,MLF
164,Mode137,1.71694751603098,0.235,0.0009704202655197,MLF
165,Mode186,1.63633379734822,0.244,0.0009247461979018,MLF
166,Mode179,0.602221904543936,0.649,0.0008748292279478,MLF
167,Mode86,1.52354310248274,0.262,0.0008623765856341,MLF
168,Mode106,0.335879678052302,0.597,0.0008038941055257,MLF
169,Mode95,1.33585683398414,0.301,0.0007864563390584,MLF
170,Mode190,1.35489124007499,0.294,0.0007662036270977,MLF
171,Mode65,1.3272443607334,0.297,0.0007520992210375,MLF
172,Mode49,1.14901046584412,0.368,0.0007455007315522,MLF
173,Mode73,1.30435304783953,0.301,0.0007383137734182,MLF
174,Mode40,1.0768512152056,0.349,0.0006100803350354,MLF
175,Mode55,1.07544242861044,0.349,0.0006091025101516,MLF
176,Mode147,0.968604222560884,0.374,0.0005478304290883,MLF
177,Mode118,0.814145762917786,0.42,0.0004602998380173,MLF
178,Mode159,0.0970331573781888,0.868,0.0003803346280038,MLF
179,Mode165,0.651305480092079,0.475,0.0003686641858908,MLF
180,Mode39,0.631456738007088,0.48,0.0003578457430611,MLF
181,Mode171,0.617956903091324,0.483,0.0003497465431925,MLF
182,Mode122,0.607054805451232,0.484,0.000346648169381,MLF
183,Mode185,0.59749527569789,0.486,0.000337864766459,MLF
184,Mode151,0.576817622916683,0.493,0.0003263063691162,MLF
185,Mode150,0.346529025595397,0.601,0.0001961661833655,MLF
186,Mode126,0.274567448941294,0.646,0.0001555871432309,MLF
187,Mode61,0.267360253458735,0.648,0.0001516672882837,MLF
188,Mode112,0.249102465955221,0.654,0.0001411399851341,MLF
189,Mode88,0.243761482096514,0.655,0.0001379563067101,MLF
190,Mode132,0.236258727378638,0.657,0.0001339109391308,MLF
191,Mode169,0.188773794463222,0.692,0.0001068319060621,MLF
192,Mode161,0.146047651557477,0.728,8.26693958860093e-05,MLF
193,Mode156,0.139919913506307,0.731,7.91588987238943e-05,MLF
194,Mode107,0.13460911677686,0.732,7.61587393028291e-05,MLF
195,Mode199,0.0953544590355659,0.774,5.3959132070348e-05,MLF
196,Mode72,0.0053571188289013,0.958,3.80214247430121e-06,MLF
197,Mode134,0.0061167418852373,0.949,3.47081739012871e-06,MLF
198,Mode153,1.09426415666993e-05,1.0,9.30474046991466e-08,MLF
0,Mode4,142.91118787608,0.0,0.110042213101846,FPT
1,Mode6,202.468782169516,0.0,0.102921059341045,FPT
2,Mode10,69.0804506812119,0.0,0.0856190878310319,FPT
3,Mode13,163.389083286361,0.0,0.0846266523112358,FPT
4,Mode23,80.340148328547,0.0,0.0838248739766307,FPT
5,Mode5,87.9917196204828,0.0,0.0760000033697259,FPT
6,Mode1,45.5923327604125,0.0,0.0739559018892173,FPT
7,Mode36,45.4183501887367,0.0,0.0625158935753226,FPT
8,Mode11,45.9280411910195,0.0,0.0587864819799318,FPT
9,Mode35,40.8489208968735,0.0,0.0525225211276987,FPT
10,Mode14,97.0391845845839,0.0,0.0520418261619175,FPT
11,Mode19,92.2264311242939,0.0,0.0495799587308004,FPT
12,Mode50,27.3347331645292,0.0,0.0444763880135838,FPT
13,Mode30,77.0103656046158,0.0,0.0417458272437205,FPT
14,Mode18,50.7197556279276,0.0,0.0403988860289634,FPT
15,Mode2,74.1722130289836,0.0,0.0402829240070649,FPT
16,Mode54,17.7190882823011,0.0,0.0346056345630448,FPT
17,Mode98,62.1426903138618,0.0,0.034219955182062,FPT
18,Mode102,15.0725711035753,0.0,0.0326872612949263,FPT
19,Mode48,19.8834395847055,0.0,0.0321286638543139,FPT
20,Mode25,18.3393683263775,0.0,0.0304156253831296,FPT
21,Mode31,54.4112623453148,0.0,0.02987252752708,FPT
22,Mode70,16.3404349704885,0.0,0.0296532937169099,FPT
23,Mode75,53.5773380371924,0.0,0.0294349985079146,FPT
24,Mode84,49.6318862595352,0.0,0.0274158686795115,FPT
25,Mode44,47.9894707699665,0.0,0.0264414923448951,FPT
26,Mode16,8.42439730798308,0.0,0.025076207754533,FPT
27,Mode56,16.4695328460489,0.0,0.0241584192348162,FPT
28,Mode66,16.5300756425929,0.0,0.0240292057600785,FPT
29,Mode77,10.5300349122583,0.0,0.0218993823099555,FPT
30,Mode91,8.14236458432851,0.0,0.0212617487336122,FPT
31,Mode39,38.3136844419108,0.0,0.0212242621657282,FPT
32,Mode83,9.37269025271545,0.0,0.0211731467212287,FPT
33,Mode43,8.8095101111246,0.0,0.0201389283566143,FPT
34,Mode53,13.3409031716129,0.0,0.0200745839536332,FPT
35,Mode92,10.2639095127305,0.0,0.0198608180506318,FPT
36,Mode78,15.7114971319584,0.0,0.0190751522174437,FPT
37,Mode64,8.48532854756236,0.0,0.0188852666633678,FPT
38,Mode7,32.7843408054064,0.0,0.0182069569150941,FPT
39,Mode28,12.420004062091,0.0,0.0180757139631428,FPT
40,Mode37,12.6034911762609,0.0,0.0174656464752443,FPT
41,Mode29,10.0455750507238,0.0,0.0169187763798233,FPT
42,Mode80,7.61580654563148,0.0,0.0153595226080714,FPT
43,Mode114,16.8915274826061,0.0,0.0153224025203065,FPT
44,Mode99,6.81593239702854,0.0,0.0148550910638336,FPT
45,Mode26,7.39165486610588,0.0,0.0147606569099074,FPT
46,Mode196,3.38930862696976,0.007,0.0144306077876176,FPT
47,Mode32,25.2421835691335,0.0,0.014097261136799,FPT
48,Mode100,22.0604581674615,0.0,0.0123259964491043,FPT
49,Mode95,8.07295712222535,0.0,0.0120725498687332,FPT
50,Mode74,5.02024563969006,0.003,0.0120381629567418,FPT
51,Mode58,21.0163685931541,0.0,0.0118275101778056,FPT
52,Mode67,4.50556663497574,0.003,0.0118202866261524,FPT
53,Mode123,6.98678507093212,0.0,0.0115620454351141,FPT
54,Mode49,20.6003437387545,0.0,0.0115395624003541,FPT
55,Mode47,20.1201166062451,0.0,0.0112707128107071,FPT
56,Mode121,19.9895967953927,0.0,0.0112586998966006,FPT
57,Mode168,6.00849336015994,0.0,0.0112496361925311,FPT
58,Mode112,8.32179763645706,0.0,0.0111090420377893,FPT
59,Mode72,5.80294630302757,0.003,0.011046241700806,FPT
60,Mode9,18.9905821419594,0.0,0.0106356433552187,FPT
61,Mode94,7.85102623457039,0.0,0.0103549715968617,FPT
62,Mode12,7.78368381860723,0.0,0.0100259857305861,FPT
63,Mode193,6.04939885695872,0.003,0.0097021493758426,FPT
64,Mode198,6.80203029084305,0.003,0.0095866603674236,FPT
65,Mode135,16.6283549820985,0.0,0.0093810223772064,FPT
66,Mode106,5.18993237228204,0.005,0.0093532994986205,FPT
67,Mode157,5.81858765298644,0.005,0.0092911386685986,FPT
68,Mode119,3.82798579806651,0.016,0.0090897800851386,FPT
69,Mode15,5.96162221570409,0.005,0.0089625439500852,FPT
70,Mode88,15.7166012866009,0.0,0.0088221976556262,FPT
71,Mode27,15.6592276451513,0.0,0.0087904394479027,FPT
72,Mode139,10.9741610171092,0.0,0.008240231845738,FPT
73,Mode21,3.49310333667574,0.024,0.0080808105278476,FPT
74,Mode104,3.98572773148041,0.016,0.00776416870838,FPT
75,Mode79,13.6934886270435,0.0,0.0077240729640342,FPT
76,Mode63,13.6812790335181,0.0,0.0077089160315488,FPT
77,Mode128,4.51313883949557,0.014,0.007634862536721,FPT
78,Mode103,3.86624202643093,0.017,0.0075922860356131,FPT
79,Mode167,5.12690733397706,0.011,0.0075654820505386,FPT
80,Mode124,10.8689642682956,0.003,0.0074002845424181,FPT
81,Mode107,5.55710886704351,0.007,0.0072681844448553,FPT
82,Mode111,3.78921135709081,0.021,0.0071185664394351,FPT
83,Mode62,2.93107108122526,0.04,0.0070662856249189,FPT
84,Mode181,5.5058506739047,0.009,0.0070508600016636,FPT
85,Mode137,11.2724054511169,0.003,0.0069396490700666,FPT
86,Mode117,4.05038468519824,0.023,0.0069244237320659,FPT
87,Mode101,11.9864465238959,0.003,0.0067578832862388,FPT
88,Mode55,11.6970111162298,0.003,0.006594638580407,FPT
89,Mode127,11.5493282862088,0.003,0.0064933350867608,FPT
90,Mode146,11.3066877938411,0.003,0.006413281848388,FPT
91,Mode59,4.90593918952565,0.013,0.0064007418158633,FPT
92,Mode73,4.42088627710824,0.017,0.0063488857795989,FPT
93,Mode155,11.0100536269341,0.003,0.0062025554600351,FPT
94,Mode34,2.19863032732159,0.099,0.0059011196674717,FPT
95,Mode192,10.4183113045425,0.003,0.0058794661712425,FPT
96,Mode140,4.0361775434917,0.025,0.0056763203399305,FPT
97,Mode105,2.70497828893782,0.068,0.0056616337587723,FPT
98,Mode71,9.74484434552828,0.005,0.0055923682199763,FPT
99,Mode194,9.78050928145272,0.005,0.0055261807850096,FPT
100,Mode150,3.22199026243162,0.058,0.0054771107624174,FPT
101,Mode17,2.79014585638536,0.077,0.0054349432994422,FPT
102,Mode113,5.5395583430911,0.025,0.0053011478624332,FPT
103,Mode116,8.5454438655841,0.007,0.0052566277842765,FPT
104,Mode197,9.22022502311455,0.005,0.0051962161575634,FPT
105,Mode81,9.14595010417685,0.007,0.0051538877367243,FPT
106,Mode42,3.95859132739416,0.027,0.0051204391416039,FPT
107,Mode152,8.97607241735138,0.007,0.0050639305483521,FPT
108,Mode185,8.84714933894293,0.007,0.0049819762913181,FPT
109,Mode174,3.29173784187295,0.061,0.0049807266191347,FPT
110,Mode156,8.7566474475101,0.007,0.0049362234827882,FPT
111,Mode85,3.12698853324152,0.067,0.0048482323169407,FPT
112,Mode141,3.05247840104233,0.069,0.0047692246590919,FPT
113,Mode165,3.1192182088411,0.063,0.0046605955445382,FPT
114,Mode87,3.23497026732792,0.056,0.0045163196916826,FPT
115,Mode45,2.90802952090698,0.077,0.00451502291801,FPT
116,Mode110,2.51475888108139,0.099,0.004375435803279,FPT
117,Mode3,3.50470871714227,0.043,0.0043733930078414,FPT
118,Mode57,7.71942858719509,0.011,0.0043564083064127,FPT
119,Mode199,7.25553831153639,0.014,0.0040948689527902,FPT
120,Mode184,2.12810425468165,0.129,0.0040384362666191,FPT
121,Mode86,7.12704444953849,0.016,0.0040217743007696,FPT
122,Mode154,6.92797853088421,0.017,0.00390804810894,FPT
123,Mode122,2.14797843523687,0.144,0.0036714465478576,FPT
124,Mode164,2.56493941574717,0.082,0.0035325150766704,FPT
125,Mode24,6.0575604653912,0.025,0.0034167222959169,FPT
126,Mode136,6.05261120864643,0.025,0.0034166755964702,FPT
127,Mode52,1.61102224888583,0.257,0.0032124022541498,FPT
128,Mode166,1.84867138171984,0.212,0.0031423615630126,FPT
129,Mode65,5.46838284956428,0.034,0.0030935185844115,FPT
130,Mode46,1.84308334488512,0.202,0.0030900810724967,FPT
131,Mode169,1.55757931393464,0.354,0.0030356303011791,FPT
132,Mode129,5.20802652843189,0.039,0.0029547377167676,FPT
133,Mode133,1.87425076593464,0.212,0.0029359904396175,FPT
134,Mode134,5.18270013395859,0.04,0.0029281985828804,FPT
135,Mode148,1.93131828825759,0.185,0.0027887037413666,FPT
136,Mode147,1.97947511718608,0.195,0.0027470368497984,FPT
137,Mode170,4.8332723831098,0.047,0.0027321167559693,FPT
138,Mode126,4.80848429511617,0.047,0.0027137407707205,FPT
139,Mode82,1.68043505125789,0.268,0.0027134339190228,FPT
140,Mode163,4.74293414166574,0.048,0.0026827603081905,FPT
141,Mode187,1.45420606996966,0.28,0.0024548765766339,FPT
142,Mode161,4.31117109074867,0.061,0.0024453250423555,FPT
143,Mode131,4.02176266570263,0.07,0.0022784102137726,FPT
144,Mode90,1.1266557653294,0.351,0.0021880546486488,FPT
145,Mode151,3.34209885228762,0.101,0.0018915774480116,FPT
146,Mode41,1.1669909651725,0.375,0.0018578742880058,FPT
147,Mode118,3.19746933722647,0.109,0.0018077471121758,FPT
148,Mode182,1.13855439819346,0.375,0.0018044365341966,FPT
149,Mode68,3.09952248876761,0.114,0.0017534061104774,FPT
150,Mode38,3.05834978968814,0.116,0.0017295069973606,FPT
151,Mode160,2.98624108318409,0.121,0.0016894687490795,FPT
152,Mode108,1.09202015800554,0.411,0.0016508298941832,FPT
153,Mode158,0.894558401610228,0.482,0.0015378058760974,FPT
154,Mode89,0.943938601261997,0.5,0.0015294074773796,FPT
155,Mode172,2.66235358989552,0.144,0.0015043359854283,FPT
156,Mode162,2.6506648600987,0.144,0.0015022810963507,FPT
157,Mode177,2.5107529365624,0.153,0.0014772512290591,FPT
158,Mode69,0.883597736082867,0.498,0.0014339063378795,FPT
159,Mode120,0.753138360375064,0.534,0.0012974298386513,FPT
160,Mode61,2.2934528238154,0.18,0.0012973564465435,FPT
161,Mode115,0.599445123648551,0.534,0.0012615463649259,FPT
162,Mode145,2.21923234299991,0.185,0.0012569376971897,FPT
163,Mode93,2.21561792021186,0.185,0.0012538566340362,FPT
164,Mode60,0.753499025787755,0.548,0.0012440355744174,FPT
165,Mode8,1.12537828963825,0.294,0.0012414933442146,FPT
166,Mode144,1.94767362491768,0.213,0.0011043828255073,FPT
167,Mode20,1.40063803598747,0.369,0.001085636643652,FPT
168,Mode22,1.77795870190698,0.238,0.0010048095076757,FPT
169,Mode159,1.60755131225316,0.263,0.0009105948474979,FPT
170,Mode191,1.57109364714966,0.271,0.0009082169931674,FPT
171,Mode125,1.31168941901266,0.313,0.0007416871113359,FPT
172,Mode132,1.20228118664866,0.354,0.0007288068222368,FPT
173,Mode178,0.511790024660353,0.708,0.0006683028982659,FPT
174,Mode190,0.963060542938008,0.388,0.0005450118392299,FPT
175,Mode173,0.757363205404434,0.453,0.0004295341540208,FPT
176,Mode179,0.735083293125021,0.459,0.0004171089890708,FPT
177,Mode195,0.411760367241407,0.57,0.000301636711235,FPT
178,Mode142,0.456762372012588,0.561,0.000259110091379,FPT
179,Mode176,0.444358809919321,0.565,0.0002514443235751,FPT
180,Mode149,0.408795511592187,0.577,0.0002318084302787,FPT
181,Mode96,0.404824367276205,0.577,0.0002296480410216,FPT
182,Mode33,0.37715222273994,0.589,0.0002141234209277,FPT
183,Mode153,0.370670238786296,0.59,0.0002097475412397,FPT
184,Mode97,0.336772848695946,0.608,0.000190768867012,FPT
185,Mode51,0.323100813361325,0.612,0.0001835523574769,FPT
186,Mode175,0.317176523367244,0.612,0.0001801104499678,FPT
187,Mode186,0.315601418222543,0.612,0.0001789169049254,FPT
188,Mode180,0.0946430959650277,0.923,0.0001686263037871,FPT
189,Mode130,0.236855611430335,0.662,0.0001340032460731,FPT
190,Mode76,0.23210636526785,0.662,0.0001315380050751,FPT
191,Mode109,0.229908383006946,0.662,0.0001301968858908,FPT
192,Mode171,0.196781930655294,0.686,0.0001122323785892,FPT
193,Mode40,0.134424857829753,0.737,7.62190405167546e-05,FPT
194,Mode143,0.123100118493489,0.746,6.97871042125629e-05,FPT
195,Mode183,0.0954409537271239,0.777,5.52672229799813e-05,FPT
196,Mode188,0.0342306189229235,0.868,1.94482983954018e-05,FPT
197,Mode138,0.0006796667534661,0.993,1.13755383676151e-05,FPT
198,Mode189,0.0046112133070908,0.966,2.80150309922327e-06,FPT
0,Mode15,70.8483678406753,0.0,0.0819799596165853,IFO
1,Mode3,55.839052885955,0.0,0.0688065141168129,IFO
2,Mode66,121.866415981677,0.0,0.0645192547086281,IFO
3,Mode39,24.7087019354144,0.0,0.0629388772738098,IFO
4,Mode12,112.175482953414,0.0,0.0599512608372968,IFO
5,Mode5,62.3917404126087,0.0,0.0580837042750924,IFO
6,Mode4,48.383305406613,0.0,0.0531334775682368,IFO
7,Mode33,30.4799537850129,0.0,0.0500513267243111,IFO
8,Mode6,90.7082000571792,0.0,0.0491762691567621,IFO
9,Mode31,81.2879603386287,0.0,0.0441171170254112,IFO
10,Mode41,35.1963340493159,0.0,0.0387275101917543,IFO
11,Mode11,20.6897704755527,0.0,0.0335376991854148,IFO
12,Mode149,19.6477568268619,0.0,0.0310448339657025,IFO
13,Mode173,10.4188768706003,0.0,0.0304955438884054,IFO
14,Mode22,15.8972283824646,0.0,0.0288243417032225,IFO
15,Mode61,22.8593262695511,0.0,0.0256560000499765,IFO
16,Mode71,45.3101233600339,0.0,0.0249938009244821,IFO
17,Mode159,33.0617976600321,0.0,0.0247275421885704,IFO
18,Mode57,20.4285182149005,0.0,0.024015160525914,IFO
19,Mode81,43.2916424670897,0.0,0.0239163571201025,IFO
20,Mode134,42.0610330317177,0.0,0.0232988869649598,IFO
21,Mode99,41.1920509453689,0.0,0.0227700387909328,IFO
22,Mode54,41.0122645157226,0.0,0.0227144374213786,IFO
23,Mode45,20.9605669151489,0.0,0.0225736177938102,IFO
24,Mode7,16.021803550643,0.0,0.0221148053973885,IFO
25,Mode88,39.3479013489897,0.0,0.0218033411285355,IFO
26,Mode194,36.8227245499507,0.0,0.0204041924851028,IFO
27,Mode17,36.4384930372283,0.0,0.0202782763663575,IFO
28,Mode34,24.1072556548191,0.0,0.019489054985194,IFO
29,Mode115,32.5316471282434,0.0,0.0180779786249028,IFO
30,Mode100,32.1204873709355,0.0,0.0178448450242154,IFO
31,Mode21,15.7020007014474,0.0,0.0178218321414648,IFO
32,Mode55,31.4504216736031,0.0,0.0175045374437428,IFO
33,Mode119,13.1113287371949,0.0,0.0172243600207689,IFO
34,Mode144,18.6566441593297,0.0,0.0165137602470678,IFO
35,Mode30,28.6839529099778,0.0,0.0159888398913825,IFO
36,Mode16,28.6680054938002,0.0,0.0159848792144869,IFO
37,Mode46,12.5634314301869,0.0,0.0159334259041482,IFO
38,Mode28,12.0687372900461,0.0,0.015763971507708,IFO
39,Mode14,11.7618734339646,0.0,0.0155007243059327,IFO
40,Mode158,27.5174296667394,0.0,0.0153616543417024,IFO
41,Mode93,27.403857125294,0.0,0.0152913901662317,IFO
42,Mode9,27.1536027502039,0.0,0.0151970198245886,IFO
43,Mode36,5.1413278654089,0.0,0.0149372840159712,IFO
44,Mode25,26.4478342928698,0.0,0.0147417562243274,IFO
45,Mode147,11.7289701039835,0.0,0.0140581177478468,IFO
46,Mode193,23.5331305919096,0.0,0.0131531447569764,IFO
47,Mode143,23.5385819270021,0.0,0.0131419579159263,IFO
48,Mode125,23.3896792594012,0.0,0.0130570084710713,IFO
49,Mode89,7.5573382081826,0.0,0.0120186459824522,IFO
50,Mode40,21.4670170356279,0.0,0.0120037692039575,IFO
51,Mode79,21.0893312773766,0.0,0.011790319517711,IFO
52,Mode138,8.79797526093664,0.0,0.0115407190089246,IFO
53,Mode37,8.94773715964589,0.0,0.011477449080503,IFO
54,Mode105,19.0553612063759,0.0,0.0106681727909812,IFO
55,Mode169,18.7694134189591,0.0,0.0105062587407262,IFO
56,Mode128,6.13911166477489,0.002,0.0102558885541316,IFO
57,Mode111,18.1168251795056,0.0,0.0102122750281416,IFO
58,Mode53,18.2119975420788,0.0,0.0102040217116845,IFO
59,Mode23,18.1989984274064,0.0,0.0101945942971618,IFO
60,Mode64,6.92703379084069,0.002,0.0097797070336885,IFO
61,Mode8,6.84303784091396,0.002,0.0095902925360462,IFO
62,Mode199,17.0511836778114,0.0,0.009554086861319,IFO
63,Mode114,6.70170639276771,0.002,0.0095180777026578,IFO
64,Mode19,6.51014766533254,0.002,0.0093923333649333,IFO
65,Mode76,5.9145705760155,0.002,0.0093710609691535,IFO
66,Mode42,4.83115719951451,0.005,0.009069497444973,IFO
67,Mode86,5.16019139788232,0.005,0.0088381510819497,IFO
68,Mode47,15.5592582256916,0.0,0.0087372183828274,IFO
69,Mode112,3.99125345420324,0.012,0.0086572568606141,IFO
70,Mode18,8.01654188738696,0.002,0.008644741183405,IFO
71,Mode110,14.8726551625891,0.0,0.0083456857138702,IFO
72,Mode151,6.94319147557797,0.002,0.008264761302584,IFO
73,Mode83,13.7232142814588,0.0,0.0082255364501471,IFO
74,Mode124,4.8164380502158,0.008,0.0081525080310184,IFO
75,Mode84,6.11192631674981,0.005,0.008033634775046,IFO
76,Mode146,13.9243129085414,0.0,0.0078167504013592,IFO
77,Mode188,12.2066480294216,0.0,0.0077708471134295,IFO
78,Mode32,5.93419418452143,0.005,0.0076364810295022,IFO
79,Mode101,13.4565609242767,0.0,0.007557522364689,IFO
80,Mode50,13.3137338744285,0.0,0.0074781659466789,IFO
81,Mode72,5.78725224046003,0.006,0.0074310847726579,IFO
82,Mode131,1.80580867428032,0.156,0.0073478690933417,IFO
83,Mode78,13.0297159936107,0.0,0.007331135271171,IFO
84,Mode126,12.5745706048933,0.0,0.0070657905457112,IFO
85,Mode152,2.20005517862653,0.089,0.006910809477339,IFO
86,Mode123,3.13488966870713,0.043,0.0065572115606251,IFO
87,Mode109,3.973771696096,0.024,0.0063851902126368,IFO
88,Mode178,11.1200080576923,0.002,0.0062518291408898,IFO
89,Mode170,11.0060522526325,0.002,0.0061888122367713,IFO
90,Mode104,4.0878304790739,0.023,0.0061427496402668,IFO
91,Mode60,4.5679220263395,0.018,0.0060818596022386,IFO
92,Mode98,4.4692223936709,0.019,0.0060026622338419,IFO
93,Mode196,10.4804485776127,0.002,0.005900637952784,IFO
94,Mode122,10.4604413182638,0.002,0.0058818793533059,IFO
95,Mode35,3.76090962102043,0.029,0.0058806375165122,IFO
96,Mode135,1.53391746054837,0.206,0.0058698090313424,IFO
97,Mode167,3.22446561985142,0.053,0.0058204393758661,IFO
98,Mode58,9.43405491416123,0.005,0.0053180552986827,IFO
99,Mode197,3.58134919246712,0.037,0.0052122195979407,IFO
100,Mode140,9.23529027227398,0.005,0.0051986841678583,IFO
101,Mode160,8.94416286311887,0.006,0.0050343867161037,IFO
102,Mode150,8.84235686507289,0.006,0.0049796519323821,IFO
103,Mode139,6.93826477262687,0.01,0.0049441567351832,IFO
104,Mode1,8.69657283512538,0.006,0.0049071764410017,IFO
105,Mode63,8.55369917394695,0.006,0.0048476318982736,IFO
106,Mode77,8.44389873629949,0.008,0.0047558304341119,IFO
107,Mode116,3.59559580107281,0.044,0.004740572022973,IFO
108,Mode181,8.23233414819734,0.008,0.0046370965171686,IFO
109,Mode91,2.40726980488329,0.143,0.0045159139200272,IFO
110,Mode161,7.87684069296426,0.01,0.0044379524823671,IFO
111,Mode68,2.57852595367604,0.091,0.0044034623503525,IFO
112,Mode157,7.81607562772856,0.01,0.0044015091493992,IFO
113,Mode153,2.95051589656816,0.06,0.0041434510928503,IFO
114,Mode142,2.523081497317,0.103,0.0041297705967344,IFO
115,Mode180,6.79155813378444,0.018,0.0038270175033041,IFO
116,Mode27,2.29976101153322,0.123,0.0037903233989235,IFO
117,Mode87,6.66399715027357,0.019,0.0037572752592052,IFO
118,Mode49,2.83953914320587,0.068,0.0037415663233632,IFO
119,Mode38,6.56367741730447,0.019,0.0037035267238883,IFO
120,Mode171,2.64520022184012,0.103,0.0035780443167305,IFO
121,Mode136,2.35079390151961,0.155,0.0035636927358029,IFO
122,Mode67,5.9511170841443,0.028,0.0033570672352495,IFO
123,Mode10,3.87004132735681,0.05,0.0033113607903528,IFO
124,Mode183,5.55583834297898,0.033,0.0031358749153858,IFO
125,Mode175,5.49850248230676,0.034,0.0031004653968982,IFO
126,Mode177,5.39082901282275,0.036,0.0030400639664313,IFO
127,Mode70,5.23657347361171,0.039,0.002959594291283,IFO
128,Mode43,1.87837850563395,0.216,0.0029425961855772,IFO
129,Mode166,5.13100448506053,0.042,0.0028938326822229,IFO
130,Mode108,1.61038216966922,0.27,0.0028760592751059,IFO
131,Mode103,5.07143034450494,0.042,0.00286096656626,IFO
132,Mode121,1.69693105537246,0.328,0.0027235388009548,IFO
133,Mode94,4.82241966748886,0.047,0.0027220860123627,IFO
134,Mode186,4.25009867240992,0.066,0.002697601658533,IFO
135,Mode92,4.51136444633675,0.056,0.0025468265130478,IFO
136,Mode48,1.74580315725946,0.223,0.0025442821600431,IFO
137,Mode20,4.42691765434118,0.057,0.0025006267360865,IFO
138,Mode172,1.54861379239124,0.29,0.0024609555825106,IFO
139,Mode75,1.83077329429367,0.156,0.0023786319871652,IFO
140,Mode145,2.49674340254902,0.198,0.0022571134487439,IFO
141,Mode117,1.39229682865458,0.306,0.0022363552233355,IFO
142,Mode113,3.94556458292821,0.074,0.0022281756599871,IFO
143,Mode52,1.34005776770766,0.327,0.0021120837859819,IFO
144,Mode163,3.70161344223264,0.086,0.0020898566670935,IFO
145,Mode106,3.532165591348,0.092,0.0019943136468022,IFO
146,Mode190,1.31881979530713,0.369,0.0019884877761898,IFO
147,Mode24,3.34944477702099,0.102,0.0018921932933541,IFO
148,Mode195,3.29721219716052,0.104,0.0018624710243048,IFO
149,Mode82,2.67956793529373,0.158,0.0017779033317479,IFO
150,Mode80,3.11779658524226,0.115,0.0017611916483419,IFO
151,Mode96,0.872620639596478,0.467,0.0017115985541598,IFO
152,Mode69,1.22866773871509,0.383,0.0017099414251659,IFO
153,Mode90,2.73082834981292,0.142,0.0015452289226805,IFO
154,Mode26,2.70199127400794,0.143,0.0015283176409577,IFO
155,Mode13,0.938315366433535,0.481,0.0014841805485995,IFO
156,Mode51,2.60752955162823,0.152,0.001473493312083,IFO
157,Mode179,2.53013723722329,0.156,0.0014298554049687,IFO
158,Mode118,0.849666897404181,0.49,0.0014217842634784,IFO
159,Mode130,0.694439925067826,0.454,0.0014160353470965,IFO
160,Mode73,0.989828064634351,0.51,0.0012724390864836,IFO
161,Mode97,0.658687626421115,0.551,0.0011757821507951,IFO
162,Mode102,1.0677537459408,0.514,0.0011149607092002,IFO
163,Mode192,0.618868077368931,0.626,0.0010294738043756,IFO
164,Mode198,0.722086241301855,0.598,0.0010235325997439,IFO
165,Mode2,1.24413328089084,0.298,0.0010186175819097,IFO
166,Mode56,1.60704385805557,0.27,0.0009090020156615,IFO
167,Mode165,1.51307885353702,0.285,0.0008585878986583,IFO
168,Mode148,1.47126667292401,0.291,0.0008315174050679,IFO
169,Mode156,1.27786153165756,0.327,0.000722625286026,IFO
170,Mode168,1.23567795286826,0.331,0.0006985291111841,IFO
171,Mode191,1.16275123058644,0.347,0.0006580066192179,IFO
172,Mode133,0.205004874210966,0.813,0.0005609167909771,IFO
173,Mode127,0.949909745299051,0.4,0.0005371073510087,IFO
174,Mode187,0.897385023342639,0.415,0.0005073408296989,IFO
175,Mode164,0.83197068481956,0.434,0.0004705256748209,IFO
176,Mode174,0.786468975004365,0.447,0.0004458143387947,IFO
177,Mode141,0.708497743937807,0.467,0.000417534769328,IFO
178,Mode120,0.671959562104356,0.479,0.0003812129538197,IFO
179,Mode44,0.655105646351809,0.481,0.0003717029665527,IFO
180,Mode137,0.62301481300919,0.49,0.0003523183572249,IFO
181,Mode182,0.541900721985042,0.515,0.0003094727168486,IFO
182,Mode132,0.491235500725442,0.538,0.0002779710188188,IFO
183,Mode185,0.472250956920127,0.544,0.000267061041702,IFO
184,Mode95,0.284369003889514,0.642,0.0001623228488961,IFO
185,Mode129,0.22258841724869,0.684,0.0001561141646732,IFO
186,Mode107,0.206548881780302,0.695,0.0001169897201278,IFO
187,Mode29,0.123131215634511,0.773,6.97764534166613e-05,IFO
188,Mode59,0.112254926786239,0.781,6.35622260161159e-05,IFO
189,Mode176,0.0863063098878761,0.81,4.88343447627176e-05,IFO
190,Mode154,0.0691008434630939,0.826,3.91181265682913e-05,IFO
191,Mode184,0.0642494550490609,0.828,3.63939210189044e-05,IFO
192,Mode65,0.0621722127968652,0.828,3.52131970057381e-05,IFO
193,Mode62,0.0369464405939938,0.868,2.12420045544477e-05,IFO
194,Mode189,0.0353359688688244,0.868,2.03242566101976e-05,IFO
195,Mode155,0.0287584710470259,0.879,1.62737121300366e-05,IFO
196,Mode74,0.0045946637233757,0.969,4.40269757210515e-06,IFO
197,Mode85,0.0017723831677886,0.982,1.72556723715091e-06,IFO
198,Mode162,0.0005644840698842,0.982,3.2329083533062e-07,IFO
0,Mode46,60.7931931969617,0.0,0.0525680796184178,ILF
1,Mode53,94.5971713699774,0.0,0.0509948798868542,ILF
2,Mode32,88.0107336985288,0.0,0.0474410990331714,ILF
3,Mode1,31.9253169471126,0.0,0.0389533143673502,ILF
4,Mode21,22.1176468279783,0.0,0.0333092596670099,ILF
5,Mode17,15.5797050343463,0.0,0.0227003654700189,ILF
6,Mode43,4.37425218933595,0.0,0.0196516876901721,ILF
7,Mode71,34.1742936797456,0.0,0.0190206345733115,ILF
8,Mode5,10.608402742428,0.0,0.0187140614948984,ILF
9,Mode68,32.6962113146563,0.0,0.0182647221650696,ILF
10,Mode105,12.4227362400031,0.0,0.0179354752553512,ILF
11,Mode57,14.6460882096469,0.0,0.0171113966899183,ILF
12,Mode73,30.5748519650567,0.0,0.0170017768110303,ILF
13,Mode61,30.5189313991779,0.0,0.0170009934952659,ILF
14,Mode3,9.06164571662188,0.0,0.0161046190544663,ILF
15,Mode66,28.8330571489228,0.0,0.0160655020076631,ILF
16,Mode86,17.5419807020786,0.0,0.0149242417756946,ILF
17,Mode12,7.20363498669394,0.0,0.0143164926132288,ILF
18,Mode63,13.396596796311,0.0,0.0140515787953871,ILF
19,Mode130,10.830004653531,0.0,0.0140143740503217,ILF
20,Mode55,10.506690450939,0.0,0.0138764311429539,ILF
21,Mode78,5.83633540311734,0.0,0.0135924852565062,ILF
22,Mode8,4.50532933074936,0.004,0.0133165383720016,ILF
23,Mode95,9.5870123238738,0.0,0.0132471578280954,ILF
24,Mode192,10.8778774494836,0.0,0.0127815134582782,ILF
25,Mode123,12.1382106887376,0.0,0.0126379905737407,ILF
26,Mode133,10.0371932032253,0.0,0.0123594916565468,ILF
27,Mode143,21.5155755646657,0.0,0.0120299362862709,ILF
28,Mode129,21.4913334897459,0.0,0.0120273717845012,ILF
29,Mode67,7.62105643502651,0.0,0.0114124971251964,ILF
30,Mode33,8.18478255494506,0.0,0.0113539268447912,ILF
31,Mode35,6.83275393774809,0.004,0.00966183360345,ILF
32,Mode38,16.7222251136137,0.0,0.0093841556081193,ILF
33,Mode41,16.489354462688,0.0,0.0092993947609094,ILF
34,Mode152,16.1510369796783,0.0,0.0090868764930025,ILF
35,Mode39,6.71814680831589,0.004,0.0090336365895509,ILF
36,Mode2,2.99165821540413,0.053,0.0090064760453484,ILF
37,Mode24,6.35326067211347,0.004,0.0088710300376646,ILF
38,Mode167,8.80656016705143,0.004,0.0086958653487322,ILF
39,Mode197,15.304552386745,0.0,0.0085936424965522,ILF
40,Mode19,14.299061293194,0.0,0.0080546460828313,ILF
41,Mode190,14.2727769585529,0.0,0.0080177549535503,ILF
42,Mode188,1.99850268437425,0.147,0.0078150797179395,ILF
43,Mode113,2.9878201286318,0.061,0.0076584685907421,ILF
44,Mode27,9.45374085759625,0.004,0.0073868888765172,ILF
45,Mode16,7.33355028486019,0.011,0.0073739583568141,ILF
46,Mode141,4.0765581943405,0.034,0.0072126907368155,ILF
47,Mode64,3.90816303616072,0.037,0.0069293686945096,ILF
48,Mode153,12.2715873572079,0.0,0.0069045260380699,ILF
49,Mode198,8.05326720408924,0.011,0.0067992916544675,ILF
50,Mode4,3.31626125319751,0.05,0.0064294647869937,ILF
51,Mode162,2.00636967986067,0.182,0.0062794162530249,ILF
52,Mode168,4.99236344490762,0.022,0.0061484354119527,ILF
53,Mode10,6.7286612647837,0.022,0.0060429660452498,ILF
54,Mode182,10.6332930802074,0.004,0.0059938157832543,ILF
55,Mode163,2.44534902512975,0.118,0.0058884864973424,ILF
56,Mode59,3.35866815716091,0.067,0.0058407707452674,ILF
57,Mode62,10.3043745559072,0.004,0.0057949844680888,ILF
58,Mode48,10.1745058439887,0.004,0.0057312539104029,ILF
59,Mode74,2.79155368366612,0.09,0.0056839897616215,ILF
60,Mode79,9.99502401146763,0.008,0.0056229795909674,ILF
61,Mode49,9.97426360418008,0.008,0.005622970019679,ILF
62,Mode76,3.7444829887382,0.055,0.0054590167454434,ILF
63,Mode127,4.20654573637765,0.045,0.0053799936734039,ILF
64,Mode99,8.5857789688642,0.011,0.0053534478895204,ILF
65,Mode157,3.11383801397689,0.09,0.0052655504141089,ILF
66,Mode96,2.25522269095796,0.146,0.0052172402737878,ILF
67,Mode81,2.38009738919788,0.128,0.005198262343357,ILF
68,Mode100,9.20943502862247,0.008,0.0051829427489897,ILF
69,Mode6,8.95247482784344,0.011,0.0050574070516151,ILF
70,Mode92,2.38145521799071,0.146,0.005001944965977,ILF
71,Mode139,3.84812306329627,0.05,0.0049719164975547,ILF
72,Mode109,8.6173357967324,0.011,0.0048579602245527,ILF
73,Mode148,8.50979624186835,0.014,0.0047936464307151,ILF
74,Mode142,8.46484276399172,0.014,0.0047913439811891,ILF
75,Mode88,2.07927435210837,0.154,0.0047664508746183,ILF
76,Mode103,3.43946580654311,0.076,0.0046867775357282,ILF
77,Mode183,2.53962594074414,0.112,0.0045385270313492,ILF
78,Mode180,1.41608086410081,0.37,0.0043336957055716,ILF
79,Mode166,3.31529130506448,0.088,0.0042559767509496,ILF
80,Mode176,7.51555415247732,0.02,0.004237498162684,ILF
81,Mode118,7.47374788527125,0.02,0.0042161582928607,ILF
82,Mode30,7.44822793779269,0.02,0.0042006849490621,ILF
83,Mode25,7.32770802004567,0.022,0.0041430481743665,ILF
84,Mode189,2.24978950086283,0.159,0.0040874247761152,ILF
85,Mode84,2.27764067164436,0.218,0.0040826868676437,ILF
86,Mode60,4.42980501890981,0.086,0.0040320429260965,ILF
87,Mode15,5.26460970572477,0.057,0.0040178107726566,ILF
88,Mode149,1.5427169400344,0.285,0.0039386599573226,ILF
89,Mode65,6.83162024279897,0.028,0.0038719966516588,ILF
90,Mode128,2.54238494421249,0.161,0.0038247196758296,ILF
91,Mode85,2.17764845116477,0.186,0.0038152579432794,ILF
92,Mode47,6.03537386091685,0.042,0.0034166159397026,ILF
93,Mode172,5.36935341628219,0.053,0.0033278117274936,ILF
94,Mode138,2.28751436304019,0.188,0.0032342371702431,ILF
95,Mode104,5.72118953058716,0.049,0.0032285809691793,ILF
96,Mode137,5.71306843270264,0.049,0.0032264751667652,ILF
97,Mode184,5.63458997029606,0.05,0.0031808784397657,ILF
98,Mode102,1.68541582304663,0.274,0.003078151473539,ILF
99,Mode185,5.4313957344641,0.053,0.0030674055303413,ILF
100,Mode160,2.07725397768315,0.229,0.0029435221806038,ILF
101,Mode22,1.9356622857674,0.186,0.0029226032953986,ILF
102,Mode108,1.59007418024111,0.288,0.0027836050787533,ILF
103,Mode145,4.91987660011604,0.067,0.0027826287213563,ILF
104,Mode31,1.37110150599118,0.303,0.0027572018743088,ILF
105,Mode70,1.50377112127875,0.348,0.0025762611814192,ILF
106,Mode195,4.55526570678793,0.08,0.0025717736841247,ILF
107,Mode36,4.2507963601262,0.09,0.0024082048001659,ILF
108,Mode77,4.23514011884973,0.09,0.0023931133221058,ILF
109,Mode120,1.65467661156204,0.226,0.0023183016825473,ILF
110,Mode177,4.07947943203286,0.098,0.0023034689521347,ILF
111,Mode126,4.03170114017236,0.1,0.0022778884423176,ILF
112,Mode114,2.61003222397533,0.235,0.0022552773538518,ILF
113,Mode119,3.87765308736994,0.107,0.0021917163546236,ILF
114,Mode69,3.66804080715725,0.119,0.0020733995398024,ILF
115,Mode165,1.36998693116953,0.274,0.0020263143718298,ILF
116,Mode194,1.14516679188037,0.326,0.0019378763252678,ILF
117,Mode196,3.02592607424906,0.164,0.0019118657030131,ILF
118,Mode161,0.915387654922371,0.46,0.0019095770818423,ILF
119,Mode187,3.30199521009217,0.143,0.0018653909704075,ILF
120,Mode121,3.15292277900813,0.148,0.0017945570228565,ILF
121,Mode179,3.17201185368409,0.148,0.0017943108108153,ILF
122,Mode181,3.03135159406213,0.158,0.0017116604751555,ILF
123,Mode29,0.993444367649518,0.461,0.0017113362223781,ILF
124,Mode98,1.04584241791383,0.526,0.0016921352943222,ILF
125,Mode116,2.95028336817802,0.161,0.001668192757606,ILF
126,Mode9,0.947377305392496,0.498,0.0015562430946487,ILF
127,Mode191,1.22654366494901,0.461,0.0015154802557119,ILF
128,Mode124,2.6722238328884,0.186,0.0015102801748907,ILF
129,Mode50,0.902726274358591,0.502,0.001487116635819,ILF
130,Mode58,2.60687911204131,0.188,0.0014728718713438,ILF
131,Mode151,2.44047979563467,0.206,0.001381244947324,ILF
132,Mode132,2.40374902326444,0.209,0.0013593139283607,ILF
133,Mode125,2.39625066289764,0.209,0.0013544565732973,ILF
134,Mode154,0.658526645904953,0.573,0.0012975977095214,ILF
135,Mode146,0.605309406211654,0.512,0.0012865850240242,ILF
136,Mode122,2.16514258824357,0.227,0.0012807797214317,ILF
137,Mode178,2.23722289027827,0.226,0.0012644775102587,ILF
138,Mode13,2.14412209802841,0.233,0.0012123170951953,ILF
139,Mode175,0.677549172436609,0.461,0.0011995470005271,ILF
140,Mode159,0.707629829203759,0.46,0.001185853622039,ILF
141,Mode155,2.08382091999979,0.238,0.0011851783613098,ILF
142,Mode72,2.06775652681084,0.239,0.0011756776312476,ILF
143,Mode87,1.83533201694381,0.274,0.0010394613898917,ILF
144,Mode136,1.67347053213678,0.298,0.0009495723214724,ILF
145,Mode7,0.368543287359875,0.693,0.0009076866536257,ILF
146,Mode80,1.58306561171393,0.312,0.000897155708383,ILF
147,Mode174,1.57038207341953,0.312,0.0008876163434271,ILF
148,Mode56,1.48573194016652,0.326,0.0008406249270915,ILF
149,Mode147,1.45148835589655,0.333,0.0008225260328108,ILF
150,Mode82,1.41731391247032,0.337,0.0008023800927241,ILF
151,Mode20,0.284019798602066,0.693,0.0007966688629918,ILF
152,Mode169,0.263596959778072,0.762,0.0007077859776998,ILF
153,Mode44,1.22654845568261,0.377,0.0007040335251977,ILF
154,Mode45,1.2181203951405,0.378,0.0006913789316601,ILF
155,Mode89,1.1503192672623,0.393,0.0006591036846241,ILF
156,Mode107,1.15658046971196,0.392,0.0006541275655777,ILF
157,Mode101,1.14704960974866,0.392,0.0006486879960375,ILF
158,Mode106,0.186427333920961,0.778,0.000623932173425,ILF
159,Mode94,0.503928739937775,0.752,0.0006198806428515,ILF
160,Mode75,0.515585980778921,0.751,0.000605980896488,ILF
161,Mode115,1.06845561774937,0.41,0.0006042632704979,ILF
162,Mode52,1.06094630356802,0.41,0.0006008046774304,ILF
163,Mode14,0.575427179977378,0.693,0.0005223419674999,ILF
164,Mode131,0.912803177457836,0.456,0.0005170330365102,ILF
165,Mode18,0.885100809889225,0.46,0.0005005849702044,ILF
166,Mode117,0.875965115393381,0.46,0.0004977244880235,ILF
167,Mode112,0.857498276816697,0.461,0.0004853602214272,ILF
168,Mode158,0.826304292308017,0.473,0.0004838993614536,ILF
169,Mode23,0.754216473170625,0.485,0.0004272904721981,ILF
170,Mode28,0.740472889063813,0.487,0.0004212383128623,ILF
171,Mode171,0.69476952570843,0.501,0.0003929078343065,ILF
172,Mode51,0.682550681790335,0.501,0.0003903764515819,ILF
173,Mode83,0.521862437330354,0.563,0.0002956289945395,ILF
174,Mode37,0.428330337706752,0.608,0.0002455325830186,ILF
175,Mode54,0.419632586225347,0.609,0.000238462508735,ILF
176,Mode91,0.404328277899962,0.615,0.0002289413752905,ILF
177,Mode40,0.375120333765521,0.626,0.0002131890509816,ILF
178,Mode186,0.374078707432981,0.626,0.000211732998835,ILF
179,Mode90,0.0271633741823049,0.926,0.0002019819581048,ILF
180,Mode135,0.348002387939223,0.638,0.0001969111680511,ILF
181,Mode156,0.25432417288025,0.716,0.000165187762448,ILF
182,Mode150,0.253287006693526,0.693,0.0001439416180568,ILF
183,Mode111,0.244547330127323,0.694,0.0001406912687151,ILF
184,Mode164,0.221813430921793,0.709,0.0001256114288956,ILF
185,Mode42,0.158017624465766,0.753,9.1090225187474e-05,ILF
186,Mode193,0.14677678609415,0.759,8.31644899817169e-05,ILF
187,Mode199,0.117182935866513,0.778,6.65392067813857e-05,ILF
188,Mode93,0.115655350095259,0.778,6.61846629200964e-05,ILF
189,Mode97,0.113286372732289,0.778,6.48725020119167e-05,ILF
190,Mode170,0.0977555218513169,0.788,5.60357867030305e-05,ILF
191,Mode140,0.0977863435832186,0.788,5.53743657163445e-05,ILF
192,Mode110,0.0584788334594907,0.84,3.31596785498884e-05,ILF
193,Mode173,0.0523435409977747,0.848,3.01668232491694e-05,ILF
194,Mode26,0.0372640674217539,0.873,2.17834614563059e-05,ILF
195,Mode34,0.0117647266314326,0.931,6.80511284182107e-06,ILF
196,Mode144,0.004855772475016,0.958,2.87890021206683e-06,ILF
197,Mode11,0.0008515446568838,0.99,1.4870834517848e-06,ILF
198,Mode134,0.0021786440422528,0.976,1.44289399417515e-06,ILF
0,Mode33,28.3079030396526,0.0,0.0454860896921734,OR
1,Mode149,81.0110207350762,0.0,0.0439112677361736,OR
2,Mode178,36.8823697522504,0.0,0.0424559577876938,OR
3,Mode139,22.1282335061732,0.0,0.0364822712798424,OR
4,Mode108,20.2545286633916,0.0,0.0347525970924891,OR
5,Mode128,18.7291171182453,0.0,0.0322533237684244,OR
6,Mode164,31.8912220978254,0.0,0.0315380267127636,OR
7,Mode67,17.2518057281814,0.0,0.0279840106541781,OR
8,Mode123,50.4552788509486,0.0,0.0277516084685451,OR
9,Mode115,21.2633702075202,0.0,0.0276084263650987,OR
10,Mode161,15.9896452098277,0.0,0.0274792142792726,OR
11,Mode167,27.2541639496308,0.0,0.0268838534005449,OR
12,Mode97,16.1417872960548,0.0,0.0260020737307691,OR
13,Mode198,14.8689086868752,0.0,0.0243182439932787,OR
14,Mode26,27.7669327863845,0.0,0.0223495420813296,OR
15,Mode111,12.6830781396175,0.0,0.0223151370752134,OR
16,Mode153,38.6842125443942,0.0,0.0214145729145141,OR
17,Mode72,37.7195265787055,0.0,0.0208956994584864,OR
18,Mode12,36.8328131445799,0.0,0.020426819049236,OR
19,Mode27,18.399163510282,0.0,0.0200209183470105,OR
20,Mode11,26.6415055163678,0.0,0.0197937959225892,OR
21,Mode158,19.8223032857831,0.0,0.0192085756815745,OR
22,Mode177,12.4463753473477,0.0,0.018895173395921,OR
23,Mode166,16.2175006314598,0.0,0.0185149235388123,OR
24,Mode81,11.0733977165158,0.0,0.018291672988561,OR
25,Mode89,7.76165560560382,0.0,0.0182437434884153,OR
26,Mode14,32.0319517474949,0.0,0.0179248193484286,OR
27,Mode193,13.3412129346836,0.0,0.0174428956723024,OR
28,Mode78,31.3427307009731,0.0,0.0174235569593211,OR
29,Mode169,14.173993951975,0.0,0.0169413802389202,OR
30,Mode88,29.9044845194209,0.0,0.0166410076842712,OR
31,Mode143,13.9883415149562,0.0,0.0165524454735808,OR
32,Mode170,9.65106460316266,0.0,0.0163621374989621,OR
33,Mode95,28.4353041527409,0.0,0.0158432836390177,OR
34,Mode188,10.1608257847689,0.0,0.0158211765930349,OR
35,Mode196,15.686631143966,0.0,0.0156054226178468,OR
36,Mode2,8.22421944574504,0.0,0.015363337197152,OR
37,Mode144,27.1566023299492,0.0,0.0151617975890652,OR
38,Mode54,12.7180881447171,0.0,0.0151076015576917,OR
39,Mode150,26.8813769756107,0.0,0.0149988335254992,OR
40,Mode31,9.63709921252746,0.0,0.0142478866954302,OR
41,Mode20,13.0236974569441,0.0,0.0140955474332123,OR
42,Mode156,16.6401532963029,0.0,0.0136657554383362,OR
43,Mode74,23.9361973286656,0.0,0.0133585604824089,OR
44,Mode118,23.8686847517776,0.0,0.0133486270440154,OR
45,Mode152,23.1288878312995,0.0,0.0131081924465312,OR
46,Mode141,10.9451576797685,0.0,0.0130266319218964,OR
47,Mode124,7.93038068784203,0.0,0.0124870439773832,OR
48,Mode176,14.23457209902,0.0,0.0123223023875329,OR
49,Mode105,9.22117446146579,0.0,0.0123171288698741,OR
50,Mode53,22.016449012732,0.0,0.0123064087859066,OR
51,Mode121,20.9874555417502,0.0,0.0117968966360396,OR
52,Mode38,5.14269529398622,0.003,0.0111026056135757,OR
53,Mode140,6.56268412074307,0.003,0.0106780013676806,OR
54,Mode130,5.34264779279803,0.003,0.0105454662561207,OR
55,Mode4,6.352753311095,0.003,0.0104489552960777,OR
56,Mode112,5.41382004345165,0.003,0.0098796045301531,OR
57,Mode40,5.8907135608625,0.003,0.0097603809196334,OR
58,Mode43,7.17878034675082,0.003,0.0097023274156977,OR
59,Mode16,16.6824089993588,0.0,0.0093672635304406,OR
60,Mode159,16.5990615453484,0.0,0.0093159105645144,OR
61,Mode25,8.16198309674975,0.003,0.0092764615879363,OR
62,Mode103,5.9780732881573,0.003,0.009011102403754,OR
63,Mode13,6.05922705766351,0.006,0.0086797183802555,OR
64,Mode148,5.5533469501907,0.006,0.0083139573357889,OR
65,Mode147,13.9379569969097,0.0,0.0078260921922128,OR
66,Mode131,13.3502319888945,0.0,0.0075439344516262,OR
67,Mode8,12.6774454804594,0.0,0.0071493631621175,OR
68,Mode162,4.15734917871848,0.024,0.0070809654059665,OR
69,Mode183,4.99106203974886,0.013,0.0068943758975675,OR
70,Mode48,3.31138122382569,0.035,0.0067598195609187,OR
71,Mode64,5.77161937371528,0.01,0.0067157321897485,OR
72,Mode125,11.8766561134405,0.003,0.0066824849753242,OR
73,Mode75,5.08832132718023,0.013,0.0066073674182959,OR
74,Mode5,4.38979320774233,0.019,0.0065917306216754,OR
75,Mode59,3.87587511325391,0.031,0.0065756974202209,OR
76,Mode1,11.4591427527168,0.003,0.0064690076536833,OR
77,Mode22,11.1377728613599,0.003,0.0062648769082528,OR
78,Mode63,11.0793383174214,0.003,0.0062284923794277,OR
79,Mode70,4.56209756940998,0.026,0.006099780532788,OR
80,Mode77,3.36545882654875,0.043,0.0060346702152178,OR
81,Mode100,3.91365326699549,0.036,0.0056703854626846,OR
82,Mode132,3.28999785468814,0.048,0.0055149175219881,OR
83,Mode91,2.84479298884135,0.084,0.0052127080421041,OR
84,Mode71,8.98552180478801,0.008,0.0050603713957537,OR
85,Mode35,8.93840952798254,0.008,0.0050344665098705,OR
86,Mode174,3.01394998976321,0.074,0.004984951632127,OR
87,Mode21,8.74287377723502,0.008,0.0049255936897118,OR
88,Mode3,3.1879134633884,0.066,0.0048099558847348,OR
89,Mode187,2.95104345599821,0.073,0.0047713566794362,OR
90,Mode114,3.04993249857214,0.083,0.0046853171716551,OR
91,Mode146,4.14263798070987,0.036,0.0045625975316353,OR
92,Mode138,8.02097265968833,0.013,0.0045174869397904,OR
93,Mode69,2.32190926279928,0.139,0.0043407109919425,OR
94,Mode160,5.18506819813757,0.048,0.0042814207218356,OR
95,Mode9,7.49727279304037,0.015,0.00422479723908,OR
96,Mode58,2.77973771843413,0.092,0.0042222311314002,OR
97,Mode190,2.74332414824192,0.1,0.0042032813421799,OR
98,Mode80,2.3818978826823,0.109,0.0041743904955156,OR
99,Mode18,2.53842865613305,0.135,0.0041374127246672,OR
100,Mode102,7.03405898328744,0.019,0.0039645744334784,OR
101,Mode192,6.98092129767698,0.019,0.0039353207956424,OR
102,Mode129,2.50740864686551,0.131,0.0035693047552257,OR
103,Mode157,2.53840318731569,0.129,0.0035573547501531,OR
104,Mode154,2.51202586784124,0.123,0.0035331302278172,OR
105,Mode85,6.22620103865121,0.029,0.0035114112404188,OR
106,Mode107,1.93267709388827,0.167,0.0034947044975597,OR
107,Mode93,6.16666541058821,0.029,0.0034765414071662,OR
108,Mode104,6.11613515211186,0.029,0.0034505134036105,OR
109,Mode36,3.61728377718607,0.109,0.0033580749052968,OR
110,Mode189,5.85763622619707,0.035,0.0033071128220963,OR
111,Mode155,1.78115159055952,0.237,0.0032523670791178,OR
112,Mode194,5.70455815495627,0.036,0.0032176794147855,OR
113,Mode41,5.57201004224651,0.038,0.0031481037616096,OR
114,Mode6,1.76996282310741,0.234,0.0030582955214771,OR
115,Mode46,5.38002223339205,0.041,0.0030425645861796,OR
116,Mode19,1.42420073986195,0.291,0.0029995346006294,OR
117,Mode62,1.9290249979028,0.198,0.0029839646064778,OR
118,Mode120,5.28250641904184,0.045,0.0029804485483365,OR
119,Mode56,2.90724790916768,0.16,0.002892762464738,OR
120,Mode195,2.08217875383371,0.185,0.0028439152205986,OR
121,Mode165,1.91115269314479,0.209,0.0027766835864093,OR
122,Mode23,1.68824597129834,0.237,0.0026259281852017,OR
123,Mode142,1.63946399629482,0.199,0.0025870970559957,OR
124,Mode116,4.55310510043444,0.065,0.0025749009267147,OR
125,Mode83,1.56506262348854,0.293,0.0025166401832151,OR
126,Mode101,4.41495537892431,0.069,0.0024916432856809,OR
127,Mode134,1.34870216836749,0.295,0.0024807180079914,OR
128,Mode28,4.39392471500042,0.069,0.0024794895883523,OR
129,Mode94,1.24114860670505,0.307,0.0024792050073843,OR
130,Mode52,3.54755530427582,0.109,0.0024562559569851,OR
131,Mode15,4.31839540065114,0.072,0.0024383213053348,OR
132,Mode30,1.36010521276174,0.297,0.0024218082335444,OR
133,Mode24,2.24588604375412,0.136,0.0023868431368237,OR
134,Mode145,1.49980602089612,0.237,0.0023851315492323,OR
135,Mode106,1.49883959215688,0.344,0.0023798017713044,OR
136,Mode199,3.7827971456678,0.092,0.0021406069311414,OR
137,Mode82,3.77042909820095,0.092,0.0021290656178875,OR
138,Mode117,1.3815468014592,0.319,0.0020518082373883,OR
139,Mode37,3.62680577288317,0.1,0.0020476276643633,OR
140,Mode109,3.58190858691779,0.1,0.0020254792541866,OR
141,Mode122,3.43188546781738,0.109,0.0019381963946826,OR
142,Mode87,1.30334405930122,0.248,0.0019351594108541,OR
143,Mode163,1.26255484899845,0.354,0.001927008873469,OR
144,Mode180,3.28331113726539,0.116,0.0018575022358035,OR
145,Mode65,1.70874110037075,0.202,0.0018350789320979,OR
146,Mode50,1.60084617534886,0.213,0.0017755971685053,OR
147,Mode133,1.12239822447354,0.356,0.0017579757722632,OR
148,Mode126,1.15362822759952,0.375,0.0017467794895334,OR
149,Mode42,3.0064089641315,0.133,0.0016982675573973,OR
150,Mode39,1.00593363539746,0.446,0.0016142668284927,OR
151,Mode32,2.67563142798456,0.159,0.0015142317762462,OR
152,Mode57,2.0750014014165,0.247,0.0014824272033512,OR
153,Mode186,1.54290796578374,0.38,0.001443587124777,OR
154,Mode73,0.749909158639869,0.504,0.0014342696096205,OR
155,Mode191,0.830378656146478,0.5,0.0013950571416771,OR
156,Mode68,2.44996783249764,0.179,0.001386250974995,OR
157,Mode76,0.801867278758882,0.517,0.0013222504565958,OR
158,Mode175,2.29178537014063,0.195,0.0012951711362798,OR
159,Mode137,0.631311298956978,0.45,0.0012818593919908,OR
160,Mode98,0.872215736560273,0.528,0.0012745066983468,OR
161,Mode49,2.19324346379432,0.202,0.0012404840355185,OR
162,Mode181,2.1375228746553,0.208,0.0012084397714334,OR
163,Mode79,0.585165743299063,0.608,0.0010945073118921,OR
164,Mode7,1.85493244533665,0.237,0.0010492539303021,OR
165,Mode127,1.84836658781616,0.237,0.0010449559355333,OR
166,Mode136,1.77929019644494,0.246,0.0010070094691341,OR
167,Mode172,0.393807211934926,0.582,0.0009641152436424,OR
168,Mode99,0.434827053900871,0.686,0.0008458048303508,OR
169,Mode66,1.48041632017679,0.293,0.0008378409591578,OR
170,Mode51,1.41426978595315,0.302,0.0007996884768566,OR
171,Mode86,1.36817447424828,0.307,0.0007737252603417,OR
172,Mode92,1.29439668493744,0.319,0.0007318517400455,OR
173,Mode168,1.26579920372275,0.325,0.0007179802270861,OR
174,Mode185,1.23175523509576,0.33,0.0006975751813972,OR
175,Mode182,1.12349033137462,0.347,0.000675523727476,OR
176,Mode113,1.1046536733607,0.355,0.0006257837082292,OR
177,Mode47,0.587604865671819,0.686,0.0006024964276724,OR
178,Mode44,0.587480432970953,0.476,0.0005923764319289,OR
179,Mode173,0.111909926520707,0.824,0.0004663618559115,OR
180,Mode119,0.811807994220761,0.433,0.0004598069107896,OR
181,Mode61,0.774051716174605,0.444,0.0004378935604208,OR
182,Mode135,0.0625550200598004,0.863,0.0003337231840475,OR
183,Mode90,0.455468107781697,0.559,0.0002576350443987,OR
184,Mode197,0.435561427691403,0.566,0.0002487102034815,OR
185,Mode29,0.32711865609318,0.62,0.0001854027344991,OR
186,Mode10,0.256619913937175,0.666,0.0001529630009579,OR
187,Mode151,0.239537340713923,0.676,0.0001355987988642,OR
188,Mode55,0.213680863609625,0.686,0.0001212745051283,OR
189,Mode184,0.188983961924728,0.703,0.0001070163915186,OR
190,Mode45,0.166695509885876,0.719,9.43460932977184e-05,OR
191,Mode96,0.15834737861628,0.725,8.99304512267041e-05,OR
192,Mode110,0.118986289045946,0.762,6.9014983085616e-05,OR
193,Mode34,0.119566290742607,0.761,6.76350643999113e-05,OR
194,Mode171,0.105039304190339,0.769,5.9627597650306e-05,OR
195,Mode17,0.0628228083072455,0.823,3.5575870732083e-05,OR
196,Mode60,0.0183083769780156,0.902,1.04856095707802e-05,OR
197,Mode84,0.0113372340280811,0.92,6.41405726162788e-06,OR
198,Mode179,0.0006014976313196,0.991,8.13762834372148e-07,OR
0,Mode40,140.077029043506,0.0,0.0763712703963001,POPT
1,Mode30,38.5276681915229,0.0,0.0640983714292836,POPT
2,Mode2,29.6766270876366,0.0,0.0496405798524311,POPT
3,Mode133,25.9027804662648,0.0,0.0461816255016311,POPT
4,Mode49,84.2125835835286,0.0,0.0455763368705934,POPT
5,Mode44,31.3409493966815,0.0,0.0394521520819961,POPT
6,Mode15,23.7795981550943,0.0,0.0385285532083586,POPT
7,Mode57,36.32798977883,0.0,0.0360347460959756,POPT
8,Mode85,32.1716853571745,0.0,0.03462535866543,POPT
9,Mode64,62.2107078692114,0.0,0.0340128483588752,POPT
10,Mode20,25.1404973951085,0.0,0.0328345565661671,POPT
11,Mode8,16.0074904917323,0.0,0.0293324385657553,POPT
12,Mode77,17.0450083981267,0.0,0.0281717596565405,POPT
13,Mode35,50.0684481843231,0.0,0.0275425136132459,POPT
14,Mode46,20.5388416568157,0.0,0.0265460218808648,POPT
15,Mode27,46.897971688415,0.0,0.0258534921919043,POPT
16,Mode6,21.1753695681951,0.0,0.0243970283099533,POPT
17,Mode29,18.5263110555269,0.0,0.0239017902817963,POPT
18,Mode1,30.6070369127264,0.0,0.0238000151608426,POPT
19,Mode70,14.6713251210803,0.0,0.0228437798292715,POPT
20,Mode36,36.4848305954895,0.0,0.0227318927422294,POPT
21,Mode5,16.1047791323132,0.0,0.0225724684687906,POPT
22,Mode65,14.6137842351124,0.0,0.022197613678685,POPT
23,Mode71,15.4685225803865,0.0,0.0219880869442169,POPT
24,Mode31,37.140077669864,0.0,0.0205833239576696,POPT
25,Mode23,13.3498236361211,0.0,0.0200736835670291,POPT
26,Mode118,32.595816127469,0.0,0.0199328635024242,POPT
27,Mode79,35.4071370704415,0.0,0.0196545737613697,POPT
28,Mode56,16.8324658126798,0.0,0.0195361274113622,POPT
29,Mode143,11.5142493112954,0.0,0.0191772893074275,POPT
30,Mode107,9.55977964928384,0.0,0.0187771931403381,POPT
31,Mode90,12.1259393465792,0.0,0.0178956810329364,POPT
32,Mode48,8.73348434072204,0.0,0.0177773495384038,POPT
33,Mode16,31.799327076977,0.0,0.0176782045534291,POPT
34,Mode93,10.1882355262678,0.0,0.0164271374778136,POPT
35,Mode41,6.57861542536681,0.0,0.0162786641309166,POPT
36,Mode21,26.6913386551996,0.0,0.0148736560370634,POPT
37,Mode117,4.39064440390235,0.0,0.01466648740531,POPT
38,Mode150,9.65816519349539,0.0,0.0144467670729593,POPT
39,Mode120,4.42299686253344,0.003,0.0138673965278448,POPT
40,Mode69,10.7388553493208,0.0,0.0132337862335149,POPT
41,Mode72,23.2824082485066,0.0,0.0130045866516981,POPT
42,Mode187,8.0893315915064,0.0,0.0126700808208631,POPT
43,Mode81,8.84319216520948,0.0,0.0124860661540237,POPT
44,Mode168,7.88375953361756,0.0,0.0121429819547389,POPT
45,Mode26,7.21048517105121,0.0,0.0119660709132309,POPT
46,Mode114,9.89141525816408,0.0,0.0117439623254831,POPT
47,Mode126,20.6835927750183,0.0,0.0115683060009601,POPT
48,Mode134,20.124883272987,0.0,0.0112736421814509,POPT
49,Mode176,6.41256145342012,0.0,0.0109829548968783,POPT
50,Mode76,19.2642839891488,0.0,0.0107970172957568,POPT
51,Mode7,19.1442546760891,0.0,0.0107286112271138,POPT
52,Mode158,6.53471662972019,0.0,0.0106846149113362,POPT
53,Mode136,17.2791756240737,0.0,0.0096837795776804,POPT
54,Mode43,16.3742766302228,0.0,0.0091904317057262,POPT
55,Mode17,4.87308022066378,0.008,0.0087401019853468,POPT
56,Mode68,4.394557959143,0.01,0.0086433504234011,POPT
57,Mode83,3.43714614750879,0.025,0.0085840985368676,POPT
58,Mode106,14.8903025777705,0.0,0.0083948962880122,POPT
59,Mode86,14.7026074262189,0.0,0.0082570337967915,POPT
60,Mode25,4.09975617317862,0.015,0.0080911492471662,POPT
61,Mode94,2.30229668326555,0.079,0.007935414922525,POPT
62,Mode91,13.9373322677091,0.0,0.0078301264458798,POPT
63,Mode196,5.16216987096056,0.01,0.0077137009253373,POPT
64,Mode145,5.81601417917714,0.006,0.0074004689251497,POPT
65,Mode55,5.02807734537941,0.015,0.0072464882716712,POPT
66,Mode111,3.33725731300294,0.032,0.0072357614728669,POPT
67,Mode163,12.7353367943017,0.0,0.007188173421906,POPT
68,Mode113,12.7782442080316,0.0,0.0071880510247048,POPT
69,Mode42,2.09332162503923,0.105,0.0071537871894367,POPT
70,Mode22,6.57859156553187,0.006,0.0070458748166657,POPT
71,Mode193,9.62105978965004,0.003,0.006968844005415,POPT
72,Mode185,11.9255346118588,0.003,0.0067034525893202,POPT
73,Mode96,5.69906853285984,0.01,0.0065022915311671,POPT
74,Mode178,11.1464108648856,0.003,0.0062764981156086,POPT
75,Mode18,3.75432496850432,0.032,0.0062552009830886,POPT
76,Mode140,1.91422555678304,0.16,0.0061998119894045,POPT
77,Mode124,10.9513023365832,0.003,0.0061717194972574,POPT
78,Mode152,6.96787383927819,0.015,0.0061627780049887,POPT
79,Mode181,10.7498208975067,0.003,0.0060707090546701,POPT
80,Mode182,10.3520086094639,0.003,0.0058269630581813,POPT
81,Mode162,10.2815416555913,0.003,0.0057872924843802,POPT
82,Mode198,10.1433426075494,0.003,0.0057498244463697,POPT
83,Mode87,3.84977663985328,0.048,0.0056575338955203,POPT
84,Mode165,2.67181485257536,0.08,0.0055601296257178,POPT
85,Mode92,3.54873954244169,0.061,0.0054747296375323,POPT
86,Mode11,9.61846339047879,0.006,0.0054171452279008,POPT
87,Mode37,3.00318790211468,0.081,0.0052597063706345,POPT
88,Mode151,9.21217892356218,0.006,0.0051857782451483,POPT
89,Mode123,5.29214243983434,0.036,0.0050565133699473,POPT
90,Mode153,3.49099531551011,0.063,0.0049749627248848,POPT
91,Mode34,2.83259294514257,0.08,0.0047608143232447,POPT
92,Mode190,5.38990573999776,0.023,0.004727902958095,POPT
93,Mode74,3.17283391049035,0.071,0.0046750130639131,POPT
94,Mode191,8.24401559304115,0.01,0.0046431733808563,POPT
95,Mode167,8.21578951954071,0.01,0.0046354122635658,POPT
96,Mode103,3.35673730403541,0.053,0.0045605392640296,POPT
97,Mode84,8.03383109224749,0.013,0.0045298169844416,POPT
98,Mode130,2.29237028517196,0.126,0.0044828252843249,POPT
99,Mode112,3.05144912745428,0.08,0.0043706585805819,POPT
100,Mode169,2.88090122330817,0.103,0.0043353651682874,POPT
101,Mode127,4.70570490026561,0.032,0.0042803633920044,POPT
102,Mode138,7.40495331613095,0.017,0.0041732757556091,POPT
103,Mode129,2.89017176383427,0.081,0.0041301877968944,POPT
104,Mode101,3.73731715139424,0.049,0.0040258244214128,POPT
105,Mode180,7.04865154650472,0.019,0.0039740616238473,POPT
106,Mode194,2.05453323164572,0.199,0.0039547169589918,POPT
107,Mode109,1.6058546729103,0.23,0.0039386546523135,POPT
108,Mode73,2.8017583238962,0.081,0.0039184720715118,POPT
109,Mode80,6.95015967771691,0.019,0.0039174575510317,POPT
110,Mode19,2.67304373380726,0.112,0.0038676551664512,POPT
111,Mode164,2.11697923255889,0.161,0.0037678846531427,POPT
112,Mode66,6.52494682386194,0.025,0.0036783092025307,POPT
113,Mode104,2.46333025679206,0.149,0.0036494358664429,POPT
114,Mode132,6.21861422982059,0.029,0.0035074038215316,POPT
115,Mode60,2.00787963213504,0.212,0.0033024470198912,POPT
116,Mode144,5.78168179553806,0.034,0.0032651613150364,POPT
117,Mode47,3.64906337125929,0.063,0.0032335362825223,POPT
118,Mode102,5.40307373489734,0.042,0.0030525807568214,POPT
119,Mode160,4.65470508792587,0.062,0.0030146335725173,POPT
120,Mode175,1.48355245179697,0.273,0.0028716050676226,POPT
121,Mode50,1.66370064240321,0.301,0.00268990978762,POPT
122,Mode3,1.39557996138368,0.285,0.0026564760094871,POPT
123,Mode99,4.67538338314238,0.061,0.002639068082151,POPT
124,Mode14,4.63991633576157,0.061,0.00262070315811,POPT
125,Mode67,4.54318084450712,0.063,0.0025648936968472,POPT
126,Mode58,1.70510888791988,0.188,0.0025148267297818,POPT
127,Mode110,1.77529833435919,0.248,0.0024822258995251,POPT
128,Mode188,4.37857738699739,0.069,0.0024719372428358,POPT
129,Mode135,1.93263092966567,0.251,0.0023792617632852,POPT
130,Mode155,4.15804537586573,0.077,0.0023495353552518,POPT
131,Mode172,1.80153453662127,0.188,0.0020153142120762,POPT
132,Mode147,1.23127797090849,0.385,0.0019774895339528,POPT
133,Mode192,3.40606731448526,0.11,0.0019289413116,POPT
134,Mode179,3.31643509532008,0.114,0.0018758650937183,POPT
135,Mode75,2.29033491517767,0.16,0.00184997338295,POPT
136,Mode121,1.12965123674227,0.443,0.0018429844195674,POPT
137,Mode95,3.25717325607781,0.117,0.0018402646738667,POPT
138,Mode28,0.743106170748979,0.517,0.0018376352906299,POPT
139,Mode33,1.42812998251573,0.377,0.0018069216961396,POPT
140,Mode137,2.98361060038778,0.136,0.0016880779075075,POPT
141,Mode125,0.87611426105075,0.404,0.0016441962741463,POPT
142,Mode183,0.993025985088316,0.336,0.0015567157572845,POPT
143,Mode38,0.867625542987262,0.536,0.0014922352021107,POPT
144,Mode128,2.41236766721532,0.187,0.0013649572927141,POPT
145,Mode171,2.37205680489683,0.188,0.0013403712263062,POPT
146,Mode52,2.34243204777919,0.19,0.0013256115480047,POPT
147,Mode161,2.30173164623464,0.193,0.0013040950517923,POPT
148,Mode156,0.64808201951262,0.551,0.0012908075280966,POPT
149,Mode189,1.83341284005806,0.279,0.001233090899215,POPT
150,Mode149,2.11534015671438,0.214,0.0011969190789979,POPT
151,Mode53,0.617130852898643,0.611,0.0011954063665536,POPT
152,Mode197,0.683465633320696,0.609,0.0011884402650456,POPT
153,Mode105,1.91289812942313,0.241,0.001080946024956,POPT
154,Mode89,1.28558776100759,0.443,0.0010342402128813,POPT
155,Mode148,1.82720294402836,0.251,0.0010338403349923,POPT
156,Mode170,1.63550678682299,0.279,0.0009271320007825,POPT
157,Mode12,1.59688917077685,0.284,0.0009028448113937,POPT
158,Mode139,1.55540581176889,0.288,0.000879260312465,POPT
159,Mode166,0.390494937669965,0.72,0.000874425796519,POPT
160,Mode174,1.51382286436824,0.293,0.0008605372986199,POPT
161,Mode59,0.302708775219747,0.762,0.0007708034211455,POPT
162,Mode39,0.837585326716965,0.611,0.0007633756515376,POPT
163,Mode61,1.2696534929089,0.343,0.0007176624951469,POPT
164,Mode184,1.15182452872768,0.372,0.0006541840845568,POPT
165,Mode157,0.555451684261143,0.751,0.0006453621997126,POPT
166,Mode24,0.368984696660747,0.793,0.0005901068864506,POPT
167,Mode45,0.866375828782033,0.443,0.0004955098822997,POPT
168,Mode177,0.138692803028446,0.88,0.0004503754100488,POPT
169,Mode82,0.754276519950559,0.482,0.0004282510112816,POPT
170,Mode88,0.095289530682593,0.843,0.0004275875793285,POPT
171,Mode13,0.710606259101098,0.496,0.0004037662046947,POPT
172,Mode4,0.526484081236601,0.568,0.000298059208147,POPT
173,Mode159,0.265415237648952,0.799,0.0002508669243928,POPT
174,Mode63,0.44145880563151,0.609,0.0002499921591754,POPT
175,Mode10,0.439026521690872,0.609,0.0002486926618934,POPT
176,Mode97,0.414753447528841,0.611,0.0002345650002128,POPT
177,Mode115,0.208992654486283,0.749,0.0002319505729673,POPT
178,Mode195,0.28137702672572,0.694,0.0001593842409937,POPT
179,Mode116,0.192425753357749,0.751,0.0001114455680212,POPT
180,Mode122,0.194829556474654,0.751,0.0001104197008798,POPT
181,Mode54,0.165731191136941,0.765,9.42057065789919e-05,POPT
182,Mode119,0.161671594373973,0.765,9.16716212581772e-05,POPT
183,Mode51,0.151501675234917,0.771,8.59984480435181e-05,POPT
184,Mode141,0.143297683988248,0.776,8.12158345740027e-05,POPT
185,Mode173,0.127607792438702,0.786,7.27476459391136e-05,POPT
186,Mode186,0.119619858982059,0.786,6.95596292977657e-05,POPT
187,Mode9,0.121635413772591,0.786,6.88399685825942e-05,POPT
188,Mode62,0.118123151558413,0.786,6.68702412945204e-05,POPT
189,Mode131,0.098373059659392,0.799,5.62378469808465e-05,POPT
190,Mode78,0.0597728896451111,0.846,3.39114199057865e-05,POPT
191,Mode98,0.0553297982189557,0.848,3.13174403214163e-05,POPT
192,Mode100,0.0337759915797377,0.883,1.91598413270551e-05,POPT
193,Mode154,0.0175301656009569,0.918,1.02599404420774e-05,POPT
194,Mode142,0.0149033129407114,0.921,9.78807809848094e-06,POPT
195,Mode146,0.0171303473333715,0.918,9.73546698936496e-06,POPT
196,Mode108,0.0038389026324608,0.961,2.17200817002991e-06,POPT
197,Mode32,0.0009536838547108,0.986,8.22256999355365e-07,POPT
198,Mode199,0.0002462532402723,0.996,2.17935049061626e-07,POPT
0,Mode36,60.7856500640781,0.0,0.0859816846599853,SLF_I
1,Mode4,64.9171660077074,0.0,0.0784398924782374,SLF_I
2,Mode2,44.4995200423948,0.0,0.0633322558420021,SLF_I
3,Mode40,37.0703731924973,0.0,0.0514051927630663,SLF_I
4,Mode53,93.9118699090366,0.0,0.0504470724537112,SLF_I
5,Mode43,91.6804572349981,0.0,0.0493388802103364,SLF_I
6,Mode95,11.257627567532,0.0,0.0376273254680443,SLF_I
7,Mode22,18.0128179258677,0.0,0.0373864299629577,SLF_I
8,Mode9,60.9189524039054,0.0,0.0333277581752129,SLF_I
9,Mode91,23.2970729004557,0.0,0.0317689585804786,SLF_I
10,Mode50,18.6848693763911,0.0,0.0316069859914399,SLF_I
11,Mode52,54.6868298468416,0.0,0.0300195967217128,SLF_I
12,Mode77,53.4062641770541,0.0,0.0293486289472988,SLF_I
13,Mode143,18.025870834209,0.0,0.0273315294126492,SLF_I
14,Mode45,47.0021245247374,0.0,0.0259010166388719,SLF_I
15,Mode11,45.7514220418729,0.0,0.0252322369607338,SLF_I
16,Mode24,43.8661761473456,0.0,0.0242524216734047,SLF_I
17,Mode33,42.3859398835261,0.0,0.0234174614083125,SLF_I
18,Mode31,14.7108369483518,0.0,0.0234121144461758,SLF_I
19,Mode29,42.2436746232629,0.0,0.0233375588208103,SLF_I
20,Mode62,29.2346690307306,0.0,0.0227604984378659,SLF_I
21,Mode1,40.4526567093639,0.0,0.0223822040665752,SLF_I
22,Mode18,18.3575488153953,0.0,0.0218551157708066,SLF_I
23,Mode75,11.8771796663028,0.0,0.0215602836737559,SLF_I
24,Mode54,38.2849995296371,0.0,0.0211994855011169,SLF_I
25,Mode47,18.6585769683446,0.0,0.0205011144739097,SLF_I
26,Mode120,6.32586276318025,0.0,0.0195374330562582,SLF_I
27,Mode89,34.771934650612,0.0,0.0193735861448173,SLF_I
28,Mode109,12.3344569908542,0.0,0.0190917819647386,SLF_I
29,Mode57,17.7110648068515,0.0,0.0190491794358477,SLF_I
30,Mode72,14.7444267669308,0.0,0.0186564180337327,SLF_I
31,Mode114,10.4980273658199,0.0,0.0186076137601456,SLF_I
32,Mode23,8.76448563475841,0.0,0.0179492070643358,SLF_I
33,Mode49,12.4018670620955,0.0,0.0178713727415713,SLF_I
34,Mode58,12.2016329841706,0.0,0.0178576860827355,SLF_I
35,Mode15,8.91809388216732,0.0,0.0178235099545605,SLF_I
36,Mode44,21.3132899317597,0.0,0.0174547029661666,SLF_I
37,Mode79,29.6722201047424,0.0,0.0165138832826118,SLF_I
38,Mode159,6.04656428357509,0.0,0.0161054983495819,SLF_I
39,Mode70,11.074791960574,0.0,0.0148510394698387,SLF_I
40,Mode8,26.5606502475444,0.0,0.0148217011157103,SLF_I
41,Mode17,12.028193628284,0.0,0.0144775950165431,SLF_I
42,Mode6,24.6983500242694,0.0,0.013786608555882,SLF_I
43,Mode155,24.4335967946584,0.0,0.0136494360112621,SLF_I
44,Mode20,24.2364518377608,0.0,0.0135547504561428,SLF_I
45,Mode74,16.502935439913,0.0,0.013359492337701,SLF_I
46,Mode39,6.24993818924181,0.0,0.0132845502889114,SLF_I
47,Mode13,23.6971734192648,0.0,0.0132408838327898,SLF_I
48,Mode134,8.06209046212829,0.0,0.0131837775264658,SLF_I
49,Mode192,10.2727010543058,0.0,0.0130456939364912,SLF_I
50,Mode82,6.92217786211492,0.0,0.0128189989980252,SLF_I
51,Mode131,22.8504882013542,0.0,0.0128071068001034,SLF_I
52,Mode118,22.5047605638567,0.0,0.0125917641492939,SLF_I
53,Mode30,19.6341474650529,0.0,0.0120547098940978,SLF_I
54,Mode55,6.83263418380942,0.0,0.0119919239313922,SLF_I
55,Mode48,7.36382472623622,0.0,0.0116666411425277,SLF_I
56,Mode3,8.54249165160414,0.0,0.0115705794832438,SLF_I
57,Mode141,6.45359247065465,0.0,0.0109859918977355,SLF_I
58,Mode7,6.82475093187285,0.0,0.0106471259416331,SLF_I
59,Mode176,13.2848248979699,0.0,0.010510026426937,SLF_I
60,Mode41,6.45024774611261,0.003,0.0103467494858021,SLF_I
61,Mode5,6.01380738810292,0.003,0.010299618171408,SLF_I
62,Mode34,4.82103013683987,0.005,0.0092323639280937,SLF_I
63,Mode135,16.3903265768594,0.0,0.0091975640036484,SLF_I
64,Mode21,5.46336851786919,0.005,0.0091681108666211,SLF_I
65,Mode198,2.76444208348494,0.04,0.0090109016171627,SLF_I
66,Mode121,3.94063411553179,0.017,0.0089251007420527,SLF_I
67,Mode116,15.6473844902899,0.0,0.0087815197775825,SLF_I
68,Mode46,15.5045862855352,0.0,0.0087053796732733,SLF_I
69,Mode51,15.3695973705452,0.0,0.0086198836263957,SLF_I
70,Mode14,6.07213629303878,0.003,0.0084707823291232,SLF_I
71,Mode126,14.9580300662104,0.0,0.0084032885728335,SLF_I
72,Mode191,14.9594041480221,0.0,0.0084025174102928,SLF_I
73,Mode181,4.38538038569657,0.015,0.0082032002207114,SLF_I
74,Mode59,7.21455072163351,0.003,0.0080458982190629,SLF_I
75,Mode138,8.31913218259568,0.005,0.0078117036643448,SLF_I
76,Mode26,13.1841269358253,0.0,0.0074105463520192,SLF_I
77,Mode125,3.49492394045329,0.031,0.007309980266221,SLF_I
78,Mode122,3.53093666850195,0.028,0.0072053785665485,SLF_I
79,Mode112,3.14680934897361,0.04,0.00712408134931,SLF_I
80,Mode98,5.66518880231309,0.008,0.0068811298609617,SLF_I
81,Mode132,3.21663728413632,0.04,0.0067324057083035,SLF_I
82,Mode83,3.71195210771179,0.027,0.0066855872419351,SLF_I
83,Mode199,5.05183111797173,0.012,0.0065392845353326,SLF_I
84,Mode188,3.31873586316571,0.038,0.0065370503825321,SLF_I
85,Mode174,5.88762282351602,0.015,0.0062815757137552,SLF_I
86,Mode73,3.40455288400934,0.043,0.0061552910849773,SLF_I
87,Mode35,4.63785277409878,0.021,0.0061066341221508,SLF_I
88,Mode64,1.60032588041278,0.226,0.0060311874397216,SLF_I
89,Mode81,4.16514751213807,0.031,0.0058640678499546,SLF_I
90,Mode130,2.5153528509009,0.088,0.0055384327607703,SLF_I
91,Mode28,4.05707411437189,0.033,0.0053778034258933,SLF_I
92,Mode19,3.02582756649983,0.067,0.0052096647838341,SLF_I
93,Mode173,5.49263070722588,0.03,0.0051215536850011,SLF_I
94,Mode97,8.98806926838209,0.008,0.00510744498686,SLF_I
95,Mode12,3.13837363941189,0.073,0.0050342695782265,SLF_I
96,Mode180,8.90614376866488,0.008,0.0050295980564755,SLF_I
97,Mode128,3.03983866649437,0.064,0.0049373298737525,SLF_I
98,Mode102,8.67959377718515,0.008,0.0049088267568478,SLF_I
99,Mode96,8.63888707155015,0.008,0.0048665199618707,SLF_I
100,Mode42,2.59849077936561,0.089,0.0047540194629096,SLF_I
101,Mode194,2.74409895919428,0.106,0.0047344861631917,SLF_I
102,Mode71,3.10369755140942,0.069,0.004643315940944,SLF_I
103,Mode168,3.04232523554458,0.09,0.0046178534990758,SLF_I
104,Mode196,3.64249431286773,0.048,0.0045989468273833,SLF_I
105,Mode148,2.05934519218633,0.146,0.0045794446079907,SLF_I
106,Mode157,4.71381503398578,0.028,0.0045738516862353,SLF_I
107,Mode113,3.43924770889123,0.063,0.0045317636875521,SLF_I
108,Mode133,2.93050033001486,0.069,0.0045235954026521,SLF_I
109,Mode156,5.52681507127626,0.038,0.0044254353591378,SLF_I
110,Mode150,2.80796985995091,0.095,0.00442187613079,SLF_I
111,Mode164,2.44302644548861,0.106,0.0041083797444877,SLF_I
112,Mode171,7.2711363199316,0.017,0.004104145465385,SLF_I
113,Mode189,7.12545374376813,0.019,0.0040181617588885,SLF_I
114,Mode104,2.73168084055093,0.106,0.0040031581574485,SLF_I
115,Mode94,7.0947296037024,0.019,0.0039983564715104,SLF_I
116,Mode107,2.52702170492139,0.127,0.0037728323865579,SLF_I
117,Mode140,2.41012882457193,0.175,0.0037600803203492,SLF_I
118,Mode167,6.47386969391639,0.025,0.0036503308802626,SLF_I
119,Mode139,6.34425364851853,0.027,0.0035812012214148,SLF_I
120,Mode108,3.09532964648255,0.068,0.0035781665688622,SLF_I
121,Mode166,2.15739727996186,0.151,0.0034722725813648,SLF_I
122,Mode32,1.78559574362735,0.195,0.0033899709164556,SLF_I
123,Mode186,3.18688635241295,0.115,0.0033144019921175,SLF_I
124,Mode10,5.80397240168941,0.033,0.0032726404531515,SLF_I
125,Mode147,2.36677041294179,0.104,0.0032310039685142,SLF_I
126,Mode117,1.76404709576179,0.206,0.0032305385890513,SLF_I
127,Mode182,1.34356987932172,0.251,0.0031369221885782,SLF_I
128,Mode99,1.77038814444196,0.301,0.0031242589281456,SLF_I
129,Mode86,5.44239154473475,0.04,0.003073511966652,SLF_I
130,Mode76,5.34985359156469,0.04,0.0030199705357766,SLF_I
131,Mode144,5.31098612465782,0.04,0.0029989849440159,SLF_I
132,Mode106,2.43325910985988,0.106,0.0028467597820049,SLF_I
133,Mode88,2.74515482095485,0.168,0.0027847455301593,SLF_I
134,Mode119,4.26737246540251,0.069,0.0024115526775012,SLF_I
135,Mode169,4.20373786583369,0.069,0.002375690724823,SLF_I
136,Mode162,4.11680854253579,0.073,0.0023269540992324,SLF_I
137,Mode27,1.1405382557061,0.329,0.0023112245921426,SLF_I
138,Mode163,1.43729311515097,0.32,0.0022869386621153,SLF_I
139,Mode177,3.99392860429937,0.078,0.0022555530420726,SLF_I
140,Mode151,3.91297574036709,0.08,0.0022139169471969,SLF_I
141,Mode158,1.10956561490489,0.357,0.0020200808795768,SLF_I
142,Mode63,3.29617327918068,0.108,0.0018627048700019,SLF_I
143,Mode172,2.44553041856915,0.146,0.0017621192942623,SLF_I
144,Mode101,2.98461483290963,0.125,0.0017274026136421,SLF_I
145,Mode103,2.96766268204948,0.127,0.0016770609552213,SLF_I
146,Mode84,2.16670938407407,0.225,0.0015252826310918,SLF_I
147,Mode124,0.875385093603631,0.453,0.0015057258966827,SLF_I
148,Mode38,0.698720465544843,0.528,0.0014909932667595,SLF_I
149,Mode93,2.40294017739443,0.174,0.0013580541503596,SLF_I
150,Mode160,2.2321728302469,0.192,0.0012630105035837,SLF_I
151,Mode115,2.20551436134719,0.195,0.001251220456613,SLF_I
152,Mode175,0.713531062185502,0.589,0.0012243389875397,SLF_I
153,Mode183,2.07557789933011,0.207,0.0011748629827778,SLF_I
154,Mode179,1.09478820688496,0.307,0.0011659959531557,SLF_I
155,Mode67,2.01444556813016,0.214,0.0011386966854998,SLF_I
156,Mode69,1.97687113329933,0.218,0.001118207261992,SLF_I
157,Mode92,1.89955210536315,0.226,0.0010739490055126,SLF_I
158,Mode152,1.87196189846681,0.227,0.0010582947499047,SLF_I
159,Mode127,1.78060086514207,0.24,0.0010076059074581,SLF_I
160,Mode187,0.518701248466876,0.512,0.0009724735685001,SLF_I
161,Mode111,1.46647022958255,0.293,0.000836616571054,SLF_I
162,Mode153,0.337999538498894,0.614,0.0008199595194975,SLF_I
163,Mode146,1.40325928180726,0.303,0.000798662694347,SLF_I
164,Mode170,1.35928922797573,0.307,0.0007729126455382,SLF_I
165,Mode195,1.36031967662445,0.307,0.0007693246180492,SLF_I
166,Mode66,1.34787043517581,0.307,0.0007619081027981,SLF_I
167,Mode184,1.34233472579873,0.307,0.0007589805334402,SLF_I
168,Mode142,0.938399610046261,0.512,0.0007268737388894,SLF_I
169,Mode56,1.13325670803734,0.35,0.0006406378682903,SLF_I
170,Mode123,0.455433391755341,0.762,0.0005373633472724,SLF_I
171,Mode161,0.884063813052305,0.416,0.0005095901132429,SLF_I
172,Mode190,0.884367728939596,0.416,0.0005002016239939,SLF_I
173,Mode185,0.689820764109248,0.481,0.0003902507832531,SLF_I
174,Mode60,0.56449466370157,0.528,0.0003207325548299,SLF_I
175,Mode149,0.532196305749722,0.536,0.000301087029209,SLF_I
176,Mode85,0.0545656925782638,0.878,0.0003010424451757,SLF_I
177,Mode68,0.444762004503546,0.578,0.000251551374529,SLF_I
178,Mode78,0.385388000352566,0.605,0.0002181185163943,SLF_I
179,Mode80,0.361360345893877,0.614,0.0002045031474656,SLF_I
180,Mode145,0.356666221304661,0.614,0.0002021107384769,SLF_I
181,Mode110,0.338982906936785,0.621,0.0001932391200553,SLF_I
182,Mode61,0.319682085929472,0.629,0.0001808254069413,SLF_I
183,Mode137,0.285825689029675,0.648,0.0001617506878221,SLF_I
184,Mode105,0.224233887931457,0.692,0.0001269343494676,SLF_I
185,Mode193,0.180719917870407,0.726,0.0001022812837484,SLF_I
186,Mode100,0.161811084561141,0.74,9.1641965443155e-05,SLF_I
187,Mode197,0.127442701199167,0.764,7.23812024700586e-05,SLF_I
188,Mode136,0.126736333809358,0.764,7.1836126962437e-05,SLF_I
189,Mode25,0.120512844923346,0.768,6.81606529066716e-05,SLF_I
190,Mode154,0.0907880006286518,0.8,5.13775449544021e-05,SLF_I
191,Mode165,0.0436830730621481,0.869,2.72432056730633e-05,SLF_I
192,Mode90,0.0474698194428661,0.863,2.69916252765091e-05,SLF_I
193,Mode65,0.0331798063171211,0.878,1.88962956323966e-05,SLF_I
194,Mode87,0.0158605309763902,0.919,9.04461245012249e-06,SLF_I
195,Mode16,0.0024468418698388,0.988,2.11744788960245e-06,SLF_I
196,Mode129,0.0008647126562066,0.989,1.69094540904228e-06,SLF_I
197,Mode178,0.0008606928170617,0.989,1.29094204857825e-06,SLF_I
198,Mode37,0.0008912136115961,0.989,6.10406375227203e-07,SLF_I
0,Mode11,64.7369716583344,0.0,0.0829616440985513,SLF_II
1,Mode41,156.80202131461,0.0,0.0814745323406365,SLF_II
2,Mode53,141.610625018512,0.0,0.0741732744963453,SLF_II
3,Mode39,139.421136599152,0.0,0.0731984272479183,SLF_II
4,Mode19,61.8230272522616,0.0,0.0700026221270406,SLF_II
5,Mode54,60.3369168439749,0.0,0.0647025017701003,SLF_II
6,Mode27,114.85505795706,0.0,0.0610955315229747,SLF_II
7,Mode92,109.446151945169,0.0,0.0583072329403783,SLF_II
8,Mode30,41.4901100703312,0.0,0.0429472463404572,SLF_II
9,Mode57,75.5157762590022,0.0,0.0409660884913593,SLF_II
10,Mode112,21.9553594091446,0.0,0.0385102800312769,SLF_II
11,Mode42,25.8150352959094,0.0,0.0373906862394037,SLF_II
12,Mode74,35.4570892769069,0.0,0.034515341659751,SLF_II
13,Mode58,27.8808030245069,0.0,0.0332589621685256,SLF_II
14,Mode80,26.3614107105911,0.0,0.0330458271447016,SLF_II
15,Mode70,29.0549778881365,0.0,0.032627602583502,SLF_II
16,Mode25,58.2691018500962,0.0,0.0319187289459218,SLF_II
17,Mode72,23.4869433138111,0.0,0.0312395952580358,SLF_II
18,Mode26,56.6703440493183,0.0,0.0311002430656887,SLF_II
19,Mode24,55.9701458704694,0.0,0.0307953010085458,SLF_II
20,Mode17,24.7535218879422,0.0,0.0282404051023792,SLF_II
21,Mode1,49.66041768275,0.0,0.0273636201128238,SLF_II
22,Mode31,49.4262746428089,0.0,0.0272149122805908,SLF_II
23,Mode73,23.3430883902753,0.0,0.0269255627894546,SLF_II
24,Mode77,16.4108675954517,0.0,0.0254153408119344,SLF_II
25,Mode155,43.9774879857332,0.0,0.0243299133854904,SLF_II
26,Mode12,42.4488598599471,0.0,0.0235807495480824,SLF_II
27,Mode4,19.2445521797001,0.0,0.0234143336193283,SLF_II
28,Mode95,39.4870513731273,0.0,0.0218480905432134,SLF_II
29,Mode170,34.6097853599111,0.0,0.0192197356702813,SLF_II
30,Mode89,33.6850744714588,0.0,0.0187032188595732,SLF_II
31,Mode69,14.4508250149259,0.0,0.0183502624168606,SLF_II
32,Mode63,32.8786830532963,0.0,0.0182628898403588,SLF_II
33,Mode68,11.1892853389904,0.0,0.0175856838473948,SLF_II
34,Mode144,31.3077609185786,0.0,0.0174064493351186,SLF_II
35,Mode46,14.6910709227972,0.0,0.0173145125558593,SLF_II
36,Mode3,8.39455652923218,0.0,0.0170077687390959,SLF_II
37,Mode114,14.4701160776956,0.0,0.0170016650761738,SLF_II
38,Mode5,10.7932040490928,0.0,0.0160159214003325,SLF_II
39,Mode23,9.65516280659917,0.0,0.0156992320985875,SLF_II
40,Mode22,28.0930907766675,0.0,0.0156545385108861,SLF_II
41,Mode105,27.7466157850216,0.0,0.0154547580768316,SLF_II
42,Mode49,27.0804045818733,0.0,0.0150949927398742,SLF_II
43,Mode16,7.37432440277933,0.0,0.0149277613070384,SLF_II
44,Mode131,5.0622295680577,0.0,0.0148617129591706,SLF_II
45,Mode61,21.5009209248374,0.0,0.0148403879069106,SLF_II
46,Mode51,26.2336852402008,0.0,0.0146343271701045,SLF_II
47,Mode62,8.75076167967564,0.0,0.0145557579778138,SLF_II
48,Mode21,25.6385087670941,0.0,0.014326169049503,SLF_II
49,Mode85,9.17992232136257,0.0,0.0142651059741437,SLF_II
50,Mode6,24.3063319822272,0.0,0.0135756749713126,SLF_II
51,Mode159,4.80032737579346,0.002,0.0128784871987892,SLF_II
52,Mode132,6.6388868953259,0.0,0.0120399127088502,SLF_II
53,Mode10,19.9599861170595,0.0,0.0111796069250161,SLF_II
54,Mode100,8.5441897775636,0.0,0.0110823001830051,SLF_II
55,Mode64,19.6856657088648,0.0,0.0110198214257049,SLF_II
56,Mode52,7.96005782801348,0.0,0.0109613822567572,SLF_II
57,Mode71,6.23145274601027,0.0,0.0109469707998814,SLF_II
58,Mode14,19.3155946397576,0.0,0.0108123065045546,SLF_II
59,Mode122,8.91459772621323,0.0,0.010599766838211,SLF_II
60,Mode79,9.14731056695157,0.0,0.0101462549958267,SLF_II
61,Mode126,13.9497269833846,0.0,0.0100647684299594,SLF_II
62,Mode185,6.72062100028737,0.002,0.0098971417979035,SLF_II
63,Mode86,6.48993846197738,0.002,0.0098056573508471,SLF_II
64,Mode50,17.1323023904579,0.0,0.0095975270118244,SLF_II
65,Mode169,7.73332201055281,0.0,0.0095562343028913,SLF_II
66,Mode182,3.17553683112681,0.018,0.0094888227234518,SLF_II
67,Mode123,6.01271930646744,0.004,0.0091375429552695,SLF_II
68,Mode192,5.49562951067981,0.004,0.0090382517550504,SLF_II
69,Mode56,5.93850584246427,0.004,0.0086537075567617,SLF_II
70,Mode20,15.3669641871727,0.0,0.0086242125966873,SLF_II
71,Mode111,3.94953163227414,0.013,0.008577577137678,SLF_II
72,Mode48,15.0867538038086,0.0,0.0084643302746353,SLF_II
73,Mode149,14.6443295263024,0.0,0.0082282937200214,SLF_II
74,Mode18,4.22911959039378,0.01,0.0082217116520753,SLF_II
75,Mode7,6.03449757192445,0.004,0.0082053464163854,SLF_II
76,Mode128,14.4609836170949,0.0,0.0081571784354097,SLF_II
77,Mode191,14.2725459059797,0.0,0.0080124468187061,SLF_II
78,Mode90,7.77994506589354,0.004,0.0079706835027653,SLF_II
79,Mode148,2.44787705229833,0.068,0.0079189127109634,SLF_II
80,Mode179,14.0595527204031,0.0,0.0078943134355388,SLF_II
81,Mode136,13.9223645171483,0.0,0.007817209191992,SLF_II
82,Mode15,13.8420230665293,0.0,0.0077927255094961,SLF_II
83,Mode81,5.13876577323375,0.01,0.0076949505509774,SLF_II
84,Mode163,4.08647864849247,0.015,0.0075252319485813,SLF_II
85,Mode197,4.75447520832476,0.01,0.0075044826909763,SLF_II
86,Mode108,13.3194937869012,0.0,0.0074776241439106,SLF_II
87,Mode125,3.9395969661038,0.015,0.0074643085715395,SLF_II
88,Mode165,13.0976608057208,0.0,0.0073640869449,SLF_II
89,Mode130,4.10590614015568,0.015,0.0073101148576807,SLF_II
90,Mode75,4.68612409730653,0.013,0.0072359320994849,SLF_II
91,Mode98,12.8530183593761,0.0,0.0072297780788953,SLF_II
92,Mode37,12.5241436242525,0.0,0.0070396765131392,SLF_II
93,Mode84,6.26381788463763,0.008,0.0069380499940329,SLF_II
94,Mode178,7.03199317401686,0.008,0.0068727663916008,SLF_II
95,Mode151,7.4387400155295,0.008,0.0068661530359569,SLF_II
96,Mode139,2.19360156073742,0.097,0.0066676927736895,SLF_II
97,Mode134,11.2200164530382,0.002,0.0064446626957455,SLF_II
98,Mode183,5.09445263849644,0.012,0.0062873056188336,SLF_II
99,Mode97,3.49137126049416,0.032,0.0060108617186488,SLF_II
100,Mode153,3.0702824224102,0.041,0.0059538603338152,SLF_II
101,Mode143,2.82968075058336,0.055,0.005943606171844,SLF_II
102,Mode36,10.4747114363322,0.002,0.0058902612471744,SLF_II
103,Mode160,3.23582872076956,0.053,0.0057806779695246,SLF_II
104,Mode40,3.26921784750113,0.044,0.0057737145667357,SLF_II
105,Mode181,6.91184020309977,0.013,0.0057077433878179,SLF_II
106,Mode44,3.69576134406405,0.032,0.005677455162776,SLF_II
107,Mode124,9.8014042457336,0.004,0.0055338553222957,SLF_II
108,Mode33,9.76072747385664,0.004,0.0054939913485745,SLF_II
109,Mode138,9.47969267796032,0.004,0.0054406657524051,SLF_II
110,Mode13,5.2678570187477,0.025,0.0052809152386983,SLF_II
111,Mode47,3.27989519779782,0.058,0.0052559510430643,SLF_II
112,Mode104,9.17560032975428,0.004,0.005164042340096,SLF_II
113,Mode137,2.56080580663127,0.109,0.0048694828153,SLF_II
114,Mode140,8.25820359022623,0.008,0.0046728916912384,SLF_II
115,Mode190,8.27207388911986,0.008,0.0046663852225452,SLF_II
116,Mode176,5.75605876878985,0.028,0.0046257029984585,SLF_II
117,Mode83,3.47574435164427,0.038,0.0045537152059999,SLF_II
118,Mode118,2.27735663639874,0.134,0.0044824221193794,SLF_II
119,Mode133,2.4712007102029,0.089,0.0044541582217601,SLF_II
120,Mode150,7.85710003677257,0.01,0.0044277094696348,SLF_II
121,Mode195,3.03651240759653,0.069,0.0043446072589806,SLF_II
122,Mode106,7.54356061880633,0.012,0.0042503712244529,SLF_II
123,Mode35,7.38252292979587,0.013,0.0041585690570261,SLF_II
124,Mode194,2.72037873417589,0.09,0.0041082360217856,SLF_II
125,Mode129,2.31481765207283,0.117,0.0040693291479988,SLF_II
126,Mode2,6.89273750126145,0.017,0.0038847870740797,SLF_II
127,Mode66,6.55131713959937,0.02,0.0036926476137959,SLF_II
128,Mode158,6.47403371859974,0.02,0.0036504331121159,SLF_II
129,Mode60,2.47637838353725,0.115,0.0036126741383265,SLF_II
130,Mode173,2.03775159317005,0.162,0.0034428101247072,SLF_II
131,Mode87,6.01464015068812,0.025,0.0033909909717606,SLF_II
132,Mode113,2.48879554296951,0.12,0.003357951234405,SLF_II
133,Mode38,2.08166771908837,0.165,0.0032819677561091,SLF_II
134,Mode186,1.91298111880067,0.168,0.0032797060846727,SLF_II
135,Mode34,2.34230537111109,0.134,0.0032784552618652,SLF_II
136,Mode59,2.22071732452608,0.115,0.003223317678301,SLF_II
137,Mode96,4.02709785415377,0.079,0.0032009382709674,SLF_II
138,Mode172,2.09969840897912,0.19,0.0031353605706743,SLF_II
139,Mode29,1.67907070164188,0.209,0.0031018649060602,SLF_II
140,Mode135,5.48782647240717,0.032,0.0030973754774608,SLF_II
141,Mode120,5.46183176000213,0.034,0.0030803631710703,SLF_II
142,Mode99,5.30751685437887,0.035,0.0029948665879211,SLF_II
143,Mode187,5.0606786880075,0.041,0.0028574987520745,SLF_II
144,Mode180,4.78051750602045,0.047,0.0026976791355098,SLF_II
145,Mode189,4.34343965964477,0.058,0.0024511748521007,SLF_II
146,Mode110,1.53019127167726,0.25,0.0023911103405365,SLF_II
147,Mode28,3.57572401433379,0.089,0.0021271309711667,SLF_II
148,Mode102,3.53634369714491,0.089,0.0019993540970829,SLF_II
149,Mode8,0.988756720035312,0.407,0.0019135993015259,SLF_II
150,Mode154,1.25405746468526,0.353,0.0018913784873405,SLF_II
151,Mode142,3.29352141636937,0.102,0.0018639882224589,SLF_II
152,Mode94,1.09428878463868,0.322,0.0018525423047709,SLF_II
153,Mode88,1.02288147414614,0.319,0.0018259916572841,SLF_II
154,Mode78,3.18218909728041,0.108,0.0017966710454877,SLF_II
155,Mode103,3.10341319113478,0.111,0.0017669531928937,SLF_II
156,Mode145,1.15169911449195,0.39,0.0017550967965107,SLF_II
157,Mode67,3.00317664942701,0.115,0.0016963258580204,SLF_II
158,Mode65,3.00074462779915,0.115,0.0016957947271822,SLF_II
159,Mode156,1.04709117747661,0.453,0.001668359690861,SLF_II
160,Mode164,2.91269288128355,0.12,0.0016451811967338,SLF_II
161,Mode171,2.90038001473541,0.12,0.00163808543222,SLF_II
162,Mode174,0.896694526676502,0.447,0.0015572597673177,SLF_II
163,Mode93,0.990404848803584,0.431,0.0015533787906914,SLF_II
164,Mode162,0.930209909701379,0.433,0.0015280964681553,SLF_II
165,Mode166,1.85221108159614,0.283,0.0015162137692421,SLF_II
166,Mode91,0.718623928652589,0.415,0.0014187783572731,SLF_II
167,Mode152,2.45427013226688,0.154,0.0013878162970338,SLF_II
168,Mode198,2.22437303168478,0.175,0.0012577438994704,SLF_II
169,Mode76,2.18587558830402,0.177,0.0012354606686505,SLF_II
170,Mode116,0.573434919179258,0.487,0.0012241897972847,SLF_II
171,Mode141,2.06651834232823,0.19,0.0011704018214292,SLF_II
172,Mode45,0.440022362510398,0.652,0.0009392169095178,SLF_II
173,Mode115,0.602030577635981,0.653,0.0009066207377898,SLF_II
174,Mode199,0.529232293843849,0.677,0.0008017415666328,SLF_II
175,Mode127,0.593854096596482,0.674,0.0008017294143196,SLF_II
176,Mode9,1.37854715637228,0.295,0.0007802807088493,SLF_II
177,Mode82,1.28618982071995,0.314,0.0007270104992252,SLF_II
178,Mode117,1.24892332203314,0.319,0.0007060945586795,SLF_II
179,Mode147,1.23985839660981,0.319,0.0007009491169848,SLF_II
180,Mode196,0.931419954154165,0.379,0.0005891362534143,SLF_II
181,Mode119,1.03195985929113,0.364,0.0005866582722642,SLF_II
182,Mode55,1.03534454069395,0.364,0.0005856454140418,SLF_II
183,Mode167,0.672381412659649,0.547,0.0004921893916705,SLF_II
184,Mode107,0.141158152718029,0.749,0.0004888990345365,SLF_II
185,Mode109,0.819587144430468,0.415,0.0004635558394965,SLF_II
186,Mode177,0.810888416281218,0.416,0.0004584691495239,SLF_II
187,Mode161,0.661442320206405,0.458,0.0003747808473025,SLF_II
188,Mode175,0.0699820874408282,0.875,0.000342611501232,SLF_II
189,Mode121,0.528372443051254,0.508,0.0002990241754997,SLF_II
190,Mode188,0.366340106018706,0.586,0.0002072306038469,SLF_II
191,Mode43,0.326021257249083,0.608,0.0001873759081926,SLF_II
192,Mode184,0.209587613742948,0.677,0.0001186825664379,SLF_II
193,Mode157,0.139397118347475,0.735,7.88752366605648e-05,SLF_II
194,Mode168,0.107863868908441,0.766,6.28905100703787e-05,SLF_II
195,Mode101,0.0719781051089496,0.805,4.07111626129147e-05,SLF_II
196,Mode146,0.0636445059488506,0.813,3.60689094152973e-05,SLF_II
197,Mode193,0.0087007293755488,0.934,5.2581306994655e-06,SLF_II
198,Mode32,0.0031234974132341,0.958,1.79381273010221e-06,SLF_II
0,Mode54,264.090379184097,0.0,0.130004678814616,SLF_III
1,Mode40,175.042615002531,0.0,0.0901005120924734,SLF_III
2,Mode13,61.0892204086037,0.0,0.0711860566341176,SLF_III
3,Mode26,65.5493603314955,0.0,0.0693539222220554,SLF_III
4,Mode39,51.981634425901,0.0,0.0644539826857378,SLF_III
5,Mode27,55.3708666863405,0.0,0.059844184202974,SLF_III
6,Mode41,56.7301974714179,0.0,0.052876324230245,SLF_III
7,Mode46,38.8013535127837,0.0,0.0476835021232518,SLF_III
8,Mode5,87.3462603395478,0.0,0.0473310070122375,SLF_III
9,Mode33,62.1353234578393,0.0,0.0470080350749823,SLF_III
10,Mode78,85.8232091932171,0.0,0.0463103488710583,SLF_III
11,Mode51,81.8707357180004,0.0,0.0443247161942359,SLF_III
12,Mode37,77.4671921571881,0.0,0.0419847093804479,SLF_III
13,Mode66,73.6626973839213,0.0,0.0401477785085681,SLF_III
14,Mode6,38.2837439346645,0.0,0.039027780590223,SLF_III
15,Mode55,51.843175535949,0.0,0.0377386867660936,SLF_III
16,Mode49,63.4688525049252,0.0,0.0348044726421764,SLF_III
17,Mode1,32.6670194347499,0.0,0.0339481332325673,SLF_III
18,Mode58,61.5231408874097,0.0,0.033644772685352,SLF_III
19,Mode61,24.7998964593552,0.0,0.0335144818269697,SLF_III
20,Mode42,24.6713441354275,0.0,0.0333121757167125,SLF_III
21,Mode73,55.28476255537,0.0,0.0303717638162315,SLF_III
22,Mode8,20.9416565860991,0.0,0.0263459424641488,SLF_III
23,Mode4,25.7845286869993,0.0,0.0261288180780006,SLF_III
24,Mode56,19.6334151197582,0.0,0.0256359617544361,SLF_III
25,Mode25,16.739920908917,0.0,0.0254253423636186,SLF_III
26,Mode154,15.5377970907527,0.0,0.0241170224199859,SLF_III
27,Mode18,14.4282258221314,0.0,0.023600351115274,SLF_III
28,Mode85,10.6355830758988,0.0,0.0218814811370818,SLF_III
29,Mode76,38.1830849894502,0.0,0.0211620856630763,SLF_III
30,Mode57,23.6203918987021,0.0,0.0208257277033683,SLF_III
31,Mode147,12.7593940097638,0.0,0.0206094474235177,SLF_III
32,Mode197,12.6469722010607,0.0,0.0203864650833133,SLF_III
33,Mode176,36.4470178199323,0.0,0.0202081009436505,SLF_III
34,Mode9,13.4578699268356,0.0,0.0198847028479729,SLF_III
35,Mode106,10.8693219183975,0.0,0.0183300057623801,SLF_III
36,Mode86,12.7053436221895,0.0,0.0182618716513277,SLF_III
37,Mode153,12.6450585277989,0.0,0.0177841888616682,SLF_III
38,Mode60,15.3906468457783,0.0,0.0175577149377654,SLF_III
39,Mode44,31.0355626411708,0.0,0.0173310785137798,SLF_III
40,Mode104,7.6151100364957,0.0,0.0173130053018356,SLF_III
41,Mode160,28.7611532048694,0.0,0.0160471585634991,SLF_III
42,Mode96,28.593866113039,0.0,0.015920181604221,SLF_III
43,Mode109,28.5125209363819,0.0,0.0158718808206055,SLF_III
44,Mode181,9.43689031354617,0.0,0.0153984991105283,SLF_III
45,Mode166,4.20063912251031,0.002,0.015169708259131,SLF_III
46,Mode141,26.9425333195176,0.0,0.015010877398204,SLF_III
47,Mode79,8.81642675091518,0.0,0.0141857923188821,SLF_III
48,Mode74,25.2782683885449,0.0,0.0141285214043795,SLF_III
49,Mode21,14.9410310158222,0.0,0.0135206785728977,SLF_III
50,Mode67,8.99919912053648,0.0,0.0132474234238508,SLF_III
51,Mode11,21.849974782272,0.0,0.0125101323769002,SLF_III
52,Mode80,5.61698831440217,0.0,0.0123678314671263,SLF_III
53,Mode47,14.744354986679,0.0,0.0119573866462907,SLF_III
54,Mode38,21.0196541137464,0.0,0.0117675780450584,SLF_III
55,Mode29,5.77054116116277,0.0,0.0116162427641445,SLF_III
56,Mode68,6.08449375873066,0.0,0.0115228366956542,SLF_III
57,Mode97,7.71982005794108,0.0,0.0114438055914241,SLF_III
58,Mode182,6.37161627796751,0.0,0.0114030058412676,SLF_III
59,Mode194,6.05814540386291,0.0,0.0113979119569858,SLF_III
60,Mode163,3.22506885501428,0.012,0.0111096746480207,SLF_III
61,Mode139,19.7430336543557,0.0,0.0110453607568709,SLF_III
62,Mode2,8.45446523270439,0.0,0.0110283481271778,SLF_III
63,Mode81,19.4214897488701,0.0,0.0108720713265699,SLF_III
64,Mode114,19.4180759111569,0.0,0.0108714277789116,SLF_III
65,Mode52,19.2550183118027,0.0,0.0107899137810724,SLF_III
66,Mode30,19.1863613656024,0.0,0.0107627240392035,SLF_III
67,Mode92,19.1908209247955,0.0,0.0107425410874323,SLF_III
68,Mode187,2.61777130684419,0.029,0.0106217524989081,SLF_III
69,Mode161,18.9082060527617,0.0,0.0105817970381209,SLF_III
70,Mode127,6.05407868598305,0.002,0.0105627999465907,SLF_III
71,Mode19,18.5999764528546,0.0,0.0104666606313871,SLF_III
72,Mode122,6.74705677842282,0.002,0.0102894049087777,SLF_III
73,Mode121,4.678456407124,0.004,0.0102051871945942,SLF_III
74,Mode119,17.5226959702089,0.0,0.0098157705579387,SLF_III
75,Mode36,2.746924083385,0.029,0.0096141115741226,SLF_III
76,Mode15,16.3305142870415,0.0,0.009347246221206,SLF_III
77,Mode179,2.45670816675708,0.039,0.0092709974507453,SLF_III
78,Mode12,6.26625363317785,0.002,0.0091863427059163,SLF_III
79,Mode45,9.74242823433998,0.002,0.0090807485790424,SLF_III
80,Mode186,4.26444342987744,0.008,0.0089410861222955,SLF_III
81,Mode165,15.5505283430443,0.0,0.0087195313123249,SLF_III
82,Mode62,6.19897000583485,0.002,0.0086799453373202,SLF_III
83,Mode23,5.29335105442457,0.006,0.0086002090895915,SLF_III
84,Mode10,5.57786665735528,0.004,0.0085472437114998,SLF_III
85,Mode137,14.7670693872024,0.0,0.0082850739137505,SLF_III
86,Mode53,14.189168547818,0.0,0.0079759914937416,SLF_III
87,Mode129,4.6417082767677,0.01,0.0079423938172123,SLF_III
88,Mode17,14.0257089448365,0.0,0.0078832071305222,SLF_III
89,Mode156,6.21861079072187,0.004,0.0078760287973181,SLF_III
90,Mode108,13.9247173434455,0.0,0.0078194975934289,SLF_III
91,Mode168,6.0613066526935,0.004,0.0076227118171029,SLF_III
92,Mode142,13.4614369354433,0.0,0.0075607127730592,SLF_III
93,Mode189,3.96079195138423,0.015,0.0075510892398527,SLF_III
94,Mode90,3.64829353805453,0.022,0.0074615216470226,SLF_III
95,Mode82,12.4043020930089,0.0,0.0073941048104449,SLF_III
96,Mode28,12.8931410838887,0.0,0.0072604168887488,SLF_III
97,Mode59,3.86855079490154,0.018,0.0071535102521563,SLF_III
98,Mode136,10.5042581507015,0.002,0.0070451837375659,SLF_III
99,Mode123,4.27056210328265,0.017,0.0068570719836155,SLF_III
100,Mode148,4.35141088364165,0.015,0.0068274461032207,SLF_III
101,Mode65,12.1227457163183,0.002,0.0068199583059317,SLF_III
102,Mode3,4.95661618010711,0.012,0.0066439935544031,SLF_III
103,Mode50,1.57446128056943,0.174,0.0065715362322615,SLF_III
104,Mode183,5.02585959295651,0.01,0.0065315446836708,SLF_III
105,Mode184,11.3766713855395,0.002,0.006394255133601,SLF_III
106,Mode159,10.993863822555,0.002,0.0061802009343775,SLF_III
107,Mode89,8.19634237907438,0.008,0.0058031916039428,SLF_III
108,Mode112,3.35120980181166,0.046,0.0057749721315058,SLF_III
109,Mode173,2.93909097901593,0.053,0.0057374353943038,SLF_III
110,Mode88,4.20701197982381,0.025,0.0053839073468784,SLF_III
111,Mode115,5.9029034680391,0.022,0.0053623074476711,SLF_III
112,Mode48,9.2117716248232,0.004,0.0051911870317574,SLF_III
113,Mode83,8.92618028556745,0.006,0.0050378247188505,SLF_III
114,Mode188,8.53285311996979,0.008,0.0048049265999493,SLF_III
115,Mode24,2.84696918019993,0.069,0.00461170468207,SLF_III
116,Mode101,2.72685882985393,0.097,0.0045834991763655,SLF_III
117,Mode117,3.2826599317087,0.053,0.0045396253272518,SLF_III
118,Mode75,2.626378074949,0.088,0.0042990706038727,SLF_III
119,Mode135,4.62085884252516,0.053,0.0040669030157327,SLF_III
120,Mode132,7.12890944008609,0.015,0.0040193195937897,SLF_III
121,Mode125,2.52666924750779,0.143,0.003931060974926,SLF_III
122,Mode43,6.80583267905739,0.017,0.0038379087560482,SLF_III
123,Mode94,6.42905040051813,0.02,0.0036974580774922,SLF_III
124,Mode172,6.200083117763,0.023,0.0034967550119112,SLF_III
125,Mode70,2.24858514922447,0.144,0.0033736829148195,SLF_III
126,Mode102,5.92177852425139,0.026,0.0033400004447145,SLF_III
127,Mode150,1.98624147425245,0.186,0.0033063152827755,SLF_III
128,Mode110,2.26856186119539,0.14,0.0032793617436971,SLF_III
129,Mode32,5.6733336060463,0.029,0.0032004366986465,SLF_III
130,Mode146,2.04356888157295,0.173,0.0031865066453809,SLF_III
131,Mode152,2.19442161161537,0.161,0.0031651770288282,SLF_III
132,Mode34,1.8676554605839,0.184,0.0031045444898452,SLF_III
133,Mode103,1.86229923382662,0.218,0.002869521786946,SLF_III
134,Mode98,1.2275270740751,0.285,0.0028370633222906,SLF_III
135,Mode71,4.98662457510347,0.043,0.0028134172414203,SLF_III
136,Mode143,1.51753267697291,0.331,0.0027223618353596,SLF_III
137,Mode155,1.5435364064332,0.282,0.0026985051315308,SLF_III
138,Mode31,1.61777912491731,0.261,0.0024397861215551,SLF_III
139,Mode20,1.14372270512335,0.345,0.0022938835423411,SLF_III
140,Mode77,1.36316287422638,0.371,0.0021928366585811,SLF_III
141,Mode167,1.32029032948827,0.347,0.0021878102537299,SLF_III
142,Mode14,3.81358505181356,0.081,0.0021577869293452,SLF_III
143,Mode199,1.22921679687022,0.351,0.0020372993156524,SLF_III
144,Mode69,3.44893345359782,0.098,0.0019472429957717,SLF_III
145,Mode175,3.43994395382639,0.099,0.0019421612376222,SLF_III
146,Mode87,1.45691237020755,0.218,0.0019060110713846,SLF_III
147,Mode192,3.37173680984656,0.101,0.0019044444139965,SLF_III
148,Mode100,3.35238326299151,0.102,0.0018936820737119,SLF_III
149,Mode130,1.02813484997492,0.31,0.0017525684892312,SLF_III
150,Mode131,1.08165457106502,0.398,0.0016933991722515,SLF_III
151,Mode178,0.850867055489044,0.371,0.0016028181694063,SLF_III
152,Mode177,2.8120643926111,0.141,0.0015897084866821,SLF_III
153,Mode63,2.4398343453729,0.173,0.0013798274500313,SLF_III
154,Mode134,2.40582428647639,0.173,0.0013656228292346,SLF_III
155,Mode107,2.38970545100808,0.173,0.0013525284976368,SLF_III
156,Mode116,2.18729843871263,0.192,0.0012362603819122,SLF_III
157,Mode191,2.17713234050424,0.192,0.0012305795259827,SLF_III
158,Mode72,2.13595533055194,0.196,0.0012071815017636,SLF_III
159,Mode180,2.05139614229294,0.206,0.001159058395068,SLF_III
160,Mode144,1.95804800080172,0.218,0.0011064551267793,SLF_III
161,Mode120,1.84969850103658,0.229,0.0010452668740362,SLF_III
162,Mode95,1.39684786362605,0.275,0.0010342055780455,SLF_III
163,Mode7,1.46573598725848,0.321,0.0009708471982385,SLF_III
164,Mode164,0.592886006575361,0.66,0.0009439334305031,SLF_III
165,Mode140,1.60090297363464,0.268,0.0009046756012853,SLF_III
166,Mode170,1.52962819933874,0.277,0.000864606230919,SLF_III
167,Mode157,0.602115571032696,0.675,0.0008537610342729,SLF_III
168,Mode64,1.40857482230953,0.297,0.0007972451450944,SLF_III
169,Mode22,1.11111939967953,0.352,0.0006286662206466,SLF_III
170,Mode174,1.05403837529978,0.364,0.0005989200034099,SLF_III
171,Mode113,0.896612829513385,0.401,0.0005071738569929,SLF_III
172,Mode128,0.890951462919613,0.401,0.0005037565471602,SLF_III
173,Mode158,0.825567949985541,0.421,0.0004672121141947,SLF_III
174,Mode126,0.809839018859772,0.423,0.000457943143475,SLF_III
175,Mode84,0.794416766737495,0.428,0.0004509071388868,SLF_III
176,Mode198,0.103898348525967,0.866,0.0004387587503847,SLF_III
177,Mode111,0.68891781569517,0.463,0.0003896522228298,SLF_III
178,Mode196,0.630558343378491,0.483,0.0003565583175225,SLF_III
179,Mode133,0.52844979354715,0.525,0.0002990170509149,SLF_III
180,Mode99,0.490868706129264,0.54,0.0002788055689166,SLF_III
181,Mode169,0.0758855840570479,0.918,0.0002716089619647,SLF_III
182,Mode91,0.466264120886695,0.549,0.0002703784105325,SLF_III
183,Mode16,0.402014733397076,0.582,0.0002279966234225,SLF_III
184,Mode145,0.189481232859604,0.825,0.00017528568251,SLF_III
185,Mode151,0.302962965711921,0.641,0.0001720605156616,SLF_III
186,Mode190,0.216935431262901,0.694,0.0001227104125172,SLF_III
187,Mode193,0.192570263526174,0.711,0.0001089183132481,SLF_III
188,Mode124,0.172810060391636,0.725,9.78427066265713e-05,SLF_III
189,Mode93,0.156732562428463,0.736,8.87833018981887e-05,SLF_III
190,Mode149,0.135394364829929,0.755,7.67137303298226e-05,SLF_III
191,Mode171,0.0032746922730917,0.978,6.18961060162541e-05,SLF_III
192,Mode105,0.0888827608114038,0.808,5.27600736387964e-05,SLF_III
193,Mode138,0.0675136402509934,0.828,3.82037609272127e-05,SLF_III
194,Mode195,0.0551025181919171,0.845,3.11917468172103e-05,SLF_III
195,Mode118,0.0398034021568321,0.866,2.25168860830158e-05,SLF_III
196,Mode35,0.0305581531099092,0.884,1.99733277754373e-05,SLF_III
197,Mode185,0.0231245042781755,0.892,1.30996585597102e-05,SLF_III
198,Mode162,0.0061905360197754,0.954,5.82013440602641e-06,SLF_III
0,Mode4,99.1291354633273,0.0,0.0532884398433726,STR
1,Mode8,87.5527088949173,0.0,0.0472546776734817,STR
2,Mode176,31.252247610417,0.0,0.03711654542194,STR
3,Mode161,25.0570444461971,0.0,0.0294342864389351,STR
4,Mode14,41.2203182281926,0.0,0.0228045004566324,STR
5,Mode185,15.6665583310467,0.0,0.0226423689748775,STR
6,Mode2,40.4990780452107,0.0,0.0224289907659537,STR
7,Mode22,37.2039501348303,0.0,0.0206448676185545,STR
8,Mode128,34.791350536912,0.0,0.0193511275695361,STR
9,Mode105,18.7785633280682,0.0,0.0176578453189984,STR
10,Mode48,11.1424295647697,0.0,0.0159383729164437,STR
11,Mode49,6.57004759823085,0.0,0.0156987201842683,STR
12,Mode35,26.2819129946603,0.0,0.0146657722877795,STR
13,Mode183,7.74615440329427,0.0,0.0144498751368927,STR
14,Mode6,9.64283602969474,0.0,0.0143607354752183,STR
15,Mode79,5.67487245700504,0.0,0.0138133004756667,STR
16,Mode50,10.3590241720522,0.0,0.0137618721792053,STR
17,Mode9,18.0053939621197,0.0,0.0136523808757316,STR
18,Mode103,10.196488548237,0.0,0.0135643330209588,STR
19,Mode20,8.93990252818003,0.0,0.0133232545032928,STR
20,Mode19,7.74673063345085,0.0,0.013266519088215,STR
21,Mode157,9.71403544452367,0.0,0.0129324686973428,STR
22,Mode64,8.48223594227479,0.0,0.0128927971621695,STR
23,Mode107,6.82588824745401,0.0,0.0127863985383368,STR
24,Mode113,6.53529790050411,0.0,0.012753267179204,STR
25,Mode70,22.7622240331403,0.0,0.0127313030829229,STR
26,Mode197,8.09404406533438,0.0,0.0126814751080623,STR
27,Mode119,6.23332834710106,0.0,0.012579696367879,STR
28,Mode164,2.72550083568822,0.029,0.0119877662009443,STR
29,Mode153,20.4614963179199,0.0,0.0115000142925093,STR
30,Mode30,20.1999631172873,0.0,0.0113139811552736,STR
31,Mode116,20.0077643419204,0.0,0.0111959167910681,STR
32,Mode163,4.62226161947429,0.004,0.0110371326546903,STR
33,Mode147,4.73109484652674,0.007,0.0108146423951549,STR
34,Mode5,19.2623962026706,0.0,0.010803359052262,STR
35,Mode150,7.49074112768101,0.0,0.0104279268542994,STR
36,Mode95,3.8650984125918,0.012,0.0104109020949318,STR
37,Mode180,15.2800053959679,0.0,0.0103053649229072,STR
38,Mode134,17.5958317484747,0.0,0.0102111726490488,STR
39,Mode10,6.68113379804222,0.004,0.0098744448666858,STR
40,Mode132,5.88138919521427,0.004,0.0098282634421999,STR
41,Mode194,2.34554733500824,0.085,0.0097673972970223,STR
42,Mode18,6.05217186103368,0.004,0.0094757880276824,STR
43,Mode1,6.08105860860504,0.004,0.0094740867589208,STR
44,Mode158,2.50262988364215,0.086,0.0090223130431466,STR
45,Mode59,3.22047087020417,0.028,0.0088183109886021,STR
46,Mode174,5.53350555317224,0.007,0.0088063158617125,STR
47,Mode123,4.35079985819863,0.012,0.0086303701693976,STR
48,Mode169,4.69427332377093,0.01,0.0085725571790669,STR
49,Mode173,14.7893877076933,0.0,0.0083112205877196,STR
50,Mode71,1.92835186105049,0.176,0.0082345871666858,STR
51,Mode99,13.5206221041456,0.0,0.0081223911749134,STR
52,Mode33,14.3353044531439,0.0,0.0080570549810611,STR
53,Mode51,3.26577043386447,0.032,0.0080371829117744,STR
54,Mode137,6.37326863721658,0.007,0.007884038829143,STR
55,Mode172,5.3309725360903,0.01,0.0078242154485746,STR
56,Mode118,3.31414207582513,0.032,0.0077066009097548,STR
57,Mode21,5.11524923819159,0.015,0.0075321180530388,STR
58,Mode39,5.85583703831277,0.01,0.0072515180522453,STR
59,Mode87,3.663603001795,0.031,0.0071814015946123,STR
60,Mode89,12.7463763474141,0.0,0.0071582951708147,STR
61,Mode37,3.94473420537547,0.029,0.0071208883569734,STR
62,Mode54,2.54208890099154,0.067,0.0071014659796223,STR
63,Mode115,1.98883412591777,0.144,0.0070768134519129,STR
64,Mode122,5.32586056257028,0.012,0.0068490417119696,STR
65,Mode32,2.91338317688159,0.056,0.0068191471610236,STR
66,Mode117,12.0138514107206,0.004,0.0067659675549597,STR
67,Mode120,3.23851764029086,0.047,0.0067643377099321,STR
68,Mode101,2.9248776702101,0.056,0.0066854451384059,STR
69,Mode170,11.8528673220437,0.004,0.0066760718464433,STR
70,Mode144,11.3141782453412,0.004,0.0063632397842056,STR
71,Mode126,2.38095793515717,0.096,0.0062987467965383,STR
72,Mode145,3.50748722167212,0.044,0.0062154186601077,STR
73,Mode114,3.00676346893797,0.057,0.0061815337664258,STR
74,Mode69,4.27655085192353,0.037,0.0060763646431263,STR
75,Mode73,10.775417325539,0.004,0.0060711423609,STR
76,Mode199,10.6614890918212,0.004,0.0060030308175438,STR
77,Mode155,10.3257757226314,0.004,0.0058376048371387,STR
78,Mode11,3.70904067927828,0.041,0.0058267112798187,STR
79,Mode47,8.50678946458648,0.007,0.0058201091269017,STR
80,Mode85,3.85635441388454,0.05,0.0054773816496622,STR
81,Mode112,4.33638787361715,0.029,0.0054565225548025,STR
82,Mode90,8.8980782786753,0.007,0.0053544952379845,STR
83,Mode187,9.22980848076135,0.007,0.0051960857589927,STR
84,Mode84,2.68471243769119,0.108,0.0050667492471775,STR
85,Mode171,3.84110107066919,0.041,0.00502864415866,STR
86,Mode129,6.57405895203556,0.028,0.0049669434799831,STR
87,Mode198,8.7571328588936,0.01,0.0049298757026709,STR
88,Mode36,8.6695369234896,0.01,0.0048826320515335,STR
89,Mode88,3.5360566361813,0.047,0.0048181199035359,STR
90,Mode94,2.59857395708972,0.108,0.0047937344339584,STR
91,Mode159,5.20353208650346,0.047,0.0047256871816158,STR
92,Mode152,2.27246929839596,0.114,0.004707973499312,STR
93,Mode66,8.11768697447318,0.012,0.0045763776840511,STR
94,Mode141,3.32323766437607,0.076,0.0045063319293431,STR
95,Mode42,2.295513518783,0.173,0.004414611348988,STR
96,Mode146,1.98101934430503,0.159,0.0042618263865149,STR
97,Mode165,7.44969696252852,0.018,0.0042018460148363,STR
98,Mode136,1.94388315366717,0.211,0.004183452224256,STR
99,Mode29,2.90981055422736,0.097,0.0041573059428124,STR
100,Mode77,2.51318675809096,0.163,0.0040561098537407,STR
101,Mode100,6.78583616285905,0.026,0.0040489679529195,STR
102,Mode108,7.09352716770799,0.023,0.0040216188788551,STR
103,Mode13,2.29380036902386,0.16,0.0038662186715019,STR
104,Mode12,4.0394523131531,0.092,0.0037470724482943,STR
105,Mode124,1.4105330236147,0.245,0.0037197733177732,STR
106,Mode24,6.57661567993063,0.028,0.003706843147565,STR
107,Mode109,2.87682956057235,0.086,0.0036749601441641,STR
108,Mode189,6.2968586065483,0.031,0.0036087841426739,STR
109,Mode34,6.29874057007503,0.031,0.0035518661804077,STR
110,Mode55,2.0805143523275,0.241,0.0035389766261873,STR
111,Mode27,2.48412279644976,0.145,0.003504427763653,STR
112,Mode151,2.21639500726195,0.163,0.0033980466353595,STR
113,Mode140,2.36063071033876,0.171,0.0032778829032292,STR
114,Mode190,5.64281130391411,0.042,0.0031879091869034,STR
115,Mode16,5.58564038679603,0.042,0.0031548872444897,STR
116,Mode76,1.91870158724706,0.241,0.0030624069220011,STR
117,Mode46,3.8635086285005,0.108,0.0030510969788287,STR
118,Mode28,4.55767184277085,0.073,0.0030003924812859,STR
119,Mode23,5.18196745843669,0.05,0.0029284971705276,STR
120,Mode61,2.02055872201223,0.22,0.002906395391932,STR
121,Mode133,1.70590049837129,0.29,0.0026966610137616,STR
122,Mode26,3.3591517610227,0.138,0.0025443347001374,STR
123,Mode3,1.44747450752947,0.305,0.0025336619618285,STR
124,Mode92,1.3616562208381,0.317,0.0023189294205824,STR
125,Mode52,1.42171204623237,0.337,0.0023086853028192,STR
126,Mode125,4.06465129972857,0.087,0.0023052250972143,STR
127,Mode68,1.47231411834829,0.371,0.0023043440978609,STR
128,Mode127,3.91564721473379,0.093,0.002211255268984,STR
129,Mode121,2.68011633641694,0.207,0.002153076156692,STR
130,Mode17,1.34372338314301,0.362,0.0021250866017149,STR
131,Mode38,1.28338644883494,0.273,0.0020432271673298,STR
132,Mode72,3.57268040413488,0.108,0.0020168246507436,STR
133,Mode179,2.43207647354772,0.239,0.002006322228225,STR
134,Mode57,1.30321283242561,0.352,0.0019011710912431,STR
135,Mode80,1.23195373507794,0.407,0.0018817731309024,STR
136,Mode91,1.04518982767367,0.427,0.0018519513331906,STR
137,Mode56,1.10252257216137,0.438,0.0017408216249427,STR
138,Mode130,3.0465645178767,0.144,0.0017237010049504,STR
139,Mode191,2.7946616032246,0.16,0.0015818354428688,STR
140,Mode96,2.79100525460157,0.16,0.001577373223623,STR
141,Mode154,2.55193139489589,0.181,0.0015130534225194,STR
142,Mode97,2.49154575703761,0.181,0.001423337894311,STR
143,Mode93,2.27725019833402,0.207,0.001286713727965,STR
144,Mode143,1.52661933565195,0.399,0.0012747562166013,STR
145,Mode40,2.23623322241152,0.21,0.0012639686791141,STR
146,Mode188,2.21953496985064,0.21,0.0012579309941887,STR
147,Mode156,2.1713061983693,0.214,0.0012286607229583,STR
148,Mode104,2.11737604857668,0.22,0.0011968855932742,STR
149,Mode192,1.85594070264783,0.249,0.001050638771331,STR
150,Mode75,1.38353083267003,0.334,0.000783327333422,STR
151,Mode106,0.564568803955126,0.737,0.0007814154826664,STR
152,Mode139,1.29983890836271,0.35,0.0007355949105537,STR
153,Mode86,1.27027821275206,0.352,0.0007187824494024,STR
154,Mode135,1.26796592133166,0.352,0.0007177360666162,STR
155,Mode160,1.24485942840813,0.353,0.0007066492735388,STR
156,Mode149,0.262627564817782,0.796,0.0006951640019204,STR
157,Mode58,0.327410014208689,0.644,0.0006770807925872,STR
158,Mode41,1.17511862793906,0.366,0.0006653204690113,STR
159,Mode60,0.486504608024611,0.776,0.000663550763605,STR
160,Mode74,1.06025409207744,0.394,0.0005994276816968,STR
161,Mode78,1.01748801734883,0.402,0.0005751903980331,STR
162,Mode44,0.424777693767902,0.803,0.0005707387869667,STR
163,Mode162,0.951123973883746,0.417,0.0005390199758332,STR
164,Mode102,0.195166241201954,0.881,0.0005156852607335,STR
165,Mode196,0.862029058214836,0.438,0.0004934323452531,STR
166,Mode82,0.837793739369046,0.445,0.000474055376632,STR
167,Mode67,0.777644207439304,0.464,0.0004398302778455,STR
168,Mode110,0.0886381907513378,0.881,0.0004207375767325,STR
169,Mode63,0.654297789061785,0.51,0.0003771315329064,STR
170,Mode175,0.549485376776934,0.557,0.0003163618168077,STR
171,Mode148,0.554078836622816,0.555,0.0003140766522791,STR
172,Mode45,0.535163964176941,0.557,0.000302750225141,STR
173,Mode138,0.0460997604127613,0.95,0.0003020363312588,STR
174,Mode178,0.484583187293852,0.58,0.0002747462855041,STR
175,Mode142,0.365954462155944,0.644,0.0002085647969412,STR
176,Mode25,0.357856827076815,0.644,0.0002026980384697,STR
177,Mode31,0.300952760818623,0.678,0.0001707859072326,STR
178,Mode15,0.267048670766692,0.7,0.000151732178657,STR
179,Mode184,0.244433306293726,0.715,0.0001395949225429,STR
180,Mode167,0.22515158940551,0.726,0.0001273844392037,STR
181,Mode7,0.205063326323388,0.737,0.0001160750768622,STR
182,Mode53,0.131891463381465,0.797,7.4734549472509e-05,STR
183,Mode131,0.0564146376838678,0.895,7.45788412771785e-05,STR
184,Mode166,0.104804119598205,0.823,6.88386407277008e-05,STR
185,Mode195,0.0553152060510662,0.881,3.1412187739272e-05,STR
186,Mode83,0.0481683251564728,0.89,2.7458269065204e-05,STR
187,Mode168,0.0415925408675772,0.895,2.49583103260099e-05,STR
188,Mode177,0.0256022546702882,0.925,1.46437543261623e-05,STR
189,Mode111,0.0066842033680482,0.981,1.39511858695988e-05,STR
190,Mode62,0.0155821744975995,0.949,8.86666693186346e-06,STR
191,Mode65,0.0121735027657553,0.951,6.94259422485386e-06,STR
192,Mode193,0.0087433252463159,0.958,6.60464324027138e-06,STR
193,Mode43,0.0106919670643931,0.953,6.06941332088621e-06,STR
194,Mode181,0.0082489377685515,0.958,4.93071763485474e-06,STR
195,Mode81,0.0004069166124789,0.997,2.69922231065736e-06,STR
196,Mode98,0.0019844361139369,0.981,1.15578986802341e-06,STR
197,Mode182,0.0005977317859445,0.997,3.70786309133441e-07,STR
198,Mode186,0.0001400695207974,0.997,2.77259925162231e-07,STR
0,Mode23,9.49113508522836,0.0,0.0358984930440246,UF
1,Mode6,48.6691169776535,0.0,0.0269209154110052,UF
2,Mode142,12.3025424867225,0.0,0.0246869538352035,UF
3,Mode8,5.01654245537503,0.0,0.021826651599658,UF
4,Mode11,39.0221565056852,0.0,0.0216999838750186,UF
5,Mode20,7.9465424742501,0.0,0.0213752805296005,UF
6,Mode13,4.70565233770415,0.0,0.0213715606988739,UF
7,Mode33,37.9831516291284,0.0,0.021152722034869,UF
8,Mode126,5.74592860884532,0.0,0.020657736076967,UF
9,Mode4,4.63478148623495,0.0,0.0204299120105992,UF
10,Mode194,10.6306201745847,0.0,0.0201098482588433,UF
11,Mode28,4.9480658272108,0.0,0.0190248889115827,UF
12,Mode38,32.5006585246959,0.0,0.0180807182795609,UF
13,Mode18,4.28201413808826,0.0,0.0180512145357511,UF
14,Mode133,22.9574704832221,0.0,0.0179283733404168,UF
15,Mode14,4.20383535884146,0.0,0.0177991860328855,UF
16,Mode185,14.962971392771,0.0,0.0175495847373728,UF
17,Mode60,9.06810329704562,0.0,0.0173169852197129,UF
18,Mode150,6.00863817079709,0.0,0.0169726458838988,UF
19,Mode29,3.43035309103083,0.003,0.0165777567491376,UF
20,Mode17,13.0478715014961,0.0,0.0154887107038564,UF
21,Mode59,7.74718436053526,0.0,0.0154059184604045,UF
22,Mode37,27.2961084531482,0.0,0.0152586318219415,UF
23,Mode76,7.86057547936364,0.0,0.0144860739003357,UF
24,Mode46,3.84216732051611,0.006,0.0142101118989346,UF
25,Mode167,5.81468113439636,0.0,0.0141581235657032,UF
26,Mode57,3.07654578287154,0.013,0.0141317509568989,UF
27,Mode48,14.8060808886984,0.0,0.0140857029426403,UF
28,Mode27,4.9821970953087,0.003,0.0139469753196081,UF
29,Mode71,5.80201292200144,0.0,0.013906484396065,UF
30,Mode22,2.70789369322458,0.024,0.0135359394279307,UF
31,Mode1,3.20199905146116,0.011,0.0132921227721038,UF
32,Mode103,7.19385314779817,0.0,0.0130720611637821,UF
33,Mode10,9.10813642113142,0.0,0.012999057340563,UF
34,Mode80,3.66784174087702,0.009,0.0127778096681262,UF
35,Mode163,9.30237153592626,0.0,0.0126995945269301,UF
36,Mode2,20.9880842341131,0.0,0.0123949296908562,UF
37,Mode25,8.80938334631322,0.0,0.0122047631916696,UF
38,Mode7,8.63629293527828,0.0,0.012203788889279,UF
39,Mode178,6.39589928211712,0.0,0.0117476035961665,UF
40,Mode45,11.7220957557522,0.0,0.0116007195768859,UF
41,Mode143,4.6914248151444,0.003,0.0112969044379255,UF
42,Mode58,5.96458998757138,0.0,0.0112100398246434,UF
43,Mode102,5.59887817560707,0.003,0.0111545157586531,UF
44,Mode99,5.61200868589167,0.003,0.0110084423835615,UF
45,Mode41,4.75058531946985,0.006,0.0109286794329324,UF
46,Mode172,5.12340472974925,0.003,0.010606870090323,UF
47,Mode78,18.3648924397434,0.0,0.0102987473970941,UF
48,Mode114,18.3007272359334,0.0,0.0102633968308153,UF
49,Mode89,7.20066488435462,0.003,0.0098964954373078,UF
50,Mode110,4.39062128809907,0.009,0.0098935152516666,UF
51,Mode77,3.16238803809088,0.032,0.0098467008654113,UF
52,Mode188,2.31989756640785,0.056,0.0098189413884602,UF
53,Mode195,4.52308863667312,0.009,0.0096859233868907,UF
54,Mode105,7.18541890858729,0.003,0.009553972802401,UF
55,Mode129,5.0178818821175,0.006,0.0094818588502731,UF
56,Mode51,5.95937858125306,0.006,0.0091255625825785,UF
57,Mode186,2.23445223667699,0.073,0.008916299966954,UF
58,Mode67,6.4553974472996,0.003,0.0088471784488132,UF
59,Mode70,15.4401276535922,0.0,0.00875729320561,UF
60,Mode73,4.32675717153692,0.011,0.008692072567018,UF
61,Mode82,4.94488877427217,0.009,0.008689776339466,UF
62,Mode5,5.05645104663902,0.009,0.00850237123901,UF
63,Mode63,14.9137332010531,0.0,0.0084265814570551,UF
64,Mode153,3.12753890401505,0.035,0.0084087888075057,UF
65,Mode100,14.8146434051714,0.0,0.0083285857472844,UF
66,Mode44,3.40782367827746,0.029,0.0082648912574139,UF
67,Mode40,14.5148413308491,0.0,0.0081556393533789,UF
68,Mode116,3.47389337932871,0.026,0.0081117134428484,UF
69,Mode93,3.0288160071972,0.041,0.0079613927234291,UF
70,Mode118,14.0422978086037,0.0,0.0078814025800475,UF
71,Mode166,14.0009805080215,0.0,0.0078777771024515,UF
72,Mode148,5.07999456211491,0.011,0.0077535641515469,UF
73,Mode50,13.5584437478935,0.0,0.0076387438365119,UF
74,Mode113,13.1562376117295,0.0,0.0075141149706263,UF
75,Mode111,12.9219925508012,0.0,0.0072688282571119,UF
76,Mode56,4.3577751401431,0.02,0.0072072603429136,UF
77,Mode3,3.79683358724093,0.029,0.0072028091400349,UF
78,Mode157,2.96696902963511,0.042,0.0070597784347035,UF
79,Mode184,4.91055570612543,0.015,0.0070177997065353,UF
80,Mode54,5.53095019557659,0.011,0.006954169347419,UF
81,Mode176,3.36021457650287,0.041,0.0069417461868713,UF
82,Mode55,10.6931526492929,0.003,0.0068678767847069,UF
83,Mode124,4.76863439798656,0.017,0.006816002579915,UF
84,Mode52,3.46553127850811,0.035,0.0065596429682184,UF
85,Mode12,7.56396719214714,0.013,0.0064461763931698,UF
86,Mode192,3.5113103202003,0.032,0.0063878172361984,UF
87,Mode68,6.25866145607002,0.015,0.0062522333621863,UF
88,Mode15,3.30541774730108,0.038,0.0061955015750519,UF
89,Mode162,3.89991336272257,0.029,0.0059926934821556,UF
90,Mode88,10.5672030924765,0.003,0.0059502775781416,UF
91,Mode72,10.3273183575276,0.003,0.0058171293177868,UF
92,Mode9,2.68176455725682,0.065,0.0057459139976362,UF
93,Mode109,3.2154298587527,0.053,0.0057022899712183,UF
94,Mode179,2.81139314402893,0.055,0.0055961719255313,UF
95,Mode42,9.59099543419693,0.006,0.0054224980973283,UF
96,Mode30,9.56576645005438,0.006,0.0053922939195449,UF
97,Mode182,2.29133064769744,0.09,0.0051309037962373,UF
98,Mode191,2.22305094129281,0.099,0.0050049708184122,UF
99,Mode101,3.29550490621906,0.072,0.0049607925474211,UF
100,Mode97,2.76211586671946,0.074,0.0049503439144517,UF
101,Mode171,3.70660153206406,0.038,0.004912402404183,UF
102,Mode79,2.29958536200266,0.092,0.0048340046753688,UF
103,Mode196,8.55930734933633,0.009,0.0048194309897367,UF
104,Mode49,6.36563527117929,0.026,0.0047863435977694,UF
105,Mode36,2.38691741643684,0.108,0.0046647843888228,UF
106,Mode131,1.83175160213437,0.235,0.0046556523445633,UF
107,Mode187,2.72134037434006,0.075,0.0046144325991608,UF
108,Mode91,8.1554287091088,0.011,0.004599502988625,UF
109,Mode94,2.371423978415,0.1,0.004469046171393,UF
110,Mode147,3.24262136741082,0.072,0.0043987378906969,UF
111,Mode189,5.1415416501432,0.042,0.0043597223913501,UF
112,Mode95,2.74279079120989,0.085,0.0042850119054402,UF
113,Mode154,4.30621140781026,0.059,0.0041997108052217,UF
114,Mode69,2.76871641330453,0.089,0.0041697640560197,UF
115,Mode61,4.62833709303734,0.055,0.0041139257271373,UF
116,Mode132,2.39995623693864,0.145,0.0041017652765939,UF
117,Mode87,2.46602159110055,0.151,0.0040790688105255,UF
118,Mode85,2.08472769465682,0.121,0.0040732974777037,UF
119,Mode170,5.70911040649798,0.035,0.0040649485741602,UF
120,Mode34,2.47139833693517,0.122,0.0040576453077627,UF
121,Mode66,2.77179170401771,0.072,0.0039224251463795,UF
122,Mode168,6.48789316939695,0.026,0.0036610761147933,UF
123,Mode19,6.30189947677208,0.027,0.0035719176202414,UF
124,Mode108,6.30913282959716,0.027,0.0035620971105356,UF
125,Mode31,2.18684707732,0.202,0.0035225676638313,UF
126,Mode35,5.82428019751004,0.034,0.0033048298628361,UF
127,Mode149,1.72658146227703,0.227,0.0031804723277725,UF
128,Mode134,1.63559287032237,0.212,0.0031735269545875,UF
129,Mode139,2.03294923681283,0.171,0.0031543370099441,UF
130,Mode64,1.99237881849451,0.181,0.0031361447205917,UF
131,Mode155,5.5115656267672,0.038,0.0031118045205276,UF
132,Mode53,5.29110426369012,0.042,0.0029871769948837,UF
133,Mode158,5.06315518280935,0.047,0.0028566001569362,UF
134,Mode122,4.88824223287293,0.049,0.0028413956393112,UF
135,Mode107,4.80731254014664,0.052,0.0027212263713855,UF
136,Mode159,4.72054864615624,0.055,0.0026674143011077,UF
137,Mode177,4.5638689256862,0.055,0.0026659706102922,UF
138,Mode175,1.42643359404144,0.332,0.0026270248981745,UF
139,Mode146,1.82610137876358,0.236,0.002615990124479,UF
140,Mode90,1.60277942408476,0.202,0.0025368629233145,UF
141,Mode160,4.36991727500111,0.064,0.0024674633348758,UF
142,Mode180,1.67986816674926,0.24,0.0022918497797567,UF
143,Mode39,3.95287373096463,0.076,0.00223488093779,UF
144,Mode81,3.11671340886772,0.133,0.0022302165757929,UF
145,Mode83,1.25276839560424,0.315,0.0022123077600877,UF
146,Mode145,1.30883192060959,0.315,0.0021609138635001,UF
147,Mode119,1.22894285775379,0.352,0.0020948071115588,UF
148,Mode190,0.776070263859041,0.433,0.0020347298084506,UF
149,Mode84,3.57592110752067,0.092,0.0020286995521973,UF
150,Mode75,3.49619599520954,0.096,0.0019817515626191,UF
151,Mode140,1.13786497042544,0.369,0.0019224352536794,UF
152,Mode141,1.21612325912478,0.32,0.0019156807769284,UF
153,Mode32,1.60216057040422,0.319,0.001909738536714,UF
154,Mode198,3.26665508587157,0.107,0.001845368383435,UF
155,Mode144,1.2030361393537,0.371,0.001835835800582,UF
156,Mode65,1.1682141629164,0.352,0.0018279237969586,UF
157,Mode199,0.966418916737428,0.398,0.0018215137716595,UF
158,Mode74,3.1561789251467,0.111,0.001791698133929,UF
159,Mode128,2.99131593249603,0.121,0.0016989081249517,UF
160,Mode181,2.63535907403208,0.149,0.0014886888380699,UF
161,Mode136,0.795315728266367,0.372,0.0014882688152562,UF
162,Mode26,2.17470423086929,0.214,0.0014751475149029,UF
163,Mode121,0.910828996429501,0.338,0.0014688748482426,UF
164,Mode193,0.722839531829768,0.563,0.0013045296565327,UF
165,Mode125,2.24473278854231,0.185,0.0012698462466457,UF
166,Mode152,2.14501096334249,0.195,0.0012273194769346,UF
167,Mode130,1.96168014431583,0.214,0.0011089068939663,UF
168,Mode115,1.83870887864353,0.229,0.0010405339520247,UF
169,Mode165,1.83495749768884,0.229,0.0010383761464786,UF
170,Mode137,1.66767728631052,0.25,0.000943069764727,UF
171,Mode183,0.810513999784136,0.594,0.0009090795737616,UF
172,Mode174,1.50529870118238,0.277,0.0008513140791816,UF
173,Mode123,0.380049900315424,0.671,0.0008324968496909,UF
174,Mode62,0.428822123497795,0.698,0.0007936066658704,UF
175,Mode24,1.29392184410993,0.315,0.0007335372698375,UF
176,Mode104,1.25519047490437,0.319,0.0007122331014862,UF
177,Mode98,1.25590871080603,0.319,0.0007110271677347,UF
178,Mode117,0.22142105262385,0.678,0.0006590982676465,UF
179,Mode156,0.259761031504751,0.77,0.000644879878449,UF
180,Mode47,0.986883837566611,0.368,0.0006111481031824,UF
181,Mode138,0.267580039565505,0.816,0.000460888328742,UF
182,Mode161,0.77031859085189,0.433,0.0004361773476498,UF
183,Mode16,0.708473831780174,0.449,0.0004094746795767,UF
184,Mode43,0.582046935698325,0.498,0.0003323363610484,UF
185,Mode112,0.567765631597939,0.501,0.0003213798989763,UF
186,Mode169,0.255918583909482,0.816,0.0003032599830704,UF
187,Mode135,0.513249406395978,0.524,0.0002915151253264,UF
188,Mode127,0.448063567115213,0.554,0.0002543601865887,UF
189,Mode86,0.384464906630131,0.583,0.0002177456341231,UF
190,Mode96,0.370103762627287,0.587,0.0002096278677833,UF
191,Mode106,0.350053307301965,0.594,0.0001982651730919,UF
192,Mode21,0.334870293974866,0.6,0.0001905486555275,UF
193,Mode197,0.316163114577866,0.608,0.0001789196502863,UF
194,Mode173,0.277953478391899,0.63,0.0001577528874319,UF
195,Mode164,0.107460070000816,0.767,6.10018851953813e-05,UF
196,Mode120,0.0440800676460996,0.844,2.52633111885737e-05,UF
197,Mode151,0.011246893131668,0.943,1.04918525275144e-05,UF
198,Mode92,0.0010777057521382,0.985,8.53905501377906e-07,UF
0,Mode4,84.9328752882197,0.0,0.0681518523556979,T_PREF
1,Mode50,117.782614486901,0.0,0.0636059423493247,T_PREF
2,Mode5,36.088588896704,0.0,0.0625856060926668,T_PREF
3,Mode13,74.7955286203727,0.0,0.0614318428848121,T_PREF
4,Mode55,105.902913350957,0.0,0.0565394525577038,T_PREF
5,Mode23,88.9058402216687,0.0,0.0478991708717725,T_PREF
6,Mode11,84.8213844649171,0.0,0.0457799986734479,T_PREF
7,Mode1,17.5056569297806,0.0,0.0447506579069491,T_PREF
8,Mode36,23.9932389440931,0.0,0.0429821490821745,T_PREF
9,Mode43,27.0824132626944,0.0,0.040947373766397,T_PREF
10,Mode32,74.8056598508474,0.0,0.0406162766661093,T_PREF
11,Mode94,29.9582177194551,0.0,0.0385091534118417,T_PREF
12,Mode6,70.6673771470274,0.0,0.0384955210354848,T_PREF
13,Mode14,69.8416348881094,0.0,0.0380097186600723,T_PREF
14,Mode35,11.4173862925176,0.0,0.0375943179287706,T_PREF
15,Mode21,20.1779893452304,0.0,0.0375847966111357,T_PREF
16,Mode48,22.7044918001814,0.0,0.034607563432753,T_PREF
17,Mode27,18.0034771551874,0.0,0.0342988763869705,T_PREF
18,Mode30,21.8099179298628,0.0,0.0304973426496272,T_PREF
19,Mode56,24.3695516120249,0.0,0.0300253520216965,T_PREF
20,Mode115,22.1327054058216,0.0,0.0297516088177926,T_PREF
21,Mode145,53.597944487512,0.0,0.0295412956089075,T_PREF
22,Mode26,52.5209203962652,0.0,0.0288514581249485,T_PREF
23,Mode29,43.9738535990466,0.0,0.0279198748628874,T_PREF
24,Mode66,37.7309440575195,0.0,0.0270869701337283,T_PREF
25,Mode33,17.8667333587047,0.0,0.0270223840731184,T_PREF
26,Mode7,17.477589290963,0.0,0.027001016881105,T_PREF
27,Mode34,16.8679911645653,0.0,0.0260691965474593,T_PREF
28,Mode181,46.3769502165296,0.0,0.0256096893130893,T_PREF
29,Mode16,6.8307858502994,0.0,0.025509796472954,T_PREF
30,Mode60,19.2024172334429,0.0,0.0251792796048083,T_PREF
31,Mode45,21.4665662240389,0.0,0.0250394186570103,T_PREF
32,Mode64,11.6013790519879,0.0,0.0242996639460162,T_PREF
33,Mode124,15.7277090501012,0.0,0.0241125769644005,T_PREF
34,Mode44,15.2947786744083,0.0,0.0237298396891679,T_PREF
35,Mode62,41.6423751874278,0.0,0.0230465582601929,T_PREF
36,Mode53,21.3225339575944,0.0,0.0218749592695975,T_PREF
37,Mode157,17.4520024332577,0.0,0.0208055267025217,T_PREF
38,Mode19,15.7690584743781,0.0,0.0201704090670146,T_PREF
39,Mode17,8.05588259390165,0.0,0.0199294368185288,T_PREF
40,Mode18,16.0924689314944,0.0,0.0195941038998461,T_PREF
41,Mode80,26.8645354229427,0.0,0.0195346260225883,T_PREF
42,Mode25,8.74160324509903,0.0,0.0189887953267082,T_PREF
43,Mode99,8.27447629967526,0.0,0.0189644273369504,T_PREF
44,Mode112,9.77637631944206,0.0,0.0188503238373077,T_PREF
45,Mode111,7.77290161778384,0.0,0.0180490579819959,T_PREF
46,Mode184,12.7432886881343,0.0,0.018008120367378,T_PREF
47,Mode40,26.1276034152773,0.0,0.0179214650281804,T_PREF
48,Mode175,4.50535447289254,0.0,0.0176965144672915,T_PREF
49,Mode95,12.4926503480542,0.0,0.0174809303244943,T_PREF
50,Mode42,13.0800873621625,0.0,0.0173972106094259,T_PREF
51,Mode75,15.2535687453701,0.0,0.0170699796090476,T_PREF
52,Mode162,29.7264195337505,0.0,0.0165901975716619,T_PREF
53,Mode74,7.50797648629439,0.0,0.0161253103973282,T_PREF
54,Mode88,28.402441110224,0.0,0.0158219577449216,T_PREF
55,Mode52,6.89104490684698,0.0,0.0152731700492102,T_PREF
56,Mode28,4.94652549487668,0.0,0.0145686783451265,T_PREF
57,Mode127,26.1136661907376,0.0,0.0145583761856236,T_PREF
58,Mode54,21.335293666651,0.0,0.0142868233422941,T_PREF
59,Mode2,14.5882076561577,0.0,0.0142027638693276,T_PREF
60,Mode123,7.1469741202991,0.0,0.0141852686315162,T_PREF
61,Mode98,9.94017832721389,0.0,0.0138529888195175,T_PREF
62,Mode152,24.1964502600853,0.0,0.0135496164804513,T_PREF
63,Mode59,13.2918195596613,0.0,0.0134608945963943,T_PREF
64,Mode83,6.83271090865209,0.0,0.0132617453514024,T_PREF
65,Mode81,11.4632261646693,0.0,0.0132584185897049,T_PREF
66,Mode190,13.8807461668488,0.0,0.0132305731103129,T_PREF
67,Mode106,8.21490511709613,0.0,0.0131548848068228,T_PREF
68,Mode3,3.65049771292383,0.006,0.0130238456258095,T_PREF
69,Mode105,7.62194602347961,0.0,0.0123942323652599,T_PREF
70,Mode97,21.9336841093413,0.0,0.0123395553696117,T_PREF
71,Mode154,7.32613681712664,0.0,0.0121316361021195,T_PREF
72,Mode8,6.40406229395931,0.0,0.0119794341416517,T_PREF
73,Mode46,7.7214425586627,0.0,0.011940610133085,T_PREF
74,Mode61,21.1322542650177,0.0,0.0118389851264321,T_PREF
75,Mode87,21.0756908295379,0.0,0.0117971447314969,T_PREF
76,Mode126,20.4853354290518,0.0,0.0114992229230731,T_PREF
77,Mode31,19.8430489729827,0.0,0.0111107243690496,T_PREF
78,Mode174,19.8022832670883,0.0,0.0111086773431488,T_PREF
79,Mode129,5.34779402980467,0.002,0.0104203688283104,T_PREF
80,Mode138,4.31301378861961,0.006,0.0102202310308849,T_PREF
81,Mode135,17.5744772781575,0.0,0.0099585571079207,T_PREF
82,Mode86,17.6502726316438,0.0,0.0099252695951197,T_PREF
83,Mode51,16.8253844465418,0.0,0.0094510541517592,T_PREF
84,Mode167,15.3020478225559,0.0,0.0093274253460312,T_PREF
85,Mode12,2.37935449110249,0.08,0.0092757142802235,T_PREF
86,Mode77,5.29782844020123,0.004,0.0092617904278433,T_PREF
87,Mode116,16.2792134361765,0.0,0.0091272135918825,T_PREF
88,Mode102,4.0651077500508,0.009,0.0090293054769856,T_PREF
89,Mode151,2.7318959362657,0.051,0.0087266157007473,T_PREF
90,Mode128,5.48227812371121,0.004,0.0085459103576664,T_PREF
91,Mode91,3.3440072212941,0.02,0.0081767327589529,T_PREF
92,Mode93,4.0283404812803,0.013,0.0081416383910127,T_PREF
93,Mode140,4.31247075884919,0.009,0.0080631349020277,T_PREF
94,Mode49,9.6483783496564,0.002,0.007980239227679,T_PREF
95,Mode110,9.83849424466485,0.002,0.0078805649769354,T_PREF
96,Mode58,13.7582128443083,0.0,0.0077336059899795,T_PREF
97,Mode109,13.6872336782896,0.0,0.0077327045142517,T_PREF
98,Mode68,5.38417744122217,0.008,0.0075031313742383,T_PREF
99,Mode92,3.86273970253909,0.02,0.0071363245134095,T_PREF
100,Mode78,5.57172657370026,0.006,0.007124660680531,T_PREF
101,Mode191,11.9116050078411,0.002,0.0067006063923668,T_PREF
102,Mode153,11.7315783906766,0.002,0.0066201613351003,T_PREF
103,Mode22,2.91197034632679,0.043,0.0065324270783563,T_PREF
104,Mode114,4.05664597116341,0.021,0.0064300244344246,T_PREF
105,Mode103,11.1460244422168,0.002,0.00638874233018,T_PREF
106,Mode168,3.84201107219154,0.027,0.0062953419337499,T_PREF
107,Mode82,4.16490893572772,0.022,0.0062725539066448,T_PREF
108,Mode195,10.9337540190842,0.002,0.0061619508473866,T_PREF
109,Mode96,3.86806353976937,0.022,0.006157485115837,T_PREF
110,Mode133,3.53266126717758,0.043,0.005761010933264,T_PREF
111,Mode164,10.0893130681297,0.004,0.0056939827625598,T_PREF
112,Mode108,9.80421949953624,0.004,0.0055278269021976,T_PREF
113,Mode117,2.89079029964966,0.058,0.0052556576805723,T_PREF
114,Mode137,2.92888839746413,0.058,0.0051599843694779,T_PREF
115,Mode156,9.05762219798198,0.006,0.0051182511406594,T_PREF
116,Mode71,8.43032588334499,0.008,0.0047584237245341,T_PREF
117,Mode76,2.6139798233551,0.072,0.0047467988362497,T_PREF
118,Mode121,2.70412855678137,0.075,0.0047440277145007,T_PREF
119,Mode165,3.48578776579723,0.043,0.0047261700224556,T_PREF
120,Mode100,8.20183566706114,0.008,0.0047192102578879,T_PREF
121,Mode47,8.30121985518385,0.008,0.0046782167696735,T_PREF
122,Mode169,2.8167415168937,0.091,0.0045832710559286,T_PREF
123,Mode171,2.91692830279856,0.079,0.0045675399893942,T_PREF
124,Mode89,2.90309392743039,0.083,0.0045588363615733,T_PREF
125,Mode150,3.07811051949615,0.07,0.004271829497832,T_PREF
126,Mode182,2.87153264684586,0.083,0.0042469217752537,T_PREF
127,Mode172,4.32275036006332,0.053,0.0041906717892516,T_PREF
128,Mode20,1.84514506324636,0.177,0.004176351738494,T_PREF
129,Mode73,7.07292116802236,0.015,0.0039907565107625,T_PREF
130,Mode198,1.48118562451359,0.199,0.0038146172002928,T_PREF
131,Mode176,6.56193649457671,0.018,0.0037441903923726,T_PREF
132,Mode122,6.51824285511277,0.02,0.0036878633789261,T_PREF
133,Mode149,6.14771172699585,0.022,0.003476923319007,T_PREF
134,Mode185,5.99857704865863,0.024,0.0033888814687416,T_PREF
135,Mode187,1.15494173328274,0.383,0.0031400125093594,T_PREF
136,Mode159,4.97657631618239,0.036,0.0031289514668259,T_PREF
137,Mode72,5.47794294984723,0.032,0.0031026054989258,T_PREF
138,Mode85,1.86058736082441,0.252,0.0030461009879315,T_PREF
139,Mode41,1.45352433532766,0.227,0.0030174799381456,T_PREF
140,Mode180,1.47248353117418,0.228,0.0028932684369416,T_PREF
141,Mode179,4.91954886350767,0.043,0.0027922464943785,T_PREF
142,Mode39,1.83559886135956,0.195,0.0027904433382618,T_PREF
143,Mode199,4.82145853015482,0.045,0.0027286788946693,T_PREF
144,Mode144,1.75614531360971,0.167,0.0027248816679662,T_PREF
145,Mode120,4.5754744062214,0.052,0.0026439540626524,T_PREF
146,Mode84,1.51142847561362,0.253,0.002518984896426,T_PREF
147,Mode186,1.69725203178057,0.206,0.0024725398879605,T_PREF
148,Mode10,1.67068913685293,0.209,0.0024686742460904,T_PREF
149,Mode141,1.48685971467011,0.228,0.0023291239325889,T_PREF
150,Mode37,2.32729835406091,0.119,0.0023138158813462,T_PREF
151,Mode69,0.880843125930523,0.4,0.0020671316602529,T_PREF
152,Mode57,1.28480154240444,0.357,0.0019713445569467,T_PREF
153,Mode107,3.4478184388298,0.09,0.0019665271515876,T_PREF
154,Mode196,3.42993595004036,0.09,0.0019659509609771,T_PREF
155,Mode15,3.34407362848342,0.096,0.0018879828254149,T_PREF
156,Mode158,1.23591866586271,0.343,0.0018256145511993,T_PREF
157,Mode170,2.30470849139523,0.214,0.0018036891349586,T_PREF
158,Mode90,2.74010035788092,0.136,0.0015520124604264,T_PREF
159,Mode163,0.71442386924113,0.408,0.0014248032145549,T_PREF
160,Mode130,0.8774374244463,0.343,0.0014188158186441,T_PREF
161,Mode143,1.58314528306703,0.214,0.0014092234560456,T_PREF
162,Mode132,2.39098230908029,0.167,0.0013549652971856,T_PREF
163,Mode101,0.725825099756778,0.529,0.0012156761401793,T_PREF
164,Mode183,2.13262662287985,0.195,0.0012093690183292,T_PREF
165,Mode67,2.02975729438445,0.204,0.0011512712231587,T_PREF
166,Mode134,1.99555532186969,0.206,0.0011341334235646,T_PREF
167,Mode142,1.99956467845632,0.206,0.0011336004885018,T_PREF
168,Mode118,1.74827348690984,0.231,0.0009887088164725,T_PREF
169,Mode24,0.660411123347449,0.605,0.0009764801533953,T_PREF
170,Mode38,0.517522465414509,0.473,0.0009488505150419,T_PREF
171,Mode189,1.60826462138098,0.252,0.0009106053369387,T_PREF
172,Mode139,1.47459122428866,0.273,0.0008345029166561,T_PREF
173,Mode131,1.25399674906738,0.317,0.0007117682616424,T_PREF
174,Mode188,1.16892113149468,0.336,0.0006635708626492,T_PREF
175,Mode160,1.11435405049166,0.343,0.0006342480484962,T_PREF
176,Mode63,1.00480670983452,0.368,0.0005686714415789,T_PREF
177,Mode173,0.94487597166747,0.383,0.0005384641913714,T_PREF
178,Mode65,0.859627175062804,0.4,0.0004990864364411,T_PREF
179,Mode178,0.871171694609096,0.4,0.0004933759789721,T_PREF
180,Mode193,0.839447078132719,0.408,0.0004817924431132,T_PREF
181,Mode155,0.731423528542536,0.437,0.0004137292820269,T_PREF
182,Mode146,0.679975844487652,0.453,0.0003854182874655,T_PREF
183,Mode197,0.614977854869147,0.473,0.0003478877909393,T_PREF
184,Mode194,0.565565784862643,0.492,0.0003198821721335,T_PREF
185,Mode9,0.526699482012463,0.506,0.0002983223211127,T_PREF
186,Mode70,0.0469588451426751,0.906,0.0002822946300499,T_PREF
187,Mode177,0.469792127681175,0.529,0.000266030749412,T_PREF
188,Mode148,0.369801562398812,0.578,0.0002096117914277,T_PREF
189,Mode136,0.275244149312571,0.639,0.0001618975366011,T_PREF
190,Mode161,0.261135838224304,0.639,0.0001481119774796,T_PREF
191,Mode119,0.250381800277463,0.644,0.0001424056423055,T_PREF
192,Mode192,0.240232963197923,0.653,0.0001397350978271,T_PREF
193,Mode166,0.119394480937517,0.753,6.9298887388046e-05,T_PREF
194,Mode147,0.0798138589343893,0.798,4.59683215513986e-05,T_PREF
195,Mode125,0.0468556570733608,0.851,2.72445285924849e-05,T_PREF
196,Mode79,0.0180839114384964,0.925,1.53625884301516e-05,T_PREF
197,Mode104,0.0245732596652864,0.893,1.46892514058305e-05,T_PREF
198,Mode113,0.0032257888545307,0.989,1.2611785088552e-05,T_PREF
0,Mode30,80.2257981123172,0.0,0.0467398887468924,T_PREM
1,Mode50,45.8812360449239,0.0,0.0433161896866035,T_PREM
2,Mode42,75.8375446435789,0.0,0.0411541766464391,T_PREM
3,Mode41,25.375509684915,0.0,0.0346429015362972,T_PREM
4,Mode22,21.5254450845393,0.0,0.0325629025861094,T_PREM
5,Mode199,36.6168569172942,0.0,0.0290113467831956,T_PREM
6,Mode1,14.3352757176822,0.0,0.0286054980145462,T_PREM
7,Mode27,13.9663132588405,0.0,0.027022413849573,T_PREM
8,Mode38,16.6974925780448,0.0,0.0269258616872266,T_PREM
9,Mode132,48.7018771351863,0.0,0.0268218784521838,T_PREM
10,Mode14,40.8777415769409,0.0,0.0258646582519003,T_PREM
11,Mode53,36.3144930336322,0.0,0.0249095859149548,T_PREM
12,Mode36,44.5629051906783,0.0,0.0245873106355122,T_PREM
13,Mode23,18.8961583392821,0.0,0.0229652937207643,T_PREM
14,Mode124,23.6244116123909,0.0,0.0224504279330867,T_PREM
15,Mode92,39.8706155132445,0.0,0.0221072833052756,T_PREM
16,Mode6,38.0326794136156,0.0,0.0210705277399533,T_PREM
17,Mode98,13.8453844293572,0.0,0.0191640362956781,T_PREM
18,Mode24,11.8890860020559,0.0,0.0187679525714417,T_PREM
19,Mode39,32.3892061505521,0.0,0.0179994458921414,T_PREM
20,Mode144,19.4763313846237,0.0,0.0169339360861843,T_PREM
21,Mode156,8.7872911590953,0.0,0.0157845656944545,T_PREM
22,Mode108,8.78628810866727,0.0,0.015530105227235,T_PREM
23,Mode33,26.2433936555802,0.0,0.0146503432544725,T_PREM
24,Mode9,20.9703706373658,0.0,0.01460756680351,T_PREM
25,Mode117,7.86073640448185,0.0,0.0142704955823877,T_PREM
26,Mode32,24.9671875104403,0.0,0.0139699290698099,T_PREM
27,Mode62,8.82373455535329,0.0,0.0138639935769531,T_PREM
28,Mode138,9.24344025891846,0.0,0.0136430601819316,T_PREM
29,Mode90,24.0819933675618,0.0,0.0135129559740865,T_PREM
30,Mode58,10.320243172737,0.0,0.0133297790998622,T_PREM
31,Mode37,8.16197579534037,0.0,0.0129656753341084,T_PREM
32,Mode191,8.07237647214641,0.0,0.0129623843702169,T_PREM
33,Mode163,8.17694366232569,0.0,0.0125034941513113,T_PREM
34,Mode115,15.1310655901134,0.0,0.0121561658742814,T_PREM
35,Mode153,9.26770115383706,0.0,0.0119632756313611,T_PREM
36,Mode10,9.97257045517969,0.0,0.0117739783734567,T_PREM
37,Mode130,8.85248967348104,0.0,0.011553516680841,T_PREM
38,Mode177,16.30591019031,0.0,0.0115402133965248,T_PREM
39,Mode134,7.65769358962107,0.0,0.0114396096493946,T_PREM
40,Mode185,5.77175308165651,0.003,0.0112708856881238,T_PREM
41,Mode101,19.9816045321518,0.0,0.011192567970799,T_PREM
42,Mode120,5.75303893527582,0.003,0.0111873358429682,T_PREM
43,Mode34,7.08738536602021,0.0,0.0107994890241766,T_PREM
44,Mode71,7.59333559151201,0.0,0.0106997658070494,T_PREM
45,Mode28,18.6688564873491,0.0,0.0104540005624121,T_PREM
46,Mode7,10.8823774912234,0.0,0.0103525062651533,T_PREM
47,Mode154,18.4543714643687,0.0,0.0103450032720777,T_PREM
48,Mode129,18.0671899881569,0.0,0.010138170949611,T_PREM
49,Mode176,7.52984655077121,0.0,0.0099931521341308,T_PREM
50,Mode64,6.68341655622039,0.003,0.0096584015758846,T_PREM
51,Mode106,17.140969878036,0.0,0.0096464342409229,T_PREM
52,Mode54,16.4929188172918,0.0,0.0092486012291029,T_PREM
53,Mode196,15.9475450175547,0.0,0.0092335248469236,T_PREM
54,Mode15,15.3433238094477,0.0,0.0086109888993878,T_PREM
55,Mode78,5.7434339314035,0.005,0.0085930060079484,T_PREM
56,Mode16,9.82689366721063,0.003,0.0085813011794327,T_PREM
57,Mode82,7.05853000278084,0.003,0.0084672039732175,T_PREM
58,Mode45,4.98181581756157,0.008,0.0084419892609913,T_PREM
59,Mode192,14.8969733314874,0.0,0.0083657132566276,T_PREM
60,Mode125,4.30322280464529,0.014,0.007746344346927,T_PREM
61,Mode12,4.54761812868072,0.012,0.0076891933505109,T_PREM
62,Mode31,6.37355178677404,0.005,0.0076785163014059,T_PREM
63,Mode20,7.66045444923761,0.005,0.0075632581550966,T_PREM
64,Mode68,5.37123667472082,0.008,0.0073712298399104,T_PREM
65,Mode79,3.73500578233249,0.023,0.0072801775202282,T_PREM
66,Mode26,9.63723986426623,0.005,0.0072031887420944,T_PREM
67,Mode70,12.6405398996282,0.0,0.0071001179766329,T_PREM
68,Mode121,12.2360437961459,0.0,0.006884043434101,T_PREM
69,Mode47,12.2032224009888,0.0,0.0068565647630757,T_PREM
70,Mode61,5.3030822344921,0.012,0.0067802551320577,T_PREM
71,Mode187,4.29699847413723,0.018,0.006668626034765,T_PREM
72,Mode48,3.31128905418732,0.036,0.0065388276279986,T_PREM
73,Mode174,5.39959951948372,0.012,0.0064732635882488,T_PREM
74,Mode3,11.4410620539638,0.003,0.0064714418469731,T_PREM
75,Mode190,11.4703126661665,0.003,0.006455267094489,T_PREM
76,Mode116,11.0943025707594,0.003,0.0062688071955954,T_PREM
77,Mode183,11.0979285527342,0.003,0.0062489243419341,T_PREM
78,Mode128,3.9560922848412,0.027,0.0061823482936232,T_PREM
79,Mode141,5.03248207953336,0.016,0.0061522721075646,T_PREM
80,Mode76,10.6504865471644,0.003,0.0060133997561011,T_PREM
81,Mode170,3.03605577578361,0.055,0.0058651080420366,T_PREM
82,Mode55,10.2195907507416,0.003,0.0057498193393303,T_PREM
83,Mode184,9.90574977704041,0.005,0.0055759217104182,T_PREM
84,Mode143,9.73365547404376,0.005,0.0054991205335092,T_PREM
85,Mode159,3.1494022231956,0.059,0.0053296911426845,T_PREM
86,Mode107,3.03312233571924,0.058,0.0052658311433002,T_PREM
87,Mode189,2.60268702267984,0.098,0.0052404691222658,T_PREM
88,Mode140,3.36640839954495,0.055,0.0051851538098632,T_PREM
89,Mode164,9.09249541345842,0.008,0.0051337853648316,T_PREM
90,Mode173,9.06887497529536,0.008,0.0051226082407099,T_PREM
91,Mode29,3.37453990136609,0.056,0.004905640698679,T_PREM
92,Mode65,8.68966213632578,0.008,0.0048954754530763,T_PREM
93,Mode147,8.26826367594068,0.01,0.0046619522336661,T_PREM
94,Mode13,3.29788240909076,0.07,0.0045362242277994,T_PREM
95,Mode145,3.19618273604365,0.069,0.0044923388817653,T_PREM
96,Mode165,7.80998121055044,0.012,0.0044100706166902,T_PREM
97,Mode102,7.56456951435382,0.014,0.0042655102675044,T_PREM
98,Mode178,2.5840935272364,0.099,0.0041274380198103,T_PREM
99,Mode105,2.02993561847627,0.15,0.0040872110378759,T_PREM
100,Mode67,2.63929383660895,0.113,0.0040553380982701,T_PREM
101,Mode133,3.39590576190508,0.074,0.0040501761543029,T_PREM
102,Mode180,2.60015177939196,0.105,0.0040148489665761,T_PREM
103,Mode89,2.89903716400554,0.098,0.0038587043386091,T_PREM
104,Mode25,2.23110972142729,0.146,0.0037928305621158,T_PREM
105,Mode166,3.47425049197554,0.059,0.0037400632100693,T_PREM
106,Mode35,4.40965792577775,0.074,0.0037381733460191,T_PREM
107,Mode110,4.49991414565778,0.042,0.0036833296409363,T_PREM
108,Mode75,6.29315097809324,0.027,0.0035499943589547,T_PREM
109,Mode136,2.36737141426208,0.15,0.0034742415425572,T_PREM
110,Mode142,1.43093899807681,0.253,0.0034437335678728,T_PREM
111,Mode96,1.7910837547042,0.198,0.0034365323066114,T_PREM
112,Mode93,6.03965977394843,0.031,0.0034108081993756,T_PREM
113,Mode149,1.99960085854245,0.243,0.0033925881289794,T_PREM
114,Mode195,2.18245605559424,0.175,0.0032860670627149,T_PREM
115,Mode17,5.8072278683513,0.035,0.0032780261332704,T_PREM
116,Mode150,2.75127835272163,0.092,0.003156493913066,T_PREM
117,Mode157,1.6289099747469,0.219,0.0031147049284835,T_PREM
118,Mode49,5.48822417043875,0.04,0.0030954024830076,T_PREM
119,Mode60,3.03253722233287,0.082,0.003094429382037,T_PREM
120,Mode97,1.72011868140887,0.235,0.0030106235798501,T_PREM
121,Mode158,1.86133619319809,0.25,0.0030045468110302,T_PREM
122,Mode197,3.05991867157423,0.152,0.0028823960381738,T_PREM
123,Mode193,1.30613060654754,0.305,0.0028646729848048,T_PREM
124,Mode52,5.02393624054587,0.052,0.0028351745520285,T_PREM
125,Mode46,1.51738373008165,0.259,0.0027340463523997,T_PREM
126,Mode186,2.40827392601723,0.117,0.0027027518487411,T_PREM
127,Mode127,2.01682710969324,0.15,0.0025905046372919,T_PREM
128,Mode19,1.64030824222011,0.279,0.0025509209403653,T_PREM
129,Mode56,4.50046144523716,0.066,0.0025409254812938,T_PREM
130,Mode5,2.46831410328808,0.214,0.0025171946067722,T_PREM
131,Mode84,1.62824693577461,0.253,0.0024409711054058,T_PREM
132,Mode18,4.30654220909224,0.071,0.002431566385324,T_PREM
133,Mode169,1.17465996119814,0.32,0.0023969353615807,T_PREM
134,Mode123,1.57820359606987,0.29,0.002393568263001,T_PREM
135,Mode73,4.16275764113854,0.075,0.0023608861901413,T_PREM
136,Mode188,1.36259168480526,0.316,0.0023401616504679,T_PREM
137,Mode119,1.28826709435467,0.316,0.0023290982803594,T_PREM
138,Mode2,3.99021664418412,0.082,0.0022526943023675,T_PREM
139,Mode182,1.22700656644408,0.347,0.002143650876636,T_PREM
140,Mode66,3.76002197143363,0.093,0.0021262118526659,T_PREM
141,Mode113,3.62224870775128,0.098,0.0020490584896816,T_PREM
142,Mode139,3.42900206483073,0.107,0.0019393181572392,T_PREM
143,Mode21,1.19948469102461,0.33,0.0018654554926613,T_PREM
144,Mode85,3.27493505418732,0.117,0.0018520485448238,T_PREM
145,Mode155,2.1021677064509,0.273,0.001825455084598,T_PREM
146,Mode168,1.07174154907671,0.384,0.0018051684819807,T_PREM
147,Mode100,2.60127887830596,0.184,0.0017628135623128,T_PREM
148,Mode175,1.08126165736589,0.397,0.0017197325094354,T_PREM
149,Mode103,1.02483929405384,0.413,0.0016683000614251,T_PREM
150,Mode8,1.61678761053769,0.355,0.0016675350581048,T_PREM
151,Mode162,1.00118807235751,0.422,0.0016403645622979,T_PREM
152,Mode167,0.640466643548244,0.531,0.001520442514837,T_PREM
153,Mode11,2.60323437688839,0.166,0.0014710757375134,T_PREM
154,Mode114,0.869189723097651,0.351,0.0014504247928432,T_PREM
155,Mode99,2.53202143055169,0.173,0.0014334733691815,T_PREM
156,Mode43,2.39386083833746,0.184,0.0013532152393754,T_PREM
157,Mode161,2.14581411953647,0.212,0.0012128117328685,T_PREM
158,Mode69,1.29256248912241,0.436,0.001195635189929,T_PREM
159,Mode112,1.8540075209032,0.259,0.0011763514833277,T_PREM
160,Mode122,2.04912697416837,0.219,0.0011759633446226,T_PREM
161,Mode111,0.569018626870157,0.482,0.0011639941908836,T_PREM
162,Mode59,1.99469003313893,0.228,0.0011269833712871,T_PREM
163,Mode172,0.971771678623619,0.532,0.0010662815349818,T_PREM
164,Mode94,0.51560144138823,0.607,0.001015518498175,T_PREM
165,Mode80,1.79325513913667,0.253,0.0010149855998658,T_PREM
166,Mode72,0.914886457807977,0.556,0.0009543458266715,T_PREM
167,Mode104,1.64369525488176,0.27,0.0009307286314494,T_PREM
168,Mode160,1.63289876517495,0.27,0.0009247336676516,T_PREM
169,Mode194,1.62135979509647,0.27,0.0009235734336952,T_PREM
170,Mode118,1.52828124227186,0.284,0.0008640742668606,T_PREM
171,Mode126,0.315426850239554,0.635,0.0008537776942838,T_PREM
172,Mode146,1.45296135805497,0.295,0.0008221981555916,T_PREM
173,Mode86,1.43294619039181,0.295,0.000819037287678,T_PREM
174,Mode4,1.28646301178374,0.32,0.0007288193228198,T_PREM
175,Mode95,1.16596182308812,0.351,0.0006926074448896,T_PREM
176,Mode135,1.1817213222048,0.341,0.0006705824661399,T_PREM
177,Mode131,0.857336023784853,0.495,0.0006521364988384,T_PREM
178,Mode40,1.06796053537435,0.359,0.0006043372309351,T_PREM
179,Mode198,1.01817646335796,0.37,0.0005779813596583,T_PREM
180,Mode171,1.01935407278955,0.37,0.0005773070313251,T_PREM
181,Mode44,0.98483614569369,0.376,0.0005569830908314,T_PREM
182,Mode152,0.895101920442811,0.397,0.0005062624926615,T_PREM
183,Mode179,0.199381383443018,0.832,0.0004975046864422,T_PREM
184,Mode83,0.105129365272268,0.794,0.0004227073845069,T_PREM
185,Mode87,0.660527431498744,0.487,0.0004056151149073,T_PREM
186,Mode151,0.701288072315788,0.452,0.0003981527142656,T_PREM
187,Mode81,0.555497754933495,0.501,0.0003155635861078,T_PREM
188,Mode181,0.405516517999421,0.565,0.0002294648326374,T_PREM
189,Mode57,0.359324946296078,0.587,0.0002061788008753,T_PREM
190,Mode77,0.342970437396701,0.594,0.0001941220202431,T_PREM
191,Mode137,0.171954819337964,0.711,9.7450946616641e-05,T_PREM
192,Mode51,0.150584727307917,0.728,8.53580244082771e-05,T_PREM
193,Mode74,0.139702807404375,0.735,7.91615796134878e-05,T_PREM
194,Mode63,0.111403131673238,0.762,6.32438217678438e-05,T_PREM
195,Mode88,0.0717411414988155,0.806,4.07516474417308e-05,T_PREM
196,Mode109,0.0450101337062737,0.843,2.57581623379944e-05,T_PREM
197,Mode91,0.0145397762074921,0.911,8.29284667227956e-06,T_PREM
198,Mode148,0.0041058692742396,0.954,2.8576588351276e-06,T_PREM
0,Mode6,73.2587188509074,0.0,0.0792366813574739,T_PREC
1,Mode1,34.7354305923314,0.0,0.0527877515725523,T_PREC
2,Mode20,25.0569296851109,0.0,0.0512611740172215,T_PREC
3,Mode146,25.796376192039,0.0,0.0396253375796507,T_PREC
4,Mode175,58.9542151658758,0.0,0.0350399583601687,T_PREC
5,Mode80,19.2950366720715,0.0,0.0327084587895783,T_PREC
6,Mode40,58.0469897965221,0.0,0.0319130568351042,T_PREC
7,Mode52,19.4961814377465,0.0,0.0306145973515344,T_PREC
8,Mode13,20.4731365561295,0.0,0.0304261095490482,T_PREC
9,Mode69,7.73434796895598,0.0,0.0286135911833667,T_PREC
10,Mode185,18.648206795566,0.0,0.0246873803845331,T_PREC
11,Mode54,21.4411365139176,0.0,0.0234890060568317,T_PREC
12,Mode27,21.4106533348074,0.0,0.0234031934344771,T_PREC
13,Mode140,20.8215041321658,0.0,0.0232875087333888,T_PREC
14,Mode190,40.7517543929435,0.0,0.0226282841335575,T_PREC
15,Mode86,13.0325223678058,0.0,0.0215177342252888,T_PREC
16,Mode194,21.2092331499308,0.0,0.0212258621445943,T_PREC
17,Mode122,37.5171868011221,0.0,0.0208417113982203,T_PREC
18,Mode62,13.5423642270503,0.0,0.0193123693211894,T_PREC
19,Mode100,12.2721385091135,0.0,0.0192810314575253,T_PREC
20,Mode187,15.334607958444,0.0,0.0185757427733653,T_PREC
21,Mode95,16.8624036390856,0.0,0.0185370590338117,T_PREC
22,Mode26,13.9640106113335,0.0,0.0184141462700296,T_PREC
23,Mode149,15.5263035748797,0.0,0.0182305578698142,T_PREC
24,Mode130,9.20828951212541,0.0,0.0176372805959217,T_PREC
25,Mode56,9.90121097092483,0.0,0.0169889830889245,T_PREC
26,Mode114,11.7062188756907,0.0,0.0167513698999942,T_PREC
27,Mode71,16.3316224562848,0.0,0.0155560471820218,T_PREC
28,Mode73,12.3618007919632,0.0,0.0154720628206571,T_PREC
29,Mode5,27.6432903773156,0.0,0.015423084180634,T_PREC
30,Mode10,11.8582781191209,0.0,0.0154123225160577,T_PREC
31,Mode57,27.3628964705858,0.0,0.0153629359506616,T_PREC
32,Mode39,9.43775642892052,0.0,0.0151430379090222,T_PREC
33,Mode182,9.10084485969286,0.0,0.0137648628836072,T_PREC
34,Mode76,15.8092108461062,0.0,0.0135811100708519,T_PREC
35,Mode128,9.42312926009647,0.0,0.0134441021237191,T_PREC
36,Mode85,6.90993596826751,0.0,0.0133666371898549,T_PREC
37,Mode129,12.0734165535461,0.0,0.0129564404923292,T_PREC
38,Mode160,15.1119606849148,0.0,0.0129080060345509,T_PREC
39,Mode33,8.71673655914666,0.0,0.0124544466264836,T_PREC
40,Mode81,22.186932696606,0.0,0.0124261365847418,T_PREC
41,Mode37,7.74624446720984,0.0,0.0122155062915679,T_PREC
42,Mode29,5.71103781884758,0.0,0.0121847702803658,T_PREC
43,Mode38,14.3543240302943,0.0,0.0119623836738308,T_PREC
44,Mode107,19.8449200959521,0.0,0.011114659222683,T_PREC
45,Mode112,4.30725386085069,0.005,0.0110116159456482,T_PREC
46,Mode153,19.4662363375088,0.0,0.0109355773177925,T_PREC
47,Mode110,5.6871009277467,0.003,0.0105772446496831,T_PREC
48,Mode15,18.6224923005514,0.0,0.010424603419078,T_PREC
49,Mode46,18.1560391343296,0.0,0.0101814391469939,T_PREC
50,Mode172,18.0039986593564,0.0,0.0101227180970181,T_PREC
51,Mode174,7.57660807341332,0.0,0.0101145445878792,T_PREC
52,Mode179,5.52802155285428,0.003,0.0100614751805311,T_PREC
53,Mode63,6.0192393034374,0.003,0.0100408297391003,T_PREC
54,Mode9,6.68368100100116,0.003,0.0096815816693583,T_PREC
55,Mode108,17.0161298896022,0.0,0.0095479662921386,T_PREC
56,Mode150,7.64765362620028,0.0,0.0095363785468632,T_PREC
57,Mode193,7.32491343209036,0.003,0.009490693041201,T_PREC
58,Mode113,5.64839595506336,0.003,0.0094469169068966,T_PREC
59,Mode34,5.22842056976736,0.005,0.0094353051554485,T_PREC
60,Mode79,5.54806242351036,0.003,0.0094243072673902,T_PREC
61,Mode94,4.42486258711063,0.007,0.0094010564058049,T_PREC
62,Mode43,11.9128982121365,0.0,0.0090348596116848,T_PREC
63,Mode93,16.0624359898133,0.0,0.0090101795658111,T_PREC
64,Mode2,15.87451224341,0.0,0.0089052773038127,T_PREC
65,Mode25,2.22315601310722,0.092,0.008901183356592,T_PREC
66,Mode91,15.7652383593538,0.0,0.0088549681393876,T_PREC
67,Mode152,15.7316583625288,0.0,0.0088407212602823,T_PREC
68,Mode127,4.34009947517856,0.009,0.0087804032619219,T_PREC
69,Mode83,15.3581743990392,0.0,0.0086165724825906,T_PREC
70,Mode102,4.85850461058635,0.007,0.0083765772082312,T_PREC
71,Mode22,4.21248907178801,0.011,0.0082192000798069,T_PREC
72,Mode188,8.62381132575985,0.003,0.0080919220054109,T_PREC
73,Mode51,4.25027607524985,0.011,0.0080192549384803,T_PREC
74,Mode30,11.9188537870112,0.0,0.0077993549786375,T_PREC
75,Mode136,5.80405202347842,0.007,0.0077801477052136,T_PREC
76,Mode101,5.12528563271496,0.009,0.0076351637514079,T_PREC
77,Mode3,6.06277918774016,0.005,0.0075308178654003,T_PREC
78,Mode138,12.8913106088876,0.0,0.007283366038874,T_PREC
79,Mode169,4.37654687637686,0.015,0.0072362948097339,T_PREC
80,Mode18,12.7959187942492,0.0,0.0071956451866379,T_PREC
81,Mode55,5.31189793305959,0.009,0.0071523987907633,T_PREC
82,Mode8,10.885136760703,0.003,0.0070416342956181,T_PREC
83,Mode78,4.54836385225948,0.015,0.0068375158866314,T_PREC
84,Mode165,3.90920803604636,0.024,0.0067254901409167,T_PREC
85,Mode147,2.28060650290423,0.12,0.0067107514931243,T_PREC
86,Mode105,11.699803119845,0.003,0.0065767042560306,T_PREC
87,Mode23,3.57955010610647,0.031,0.0063657199765428,T_PREC
88,Mode48,11.0558138659451,0.003,0.006226317662616,T_PREC
89,Mode89,3.08578647656857,0.042,0.0059736964939167,T_PREC
90,Mode45,3.59011415844927,0.041,0.0058242629068691,T_PREC
91,Mode77,4.08281433043992,0.033,0.005608396493122,T_PREC
92,Mode167,9.89488786127009,0.005,0.0055731092625303,T_PREC
93,Mode65,9.84016247863991,0.005,0.0055411795127154,T_PREC
94,Mode28,3.09355608032633,0.049,0.0053970604861365,T_PREC
95,Mode126,9.47825125864473,0.005,0.0053566771082786,T_PREC
96,Mode117,9.13008410046619,0.007,0.0051657692338909,T_PREC
97,Mode84,8.90387344474126,0.007,0.0051369631618774,T_PREC
98,Mode198,3.30404675822088,0.069,0.0051120838132981,T_PREC
99,Mode161,8.65160233656632,0.007,0.0049276505567139,T_PREC
100,Mode154,8.4865124744761,0.009,0.0047857520742171,T_PREC
101,Mode162,5.83428726157205,0.031,0.0046907399228475,T_PREC
102,Mode180,2.78618662887039,0.111,0.0046040826765652,T_PREC
103,Mode121,8.09469756291248,0.009,0.0045661608803441,T_PREC
104,Mode189,2.72391422670487,0.106,0.004431809154458,T_PREC
105,Mode99,2.24881911447385,0.114,0.0043492778641009,T_PREC
106,Mode155,2.81996302377645,0.095,0.0043363268771281,T_PREC
107,Mode96,2.47695406434087,0.104,0.0043261997838684,T_PREC
108,Mode88,7.65637387858704,0.013,0.0043186773636454,T_PREC
109,Mode87,2.85853281208357,0.082,0.0042785220029645,T_PREC
110,Mode19,2.47994894128344,0.099,0.0041751387120855,T_PREC
111,Mode41,2.03614433727353,0.132,0.0040844106486744,T_PREC
112,Mode109,7.13462675260114,0.017,0.0040283082942323,T_PREC
113,Mode58,2.08287999122706,0.132,0.003893839545355,T_PREC
114,Mode70,2.57439943610329,0.11,0.0037506363961063,T_PREC
115,Mode32,2.95783047735111,0.089,0.0036948515372086,T_PREC
116,Mode195,6.53635813745577,0.023,0.0036928183651612,T_PREC
117,Mode145,6.45372649176524,0.023,0.0036639921224279,T_PREC
118,Mode68,2.24392191843773,0.149,0.0035862589713403,T_PREC
119,Mode131,2.50974401025905,0.099,0.0035736643592285,T_PREC
120,Mode24,1.86526377438454,0.19,0.0033949224403553,T_PREC
121,Mode164,6.01528627507798,0.028,0.0033920682075342,T_PREC
122,Mode120,2.14097271627102,0.17,0.0033685982857628,T_PREC
123,Mode135,5.80108405420201,0.031,0.0032841080163587,T_PREC
124,Mode17,1.93535185685249,0.181,0.0031765607506676,T_PREC
125,Mode82,1.38527641910543,0.243,0.0030434836696121,T_PREC
126,Mode49,5.37696338220026,0.04,0.0030370889659088,T_PREC
127,Mode50,1.64204167937164,0.216,0.0030129407257873,T_PREC
128,Mode75,5.27576519115718,0.041,0.0029791350733929,T_PREC
129,Mode115,5.27016500899271,0.041,0.002976217113274,T_PREC
130,Mode123,5.02680331701948,0.046,0.0028400265570305,T_PREC
131,Mode31,2.70494186136602,0.167,0.0027976457542874,T_PREC
132,Mode134,1.57507782738221,0.262,0.0027374781853675,T_PREC
133,Mode66,1.39735888962644,0.259,0.0027034964831956,T_PREC
134,Mode21,1.73462285261841,0.221,0.0026166859287406,T_PREC
135,Mode103,4.60867483571182,0.057,0.0026076966196364,T_PREC
136,Mode98,4.61482055426727,0.057,0.0026074722322877,T_PREC
137,Mode156,1.50615372577524,0.259,0.0025231077318233,T_PREC
138,Mode181,4.43029859657983,0.062,0.0025085171435656,T_PREC
139,Mode11,2.81201704305822,0.17,0.0024665126058976,T_PREC
140,Mode177,1.31690870640531,0.286,0.0024177434935395,T_PREC
141,Mode124,4.2204872863105,0.069,0.0023917196131661,T_PREC
142,Mode42,1.33676804517362,0.359,0.0022001452594906,T_PREC
143,Mode97,3.84812137589898,0.085,0.002177140025238,T_PREC
144,Mode72,1.81325959600995,0.264,0.0021496340830743,T_PREC
145,Mode141,1.55270646537991,0.195,0.0020938559405971,T_PREC
146,Mode173,1.25947373489201,0.362,0.0019377910536913,T_PREC
147,Mode157,1.85276653275443,0.291,0.001922581946446,T_PREC
148,Mode196,3.2654054113032,0.111,0.0018440096754567,T_PREC
149,Mode139,2.62854062230448,0.17,0.0018402326704892,T_PREC
150,Mode67,3.24151307677467,0.112,0.0018302042964234,T_PREC
151,Mode118,3.16213706963291,0.116,0.0017933556390822,T_PREC
152,Mode148,2.73781686249913,0.132,0.0017550864656495,T_PREC
153,Mode144,0.859902524301099,0.49,0.0016126386155103,T_PREC
154,Mode44,0.973264419899241,0.403,0.0015929715403794,T_PREC
155,Mode183,2.67130440696674,0.149,0.0015175437583104,T_PREC
156,Mode163,1.40852112296787,0.404,0.0014465213394387,T_PREC
157,Mode171,0.803178158359859,0.449,0.0014294024172809,T_PREC
158,Mode142,2.50328736580527,0.166,0.0014163840991659,T_PREC
159,Mode137,1.03213992159618,0.458,0.0014087229889422,T_PREC
160,Mode106,2.41836807515881,0.17,0.0013685315393706,T_PREC
161,Mode74,2.40549381388684,0.17,0.0013602085847002,T_PREC
162,Mode168,2.38242967844644,0.17,0.0013478428009666,T_PREC
163,Mode186,1.4088926466975,0.246,0.0013303393200195,T_PREC
164,Mode111,2.33687018787399,0.173,0.0013235429542195,T_PREC
165,Mode7,1.5228900470278,0.359,0.001221546129177,T_PREC
166,Mode151,2.11642993804191,0.195,0.0012013819661065,T_PREC
167,Mode59,0.784578319109744,0.544,0.0011832632270601,T_PREC
168,Mode158,0.675084676486414,0.558,0.0011531806733194,T_PREC
169,Mode133,2.02342173459101,0.206,0.0011450215387534,T_PREC
170,Mode61,0.786396105442376,0.56,0.0010982619397192,T_PREC
171,Mode35,0.479011918313931,0.544,0.0010922492993655,T_PREC
172,Mode14,1.67940631319439,0.256,0.0009888670031721,T_PREC
173,Mode119,1.57188798878452,0.282,0.0009816484760313,T_PREC
174,Mode132,1.7032915387416,0.247,0.0009637684107098,T_PREC
175,Mode104,1.38201526457931,0.337,0.0009400143397814,T_PREC
176,Mode53,0.876543245420876,0.56,0.0008186329253248,T_PREC
177,Mode36,1.43987855588154,0.282,0.000815631982216,T_PREC
178,Mode12,1.43805529345691,0.282,0.0008136248741199,T_PREC
179,Mode47,1.33453418725031,0.298,0.0007563908886329,T_PREC
180,Mode4,0.524971502855484,0.714,0.0006335556328978,T_PREC
181,Mode176,0.322770924640679,0.788,0.0006038343405918,T_PREC
182,Mode166,0.969946360945781,0.378,0.0005491040867754,T_PREC
183,Mode178,0.193634781822004,0.817,0.0005239238797431,T_PREC
184,Mode197,0.836180029253916,0.413,0.0004731895586395,T_PREC
185,Mode64,0.325319615180286,0.801,0.0003812804799082,T_PREC
186,Mode170,0.645292316623253,0.474,0.0003649649482116,T_PREC
187,Mode116,0.58744752107442,0.494,0.0003323250652908,T_PREC
188,Mode191,0.118745513477272,0.9,0.000287480620922,T_PREC
189,Mode199,0.0484232620935346,0.877,0.0002767985412718,T_PREC
190,Mode143,0.225770004933202,0.837,0.0002668017762649,T_PREC
191,Mode90,0.233915565629386,0.817,0.0002453732499054,T_PREC
192,Mode159,0.410303913723344,0.562,0.0002339481283509,T_PREC
193,Mode92,0.375334621082225,0.578,0.0002146438309635,T_PREC
194,Mode184,0.212568992989268,0.701,0.0001308082269208,T_PREC
195,Mode125,0.205838344759661,0.693,0.0001167055344866,T_PREC
196,Mode60,0.0297606016839569,0.877,1.68485619700473e-05,T_PREC
197,Mode192,0.0237856971780813,0.888,1.39830626432193e-05,T_PREC
198,Mode16,0.007635400716197,0.933,4.64250347910536e-06,T_PREC
0,Mode20,27.9773206895415,0.0,0.0396627826310984,T_POSTC
1,Mode13,28.1736310066538,0.0,0.0327055926889195,T_POSTC
2,Mode165,16.1597275735372,0.0,0.0291507855271687,T_POSTC
3,Mode6,48.167578524027,0.0,0.0265615346623637,T_POSTC
4,Mode38,46.0113570357931,0.0,0.0254015976387382,T_POSTC
5,Mode48,17.5214774477573,0.0,0.0238742689324574,T_POSTC
6,Mode145,40.6648198760046,0.0,0.0225048135050261,T_POSTC
7,Mode55,15.1342318496212,0.0,0.017749162172276,T_POSTC
8,Mode198,12.3771397991121,0.0,0.0174357779626236,T_POSTC
9,Mode128,30.4173058492083,0.0,0.0169221403354825,T_POSTC
10,Mode172,30.0278496570838,0.0,0.0169214487159689,T_POSTC
11,Mode118,6.16519535464055,0.0,0.0168774885922879,T_POSTC
12,Mode49,9.01753825440845,0.0,0.0166085230586037,T_POSTC
13,Mode122,28.4101074095085,0.0,0.0160318759015893,T_POSTC
14,Mode161,9.01549008460792,0.0,0.0159133483932264,T_POSTC
15,Mode12,11.8195641366411,0.0,0.0158571459757875,T_POSTC
16,Mode10,12.1109804673883,0.0,0.015565062761271,T_POSTC
17,Mode133,8.86728958405635,0.0,0.015545922108454,T_POSTC
18,Mode117,5.64207208265367,0.0,0.0154742548280379,T_POSTC
19,Mode28,9.05773923114402,0.0,0.0151732824124437,T_POSTC
20,Mode5,26.1592731980836,0.0,0.014603209284355,T_POSTC
21,Mode68,19.6044358276067,0.0,0.0142960392186396,T_POSTC
22,Mode60,11.5755413800525,0.0,0.0142676916581596,T_POSTC
23,Mode7,6.7130686117369,0.0,0.0138911479673474,T_POSTC
24,Mode100,17.4856064894878,0.0,0.0137608005714373,T_POSTC
25,Mode14,6.34598973559015,0.0,0.0130892271193591,T_POSTC
26,Mode177,10.2470767538543,0.0,0.0125331577105593,T_POSTC
27,Mode1,22.4267773197853,0.0,0.012526625298491,T_POSTC
28,Mode32,9.35871777433487,0.0,0.0123530399189868,T_POSTC
29,Mode54,20.9178529434407,0.0,0.0116983083671127,T_POSTC
30,Mode181,15.4180110070432,0.0,0.0113227168194203,T_POSTC
31,Mode125,19.7371854316426,0.0,0.0110438118458508,T_POSTC
32,Mode106,18.9366268834697,0.0,0.0106155661173145,T_POSTC
33,Mode34,18.9541404219185,0.0,0.0106077816537535,T_POSTC
34,Mode175,7.0793792909158,0.0,0.0103959120697372,T_POSTC
35,Mode45,7.96720142567313,0.0,0.0101747038740972,T_POSTC
36,Mode41,17.7710189751195,0.0,0.0101341116529919,T_POSTC
37,Mode72,11.0509342658664,0.0,0.0099256016696058,T_POSTC
38,Mode39,5.61268237308398,0.004,0.0097005720112576,T_POSTC
39,Mode30,7.03095582313015,0.004,0.0092751857629419,T_POSTC
40,Mode173,5.92710279986913,0.007,0.0088211647971679,T_POSTC
41,Mode194,6.45741405323578,0.004,0.0087340884409388,T_POSTC
42,Mode40,7.6647908808647,0.004,0.0086180691645145,T_POSTC
43,Mode101,7.96052111915801,0.004,0.0085726206304957,T_POSTC
44,Mode146,15.0499284475877,0.0,0.0084453180643943,T_POSTC
45,Mode140,5.8217163475194,0.007,0.0083699149044025,T_POSTC
46,Mode66,5.14616054370902,0.01,0.0082903014583833,T_POSTC
47,Mode98,14.6085886523061,0.0,0.0081992404623836,T_POSTC
48,Mode114,5.9511288609469,0.007,0.0080761354443992,T_POSTC
49,Mode167,5.81237023354264,0.01,0.008055309318072,T_POSTC
50,Mode53,4.05942105997984,0.017,0.0080007107733631,T_POSTC
51,Mode37,8.20566363870952,0.004,0.0079628021140343,T_POSTC
52,Mode47,5.679599985306,0.007,0.0079311967284652,T_POSTC
53,Mode138,4.29612204225984,0.017,0.0077896686474863,T_POSTC
54,Mode155,12.5216289529766,0.0,0.007547621967874,T_POSTC
55,Mode21,4.61095916353514,0.017,0.0073720100479239,T_POSTC
56,Mode80,12.9657363558094,0.0,0.0072873816917712,T_POSTC
57,Mode81,7.85686491391844,0.01,0.0072475832009274,T_POSTC
58,Mode123,12.5265984756088,0.0,0.0070470356336239,T_POSTC
59,Mode163,4.64995269485885,0.019,0.0070363219455246,T_POSTC
60,Mode168,12.2621196253358,0.0,0.0069028766907104,T_POSTC
61,Mode189,3.88151547786531,0.034,0.0067869866729771,T_POSTC
62,Mode91,10.5702787304547,0.004,0.0065395131367317,T_POSTC
63,Mode4,3.59679175169056,0.044,0.0061940245760631,T_POSTC
64,Mode87,2.84852758097483,0.076,0.0059019872852829,T_POSTC
65,Mode76,9.87091685477714,0.007,0.0055551832447528,T_POSTC
66,Mode104,4.03138277237981,0.04,0.0055231571944216,T_POSTC
67,Mode147,2.61967680263041,0.094,0.0055119198247732,T_POSTC
68,Mode166,4.18925780114774,0.038,0.0052198276018144,T_POSTC
69,Mode2,2.81832315086711,0.076,0.0051402756381849,T_POSTC
70,Mode23,6.21304625137103,0.031,0.0051228902500385,T_POSTC
71,Mode82,9.07204433603308,0.01,0.0051109430121075,T_POSTC
72,Mode31,3.66083014099093,0.045,0.0049433823460028,T_POSTC
73,Mode124,8.7760616385693,0.01,0.0049396774077705,T_POSTC
74,Mode71,8.67700305042148,0.01,0.0048909172413535,T_POSTC
75,Mode197,2.84518078615257,0.125,0.0047535971445037,T_POSTC
76,Mode192,8.40473844463017,0.012,0.0047390868004587,T_POSTC
77,Mode111,3.45773991469531,0.053,0.0047330606380832,T_POSTC
78,Mode150,2.78081008860262,0.097,0.004641960346743,T_POSTC
79,Mode44,8.19260318552885,0.012,0.00461255168518,T_POSTC
80,Mode22,2.36337530411057,0.116,0.0045491109980323,T_POSTC
81,Mode64,2.85427449612617,0.101,0.0045407754525277,T_POSTC
82,Mode179,2.51721442940724,0.119,0.0044878056305476,T_POSTC
83,Mode126,3.1046274670341,0.09,0.0044091536327728,T_POSTC
84,Mode103,7.69795475681682,0.017,0.0043376194726292,T_POSTC
85,Mode130,2.39592004997643,0.119,0.0043205088793945,T_POSTC
86,Mode17,7.45071558766414,0.017,0.0042057454234131,T_POSTC
87,Mode187,2.8169226690734,0.102,0.0041827020871311,T_POSTC
88,Mode95,2.47757429177378,0.153,0.0041033808574688,T_POSTC
89,Mode176,7.27238753179198,0.019,0.0041021293995844,T_POSTC
90,Mode25,7.25125410509889,0.019,0.0040859513313593,T_POSTC
91,Mode3,2.03448224182266,0.155,0.0040500263032703,T_POSTC
92,Mode186,3.10469712138968,0.09,0.0039562683808682,T_POSTC
93,Mode59,6.84220865574744,0.025,0.0038557662462607,T_POSTC
94,Mode180,2.1302405025452,0.167,0.0038015139067327,T_POSTC
95,Mode154,6.73059698938273,0.027,0.0037953607989565,T_POSTC
96,Mode61,3.29795409525396,0.074,0.0037156044139867,T_POSTC
97,Mode24,2.20317491948272,0.153,0.0036822598043711,T_POSTC
98,Mode149,2.75610154107694,0.118,0.003619374458259,T_POSTC
99,Mode50,1.93703918829661,0.205,0.0035799219418976,T_POSTC
100,Mode174,6.29129452560332,0.031,0.0035510561980082,T_POSTC
101,Mode36,2.368645911004,0.119,0.0034167674719632,T_POSTC
102,Mode93,3.06659311828864,0.084,0.0033954003853624,T_POSTC
103,Mode75,5.9398516158461,0.038,0.0033951995471855,T_POSTC
104,Mode96,2.05384831247794,0.21,0.0032108612429162,T_POSTC
105,Mode77,5.55704620859707,0.045,0.0031346463772449,T_POSTC
106,Mode46,4.41320753864537,0.08,0.003113700003145,T_POSTC
107,Mode105,1.60577410585533,0.245,0.0030938720563945,T_POSTC
108,Mode121,5.4813584624561,0.045,0.0030919123322983,T_POSTC
109,Mode26,1.80463820138897,0.226,0.0030556048134654,T_POSTC
110,Mode171,1.69246908228572,0.262,0.0029788479368015,T_POSTC
111,Mode85,5.20161945434124,0.053,0.002940160015334,T_POSTC
112,Mode73,4.98935887971962,0.059,0.0028197355961279,T_POSTC
113,Mode19,3.46291346122978,0.133,0.0028063891221258,T_POSTC
114,Mode188,2.09697283295594,0.197,0.0027976519676824,T_POSTC
115,Mode141,1.81143851180106,0.181,0.0026891761231487,T_POSTC
116,Mode110,4.75164664786788,0.066,0.0026823217197128,T_POSTC
117,Mode143,4.73257772204034,0.066,0.0026703267580705,T_POSTC
118,Mode164,4.70657308185897,0.066,0.0026588299630365,T_POSTC
119,Mode84,1.42576753637995,0.301,0.0025884309090017,T_POSTC
120,Mode43,1.81820697927192,0.247,0.0024941086534365,T_POSTC
121,Mode29,1.56522967514678,0.227,0.0024933339197813,T_POSTC
122,Mode113,4.38990636250119,0.076,0.0024795846393945,T_POSTC
123,Mode56,1.37729865606517,0.326,0.0024749833966702,T_POSTC
124,Mode108,1.70970681782286,0.282,0.0024720929859982,T_POSTC
125,Mode119,1.42322328166587,0.318,0.0024628913636415,T_POSTC
126,Mode89,4.24034709385268,0.083,0.0023962466166933,T_POSTC
127,Mode195,1.28657366563768,0.374,0.0023779937091395,T_POSTC
128,Mode27,3.38224908737941,0.131,0.0023505597415788,T_POSTC
129,Mode65,1.19729562689214,0.371,0.0023230306806089,T_POSTC
130,Mode137,1.49123320787655,0.326,0.0023100564178556,T_POSTC
131,Mode78,3.6982165215255,0.105,0.0020912839203519,T_POSTC
132,Mode144,1.14684680667566,0.399,0.0020891716274071,T_POSTC
133,Mode162,1.22165110418852,0.409,0.0020212484089438,T_POSTC
134,Mode196,3.55345253631554,0.114,0.0020164960842431,T_POSTC
135,Mode33,3.42433657044666,0.118,0.0019350447388441,T_POSTC
136,Mode86,3.3560119674626,0.119,0.0018946990294772,T_POSTC
137,Mode18,0.929114406567042,0.454,0.0018670533258233,T_POSTC
138,Mode58,0.924895456590974,0.504,0.0017258748163677,T_POSTC
139,Mode109,0.893461949914098,0.471,0.0016262369348403,T_POSTC
140,Mode178,2.72254632624151,0.166,0.0015419281583984,T_POSTC
141,Mode131,0.960016469721836,0.466,0.0015081931628152,T_POSTC
142,Mode97,1.23801905999608,0.464,0.001497961727817,T_POSTC
143,Mode62,2.62178897120148,0.174,0.0014835994391518,T_POSTC
144,Mode183,1.56942783860988,0.409,0.0014773320356518,T_POSTC
145,Mode63,0.723641032990061,0.55,0.001438771069851,T_POSTC
146,Mode159,2.38393810708526,0.197,0.0013501756739761,T_POSTC
147,Mode88,0.543060550664113,0.572,0.0011771176015157,T_POSTC
148,Mode139,0.901277966918085,0.394,0.0011744905862607,T_POSTC
149,Mode134,0.724176382028945,0.579,0.0011741109065755,T_POSTC
150,Mode74,1.97700193328925,0.245,0.0011179897233341,T_POSTC
151,Mode9,1.94452131627274,0.247,0.0010997572843643,T_POSTC
152,Mode16,1.68202420109404,0.306,0.0010561607738128,T_POSTC
153,Mode142,1.80310374606297,0.266,0.0010204630293088,T_POSTC
154,Mode129,1.67537115784481,0.287,0.0009472912257356,T_POSTC
155,Mode42,0.993554589517953,0.471,0.000687542182811,T_POSTC
156,Mode70,0.564762149117176,0.725,0.0006354955660541,T_POSTC
157,Mode51,0.236728096466336,0.801,0.000620953582202,T_POSTC
158,Mode99,1.08738980157539,0.405,0.0006149420537365,T_POSTC
159,Mode148,1.02828169584575,0.415,0.0005828005159277,T_POSTC
160,Mode127,1.00147819348725,0.421,0.0005667060898698,T_POSTC
161,Mode94,0.50766075701286,0.747,0.0005575072388828,T_POSTC
162,Mode90,0.958703606026881,0.431,0.0005422461415329,T_POSTC
163,Mode52,0.952602493575738,0.431,0.0005388757016095,T_POSTC
164,Mode112,0.93451382253101,0.434,0.0005298544186446,T_POSTC
165,Mode152,0.899599371716219,0.442,0.0005180952800223,T_POSTC
166,Mode170,0.136363634838838,0.823,0.0005148173892265,T_POSTC
167,Mode184,0.423119537311632,0.579,0.0004846225258214,T_POSTC
168,Mode132,0.828435286314437,0.463,0.0004695507160434,T_POSTC
169,Mode135,0.768031585231222,0.471,0.0004353753734564,T_POSTC
170,Mode193,0.723881362168993,0.485,0.0004098314009308,T_POSTC
171,Mode69,0.288473551970578,0.842,0.0004090180085433,T_POSTC
172,Mode79,0.7014196560265,0.491,0.0003983043488406,T_POSTC
173,Mode136,0.451376453614766,0.68,0.0003509081294432,T_POSTC
174,Mode116,0.428327078543065,0.669,0.0003107286890926,T_POSTC
175,Mode57,0.513059162161329,0.568,0.000290769427293,T_POSTC
176,Mode153,0.145221007907305,0.911,0.0002886361698987,T_POSTC
177,Mode182,0.490364342372352,0.573,0.0002780207641646,T_POSTC
178,Mode151,0.434492375598239,0.592,0.0002480181082081,T_POSTC
179,Mode156,0.430781869073759,0.592,0.0002436298834991,T_POSTC
180,Mode190,0.0353560593537271,0.917,0.0002405843479829,T_POSTC
181,Mode115,0.34524758366487,0.634,0.000220146887649,T_POSTC
182,Mode158,0.370274332271756,0.625,0.0002099229566383,T_POSTC
183,Mode67,0.328377207740326,0.645,0.0001858061492838,T_POSTC
184,Mode83,0.277422221756753,0.673,0.0001570774193288,T_POSTC
185,Mode160,0.0162387268729591,0.943,0.0001270726140605,T_POSTC
186,Mode11,0.137316305671705,0.848,0.0001268906389222,T_POSTC
187,Mode107,0.198512167943489,0.725,0.0001137954328006,T_POSTC
188,Mode35,0.197231833337628,0.725,0.0001117868336621,T_POSTC
189,Mode191,0.150587357647467,0.759,8.52064655004529e-05,T_POSTC
190,Mode185,0.109045489024358,0.799,6.85869405566674e-05,T_POSTC
191,Mode120,0.111761162850019,0.798,6.36539391240832e-05,T_POSTC
192,Mode199,0.0651060403145639,0.842,3.7026266726231e-05,T_POSTC
193,Mode157,0.0589218376658756,0.848,3.43051999045707e-05,T_POSTC
194,Mode102,0.0418396749766296,0.872,2.6605541107702e-05,T_POSTC
195,Mode8,0.016562796097952,0.917,9.41648053450777e-06,T_POSTC
196,Mode15,0.0078547351404675,0.943,5.04704153557056e-06,T_POSTC
197,Mode169,0.0059009302021576,0.944,3.43263965956945e-06,T_POSTC
198,Mode92,0.0057978248916745,0.944,3.40571124213408e-06,T_POSTC
0,Mode18,46.2294650667298,0.0,0.0804643151071201,T_PAR
1,Mode8,38.5409834528796,0.0,0.0756664871845969,T_PAR
2,Mode24,138.967109989924,0.0,0.0730207612827328,T_PAR
3,Mode4,45.9201288437886,0.0,0.0709830175925585,T_PAR
4,Mode2,33.6601622768703,0.0,0.0685715865108006,T_PAR
5,Mode11,127.563885912469,0.0,0.0673327099945565,T_PAR
6,Mode70,33.7168362759928,0.0,0.0613967886323873,T_PAR
7,Mode34,31.2253334556362,0.0,0.0567197002674794,T_PAR
8,Mode87,101.748924441704,0.0,0.0545071332452746,T_PAR
9,Mode21,99.1561348658766,0.0,0.0531285877919765,T_PAR
10,Mode5,36.6575883520753,0.0,0.0467181936138682,T_PAR
11,Mode16,80.5815176638561,0.0,0.0436150519375174,T_PAR
12,Mode118,36.1116313718755,0.0,0.0432988700296287,T_PAR
13,Mode111,24.8634422929524,0.0,0.041902704174565,T_PAR
14,Mode80,76.7342788118495,0.0,0.0416621653496302,T_PAR
15,Mode7,37.3687010537618,0.0,0.0410023544250038,T_PAR
16,Mode68,20.1223658064499,0.0,0.0387749718958597,T_PAR
17,Mode9,60.0119036709686,0.0,0.038351389907006,T_PAR
18,Mode66,29.1025271294509,0.0,0.0351769170791474,T_PAR
19,Mode133,21.7825647851967,0.0,0.0332296689499122,T_PAR
20,Mode196,57.7045809869485,0.0,0.031698764903474,T_PAR
21,Mode90,16.3388788285324,0.0,0.0300505529791934,T_PAR
22,Mode143,20.5905432786628,0.0,0.0281741141692593,T_PAR
23,Mode42,17.121633291106,0.0,0.0275255320908046,T_PAR
24,Mode69,18.4598309670942,0.0,0.0273317100834317,T_PAR
25,Mode92,17.5499281736939,0.0,0.0272175170834846,T_PAR
26,Mode77,14.2951396760438,0.0,0.0261723948805245,T_PAR
27,Mode170,14.0305021411454,0.0,0.0255032685001711,T_PAR
28,Mode110,10.3859885645477,0.0,0.025242994411786,T_PAR
29,Mode169,32.7883905533805,0.0,0.0252341308682173,T_PAR
30,Mode46,13.5581025712318,0.0,0.0232041083235337,T_PAR
31,Mode112,12.2618254593847,0.0,0.0230555576632485,T_PAR
32,Mode26,12.6444293686618,0.0,0.0218759862369424,T_PAR
33,Mode128,38.7035929313795,0.0,0.0216350875137823,T_PAR
34,Mode57,14.3532980387259,0.0,0.0213000769841207,T_PAR
35,Mode117,6.07580266826125,0.0,0.0212008625407473,T_PAR
36,Mode20,13.7401349135103,0.0,0.021014410835628,T_PAR
37,Mode25,12.2664570991286,0.0,0.0206335810071373,T_PAR
38,Mode96,18.3098988098814,0.0,0.0204423485380235,T_PAR
39,Mode50,14.6861894815532,0.0,0.020159309295057,T_PAR
40,Mode86,34.7807307893293,0.0,0.0193199848026515,T_PAR
41,Mode146,33.9615719478441,0.0,0.0188759070401578,T_PAR
42,Mode127,10.4202351548033,0.0,0.0187758165339819,T_PAR
43,Mode129,32.8375497755429,0.0,0.0182364862901908,T_PAR
44,Mode79,32.1754757455722,0.0,0.0179024755423473,T_PAR
45,Mode190,31.8511284865303,0.0,0.0177000420913517,T_PAR
46,Mode31,31.1799912054943,0.0,0.017333276282067,T_PAR
47,Mode35,29.4170459920243,0.0,0.0163768767972525,T_PAR
48,Mode55,11.7055087967834,0.0,0.0156474058618183,T_PAR
49,Mode81,26.936121657013,0.0,0.0151124554707561,T_PAR
50,Mode198,26.6660159670907,0.0,0.0148918703286569,T_PAR
51,Mode109,9.53191907580884,0.0,0.0144624205153032,T_PAR
52,Mode160,25.6114973224908,0.0,0.0143145301375068,T_PAR
53,Mode23,8.81105790299998,0.0,0.0142378108561538,T_PAR
54,Mode102,25.2552060827036,0.0,0.0141071339942086,T_PAR
55,Mode150,24.817561323106,0.0,0.0138643826235774,T_PAR
56,Mode91,24.2001296021831,0.0,0.0135650669186599,T_PAR
57,Mode100,23.981279168887,0.0,0.0134144813970409,T_PAR
58,Mode56,5.67665646980817,0.0,0.0133164745842108,T_PAR
59,Mode93,10.5705972175998,0.0,0.0129152900248579,T_PAR
60,Mode103,8.43718324302252,0.0,0.0124031197859156,T_PAR
61,Mode163,8.51351729612362,0.0,0.0120496660399623,T_PAR
62,Mode130,3.46054339902169,0.008,0.0120380230001833,T_PAR
63,Mode28,5.35013604644302,0.002,0.011658197132469,T_PAR
64,Mode94,20.7796912318266,0.0,0.0116449344137483,T_PAR
65,Mode73,8.90047969145159,0.0,0.0115990955673205,T_PAR
66,Mode32,20.3519654900071,0.0,0.0113883550377333,T_PAR
67,Mode30,7.2213294057684,0.0,0.0112489260793882,T_PAR
68,Mode165,7.82473082472031,0.0,0.0111018108816151,T_PAR
69,Mode145,7.58760303460659,0.0,0.0109551958466585,T_PAR
70,Mode135,19.1422505537741,0.0,0.0107285371758055,T_PAR
71,Mode27,19.1294551730941,0.0,0.010707614460424,T_PAR
72,Mode71,5.55541514868766,0.002,0.0106390473509074,T_PAR
73,Mode47,2.98082141582247,0.026,0.0106037284015025,T_PAR
74,Mode41,5.11755901238353,0.002,0.0104307907477325,T_PAR
75,Mode13,3.74327658305073,0.009,0.0099650426269201,T_PAR
76,Mode108,7.1232663177679,0.002,0.0099553047170674,T_PAR
77,Mode189,17.5324728453046,0.0,0.0099392014169308,T_PAR
78,Mode64,17.3878438114255,0.0,0.0097489956998324,T_PAR
79,Mode48,8.84602935242376,0.0,0.0096172561277048,T_PAR
80,Mode37,3.8138727606866,0.009,0.0092254845262043,T_PAR
81,Mode159,7.36171679801427,0.002,0.0091846995335046,T_PAR
82,Mode106,16.2789336199395,0.0,0.0091345634842874,T_PAR
83,Mode58,16.2123944923304,0.0,0.009092069830544,T_PAR
84,Mode123,6.91439196774036,0.002,0.0089507492296074,T_PAR
85,Mode134,15.9122249620933,0.0,0.0089209974284483,T_PAR
86,Mode182,15.743002936556,0.0,0.0088678287846657,T_PAR
87,Mode152,8.09675988203564,0.002,0.0087222116307773,T_PAR
88,Mode181,5.54451121638136,0.004,0.0084786945107809,T_PAR
89,Mode85,8.13095654857726,0.002,0.0084273974921195,T_PAR
90,Mode36,14.4378088447487,0.0,0.0083188849502876,T_PAR
91,Mode3,7.58703121902686,0.002,0.0083163599295618,T_PAR
92,Mode17,4.33583516545699,0.009,0.0080888609761895,T_PAR
93,Mode115,14.3549785526524,0.0,0.0080598146736446,T_PAR
94,Mode72,14.1231799735897,0.0,0.0079337680368131,T_PAR
95,Mode136,12.8662241134108,0.0,0.0072354710179004,T_PAR
96,Mode176,12.8027463101086,0.0,0.007200347822535,T_PAR
97,Mode195,5.56359944040233,0.006,0.0070244473358647,T_PAR
98,Mode186,7.26585664757499,0.008,0.0070134274027486,T_PAR
99,Mode144,5.47306893228813,0.008,0.0069214535181943,T_PAR
100,Mode140,12.2707562583616,0.0,0.0068958518652361,T_PAR
101,Mode107,4.5542885318472,0.015,0.0062778498254015,T_PAR
102,Mode131,4.17221855519152,0.021,0.0062529223066854,T_PAR
103,Mode126,3.98240685217118,0.023,0.0061983644852414,T_PAR
104,Mode99,3.88090052482929,0.024,0.0060028851761986,T_PAR
105,Mode33,3.57547710670935,0.047,0.0056333663653099,T_PAR
106,Mode97,9.96971583247969,0.004,0.0056169357640505,T_PAR
107,Mode149,3.11999806068905,0.048,0.0055701023465819,T_PAR
108,Mode63,2.70269211872678,0.076,0.0054377156219067,T_PAR
109,Mode45,3.02376378050214,0.068,0.0053180705336627,T_PAR
110,Mode185,4.99625748319033,0.032,0.0049319455416765,T_PAR
111,Mode171,2.53602731787937,0.072,0.0048826144195577,T_PAR
112,Mode82,8.66271506123764,0.006,0.004881991435918,T_PAR
113,Mode12,8.01558824056601,0.009,0.004518243111355,T_PAR
114,Mode166,7.99205030434536,0.009,0.0045085931624283,T_PAR
115,Mode154,3.14183236210758,0.068,0.0043857520604899,T_PAR
116,Mode173,7.74827062667607,0.009,0.0043661812206777,T_PAR
117,Mode164,3.15737623440668,0.048,0.0043618455817561,T_PAR
118,Mode177,7.47557478264921,0.011,0.0042158311508098,T_PAR
119,Mode172,4.56970236609821,0.051,0.0041722411987704,T_PAR
120,Mode38,2.50428424102441,0.124,0.004153536563499,T_PAR
121,Mode51,7.32966289578996,0.013,0.0041307814417885,T_PAR
122,Mode60,2.20428168635757,0.151,0.0041113188414426,T_PAR
123,Mode194,7.15336104217427,0.015,0.0040417887846674,T_PAR
124,Mode183,6.59619425165167,0.018,0.0037181458046202,T_PAR
125,Mode137,6.49518729678342,0.02,0.0036741385256023,T_PAR
126,Mode14,2.02462690474335,0.146,0.0036584587345901,T_PAR
127,Mode52,6.35497113667684,0.021,0.003587798867099,T_PAR
128,Mode197,2.70422320358362,0.098,0.0034645041353013,T_PAR
129,Mode191,5.90063247208256,0.024,0.0034643455088017,T_PAR
130,Mode83,1.82559451356408,0.258,0.0033428469801831,T_PAR
131,Mode10,2.3381991750447,0.124,0.0033222230659111,T_PAR
132,Mode15,2.20933890726277,0.17,0.0032846557735095,T_PAR
133,Mode67,2.00364132860128,0.183,0.0032791188575672,T_PAR
134,Mode161,3.70286520802078,0.093,0.0032641429800873,T_PAR
135,Mode120,5.68609155500447,0.029,0.0032100435183466,T_PAR
136,Mode65,1.89710529940233,0.165,0.0031922090972261,T_PAR
137,Mode95,4.49585591742281,0.058,0.0030946974579989,T_PAR
138,Mode40,5.23552033933673,0.036,0.0029572023513605,T_PAR
139,Mode162,4.99061940174107,0.043,0.002818927694161,T_PAR
140,Mode1,4.29476680168639,0.062,0.0027599935701514,T_PAR
141,Mode168,2.66811154023724,0.159,0.0027536946884736,T_PAR
142,Mode6,4.71742708238485,0.048,0.0026620444421997,T_PAR
143,Mode158,4.47811595179235,0.053,0.0025382766103672,T_PAR
144,Mode39,1.5949602548631,0.186,0.002529665851574,T_PAR
145,Mode184,2.93502943290699,0.153,0.002500935075461,T_PAR
146,Mode187,1.72703858291463,0.217,0.0024990973526243,T_PAR
147,Mode193,1.50930787981099,0.195,0.0024135812220196,T_PAR
148,Mode105,3.53909651283854,0.092,0.002194658967918,T_PAR
149,Mode74,3.88325138736831,0.073,0.0021923839542802,T_PAR
150,Mode142,1.21114860724955,0.334,0.0021636382571853,T_PAR
151,Mode153,1.47655853423246,0.301,0.0021414993784068,T_PAR
152,Mode101,1.33367238120484,0.334,0.0021348748437249,T_PAR
153,Mode49,3.55142221823717,0.088,0.0020092621449556,T_PAR
154,Mode113,2.79022680300738,0.134,0.0015793779486695,T_PAR
155,Mode114,0.888803241603464,0.336,0.0015404751165995,T_PAR
156,Mode192,2.66329542295155,0.144,0.0015069733574578,T_PAR
157,Mode139,1.23808871412081,0.255,0.0014956722456734,T_PAR
158,Mode44,2.63237991449799,0.146,0.0014876898088608,T_PAR
159,Mode121,2.50916711210332,0.153,0.0014241546385173,T_PAR
160,Mode156,2.43178493264866,0.159,0.0013785108521063,T_PAR
161,Mode151,2.4181282607518,0.159,0.0013679504594173,T_PAR
162,Mode88,0.792629564819952,0.368,0.0012580997656005,T_PAR
163,Mode178,2.18042976721366,0.182,0.0012363121981981,T_PAR
164,Mode76,0.654117506568006,0.423,0.0011918379588896,T_PAR
165,Mode116,1.95008799563546,0.207,0.0011033199992438,T_PAR
166,Mode175,1.10636929657492,0.492,0.0010621840906283,T_PAR
167,Mode53,0.56273538678916,0.467,0.0009857134915144,T_PAR
168,Mode22,1.64142688481071,0.247,0.0009583548550862,T_PAR
169,Mode61,1.58287055667921,0.257,0.0008960621858617,T_PAR
170,Mode59,1.44605098080551,0.278,0.0008278612428102,T_PAR
171,Mode180,1.40146382218158,0.288,0.0007932328415471,T_PAR
172,Mode132,1.37291156678167,0.291,0.0007828159092074,T_PAR
173,Mode19,1.21111099212809,0.323,0.0006846485692708,T_PAR
174,Mode157,0.213918137344048,0.708,0.0006741210534207,T_PAR
175,Mode155,0.215158171389442,0.72,0.0006711638129209,T_PAR
176,Mode75,0.370318627222778,0.562,0.0005556743361599,T_PAR
177,Mode167,0.920926574264712,0.39,0.0005214299571833,T_PAR
178,Mode199,0.666910032241892,0.463,0.0004390172178502,T_PAR
179,Mode125,0.62933357067216,0.481,0.0003587358860364,T_PAR
180,Mode119,0.628384676490056,0.481,0.000355922138412,T_PAR
181,Mode104,0.540980261218871,0.543,0.0003470763781686,T_PAR
182,Mode84,0.60756267635664,0.487,0.000343657277352,T_PAR
183,Mode124,0.530227838813982,0.516,0.0003008076865704,T_PAR
184,Mode174,0.498475901531365,0.525,0.0002859872415002,T_PAR
185,Mode78,0.500900411220551,0.525,0.0002836589677359,T_PAR
186,Mode141,0.450658406433035,0.543,0.0002563326455125,T_PAR
187,Mode138,0.348847897001376,0.594,0.0001975964549627,T_PAR
188,Mode147,0.304442783926451,0.617,0.000183999836798,T_PAR
189,Mode29,0.174349633057248,0.713,9.8965449703434e-05,T_PAR
190,Mode148,0.121675067559279,0.758,6.90724109443289e-05,T_PAR
191,Mode89,0.041795045943516,0.871,2.37929025925327e-05,T_PAR
192,Mode62,0.0368767820249892,0.872,2.11479337249673e-05,T_PAR
193,Mode54,0.0359460119706047,0.872,2.03734707708772e-05,T_PAR
194,Mode98,0.0139021428985865,0.929,8.22697142192241e-06,T_PAR
195,Mode43,0.0096161155446118,0.94,5.57851803763902e-06,T_PAR
196,Mode122,0.0045980465594188,0.963,3.57614859256143e-06,T_PAR
197,Mode179,0.0025228540185354,0.973,1.63006677201361e-06,T_PAR
198,Mode188,6.13807549866869e-05,0.999,1.20638420468935e-06,T_PAR
0,Mode178,55.5974098754576,0.0,0.0493842334827216,T_OCC
1,Mode33,27.9594571727776,0.0,0.0439562294087394,T_OCC
2,Mode149,80.6763968108726,0.0,0.0437288041839078,T_OCC
3,Mode123,63.4206149617052,0.0,0.0346793032080098,T_OCC
4,Mode164,60.2690591837659,0.0,0.0330246889990196,T_OCC
5,Mode161,18.8994936038703,0.0,0.0327938776985128,T_OCC
6,Mode167,57.4956588095538,0.0,0.0316009482075937,T_OCC
7,Mode139,19.5692186523553,0.0,0.0300235116984636,T_OCC
8,Mode97,15.804435682739,0.0,0.0281276733997246,T_OCC
9,Mode128,15.9441895203444,0.0,0.0280871262848731,T_OCC
10,Mode108,15.4144012204153,0.0,0.0271839795443234,T_OCC
11,Mode115,22.3248114243703,0.0,0.0268109800250354,T_OCC
12,Mode198,16.7969480160341,0.0,0.0267003898090894,T_OCC
13,Mode67,16.2034161309796,0.0,0.0259573990781343,T_OCC
14,Mode153,46.4495890271808,0.0,0.0256322335738489,T_OCC
15,Mode11,27.7462205434034,0.0,0.0246205474017229,T_OCC
16,Mode14,43.3716568294971,0.0,0.0240299787205438,T_OCC
17,Mode27,42.727229741078,0.0,0.0236472927768004,T_OCC
18,Mode158,22.2894023066091,0.0,0.0232892275064815,T_OCC
19,Mode72,40.8412321402496,0.0,0.022583197334672,T_OCC
20,Mode111,12.2921414296819,0.0,0.0223513746140235,T_OCC
21,Mode166,19.8746394183744,0.0,0.0210050747793279,T_OCC
22,Mode152,36.2593344760281,0.0,0.0207252368093105,T_OCC
23,Mode12,37.334789779887,0.0,0.0207117586302573,T_OCC
24,Mode144,34.8120368934016,0.0,0.019369820780866,T_OCC
25,Mode196,18.1340340838568,0.0,0.0191925795701882,T_OCC
26,Mode88,33.9677860960204,0.0,0.0188591859852336,T_OCC
27,Mode89,8.27196461978787,0.0,0.0183882048090432,T_OCC
28,Mode177,12.9092957671612,0.0,0.0177056110713384,T_OCC
29,Mode2,9.41395295653859,0.0,0.0176107340381755,T_OCC
30,Mode176,30.4667937859279,0.0,0.0175910836898738,T_OCC
31,Mode78,31.6257795718674,0.0,0.0175798848079619,T_OCC
32,Mode143,15.9642030264413,0.0,0.0174551222975016,T_OCC
33,Mode170,10.0421150404369,0.0,0.0172547546118139,T_OCC
34,Mode26,30.6337486032969,0.0,0.0170851469365784,T_OCC
35,Mode81,11.5441884846707,0.0,0.0167894675865614,T_OCC
36,Mode124,9.5871217620053,0.0,0.016633281435376,T_OCC
37,Mode150,21.1066001050493,0.0,0.0166105218813473,T_OCC
38,Mode169,18.1546503038136,0.0,0.0161218158267124,T_OCC
39,Mode31,10.9700524651776,0.0,0.0159443241188722,T_OCC
40,Mode118,28.4256177554731,0.0,0.0158378772175914,T_OCC
41,Mode188,10.1060624885757,0.0,0.0154833969086399,T_OCC
42,Mode20,26.9755851676073,0.0,0.0150408169278519,T_OCC
43,Mode193,12.3261944831382,0.0,0.0144227420910114,T_OCC
44,Mode156,16.2819710189209,0.0,0.0138774408342313,T_OCC
45,Mode4,8.04289745861715,0.0,0.0134287135005508,T_OCC
46,Mode105,11.1320401863028,0.0,0.0134002652014798,T_OCC
47,Mode38,4.48807657467299,0.003,0.0131225036780898,T_OCC
48,Mode43,9.25956612486619,0.0,0.0128925382032321,T_OCC
49,Mode121,22.9113180128332,0.0,0.0128092231806676,T_OCC
50,Mode16,22.7850793962558,0.0,0.0127306157136013,T_OCC
51,Mode95,22.4994336281294,0.0,0.0125789062510327,T_OCC
52,Mode141,17.48067638594,0.0,0.0124681704329841,T_OCC
53,Mode25,9.4198831947958,0.0,0.0124213423306349,T_OCC
54,Mode130,6.58612856459996,0.0,0.0122086380967218,T_OCC
55,Mode112,5.650105508815,0.003,0.012096440513285,T_OCC
56,Mode40,6.21491230258773,0.0,0.0111356053926631,T_OCC
57,Mode146,17.1753668752634,0.0,0.0096352796177505,T_OCC
58,Mode148,6.15580602259559,0.003,0.0094148473377137,T_OCC
59,Mode54,7.48404619773526,0.0,0.0093196470057514,T_OCC
60,Mode13,5.22510622684805,0.008,0.0087776513826725,T_OCC
61,Mode64,7.88789242070508,0.003,0.0087735606994818,T_OCC
62,Mode140,5.42697337004884,0.005,0.0085240947383311,T_OCC
63,Mode93,15.1321251796792,0.0,0.0084878979652251,T_OCC
64,Mode48,4.34050024062398,0.01,0.0084863463589676,T_OCC
65,Mode131,6.70765934271317,0.003,0.0084106799658778,T_OCC
66,Mode102,14.5992977436271,0.0,0.0081939245197946,T_OCC
67,Mode132,4.65658469058113,0.01,0.0079657903894545,T_OCC
68,Mode63,14.1025853802892,0.0,0.0079185618051275,T_OCC
69,Mode77,4.40337695414161,0.014,0.0078751750593505,T_OCC
70,Mode58,5.42750162051411,0.008,0.0078452705215502,T_OCC
71,Mode103,4.97825793818821,0.01,0.0078089905691405,T_OCC
72,Mode8,9.88299042654144,0.003,0.0076065941249998,T_OCC
73,Mode101,12.7649647122999,0.0,0.0071722937544796,T_OCC
74,Mode162,4.10654651054255,0.026,0.0070602297500733,T_OCC
75,Mode147,12.3313954465645,0.0,0.0069306022710878,T_OCC
76,Mode19,3.31684662789326,0.037,0.0069244712127229,T_OCC
77,Mode53,12.2999077083951,0.0,0.0069103277282753,T_OCC
78,Mode125,12.2260629909915,0.0,0.0068776333069426,T_OCC
79,Mode22,12.1139916563971,0.003,0.0068073425927026,T_OCC
80,Mode160,5.24974499405802,0.012,0.0067516345473607,T_OCC
81,Mode83,4.25628925204045,0.026,0.0066642613933422,T_OCC
82,Mode192,10.9717360688032,0.003,0.0066440604709688,T_OCC
83,Mode74,11.8053094860134,0.003,0.0066335501857346,T_OCC
84,Mode174,4.01844902609128,0.026,0.0065968161918555,T_OCC
85,Mode159,11.6438493156887,0.003,0.0065509800371907,T_OCC
86,Mode91,3.30129013917486,0.045,0.0060913759571345,T_OCC
87,Mode70,4.25059035348024,0.029,0.0060471434009588,T_OCC
88,Mode35,10.7222239707012,0.003,0.0060319723115973,T_OCC
89,Mode183,4.01422711137134,0.029,0.0057315138039078,T_OCC
90,Mode187,3.58939995558567,0.038,0.0057210885114373,T_OCC
91,Mode157,4.25711447967882,0.024,0.005608460986101,T_OCC
92,Mode39,3.37034390317803,0.053,0.0052495090316075,T_OCC
93,Mode6,2.78938689553014,0.078,0.005092345995479,T_OCC
94,Mode107,3.26092904027932,0.048,0.0050414533891315,T_OCC
95,Mode100,2.79083155069912,0.075,0.0049115776755702,T_OCC
96,Mode18,2.99841059308542,0.081,0.00488750518284,T_OCC
97,Mode5,3.14249833088638,0.058,0.0048798561166103,T_OCC
98,Mode15,8.63319547488195,0.008,0.0048689494968905,T_OCC
99,Mode194,8.37893395222817,0.01,0.0047241891332891,T_OCC
100,Mode59,2.71272251568357,0.087,0.0047062479522135,T_OCC
101,Mode41,4.53539093875461,0.032,0.0042937055440742,T_OCC
102,Mode122,7.37637058663003,0.016,0.0041590437797768,T_OCC
103,Mode80,2.36540623628236,0.106,0.0041383315858058,T_OCC
104,Mode109,7.32874483211348,0.016,0.0041312880311656,T_OCC
105,Mode134,2.06985493641068,0.136,0.0040317524504421,T_OCC
106,Mode106,2.73076755322932,0.106,0.0040208554416408,T_OCC
107,Mode21,7.1239181562853,0.018,0.0040206382640719,T_OCC
108,Mode57,7.06837465601474,0.018,0.0039830587836122,T_OCC
109,Mode116,2.7614910974704,0.093,0.0039488930966261,T_OCC
110,Mode75,2.8610880614728,0.069,0.0039217261385353,T_OCC
111,Mode94,1.87799308494891,0.155,0.0039206466258602,T_OCC
112,Mode114,2.15129902525916,0.171,0.0036533424221215,T_OCC
113,Mode85,5.99811587937174,0.029,0.0033828593328597,T_OCC
114,Mode1,5.92678093261712,0.03,0.0033591859517489,T_OCC
115,Mode138,5.93824647905228,0.03,0.0033494907625562,T_OCC
116,Mode199,5.78109789737919,0.032,0.0032601235429444,T_OCC
117,Mode71,5.59629217626726,0.035,0.003160885128185,T_OCC
118,Mode120,5.41060871338257,0.038,0.0030544325403397,T_OCC
119,Mode136,5.27601621095546,0.042,0.0029770735803584,T_OCC
120,Mode30,1.59269214562578,0.245,0.0029453021204976,T_OCC
121,Mode163,2.20639693418983,0.165,0.0029280958467968,T_OCC
122,Mode189,5.17318243343396,0.043,0.0029230970707594,T_OCC
123,Mode90,5.0567766080669,0.046,0.0028525212108416,T_OCC
124,Mode86,5.00845108265131,0.046,0.0028259959707923,T_OCC
125,Mode145,4.77074552548433,0.048,0.0028179989326689,T_OCC
126,Mode190,1.81495262583784,0.23,0.0027752291655196,T_OCC
127,Mode79,1.51383423614817,0.306,0.0026197719683064,T_OCC
128,Mode36,1.83716115909837,0.23,0.0026131561353378,T_OCC
129,Mode46,4.44539450758752,0.061,0.0025418223567661,T_OCC
130,Mode165,2.26468715419636,0.127,0.0025129563335518,T_OCC
131,Mode3,1.56598374067985,0.274,0.0024934240094948,T_OCC
132,Mode44,1.66082548446448,0.246,0.0024680847863147,T_OCC
133,Mode155,1.333841987402,0.343,0.0023631929051738,T_OCC
134,Mode195,1.66441070576226,0.245,0.0023608822399578,T_OCC
135,Mode42,3.50504281515383,0.106,0.0023242226687242,T_OCC
136,Mode173,1.48666635333477,0.349,0.002297332852814,T_OCC
137,Mode52,2.66938168931672,0.19,0.0022744286731297,T_OCC
138,Mode62,1.50408636871464,0.29,0.0022510022590985,T_OCC
139,Mode129,1.56901245161935,0.287,0.002226262699743,T_OCC
140,Mode23,1.38588761910314,0.317,0.0021917101098921,T_OCC
141,Mode56,1.42765393601459,0.321,0.0021782440141544,T_OCC
142,Mode99,1.33059802198818,0.353,0.0020918922599881,T_OCC
143,Mode32,1.68211606201298,0.306,0.0020760134099109,T_OCC
144,Mode9,3.58941880861014,0.095,0.0020302656569649,T_OCC
145,Mode133,1.13087057969237,0.321,0.0019259881040648,T_OCC
146,Mode47,3.38460239295211,0.106,0.0019117792721213,T_OCC
147,Mode168,3.36303658363538,0.106,0.0019032043503717,T_OCC
148,Mode55,3.24515288107934,0.113,0.0018323348332207,T_OCC
149,Mode73,1.08751856810637,0.37,0.001781575420709,T_OCC
150,Mode10,1.08306703656689,0.385,0.0016750988020539,T_OCC
151,Mode37,2.15679146132917,0.254,0.0016346044543979,T_OCC
152,Mode104,2.7903665874817,0.145,0.00157754237368,T_OCC
153,Mode98,2.67569864461266,0.155,0.0015203159185995,T_OCC
154,Mode51,2.41617191186685,0.177,0.0013658285369852,T_OCC
155,Mode117,1.14461237020663,0.474,0.0012640541719912,T_OCC
156,Mode65,0.762550973700378,0.378,0.0012391176401429,T_OCC
157,Mode154,0.628542007043169,0.531,0.0011942629065911,T_OCC
158,Mode76,0.602103843120223,0.447,0.001142400528782,T_OCC
159,Mode181,1.97614230580597,0.23,0.001118057507878,T_OCC
160,Mode50,1.83603347576803,0.245,0.0010384775308424,T_OCC
161,Mode24,0.436356196243396,0.572,0.0010294863398338,T_OCC
162,Mode87,1.76972306292844,0.253,0.001005807330783,T_OCC
163,Mode191,0.547675381510658,0.616,0.0010003765231545,T_OCC
164,Mode69,0.303340993450491,0.704,0.0008154768156923,T_OCC
165,Mode28,1.37389022452254,0.317,0.0007778103471387,T_OCC
166,Mode127,1.33815643306072,0.321,0.0007571031620267,T_OCC
167,Mode84,1.32530547953093,0.321,0.0007490881286251,T_OCC
168,Mode135,1.23866062996126,0.337,0.000701516203952,T_OCC
169,Mode175,1.19608965361062,0.343,0.0006805960945262,T_OCC
170,Mode142,0.764936266311266,0.399,0.0006743213679624,T_OCC
171,Mode7,1.17031930251172,0.346,0.0006664575618868,T_OCC
172,Mode180,1.1683943800741,0.346,0.0006625300236727,T_OCC
173,Mode34,1.13867346913303,0.349,0.0006438379897698,T_OCC
174,Mode113,1.13268751481998,0.349,0.0006417653389936,T_OCC
175,Mode60,1.09351627466039,0.353,0.0006186420147772,T_OCC
176,Mode82,1.09254280230825,0.353,0.0006179288386694,T_OCC
177,Mode137,1.06929747275452,0.355,0.0006130624714476,T_OCC
178,Mode182,0.211784645539624,0.681,0.0005934721083994,T_OCC
179,Mode49,1.03640872960426,0.364,0.0005867841232083,T_OCC
180,Mode68,1.01214792138637,0.368,0.0005751763455403,T_OCC
181,Mode186,1.00573285878408,0.369,0.0005697545786432,T_OCC
182,Mode184,0.561789712385402,0.666,0.0005241478047747,T_OCC
183,Mode172,0.144474230403516,0.798,0.0005139348281704,T_OCC
184,Mode126,0.669945940321993,0.464,0.0003797373337829,T_OCC
185,Mode45,0.565807157636817,0.501,0.0003200082874329,T_OCC
186,Mode110,0.56430422636232,0.501,0.000319243859682,T_OCC
187,Mode29,0.440425785999186,0.543,0.0003144694781314,T_OCC
188,Mode197,0.484687231097989,0.531,0.000276868019771,T_OCC
189,Mode61,0.448459157417918,0.544,0.0002537366352002,T_OCC
190,Mode185,0.235352947376687,0.666,0.0001354862326714,T_OCC
191,Mode17,0.229642720625805,0.666,0.00013023498883,T_OCC
192,Mode171,0.197864720950559,0.685,0.0001121997153764,T_OCC
193,Mode119,0.189475803411141,0.694,0.0001108094210793,T_OCC
194,Mode96,0.0610483064618552,0.822,3.46986756164993e-05,T_OCC
195,Mode66,0.0438272319733117,0.848,2.50271386299701e-05,T_OCC
196,Mode92,0.0407442436461928,0.849,2.30643392894985e-05,T_OCC
197,Mode151,0.0360984129070613,0.856,2.07903247442055e-05,T_OCC
198,Mode179,0.0253207451437637,0.875,1.46728781434836e-05,T_OCC
0,Mode177,44.8494713347102,0.0,0.0493011690421473,ST_FO
1,Mode145,17.272046941132,0.0,0.0459886113326145,ST_FO
2,Mode157,71.5779052999745,0.0,0.0389321134953489,ST_FO
3,Mode183,68.7006056226964,0.0,0.0374245151943596,ST_FO
4,Mode87,67.2322610908888,0.0,0.0366350183183395,ST_FO
5,Mode198,63.0326831652,0.0,0.0344776004779067,ST_FO
6,Mode193,61.3591054697026,0.0,0.0335988578441797,ST_FO
7,Mode195,58.6640030281357,0.0,0.0328354303888291,ST_FO
8,Mode76,59.3669720263468,0.0,0.0324956942647577,ST_FO
9,Mode73,55.0343399434663,0.0,0.0302032311856055,ST_FO
10,Mode179,8.14433504641774,0.0,0.0292744110416208,ST_FO
11,Mode34,25.7280736924254,0.0,0.029189148724497,ST_FO
12,Mode163,22.7895393676423,0.0,0.0291674247640452,ST_FO
13,Mode62,40.4112658763244,0.0,0.027542598418102,ST_FO
14,Mode176,48.9052733497975,0.0,0.0269850884337868,ST_FO
15,Mode164,42.0650099864381,0.0,0.0232682503295467,ST_FO
16,Mode128,41.823399897677,0.0,0.0231354300712142,ST_FO
17,Mode107,14.7615518693751,0.0,0.0230111715861764,ST_FO
18,Mode36,18.50842520769,0.0,0.0212866534547136,ST_FO
19,Mode174,37.0821522190022,0.0,0.0205469466377125,ST_FO
20,Mode159,11.6825991744227,0.0,0.0203456945173078,ST_FO
21,Mode55,20.3947807484404,0.0,0.0203290978837432,ST_FO
22,Mode77,36.197363458211,0.0,0.0201069743325576,ST_FO
23,Mode27,11.4689836218602,0.0,0.0200640547900421,ST_FO
24,Mode130,5.1367068015834,0.0,0.0196484681850667,ST_FO
25,Mode168,15.523342741525,0.0,0.0192344180186891,ST_FO
26,Mode102,12.6211193295779,0.0,0.0190211716781891,ST_FO
27,Mode41,10.334559859248,0.0,0.0180057669011856,ST_FO
28,Mode162,12.8849825048319,0.0,0.0176815810485808,ST_FO
29,Mode88,13.6092096082861,0.0,0.0172508887746014,ST_FO
30,Mode104,16.6305297998184,0.0,0.0172086735576234,ST_FO
31,Mode96,12.5144836282609,0.0,0.0169471982274689,ST_FO
32,Mode197,11.6937661485492,0.0,0.0168877279433591,ST_FO
33,Mode40,22.9136988837911,0.0,0.0168531947817568,ST_FO
34,Mode149,29.9852123052416,0.0,0.0166813589249667,ST_FO
35,Mode135,7.8844596833094,0.0,0.0156146367097699,ST_FO
36,Mode111,27.6661469383781,0.0,0.0154084071944848,ST_FO
37,Mode46,25.9863457410024,0.0,0.0144993433972573,ST_FO
38,Mode146,4.13399364346223,0.003,0.0144843679699307,ST_FO
39,Mode70,25.6649997767823,0.0,0.0143196212633082,ST_FO
40,Mode63,25.2085193225052,0.0,0.0140662401495969,ST_FO
41,Mode121,8.16945102483172,0.0,0.0140582107379241,ST_FO
42,Mode22,7.84596999937959,0.0,0.0140211365484347,ST_FO
43,Mode180,24.5904278801024,0.0,0.0137421033408506,ST_FO
44,Mode123,3.65041284781742,0.005,0.0135989843361298,ST_FO
45,Mode43,9.45655918751719,0.0,0.0135501231726018,ST_FO
46,Mode33,24.0113794599994,0.0,0.013412949244102,ST_FO
47,Mode144,23.5850395171821,0.0,0.0131762840896772,ST_FO
48,Mode54,22.857360551095,0.0,0.012766159810877,ST_FO
49,Mode99,22.7880406425588,0.0,0.0127372739238299,ST_FO
50,Mode167,21.4576428049388,0.0,0.0119978088529691,ST_FO
51,Mode49,21.4344061728724,0.0,0.0119842084066352,ST_FO
52,Mode156,2.91989375056845,0.017,0.011959323807317,ST_FO
53,Mode115,2.73078526411091,0.026,0.0114071457426337,ST_FO
54,Mode95,9.66300718719493,0.0,0.0113337905906004,ST_FO
55,Mode18,19.6135339868795,0.0,0.0109794436580026,ST_FO
56,Mode89,19.3762058759087,0.0,0.010846561821095,ST_FO
57,Mode131,6.22747763798134,0.003,0.0107552451136084,ST_FO
58,Mode6,7.35477485406311,0.0,0.0104388214787684,ST_FO
59,Mode188,18.5174757742857,0.0,0.0103715474497772,ST_FO
60,Mode136,2.39028110439315,0.048,0.010201964034926,ST_FO
61,Mode4,5.42070150660902,0.003,0.0101703432954357,ST_FO
62,Mode140,6.80877850011369,0.003,0.0100933959498888,ST_FO
63,Mode138,8.2124495813895,0.0,0.0100767853039774,ST_FO
64,Mode117,5.48654888687991,0.003,0.0099491290276245,ST_FO
65,Mode191,5.37705905838364,0.003,0.0097669120260938,ST_FO
66,Mode72,17.346206703429,0.0,0.0097215476119884,ST_FO
67,Mode30,4.4037646456046,0.009,0.0095773680837126,ST_FO
68,Mode38,16.8241911445013,0.0,0.0094566462292109,ST_FO
69,Mode173,4.88621333619921,0.005,0.0093717092642459,ST_FO
70,Mode113,7.26605182687724,0.003,0.0089599519662724,ST_FO
71,Mode64,15.9293584607726,0.0,0.0089442130534629,ST_FO
72,Mode171,5.78134015972659,0.005,0.0089005257642031,ST_FO
73,Mode142,5.20912978480724,0.005,0.008827828734332,ST_FO
74,Mode127,2.4569114782586,0.047,0.0088081271076505,ST_FO
75,Mode2,6.3620584717835,0.003,0.0086153800577466,ST_FO
76,Mode20,4.37040769306472,0.009,0.0084890477626267,ST_FO
77,Mode184,7.41162995223907,0.003,0.0084433756147649,ST_FO
78,Mode31,4.47850513428377,0.009,0.0083649053817871,ST_FO
79,Mode103,2.02317952988845,0.107,0.0077067536179857,ST_FO
80,Mode185,13.4914874681094,0.0,0.0075797843463745,ST_FO
81,Mode154,13.2459273187129,0.0,0.0074407541715599,ST_FO
82,Mode166,5.73552600743093,0.007,0.0073628852019538,ST_FO
83,Mode24,5.37535169642013,0.009,0.0073617743347505,ST_FO
84,Mode122,1.67452897116321,0.184,0.0070919004854557,ST_FO
85,Mode84,12.1850550762279,0.0,0.006857800560329,ST_FO
86,Mode35,2.29110267968781,0.107,0.0068530177992319,ST_FO
87,Mode108,3.48368096679406,0.026,0.006847227990063,ST_FO
88,Mode37,4.07286206208938,0.023,0.0067473117131168,ST_FO
89,Mode45,4.31379847262154,0.019,0.0066956341833372,ST_FO
90,Mode106,2.08061298058707,0.129,0.0066558032868463,ST_FO
91,Mode42,11.482432047814,0.003,0.0064562941891272,ST_FO
92,Mode13,3.98040575125587,0.024,0.0062955820987758,ST_FO
93,Mode90,10.9867329913564,0.003,0.0061762770986911,ST_FO
94,Mode16,3.11075931368147,0.049,0.0060166725101728,ST_FO
95,Mode85,10.5036326268763,0.003,0.0059088922849466,ST_FO
96,Mode186,3.48541967497549,0.036,0.0058636343453162,ST_FO
97,Mode150,3.47177976965504,0.039,0.0058130177709302,ST_FO
98,Mode8,1.36373554757542,0.317,0.0056695481385443,ST_FO
99,Mode21,3.4080353948673,0.06,0.0056328405478614,ST_FO
100,Mode120,2.98314175417072,0.071,0.0055333236434586,ST_FO
101,Mode143,3.4598759575425,0.043,0.0053984432143173,ST_FO
102,Mode74,9.4103004814779,0.005,0.0052977386498405,ST_FO
103,Mode118,2.51767774359326,0.075,0.0051911982287216,ST_FO
104,Mode57,8.8860381046045,0.007,0.0050043883104805,ST_FO
105,Mode133,3.61344075577876,0.043,0.0048799189445315,ST_FO
106,Mode110,2.13296153038985,0.107,0.0048694161740187,ST_FO
107,Mode12,2.04229487226417,0.148,0.0048045741186138,ST_FO
108,Mode187,5.61561242210283,0.033,0.0048037926057491,ST_FO
109,Mode61,8.51682738067401,0.009,0.0047970305661397,ST_FO
110,Mode172,8.47096184225778,0.009,0.0047709955683455,ST_FO
111,Mode52,3.11622393171647,0.058,0.0047432939807739,ST_FO
112,Mode53,4.11949229464108,0.031,0.0047245972870363,ST_FO
113,Mode15,2.2201105142557,0.103,0.0046679488965422,ST_FO
114,Mode182,8.03334289933878,0.011,0.0045354498426663,ST_FO
115,Mode94,3.24139021467955,0.059,0.0045045090411564,ST_FO
116,Mode1,7.80616697646123,0.011,0.0044163944007255,ST_FO
117,Mode109,2.46354815660788,0.103,0.0042516909598553,ST_FO
118,Mode82,6.94365030857469,0.017,0.0039126203415815,ST_FO
119,Mode10,2.31374304706778,0.127,0.0038579603414263,ST_FO
120,Mode161,1.95545685973338,0.202,0.003844220359581,ST_FO
121,Mode97,2.43844150374527,0.111,0.0038157567294853,ST_FO
122,Mode92,6.67743092224316,0.021,0.0037676227534662,ST_FO
123,Mode132,6.60903333901116,0.021,0.0037293602775626,ST_FO
124,Mode196,6.43783319346775,0.023,0.0036341152561908,ST_FO
125,Mode190,6.41751834544149,0.023,0.0036205178178788,ST_FO
126,Mode71,6.32840823683234,0.024,0.0035686094310498,ST_FO
127,Mode125,2.38764308933874,0.116,0.0035144938327031,ST_FO
128,Mode56,4.72925746132962,0.055,0.0034917141676212,ST_FO
129,Mode69,3.52460716479118,0.1,0.0034653185834101,ST_FO
130,Mode66,5.87987685543993,0.029,0.0033214605350677,ST_FO
131,Mode189,4.86897337061914,0.051,0.003237740045478,ST_FO
132,Mode17,1.98238937117472,0.251,0.0031876848921532,ST_FO
133,Mode124,1.87178664548352,0.178,0.0030088014792076,ST_FO
134,Mode112,5.28954041249404,0.041,0.0029836200277578,ST_FO
135,Mode169,5.12117010926889,0.043,0.0028883087302789,ST_FO
136,Mode114,0.931327653377346,0.355,0.0028339520868434,ST_FO
137,Mode7,1.79129905941179,0.251,0.0027094599169665,ST_FO
138,Mode93,3.77708610798199,0.094,0.0027036621087084,ST_FO
139,Mode78,4.55092592411111,0.057,0.0025687595610369,ST_FO
140,Mode86,1.55396285874709,0.265,0.002559973673171,ST_FO
141,Mode170,1.57004426003629,0.244,0.0024911253778682,ST_FO
142,Mode14,4.13469522496107,0.07,0.0023457981432067,ST_FO
143,Mode147,0.64172018379063,0.48,0.0022980836114367,ST_FO
144,Mode28,1.43223364503454,0.312,0.0022234624951819,ST_FO
145,Mode116,1.39047595775514,0.245,0.0022231907592303,ST_FO
146,Mode25,3.90332667857803,0.078,0.0022070599765661,ST_FO
147,Mode47,3.56449115626614,0.094,0.0020129021988536,ST_FO
148,Mode178,3.52444886830894,0.095,0.0019994950395217,ST_FO
149,Mode23,1.26800959875617,0.372,0.0019685760100796,ST_FO
150,Mode60,1.09568555503858,0.362,0.0019551798049367,ST_FO
151,Mode32,3.31320621977037,0.106,0.0018734153030111,ST_FO
152,Mode126,3.24113440728282,0.107,0.0018308152901449,ST_FO
153,Mode19,3.16304629069321,0.111,0.0017878262332738,ST_FO
154,Mode48,3.13080717362577,0.112,0.0017717145368893,ST_FO
155,Mode65,3.064905739794,0.115,0.0017309782108192,ST_FO
156,Mode80,3.00836970198188,0.118,0.0017041818776309,ST_FO
157,Mode50,1.13924962999985,0.367,0.0016773302936618,ST_FO
158,Mode101,2.85750183712402,0.128,0.0016137386400398,ST_FO
159,Mode29,1.33735802038414,0.235,0.001613447849456,ST_FO
160,Mode175,2.53411292743751,0.149,0.0014802725774948,ST_FO
161,Mode5,2.58080818371924,0.148,0.0014628532543894,ST_FO
162,Mode141,2.45653963301424,0.158,0.0013877520190108,ST_FO
163,Mode83,2.30557854121267,0.173,0.0013044872683324,ST_FO
164,Mode181,2.10621857992579,0.202,0.0012724081941207,ST_FO
165,Mode26,1.98136315055229,0.225,0.0012589370751956,ST_FO
166,Mode91,1.59162639581453,0.309,0.0011562833628201,ST_FO
167,Mode194,2.028630540286,0.202,0.0011475159039449,ST_FO
168,Mode100,1.85101223984051,0.225,0.0010464094824674,ST_FO
169,Mode199,1.77430976966364,0.232,0.0010039919923515,ST_FO
170,Mode160,1.77516795784421,0.232,0.0010035683678809,ST_FO
171,Mode39,1.76682608809155,0.232,0.0009993070709109,ST_FO
172,Mode155,1.62093268541925,0.249,0.0009165729735662,ST_FO
173,Mode51,0.526083701421957,0.665,0.0008655187839108,ST_FO
174,Mode11,1.33091212885438,0.298,0.0007541881275892,ST_FO
175,Mode9,1.16206328413748,0.329,0.0006587900931892,ST_FO
176,Mode59,0.352477712685596,0.772,0.0006157555240932,ST_FO
177,Mode129,0.98415838930959,0.367,0.0005567907058763,ST_FO
178,Mode3,0.869260085124179,0.394,0.0004941161555625,ST_FO
179,Mode153,0.868728778140826,0.394,0.0004916575413954,ST_FO
180,Mode148,0.865456156930495,0.394,0.0004896655102038,ST_FO
181,Mode68,0.85139009617296,0.396,0.0004822006414741,ST_FO
182,Mode119,0.230647711841456,0.83,0.0004598243883166,ST_FO
183,Mode165,0.807018820125111,0.408,0.0004569101759577,ST_FO
184,Mode58,0.699127381255675,0.443,0.0003954595390909,ST_FO
185,Mode81,0.507098889422019,0.518,0.0002867981061678,ST_FO
186,Mode137,0.448905077118378,0.544,0.000254215531007,ST_FO
187,Mode98,0.409790849651221,0.562,0.0002317867128368,ST_FO
188,Mode67,0.334558934384647,0.602,0.0001892877469642,ST_FO
189,Mode44,0.297242688713967,0.621,0.0001683813127224,ST_FO
190,Mode158,0.295376264428572,0.621,0.0001672207742588,ST_FO
191,Mode105,0.189368778537032,0.695,0.0001073496834395,ST_FO
192,Mode151,0.154420149730972,0.724,8.98280111381152e-05,ST_FO
193,Mode139,0.106637541385277,0.771,6.03235575357203e-05,ST_FO
194,Mode134,0.0831351684863594,0.793,4.71497314072774e-05,ST_FO
195,Mode79,0.0792200941027023,0.794,4.48125554685917e-05,ST_FO
196,Mode192,0.071948081037429,0.801,4.08894652279045e-05,ST_FO
197,Mode75,0.0070601310667954,0.94,4.11795941123365e-06,ST_FO
198,Mode152,0.0048048788057743,0.947,3.00095837522822e-06,ST_FO
0,Mode1,73.5830710828683,0.0,0.054122809983412,ST_PREF
1,Mode36,34.2521218678345,0.0,0.0518704680764378,ST_PREF
2,Mode4,41.0458792908229,0.0,0.0498921274689984,ST_PREF
3,Mode48,37.5513069716262,0.0,0.0483670829606984,ST_PREF
4,Mode56,27.6512430860211,0.0,0.0461750163618466,ST_PREF
5,Mode13,40.6191597867835,0.0,0.0447817467445349,ST_PREF
6,Mode32,48.6523431966264,0.0,0.0432733822137714,ST_PREF
7,Mode6,39.2862039041253,0.0,0.0432691449891314,ST_PREF
8,Mode5,20.6965135825155,0.0,0.040215649779707,ST_PREF
9,Mode64,21.1934785338785,0.0,0.0385807324526261,ST_PREF
10,Mode124,60.8456855405487,0.0,0.0376225502837475,ST_PREF
11,Mode23,68.2168879418592,0.0,0.0371728253204356,ST_PREF
12,Mode50,66.8601312683249,0.0,0.0365085908139536,ST_PREF
13,Mode29,22.8912438728771,0.0,0.0354482318856203,ST_PREF
14,Mode169,20.6375308835225,0.0,0.0330268186267334,ST_PREF
15,Mode54,60.0132896961053,0.0,0.0329959253557877,ST_PREF
16,Mode80,29.3146339831205,0.0,0.0308314525358518,ST_PREF
17,Mode3,11.3102198272659,0.0,0.0293724468278203,ST_PREF
18,Mode8,16.0475772355211,0.0,0.0292353904244125,ST_PREF
19,Mode30,36.1238431137867,0.0,0.0291025694442105,ST_PREF
20,Mode18,20.7925972519454,0.0,0.0286993394843553,ST_PREF
21,Mode52,12.9589658444223,0.0,0.0283725429486044,ST_PREF
22,Mode55,25.8742876262348,0.0,0.0283281562838381,ST_PREF
23,Mode43,26.2472395747933,0.0,0.0238020185624804,ST_PREF
24,Mode157,14.4583470023338,0.0,0.0226576378496668,ST_PREF
25,Mode12,40.7349077536226,0.0,0.0225450900895967,ST_PREF
26,Mode190,39.9900299981558,0.0,0.0222200875015843,ST_PREF
27,Mode28,13.0705978501405,0.0,0.0222032030608542,ST_PREF
28,Mode33,39.7933794147319,0.0,0.022043856931604,ST_PREF
29,Mode111,11.1143293735738,0.0,0.0211602992951725,ST_PREF
30,Mode78,10.0869106236927,0.0,0.020726566481148,ST_PREF
31,Mode94,35.5995010406386,0.0,0.0197640188420502,ST_PREF
32,Mode91,13.6043649766459,0.0,0.0183250304182261,ST_PREF
33,Mode68,11.7903571383245,0.0,0.0180991913260031,ST_PREF
34,Mode118,11.597521481023,0.0,0.0180478584563705,ST_PREF
35,Mode162,31.6432838319866,0.0,0.0176683628797478,ST_PREF
36,Mode42,12.5943928881195,0.0,0.0176262306956637,ST_PREF
37,Mode38,13.6281090614989,0.0,0.0174965096058253,ST_PREF
38,Mode123,8.88532636740084,0.0,0.0165427649460164,ST_PREF
39,Mode34,29.5820100702653,0.0,0.0164658199009384,ST_PREF
40,Mode47,14.3289781354047,0.0,0.0163867653151746,ST_PREF
41,Mode167,28.24480794628,0.0,0.015787273148815,ST_PREF
42,Mode117,10.8705430220214,0.0,0.0153011312561209,ST_PREF
43,Mode21,6.517829324401,0.0,0.0151983563915302,ST_PREF
44,Mode153,26.9705143054282,0.0,0.0150481528070065,ST_PREF
45,Mode129,10.6965148888822,0.0,0.0148489973708193,ST_PREF
46,Mode90,7.47506410835382,0.0,0.0148169463604167,ST_PREF
47,Mode184,23.6563532769689,0.0,0.0147776901949727,ST_PREF
48,Mode51,11.9114536400447,0.0,0.0142311045620691,ST_PREF
49,Mode99,6.40463093358226,0.0,0.0139216231887832,ST_PREF
50,Mode139,24.7861846307635,0.0,0.0138332311933343,ST_PREF
51,Mode27,7.59600237836893,0.0,0.013727482250612,ST_PREF
52,Mode26,13.0566988185945,0.0,0.0136089807355872,ST_PREF
53,Mode60,23.9733723917448,0.0,0.0134344746581143,ST_PREF
54,Mode194,9.53298094663425,0.0,0.0129308997399142,ST_PREF
55,Mode74,6.45942725620392,0.0,0.0128922154333011,ST_PREF
56,Mode67,22.6828809027207,0.0,0.0126973804425458,ST_PREF
57,Mode122,22.3488104303647,0.0,0.0125143633708751,ST_PREF
58,Mode100,22.3211924707368,0.0,0.0124981900009235,ST_PREF
59,Mode35,22.1916528945469,0.0,0.012460610604119,ST_PREF
60,Mode49,21.7195407610288,0.0,0.0121476683157486,ST_PREF
61,Mode137,9.56339744026204,0.0,0.0120478209007152,ST_PREF
62,Mode16,4.5663615214407,0.002,0.0118676198473406,ST_PREF
63,Mode63,11.6490491219225,0.0,0.0117357701613276,ST_PREF
64,Mode192,18.6730783919753,0.0,0.011649600913889,ST_PREF
65,Mode180,7.4447052675545,0.0,0.0111580731099632,ST_PREF
66,Mode96,6.58211997636094,0.002,0.010676522445039,ST_PREF
67,Mode95,7.20970794142017,0.0,0.0101229686335317,ST_PREF
68,Mode44,8.13993784677985,0.0,0.0100184867048004,ST_PREF
69,Mode126,17.8024580017968,0.0,0.0099761782999032,ST_PREF
70,Mode11,17.6421540185416,0.0,0.0098814824316924,ST_PREF
71,Mode9,2.37689685495854,0.057,0.0098617791343808,ST_PREF
72,Mode61,16.2349795716814,0.0,0.0091108639347248,ST_PREF
73,Mode77,7.38487642994415,0.002,0.0090153668546703,ST_PREF
74,Mode17,2.98917193583854,0.043,0.008862555577305,ST_PREF
75,Mode19,5.59004232947235,0.004,0.0088601890481531,ST_PREF
76,Mode24,3.98334927450617,0.012,0.0088358186905756,ST_PREF
77,Mode59,6.97452117790241,0.002,0.0087635879917863,ST_PREF
78,Mode138,6.21501928013853,0.002,0.0086573618665233,ST_PREF
79,Mode73,15.0424379643744,0.0,0.0084415857996232,ST_PREF
80,Mode109,14.6385319016091,0.0,0.0082432568162323,ST_PREF
81,Mode110,9.09712784978793,0.002,0.008241825431325,ST_PREF
82,Mode69,5.16861753746338,0.006,0.0080209993224746,ST_PREF
83,Mode87,12.191626718246,0.0,0.0079733283766378,ST_PREF
84,Mode104,6.01216535133591,0.004,0.0079333957692155,ST_PREF
85,Mode114,7.74985556319416,0.002,0.0075476276728545,ST_PREF
86,Mode66,2.33934484753635,0.101,0.0074138520719208,ST_PREF
87,Mode163,5.82303725280017,0.006,0.0073343920400486,ST_PREF
88,Mode141,5.33629759347418,0.008,0.0069994662277413,ST_PREF
89,Mode65,3.83432031027958,0.024,0.0065584033351573,ST_PREF
90,Mode84,11.4896657983321,0.002,0.0064659292795307,ST_PREF
91,Mode116,10.9712628985741,0.002,0.0062805382021979,ST_PREF
92,Mode37,11.0415716726541,0.002,0.0062179842387303,ST_PREF
93,Mode46,3.16427850628273,0.048,0.0061344956799851,ST_PREF
94,Mode142,10.8826719374192,0.002,0.0061314047267969,ST_PREF
95,Mode199,10.0593691385991,0.002,0.0059622853788165,ST_PREF
96,Mode25,3.34837837463049,0.049,0.0059502553777725,ST_PREF
97,Mode7,3.46753047546672,0.051,0.005745753558104,ST_PREF
98,Mode112,3.68973559664424,0.04,0.0057057883500699,ST_PREF
99,Mode131,10.105899550431,0.004,0.0056848011582341,ST_PREF
100,Mode132,6.94219324380111,0.014,0.0056500421053254,ST_PREF
101,Mode183,4.21906988544207,0.023,0.0054790613236799,ST_PREF
102,Mode179,4.0719599114766,0.028,0.0054443331809996,ST_PREF
103,Mode10,3.08639466011238,0.072,0.0053589659530305,ST_PREF
104,Mode181,9.4783490091929,0.004,0.0053400871388223,ST_PREF
105,Mode152,9.29519856757531,0.004,0.0052447782539844,ST_PREF
106,Mode171,9.28927061122866,0.004,0.0052346474028651,ST_PREF
107,Mode92,3.01524766552343,0.061,0.0052108747694079,ST_PREF
108,Mode102,3.22172230639105,0.064,0.0051817157674342,ST_PREF
109,Mode115,8.79872262081429,0.006,0.004965555685738,ST_PREF
110,Mode173,7.11706067214769,0.014,0.0049557409552557,ST_PREF
111,Mode127,8.31847667111411,0.008,0.0047007223932726,ST_PREF
112,Mode185,3.54162522431789,0.05,0.0044664584901895,ST_PREF
113,Mode151,3.2374981686345,0.05,0.0044314441241195,ST_PREF
114,Mode197,7.84690621336043,0.01,0.0044294987088491,ST_PREF
115,Mode15,2.69725915372179,0.096,0.0044275889946488,ST_PREF
116,Mode128,5.21667385524305,0.023,0.0043993576381442,ST_PREF
117,Mode83,2.4980544187809,0.096,0.0043565705407581,ST_PREF
118,Mode140,2.3990779139896,0.102,0.0042876216844204,ST_PREF
119,Mode20,2.87187366694533,0.066,0.004022055421639,ST_PREF
120,Mode159,6.90686547428491,0.018,0.0038986998127636,ST_PREF
121,Mode107,6.70816503884618,0.019,0.0037926969757131,ST_PREF
122,Mode170,6.65743748936883,0.019,0.0037610224145665,ST_PREF
123,Mode57,2.35226493621827,0.146,0.0035651362719843,ST_PREF
124,Mode187,4.03425088445406,0.076,0.00339401374731,ST_PREF
125,Mode81,2.19202180946987,0.15,0.0033925042253235,ST_PREF
126,Mode191,2.38795306585247,0.131,0.0033738251111492,ST_PREF
127,Mode86,5.49596548502235,0.035,0.0031040149329469,ST_PREF
128,Mode168,2.2138052262629,0.15,0.0030955552489425,ST_PREF
129,Mode189,3.34125362257899,0.065,0.0030947571890444,ST_PREF
130,Mode193,1.5348750139258,0.349,0.0030155650931978,ST_PREF
131,Mode177,2.23273840207735,0.151,0.0030020782775477,ST_PREF
132,Mode150,5.24293434612,0.04,0.0029820096044817,ST_PREF
133,Mode101,2.06996349048245,0.173,0.0029582081582224,ST_PREF
134,Mode85,2.01377329031526,0.209,0.0029356601090977,ST_PREF
135,Mode76,1.66735776784698,0.234,0.0029331190447798,ST_PREF
136,Mode2,1.57945753569063,0.289,0.002896358777009,ST_PREF
137,Mode174,5.0446498999172,0.044,0.0028585172844825,ST_PREF
138,Mode176,1.48026919595677,0.254,0.0027168439284688,ST_PREF
139,Mode31,4.47474578858585,0.059,0.0025253113766349,ST_PREF
140,Mode105,1.26160435024415,0.323,0.0024786503996265,ST_PREF
141,Mode154,1.21774047442855,0.363,0.0022334974147612,ST_PREF
142,Mode148,1.5811773120548,0.272,0.002206347418722,ST_PREF
143,Mode45,1.28598366171336,0.341,0.0020027814954633,ST_PREF
144,Mode106,3.51604181865752,0.096,0.0019907156512828,ST_PREF
145,Mode164,1.27799081807912,0.341,0.0019770034532464,ST_PREF
146,Mode14,3.41677521540717,0.1,0.0019298465251321,ST_PREF
147,Mode156,2.17653308344394,0.15,0.0019077541979512,ST_PREF
148,Mode160,1.01646748411674,0.46,0.0018656336519391,ST_PREF
149,Mode147,3.16352791718068,0.113,0.0017997061551997,ST_PREF
150,Mode41,3.13434569023379,0.115,0.0017725670617869,ST_PREF
151,Mode113,1.11330637889198,0.41,0.0017257025504685,ST_PREF
152,Mode196,2.96280234440912,0.126,0.0016769885618867,ST_PREF
153,Mode134,0.869670632872531,0.364,0.0015324956291854,ST_PREF
154,Mode98,2.43161031958152,0.158,0.0015001695417688,ST_PREF
155,Mode82,0.879195046108196,0.498,0.0014712996457235,ST_PREF
156,Mode175,2.49395034591123,0.16,0.0014131078973606,ST_PREF
157,Mode88,2.30235869680829,0.178,0.001300821334957,ST_PREF
158,Mode166,0.734948695896986,0.41,0.0012865541220315,ST_PREF
159,Mode186,0.951901935901508,0.546,0.0011599425732153,ST_PREF
160,Mode108,1.91265038005825,0.228,0.0010823651221598,ST_PREF
161,Mode58,1.86731694969429,0.233,0.0010560954649591,ST_PREF
162,Mode89,0.798744462356742,0.596,0.0010492738805127,ST_PREF
163,Mode136,0.62839096219206,0.609,0.0010438467113577,ST_PREF
164,Mode130,1.53221792838773,0.285,0.0008708124379198,ST_PREF
165,Mode62,0.449743502551428,0.71,0.0008520188007468,ST_PREF
166,Mode178,1.40947061875482,0.307,0.0007992787103033,ST_PREF
167,Mode155,0.412721183246237,0.718,0.0007886191831171,ST_PREF
168,Mode103,0.386061460302827,0.732,0.0007582642994652,ST_PREF
169,Mode70,1.11811071201832,0.363,0.0006329773794922,ST_PREF
170,Mode40,1.09346890155092,0.366,0.0006189879182187,ST_PREF
171,Mode161,0.997549216289974,0.391,0.0005641177454922,ST_PREF
172,Mode144,0.898423464110414,0.414,0.0005085753393249,ST_PREF
173,Mode97,0.835205953202719,0.43,0.0004810769813774,ST_PREF
174,Mode158,0.837620996188465,0.43,0.0004740653765282,ST_PREF
175,Mode120,0.833108693806708,0.43,0.0004733140057409,ST_PREF
176,Mode149,0.820928607747341,0.43,0.0004680250192521,ST_PREF
177,Mode39,0.70703184210512,0.467,0.0004006390231676,ST_PREF
178,Mode93,0.55110435115627,0.527,0.0003118412820813,ST_PREF
179,Mode121,0.475394105297049,0.557,0.0002720536483659,ST_PREF
180,Mode195,0.428827673195123,0.58,0.0002431641074324,ST_PREF
181,Mode198,0.372235377654099,0.605,0.0002159159595298,ST_PREF
182,Mode71,0.0838871279279058,0.844,0.0001919436659711,ST_PREF
183,Mode143,0.332492916492252,0.625,0.0001882902753703,ST_PREF
184,Mode72,0.145088764453334,0.896,0.0001821045932645,ST_PREF
185,Mode172,0.301757840578788,0.642,0.0001711603961507,ST_PREF
186,Mode135,0.214529552083164,0.705,0.00012193074151,ST_PREF
187,Mode145,0.176616832956202,0.726,0.0001000604548718,ST_PREF
188,Mode182,0.0233890544254913,0.935,9.11377091687565e-05,ST_PREF
189,Mode119,0.159882461010058,0.734,9.06324866867358e-05,ST_PREF
190,Mode79,0.0923978295805093,0.808,5.88351717522026e-05,ST_PREF
191,Mode165,0.0473417908412614,0.868,2.7234080020765e-05,ST_PREF
192,Mode22,0.0208696456537339,0.918,1.19155860271302e-05,ST_PREF
193,Mode53,0.0166394209545448,0.925,9.43993933353721e-06,ST_PREF
194,Mode125,0.0161373137491861,0.925,9.41554420702878e-06,ST_PREF
195,Mode133,0.0063727884247484,0.959,4.71926596020105e-06,ST_PREF
196,Mode146,0.0037049365598287,0.965,2.41097023336845e-06,ST_PREF
197,Mode75,0.0005557461874198,0.996,7.15382554786313e-07,ST_PREF
198,Mode188,5.04650195679216e-05,0.999,1.38643759886467e-07,ST_PREF
0,Mode50,98.1239584448829,0.0,0.0526412558570517,ST_PREM
1,Mode6,39.6895116381474,0.0,0.042311447925863,ST_PREM
2,Mode129,34.11553698067,0.0,0.0388591149948474,ST_PREM
3,Mode85,22.2812663084898,0.0,0.0364607091164074,ST_PREM
4,Mode199,11.4941616310906,0.0,0.032531457709406,ST_PREM
5,Mode106,16.6755020874706,0.0,0.029519115190257,ST_PREM
6,Mode92,53.226023290182,0.0,0.0292379432993734,ST_PREM
7,Mode41,16.2470984041319,0.0,0.0286017252242656,ST_PREM
8,Mode112,21.5654999651672,0.0,0.027405739244177,ST_PREM
9,Mode156,23.2410992388149,0.0,0.0248527002433754,ST_PREM
10,Mode124,14.885635499397,0.0,0.0244293651715017,ST_PREM
11,Mode27,10.8015839375878,0.0,0.0240703831496282,ST_PREM
12,Mode177,17.2014499991629,0.0,0.0230743896943955,ST_PREM
13,Mode141,14.7127664249571,0.0,0.0228262373646385,ST_PREM
14,Mode67,11.732838762783,0.0,0.0227963819878128,ST_PREM
15,Mode132,40.8510507200154,0.0,0.0225877453668413,ST_PREM
16,Mode149,10.7245283298712,0.0,0.0221451567137842,ST_PREM
17,Mode97,6.19913351260065,0.0,0.0218993050402792,ST_PREM
18,Mode1,9.15445161867888,0.0,0.0216278241415281,ST_PREM
19,Mode33,18.0980657539575,0.0,0.0216149710038609,ST_PREM
20,Mode174,12.3438180139371,0.0,0.0216028545584388,ST_PREM
21,Mode42,36.6548347842664,0.0,0.0203212342609949,ST_PREM
22,Mode89,33.5719205323913,0.0,0.0186757799434025,ST_PREM
23,Mode14,13.2729236419424,0.0,0.0182638554386465,ST_PREM
24,Mode71,10.9978094685221,0.0,0.0180287873354651,ST_PREM
25,Mode120,8.19523758581786,0.0,0.0178036238395879,ST_PREM
26,Mode101,14.2467950354929,0.0,0.0172394669395956,ST_PREM
27,Mode22,7.47404482065127,0.0,0.0171771814754399,ST_PREM
28,Mode72,29.7743112968245,0.0,0.0165642264916479,ST_PREM
29,Mode30,12.8638168652265,0.0,0.0160933190773388,ST_PREM
30,Mode38,12.5689585998792,0.0,0.0157817041965462,ST_PREM
31,Mode55,27.4616047678377,0.0,0.0153102329546711,ST_PREM
32,Mode15,13.7893201295343,0.0,0.0148234449076406,ST_PREM
33,Mode24,7.50398698035627,0.0,0.0148185005069202,ST_PREM
34,Mode143,26.1430942462934,0.0,0.0145762369510278,ST_PREM
35,Mode191,7.5182799084136,0.0,0.0145364719809009,ST_PREM
36,Mode125,7.02805339125857,0.0,0.0144798345469421,ST_PREM
37,Mode119,10.6470908006942,0.0,0.0139986230055169,ST_PREM
38,Mode13,10.5336493176603,0.0,0.0136405767583735,ST_PREM
39,Mode161,10.740540162513,0.0,0.0136367101253965,ST_PREM
40,Mode23,14.6803744667322,0.0,0.0131846621759862,ST_PREM
41,Mode62,11.1592376573266,0.0,0.0131790726039353,ST_PREM
42,Mode134,7.62864018390941,0.0,0.0127873025287949,ST_PREM
43,Mode145,5.1366185621898,0.003,0.012575448564197,ST_PREM
44,Mode103,7.09365161437758,0.0,0.0120810494610544,ST_PREM
45,Mode7,3.72980441800676,0.009,0.0119640903197556,ST_PREM
46,Mode36,21.2056453115722,0.0,0.0118646707866196,ST_PREM
47,Mode90,6.15685597826254,0.0,0.0117890658173195,ST_PREM
48,Mode39,10.8520743316514,0.0,0.011775680847062,ST_PREM
49,Mode95,7.9090422627958,0.0,0.0112065455576973,ST_PREM
50,Mode105,8.39052634497605,0.0,0.0108988805095258,ST_PREM
51,Mode20,8.4841870372916,0.0,0.0108475047877955,ST_PREM
52,Mode51,18.8006227989224,0.0,0.0105412050105483,ST_PREM
53,Mode144,6.82832954493197,0.0,0.0105081355738646,ST_PREM
54,Mode44,6.43358141210292,0.003,0.0104750796350261,ST_PREM
55,Mode163,13.327387524838,0.0,0.010338323475522,ST_PREM
56,Mode115,6.29841867300662,0.003,0.0102720340419404,ST_PREM
57,Mode140,6.86804715002481,0.003,0.0102169979137964,ST_PREM
58,Mode65,10.976530387576,0.0,0.0102023138976221,ST_PREM
59,Mode82,8.71876706722179,0.0,0.0101622273969747,ST_PREM
60,Mode184,17.8100351215237,0.0,0.0099905028233743,ST_PREM
61,Mode154,17.6785091047853,0.0,0.0099146667960459,ST_PREM
62,Mode186,17.5841221697662,0.0,0.0098618690297739,ST_PREM
63,Mode63,2.30972953847384,0.066,0.0097472077448774,ST_PREM
64,Mode150,7.6907232903489,0.0,0.0094202031964398,ST_PREM
65,Mode142,4.94909419886869,0.005,0.0093314415529694,ST_PREM
66,Mode83,4.11292796751738,0.009,0.0093029564303075,ST_PREM
67,Mode58,12.7072216014299,0.0,0.0092875868301533,ST_PREM
68,Mode110,16.4949669107135,0.0,0.0092545533388093,ST_PREM
69,Mode98,7.71018616517895,0.003,0.009135174796115,ST_PREM
70,Mode28,15.7557450158366,0.0,0.0088472795411003,ST_PREM
71,Mode12,4.33565254145794,0.009,0.0087763984917808,ST_PREM
72,Mode86,6.3178358395078,0.003,0.0087261752351205,ST_PREM
73,Mode25,6.98904827513111,0.003,0.0086771934298269,ST_PREM
74,Mode158,5.60871994762963,0.005,0.0086660703700558,ST_PREM
75,Mode34,4.39807376581944,0.009,0.0086341807788613,ST_PREM
76,Mode189,3.54721527803869,0.02,0.0084461919097872,ST_PREM
77,Mode9,9.7109738650851,0.003,0.0083913113405216,ST_PREM
78,Mode135,14.89975654248,0.0,0.0083701098629049,ST_PREM
79,Mode52,10.0881706145681,0.003,0.0083115900945402,ST_PREM
80,Mode185,4.35000588384707,0.011,0.0080702130358038,ST_PREM
81,Mode121,4.11057718644908,0.015,0.0078788811844453,ST_PREM
82,Mode152,8.63248112952797,0.005,0.0078437018718808,ST_PREM
83,Mode147,13.6874285086165,0.0,0.0077579482390986,ST_PREM
84,Mode47,13.3731184981325,0.0,0.0075074290492154,ST_PREM
85,Mode31,5.1275171834972,0.013,0.0071158955355883,ST_PREM
86,Mode181,12.4421604252381,0.0,0.0070169670039132,ST_PREM
87,Mode78,5.33573453600042,0.011,0.0069482695264709,ST_PREM
88,Mode79,3.32213122769992,0.036,0.0069139485277821,ST_PREM
89,Mode3,12.0231873091272,0.003,0.0067652667502692,ST_PREM
90,Mode159,4.75306597403812,0.013,0.0066993054297502,ST_PREM
91,Mode37,3.84860601883264,0.029,0.0065209348580885,ST_PREM
92,Mode59,3.35966766340944,0.042,0.006241068895219,ST_PREM
93,Mode2,2.47655210169519,0.076,0.0061535471027489,ST_PREM
94,Mode168,3.4928810794326,0.036,0.0060478608095393,ST_PREM
95,Mode198,10.6516328809116,0.003,0.0060078059748197,ST_PREM
96,Mode43,10.4338586642992,0.003,0.0058670876498094,ST_PREM
97,Mode136,3.91298467782275,0.03,0.0057812126634354,ST_PREM
98,Mode170,3.05788024263,0.047,0.0055539536441966,ST_PREM
99,Mode123,4.21228701202106,0.029,0.0053185438180028,ST_PREM
100,Mode180,9.26161064069928,0.005,0.0053042233767048,ST_PREM
101,Mode192,3.95202955912705,0.028,0.005267277921955,ST_PREM
102,Mode19,3.52928737968336,0.045,0.0052321086831165,ST_PREM
103,Mode128,1.63002672067967,0.174,0.0051229742474846,ST_PREM
104,Mode64,4.09817170846036,0.032,0.0050022239824313,ST_PREM
105,Mode102,3.66606628468632,0.033,0.0049734079293748,ST_PREM
106,Mode35,3.97799160326468,0.033,0.0049544149162416,ST_PREM
107,Mode45,3.47439470321668,0.046,0.0049197459438171,ST_PREM
108,Mode10,3.35671527270051,0.063,0.0048292867281679,ST_PREM
109,Mode70,8.48533273465212,0.009,0.0047787171818176,ST_PREM
110,Mode169,2.99911748969513,0.059,0.0047620475388783,ST_PREM
111,Mode69,3.44798294295447,0.041,0.0046570416059274,ST_PREM
112,Mode195,2.71939120593567,0.105,0.0044714243627706,ST_PREM
113,Mode57,7.70782734813385,0.013,0.0043480089224498,ST_PREM
114,Mode56,7.65873196275713,0.013,0.0043138566148401,ST_PREM
115,Mode139,7.59092903622002,0.013,0.0042827254970536,ST_PREM
116,Mode11,2.04933463446991,0.169,0.0041912480211524,ST_PREM
117,Mode164,7.35672853192084,0.015,0.0041546482338859,ST_PREM
118,Mode40,2.04923054500825,0.13,0.0040534097187799,ST_PREM
119,Mode108,2.14989478211642,0.131,0.0040447711200461,ST_PREM
120,Mode117,2.88592008454614,0.067,0.0039974678699485,ST_PREM
121,Mode53,6.96579833263822,0.016,0.0039272349193667,ST_PREM
122,Mode160,4.55596580190738,0.058,0.0038732926453532,ST_PREM
123,Mode68,2.26709192922794,0.13,0.0038257251298748,ST_PREM
124,Mode167,6.69923954304243,0.02,0.0037800311192911,ST_PREM
125,Mode166,5.64538865144908,0.033,0.003768006441667,ST_PREM
126,Mode116,3.64255984636413,0.081,0.0036926132615563,ST_PREM
127,Mode17,2.60429608483626,0.077,0.0036652160915889,ST_PREM
128,Mode94,2.36542822831919,0.113,0.003623229747509,ST_PREM
129,Mode165,3.27010253427033,0.09,0.0035967869781924,ST_PREM
130,Mode183,6.30112996056874,0.024,0.0035575208827248,ST_PREM
131,Mode148,3.73226543890955,0.089,0.0034087665492916,ST_PREM
132,Mode74,2.1142291661923,0.191,0.0033925103264066,ST_PREM
133,Mode104,1.91805902900336,0.162,0.003333791376645,ST_PREM
134,Mode61,5.87982070164452,0.029,0.0033174256442769,ST_PREM
135,Mode100,4.32131512545836,0.067,0.003215725502468,ST_PREM
136,Mode133,2.03655477257165,0.15,0.0032141652811798,ST_PREM
137,Mode73,2.20998101215297,0.16,0.0030642881457769,ST_PREM
138,Mode194,5.38029760777255,0.036,0.0030397263772957,ST_PREM
139,Mode157,1.25839774949445,0.252,0.0029476102078196,ST_PREM
140,Mode171,2.16140563922125,0.114,0.0029112679014274,ST_PREM
141,Mode182,1.95931275372764,0.203,0.0028921216818512,ST_PREM
142,Mode76,1.91019601806056,0.137,0.0028673224804394,ST_PREM
143,Mode46,4.91138392473734,0.046,0.0027717166034288,ST_PREM
144,Mode155,1.40191602378371,0.253,0.002717649237568,ST_PREM
145,Mode126,4.71170113176364,0.05,0.0026702527277972,ST_PREM
146,Mode114,3.96144180620629,0.077,0.0025959614812602,ST_PREM
147,Mode48,1.01007889895437,0.325,0.0025894878824322,ST_PREM
148,Mode32,4.35579064791973,0.06,0.002459225263316,ST_PREM
149,Mode193,1.43371336641968,0.268,0.0024367672615657,ST_PREM
150,Mode179,1.40496590116512,0.26,0.0023853520856554,ST_PREM
151,Mode162,1.64251684963384,0.233,0.0023481144456221,ST_PREM
152,Mode80,2.2366853933342,0.215,0.0023310925799895,ST_PREM
153,Mode118,4.0842551689675,0.067,0.0023096452108349,ST_PREM
154,Mode26,3.96321942620454,0.073,0.002238687452401,ST_PREM
155,Mode197,1.53176854778419,0.256,0.0021833058085924,ST_PREM
156,Mode16,2.15342717786753,0.226,0.0021808136433289,ST_PREM
157,Mode130,3.6929723507213,0.082,0.0020877618042262,ST_PREM
158,Mode91,2.55849824505334,0.182,0.002085985386206,ST_PREM
159,Mode187,1.06566506961046,0.349,0.0020353067664442,ST_PREM
160,Mode173,3.45579852802629,0.092,0.0019782098831753,ST_PREM
161,Mode93,3.0883064314916,0.113,0.0017490531247068,ST_PREM
162,Mode88,1.03765420344077,0.443,0.0017293415227939,ST_PREM
163,Mode131,0.750584691324224,0.472,0.0016777474410569,ST_PREM
164,Mode138,2.66484023269769,0.131,0.0016681715091613,ST_PREM
165,Mode77,1.92263730076296,0.261,0.0016361139913595,ST_PREM
166,Mode175,1.58293577958715,0.34,0.0015976398061139,ST_PREM
167,Mode18,2.61977979242701,0.144,0.0014796273056318,ST_PREM
168,Mode54,2.43462583590566,0.16,0.0013798506708335,ST_PREM
169,Mode99,2.40976742988259,0.161,0.0013620092505558,ST_PREM
170,Mode49,2.39980107943234,0.161,0.0013569648818183,ST_PREM
171,Mode178,0.62918420513884,0.526,0.0013231695585364,ST_PREM
172,Mode137,0.696652420221073,0.392,0.0013065868364333,ST_PREM
173,Mode21,1.96721630705512,0.193,0.0012290215479939,ST_PREM
174,Mode190,2.00998471536534,0.198,0.001139256363466,ST_PREM
175,Mode87,1.79229827644548,0.224,0.0010135249000332,ST_PREM
176,Mode84,1.72374110518694,0.231,0.0009742963718907,ST_PREM
177,Mode188,1.56078408202418,0.253,0.0008855263099835,ST_PREM
178,Mode111,1.49731358582373,0.26,0.0008479882211839,ST_PREM
179,Mode153,1.4349502748556,0.274,0.0008474924739009,ST_PREM
180,Mode5,1.38325724087257,0.274,0.0007827704091476,ST_PREM
181,Mode81,1.31730180284976,0.284,0.0007514336474872,ST_PREM
182,Mode75,1.01899529272427,0.349,0.0005764018365231,ST_PREM
183,Mode96,0.782080345476359,0.414,0.0004427864121464,ST_PREM
184,Mode151,0.682183180138701,0.443,0.0003869339997965,ST_PREM
185,Mode29,0.67991550786016,0.443,0.000384500780383,ST_PREM
186,Mode4,0.605881998267955,0.469,0.0003475258381012,ST_PREM
187,Mode196,0.531895509995157,0.497,0.0003019482095721,ST_PREM
188,Mode60,0.30585556913899,0.6,0.0002934987660406,ST_PREM
189,Mode146,0.349054012601051,0.584,0.0001977089310089,ST_PREM
190,Mode66,0.243816539835916,0.648,0.0001384992647997,ST_PREM
191,Mode107,0.207752557183119,0.69,0.0001295428152664,ST_PREM
192,Mode122,0.14713488531192,0.724,8.33744038201899e-05,ST_PREM
193,Mode172,0.134836634328912,0.732,7.77297675600633e-05,ST_PREM
194,Mode109,0.120178716581176,0.745,6.8304469546203e-05,ST_PREM
195,Mode113,0.115058686190007,0.746,6.52549767437857e-05,ST_PREM
196,Mode176,0.0495625353608275,0.836,2.89370612134204e-05,ST_PREM
197,Mode127,0.035661426605188,0.856,2.05506732581369e-05,ST_PREM
198,Mode8,0.0046003101719624,0.947,2.7273590765268e-06,ST_PREM
0,Mode6,102.792751170983,0.0,0.086536354162209,ST_PREC
1,Mode13,79.5625259716009,0.0,0.0736662583560642,ST_PREC
2,Mode1,47.2078938044805,0.0,0.0634041293629592,ST_PREC
3,Mode48,23.9647449881753,0.0,0.0429167714982773,ST_PREC
4,Mode5,72.871415365618,0.0,0.0396393398848312,ST_PREC
5,Mode33,20.7373921773999,0.0,0.0380556509579153,ST_PREC
6,Mode128,21.5982087562429,0.0,0.0367268885672091,ST_PREC
7,Mode29,15.6003990321078,0.0,0.0365962771558684,ST_PREC
8,Mode52,21.032703231549,0.0,0.034216429235558,ST_PREC
9,Mode20,16.1146062134534,0.0,0.031956004851098,ST_PREC
10,Mode45,12.598185585738,0.0,0.0273612756982659,ST_PREC
11,Mode54,47.9919407741236,0.0,0.0264670145050787,ST_PREC
12,Mode175,47.5026000299058,0.0,0.0262224533844528,ST_PREC
13,Mode71,16.9643278029889,0.0,0.0249230464442296,ST_PREC
14,Mode9,21.6013122989541,0.0,0.0245349434663387,ST_PREC
15,Mode187,14.7530067606609,0.0,0.0221595734550728,ST_PREC
16,Mode146,16.0756076520885,0.0,0.0220914728195957,ST_PREC
17,Mode100,16.4270658610674,0.0,0.0208392649642704,ST_PREC
18,Mode76,9.91425705907204,0.0,0.0207923395829161,ST_PREC
19,Mode95,10.1925808837893,0.0,0.0204315425938806,ST_PREC
20,Mode84,9.69476336219269,0.0,0.0199240021877964,ST_PREC
21,Mode174,7.77178885518477,0.0,0.0199001200840036,ST_PREC
22,Mode2,14.2834047604996,0.0,0.0195282606681358,ST_PREC
23,Mode86,35.1103307619358,0.0,0.019494861523037,ST_PREC
24,Mode22,8.61966212959216,0.0,0.0192725067912292,ST_PREC
25,Mode31,11.6601889795094,0.0,0.0192554513798073,ST_PREC
26,Mode102,9.04435366512648,0.0,0.0192298534333626,ST_PREC
27,Mode83,12.8567980815336,0.0,0.0191432207322011,ST_PREC
28,Mode57,9.79554903765396,0.0,0.0187471457159327,ST_PREC
29,Mode81,12.027624053806,0.0,0.0181161603555391,ST_PREC
30,Mode160,16.218960175668,0.0,0.017939719561632,ST_PREC
31,Mode80,9.94086842910353,0.0,0.0178854935904102,ST_PREC
32,Mode194,13.0356989801561,0.0,0.0176715325707724,ST_PREC
33,Mode40,11.8866136780102,0.0,0.0175966789872994,ST_PREC
34,Mode69,7.06198711177594,0.0,0.0168784979304333,ST_PREC
35,Mode122,27.2404337165137,0.0,0.016828403376431,ST_PREC
36,Mode136,26.5873154057336,0.0,0.0161433938695517,ST_PREC
37,Mode18,8.61982729810848,0.0,0.0158911682902689,ST_PREC
38,Mode46,7.66935078977857,0.0,0.0155031724600076,ST_PREC
39,Mode39,27.5425138176519,0.0,0.0153485318038772,ST_PREC
40,Mode38,7.61926721881791,0.0,0.0152673089593326,ST_PREC
41,Mode157,9.94681518786577,0.0,0.0148793350572943,ST_PREC
42,Mode96,6.42876794352542,0.0,0.0147403373960832,ST_PREC
43,Mode185,25.5036125966588,0.0,0.0142700563068499,ST_PREC
44,Mode169,7.5523032141468,0.0,0.0140357513420267,ST_PREC
45,Mode94,7.27878194481376,0.0,0.0139785450331748,ST_PREC
46,Mode77,7.46674834009101,0.0,0.0138094222128514,ST_PREC
47,Mode26,7.26072751941284,0.0,0.0135245764998303,ST_PREC
48,Mode145,13.5217711038422,0.0,0.0135206937751497,ST_PREC
49,Mode67,13.2655303092489,0.0,0.0132320483587634,ST_PREC
50,Mode53,6.37574687956437,0.0,0.0129020155553899,ST_PREC
51,Mode180,6.68536946710106,0.0,0.0128722266169724,ST_PREC
52,Mode107,19.4259074622207,0.0,0.0128401558686557,ST_PREC
53,Mode50,6.76802659946359,0.0,0.0127653058107204,ST_PREC
54,Mode37,8.52627710034098,0.0,0.0126774481157836,ST_PREC
55,Mode106,22.6193298293111,0.0,0.0126455264501156,ST_PREC
56,Mode64,6.31250082491461,0.0,0.0126347675569321,ST_PREC
57,Mode105,10.0246864762094,0.0,0.0125804154265083,ST_PREC
58,Mode34,9.53190325294654,0.0,0.0125244795099872,ST_PREC
59,Mode114,21.722038965813,0.0,0.0121527582523057,ST_PREC
60,Mode27,20.7066964266667,0.0,0.0115977312630698,ST_PREC
61,Mode188,7.16225005301936,0.0,0.0115954410577823,ST_PREC
62,Mode112,6.04381899250333,0.0,0.0115045805598301,ST_PREC
63,Mode140,8.74972904654234,0.0,0.0111619407060159,ST_PREC
64,Mode149,6.8301761015172,0.0,0.0110395628561991,ST_PREC
65,Mode23,8.25647942260479,0.0,0.0108903229134363,ST_PREC
66,Mode101,5.09466848557914,0.003,0.0108411657909107,ST_PREC
67,Mode127,5.27911541064728,0.003,0.0108286286594,ST_PREC
68,Mode129,18.4641789801455,0.0,0.0103532936803281,ST_PREC
69,Mode182,4.99759523586245,0.005,0.010307083378009,ST_PREC
70,Mode108,6.39334121912431,0.003,0.0101235974067423,ST_PREC
71,Mode15,17.9425822524005,0.0,0.0100636437907677,ST_PREC
72,Mode125,4.3623747404997,0.009,0.009039117562749,ST_PREC
73,Mode24,5.72511331066489,0.005,0.0088150060151487,ST_PREC
74,Mode75,15.5734399117061,0.0,0.0087596109309435,ST_PREC
75,Mode42,4.43454094711019,0.009,0.0084405818868443,ST_PREC
76,Mode91,14.6439100998788,0.0,0.008226784505618,ST_PREC
77,Mode130,4.27179387415696,0.011,0.0082109073793549,ST_PREC
78,Mode110,5.31283678731366,0.007,0.0081514541457785,ST_PREC
79,Mode115,14.3118148368743,0.0,0.0080521644903131,ST_PREC
80,Mode93,4.75800472584902,0.009,0.0079938537382581,ST_PREC
81,Mode148,7.00144634372169,0.003,0.0079686211164951,ST_PREC
82,Mode43,4.17255602538453,0.012,0.0079627893276786,ST_PREC
83,Mode63,5.2715674487854,0.007,0.0077848370447629,ST_PREC
84,Mode97,4.31882961374416,0.014,0.0076047901182753,ST_PREC
85,Mode113,4.93502919504873,0.011,0.0075477566572831,ST_PREC
86,Mode154,2.79586474048368,0.052,0.0074271606853404,ST_PREC
87,Mode62,5.16370336722605,0.011,0.0073274637752902,ST_PREC
88,Mode121,12.6074825727973,0.0,0.0071408261283943,ST_PREC
89,Mode56,12.3818194353653,0.0,0.0069588408136367,ST_PREC
90,Mode195,12.3152189839833,0.0,0.0069439487657355,ST_PREC
91,Mode164,5.79691292953988,0.007,0.0069397398357922,ST_PREC
92,Mode7,4.32899527399983,0.019,0.0066556358373387,ST_PREC
93,Mode147,3.58230308486743,0.032,0.0065196496733592,ST_PREC
94,Mode144,2.28308914264956,0.079,0.0064295369537472,ST_PREC
95,Mode65,7.08076238909937,0.011,0.0064000539146835,ST_PREC
96,Mode49,11.2097382043093,0.003,0.0063042205214732,ST_PREC
97,Mode193,4.45510627821396,0.019,0.0062993303411283,ST_PREC
98,Mode103,3.93342191808131,0.027,0.0062334741402078,ST_PREC
99,Mode30,4.02106721809719,0.026,0.0058883953733792,ST_PREC
100,Mode153,3.31072450337953,0.038,0.0056370687548941,ST_PREC
101,Mode155,9.8923803365956,0.005,0.0055929631826553,ST_PREC
102,Mode85,4.83226664586869,0.018,0.0055209692680602,ST_PREC
103,Mode118,3.29626292984298,0.052,0.0055153904960591,ST_PREC
104,Mode168,9.6979265840052,0.005,0.0054939241550021,ST_PREC
105,Mode19,3.17958177713294,0.046,0.0052969065196288,ST_PREC
106,Mode41,9.13948925517859,0.007,0.0051500412089439,ST_PREC
107,Mode159,2.98063121436233,0.073,0.0051100826285622,ST_PREC
108,Mode16,3.02921945599947,0.065,0.0049158442446548,ST_PREC
109,Mode162,6.10310444605545,0.024,0.0048616584069758,ST_PREC
110,Mode55,3.19013853589387,0.051,0.0048310461555628,ST_PREC
111,Mode35,6.22618243388963,0.023,0.0048200336110878,ST_PREC
112,Mode44,5.48902213765462,0.032,0.0047488456420806,ST_PREC
113,Mode21,2.9651061807027,0.065,0.0046142947253199,ST_PREC
114,Mode12,4.22385256431676,0.051,0.0043735204855356,ST_PREC
115,Mode32,2.9010116979045,0.078,0.004297753333075,ST_PREC
116,Mode172,7.49270110282255,0.012,0.0042343363234633,ST_PREC
117,Mode109,7.27844758041937,0.014,0.0041552582719271,ST_PREC
118,Mode152,3.36502559404159,0.048,0.0041550457098158,ST_PREC
119,Mode92,2.56181051257294,0.111,0.0040456634227503,ST_PREC
120,Mode179,2.38186894878147,0.155,0.0040383260716818,ST_PREC
121,Mode99,3.75654553979594,0.065,0.0040238577901929,ST_PREC
122,Mode163,7.05110828764634,0.016,0.0039987570664523,ST_PREC
123,Mode120,2.14522574354728,0.155,0.0039032201661016,ST_PREC
124,Mode60,6.91955918828511,0.018,0.0038992381504465,ST_PREC
125,Mode72,2.834177319436,0.092,0.0038312027447241,ST_PREC
126,Mode58,2.00272210706112,0.138,0.0037450550783105,ST_PREC
127,Mode79,6.5978827085119,0.019,0.0037243781162665,ST_PREC
128,Mode137,1.78399198514822,0.17,0.0035921462677033,ST_PREC
129,Mode14,6.17294199039215,0.024,0.0034793460195376,ST_PREC
130,Mode78,2.18280023813001,0.193,0.0034636041920858,ST_PREC
131,Mode166,2.71280989343773,0.076,0.0034397335189838,ST_PREC
132,Mode176,6.07309986049349,0.026,0.0034296236049086,ST_PREC
133,Mode177,1.91996754766312,0.181,0.003294928151754,ST_PREC
134,Mode10,2.4291868431101,0.091,0.0032574558151889,ST_PREC
135,Mode90,2.01573635062338,0.131,0.0030362740916197,ST_PREC
136,Mode124,1.90936280537874,0.187,0.0030329500528402,ST_PREC
137,Mode123,2.00846419057326,0.132,0.0030230978771972,ST_PREC
138,Mode4,5.33669798429667,0.037,0.0030108307048504,ST_PREC
139,Mode167,5.24018110568341,0.038,0.0029597442513042,ST_PREC
140,Mode135,1.85175850270015,0.218,0.0028928568189856,ST_PREC
141,Mode158,1.74788721456247,0.262,0.002730439283979,ST_PREC
142,Mode36,4.74879399183092,0.049,0.0026792712939974,ST_PREC
143,Mode197,4.56203352959527,0.053,0.0025747405998515,ST_PREC
144,Mode88,4.37706171803845,0.058,0.0024872426049463,ST_PREC
145,Mode98,1.19644573284769,0.317,0.0024558275909323,ST_PREC
146,Mode196,4.33476978692984,0.059,0.0024495484425536,ST_PREC
147,Mode3,1.43437179371334,0.235,0.0023141540976729,ST_PREC
148,Mode111,3.86130189787164,0.076,0.0021816876450848,ST_PREC
149,Mode59,1.35016040385074,0.33,0.0021530432029096,ST_PREC
150,Mode131,3.76874805579929,0.078,0.0021345543283482,ST_PREC
151,Mode189,1.22435685271188,0.364,0.0021014662230782,ST_PREC
152,Mode171,1.16564906061273,0.342,0.0020719196026473,ST_PREC
153,Mode184,1.11014012152282,0.358,0.0020270741004203,ST_PREC
154,Mode141,3.39965869637413,0.094,0.00192249704225,ST_PREC
155,Mode178,3.39859605293164,0.094,0.0019205007888211,ST_PREC
156,Mode161,2.56773532814791,0.173,0.0018984136832968,ST_PREC
157,Mode66,3.26648450468882,0.102,0.0018463127400147,ST_PREC
158,Mode138,3.09499949284565,0.111,0.0017487689302542,ST_PREC
159,Mode190,3.02858784072714,0.115,0.0017107456995192,ST_PREC
160,Mode170,2.88762919660541,0.122,0.0016528180269572,ST_PREC
161,Mode150,1.08566726334719,0.39,0.0016243946334776,ST_PREC
162,Mode139,2.5867826228676,0.146,0.0014629893234805,ST_PREC
163,Mode116,2.42405032758061,0.159,0.001373410581718,ST_PREC
164,Mode156,0.661619517670548,0.493,0.0013686183514883,ST_PREC
165,Mode191,1.36485321161871,0.404,0.0013616178010165,ST_PREC
166,Mode199,0.879103701119855,0.34,0.0013251681871737,ST_PREC
167,Mode25,0.765225720478984,0.381,0.0013042892191432,ST_PREC
168,Mode181,2.13038145357954,0.187,0.0012041593592988,ST_PREC
169,Mode17,2.06550487358902,0.193,0.0011670667522636,ST_PREC
170,Mode142,1.99490440324246,0.199,0.0011282722167295,ST_PREC
171,Mode173,1.67134709430376,0.243,0.0009479442098904,ST_PREC
172,Mode198,0.602106321848344,0.649,0.0009363242937256,ST_PREC
173,Mode132,1.01253967348042,0.492,0.0008878182649809,ST_PREC
174,Mode74,1.46366187902011,0.276,0.0008276299567431,ST_PREC
175,Mode192,0.349042233525154,0.576,0.0007791952826295,ST_PREC
176,Mode119,1.2805949698421,0.313,0.000726408518061,ST_PREC
177,Mode117,1.19125151936087,0.33,0.0006741256761956,ST_PREC
178,Mode47,1.13399995942594,0.339,0.0006483375077181,ST_PREC
179,Mode126,0.32605742338381,0.794,0.0005558638032837,ST_PREC
180,Mode8,0.881514227047676,0.396,0.0004993632601572,ST_PREC
181,Mode70,0.816167387425481,0.411,0.0004615481644204,ST_PREC
182,Mode82,0.385761114887552,0.777,0.0004609021627679,ST_PREC
183,Mode61,0.789515435234511,0.417,0.0004578814547914,ST_PREC
184,Mode28,0.166649312607561,0.734,0.0004329311343917,ST_PREC
185,Mode143,0.691593725452541,0.452,0.0003926604930013,ST_PREC
186,Mode134,0.665133625392924,0.455,0.0003803629615082,ST_PREC
187,Mode51,0.668645888364147,0.455,0.000378280695887,ST_PREC
188,Mode104,0.500609321683053,0.519,0.0002833529610443,ST_PREC
189,Mode89,0.393927320186951,0.57,0.0002232274030062,ST_PREC
190,Mode11,0.135098739203946,0.752,7.69418566933908e-05,ST_PREC
191,Mode183,0.109939799451278,0.786,6.83459269628177e-05,ST_PREC
192,Mode133,0.0672178894044065,0.838,6.45248785605139e-05,ST_PREC
193,Mode186,0.0068615449586797,0.965,4.16282519751825e-05,ST_PREC
194,Mode151,0.0432922526518004,0.859,2.45593542975272e-05,ST_PREC
195,Mode165,0.0220810036104617,0.901,1.26889741662632e-05,ST_PREC
196,Mode87,0.0057424660472321,0.964,4.66843999825391e-06,ST_PREC
197,Mode73,0.0040829603355037,0.965,4.36707067710362e-06,ST_PREC
198,Mode68,0.0037714800729098,0.965,2.29088487850818e-06,ST_PREC
0,Mode13,40.4542922493376,0.0,0.057745194830718,ST_POSTC
1,Mode198,26.6885890520037,0.0,0.0457416013182545,ST_POSTC
2,Mode6,59.446785220339,0.0,0.0325801925525853,ST_POSTC
3,Mode23,19.5610248575965,0.0,0.0298715959979272,ST_POSTC
4,Mode48,21.049817922682,0.0,0.029809914640218,ST_POSTC
5,Mode45,13.8871551384364,0.0,0.0291588356335494,ST_POSTC
6,Mode20,15.2617400419141,0.0,0.0290123986050887,ST_POSTC
7,Mode25,20.9910213553082,0.0,0.0283930323039123,ST_POSTC
8,Mode61,9.45648592369164,0.0,0.0275743411663531,ST_POSTC
9,Mode5,49.3834627534249,0.0,0.0271876998013285,ST_POSTC
10,Mode165,16.1175676821008,0.0,0.026588727701176,ST_POSTC
11,Mode128,14.7641849461281,0.0,0.0248982707058775,ST_POSTC
12,Mode38,12.0256838849498,0.0,0.0233482772970364,ST_POSTC
13,Mode1,41.6437003708888,0.0,0.0230208451182513,ST_POSTC
14,Mode35,19.0082324812116,0.0,0.0219573594637527,ST_POSTC
15,Mode54,12.1962531355467,0.0,0.0218836991135985,ST_POSTC
16,Mode163,37.8444920463104,0.0,0.0211554634233193,ST_POSTC
17,Mode145,36.136567798942,0.0,0.0200460639671438,ST_POSTC
18,Mode46,9.05279754549004,0.0,0.0197170706935551,ST_POSTC
19,Mode103,9.40774368365249,0.0,0.018769023765774,ST_POSTC
20,Mode12,32.9948051378265,0.0,0.018566488232637,ST_POSTC
21,Mode57,8.69871678033175,0.0,0.0184476527280257,ST_POSTC
22,Mode155,32.8331512471606,0.0,0.0182374043015922,ST_POSTC
23,Mode172,32.6440088353504,0.0,0.0182031843973838,ST_POSTC
24,Mode28,9.1745079527506,0.0,0.018197725504848,ST_POSTC
25,Mode29,8.96006893755796,0.0,0.0180676676336234,ST_POSTC
26,Mode95,7.82609454652199,0.0,0.017514741980576,ST_POSTC
27,Mode66,8.31470119026986,0.0,0.0174541282905067,ST_POSTC
28,Mode40,9.07830476948825,0.0,0.0172695467918272,ST_POSTC
29,Mode177,10.5293403929769,0.0,0.0164375411825477,ST_POSTC
30,Mode176,11.0320210388445,0.0,0.0161825675780788,ST_POSTC
31,Mode79,5.65291000471208,0.0,0.01551255883042,ST_POSTC
32,Mode100,27.7695117908618,0.0,0.0154732454490734,ST_POSTC
33,Mode76,8.84520948516099,0.0,0.0150363429108616,ST_POSTC
34,Mode7,7.67171514570451,0.0,0.0149396355672633,ST_POSTC
35,Mode164,8.17335919299154,0.0,0.0147014480276232,ST_POSTC
36,Mode14,8.89878148370384,0.0,0.0146507462624472,ST_POSTC
37,Mode34,26.1954208436579,0.0,0.0146033919946761,ST_POSTC
38,Mode83,7.38813871101474,0.0,0.0145829753021604,ST_POSTC
39,Mode181,25.0818436326055,0.0,0.0141302128590791,ST_POSTC
40,Mode53,8.47342367267263,0.0,0.0141288316263318,ST_POSTC
41,Mode175,7.67651689129425,0.0,0.0140768005244697,ST_POSTC
42,Mode122,25.12956586869,0.0,0.014024367774641,ST_POSTC
43,Mode36,10.0263593831496,0.0,0.0139948036160031,ST_POSTC
44,Mode101,8.32167085216496,0.0,0.0139080118226024,ST_POSTC
45,Mode117,7.1054219195279,0.0,0.0135937197761499,ST_POSTC
46,Mode184,7.21242078081626,0.0,0.0134201812813995,ST_POSTC
47,Mode183,16.6494669056649,0.0,0.0132793737276341,ST_POSTC
48,Mode37,23.2645202420223,0.0,0.0129887877063982,ST_POSTC
49,Mode186,3.08210143384978,0.011,0.0126270413057992,ST_POSTC
50,Mode43,8.16091118666784,0.0,0.0125676161270399,ST_POSTC
51,Mode64,6.25075154546464,0.0,0.0125110485052257,ST_POSTC
52,Mode70,6.45725211019955,0.0,0.0123613177213288,ST_POSTC
53,Mode68,8.43551653151514,0.0,0.012148642849681,ST_POSTC
54,Mode180,5.78787227772389,0.0,0.0121160584918754,ST_POSTC
55,Mode126,5.77164371252557,0.0,0.0116096531564135,ST_POSTC
56,Mode150,6.85635938981624,0.0,0.0115875031691695,ST_POSTC
57,Mode51,5.87594582840995,0.0,0.0114786516344093,ST_POSTC
58,Mode71,5.94643761726606,0.0,0.0113474718047885,ST_POSTC
59,Mode114,10.2823477494433,0.0,0.0113403121779442,ST_POSTC
60,Mode129,5.86248426726851,0.0,0.0112895546674067,ST_POSTC
61,Mode87,6.08870215887179,0.0,0.0112692798331056,ST_POSTC
62,Mode187,8.19190204786539,0.0,0.0109770261792307,ST_POSTC
63,Mode55,5.76652516057874,0.002,0.0109621027164486,ST_POSTC
64,Mode44,7.36288347581759,0.0,0.0108265704182552,ST_POSTC
65,Mode147,5.61545259460889,0.002,0.0108194343776983,ST_POSTC
66,Mode125,6.18735592568543,0.002,0.0102420642165086,ST_POSTC
67,Mode110,5.5292982371913,0.002,0.0101814728187859,ST_POSTC
68,Mode10,7.65177401142643,0.0,0.009696560021012,ST_POSTC
69,Mode159,17.0709324856396,0.0,0.0095835056194047,ST_POSTC
70,Mode141,16.8761524878699,0.0,0.00946057629902,ST_POSTC
71,Mode152,16.7985129337402,0.0,0.0094283874721268,ST_POSTC
72,Mode161,6.46888238806586,0.002,0.0093906916283793,ST_POSTC
73,Mode146,7.13326125738978,0.002,0.0092997361615967,ST_POSTC
74,Mode157,5.9450079568227,0.002,0.0092066210929059,ST_POSTC
75,Mode140,4.73195604568754,0.007,0.0091159010449463,ST_POSTC
76,Mode192,15.9634268607948,0.0,0.0089542133420625,ST_POSTC
77,Mode93,5.58921320753463,0.005,0.0089403577713129,ST_POSTC
78,Mode33,4.78542452535347,0.007,0.0087384762428449,ST_POSTC
79,Mode130,5.33056878468126,0.007,0.0086332924369669,ST_POSTC
80,Mode90,2.47996151515718,0.044,0.008567733800694,ST_POSTC
81,Mode2,4.91317319681768,0.007,0.0084405120714454,ST_POSTC
82,Mode133,15.0376600539718,0.0,0.0084360845411005,ST_POSTC
83,Mode31,14.7907315193379,0.0,0.0082987280838394,ST_POSTC
84,Mode39,4.42689015123368,0.009,0.0082633566931807,ST_POSTC
85,Mode92,4.12046337252346,0.012,0.0079791845740462,ST_POSTC
86,Mode102,4.68706613825533,0.011,0.0079614717391101,ST_POSTC
87,Mode80,13.9096306660229,0.0,0.0078118254166218,ST_POSTC
88,Mode173,4.45199809474662,0.014,0.0077524170349226,ST_POSTC
89,Mode78,4.47508300541186,0.012,0.0075922484715583,ST_POSTC
90,Mode86,3.98159707707631,0.016,0.0074323342115155,ST_POSTC
91,Mode189,4.00675826239645,0.018,0.0073950113840468,ST_POSTC
92,Mode16,4.38893356112538,0.012,0.0073214356986406,ST_POSTC
93,Mode30,12.9346847286044,0.0,0.0072660941615861,ST_POSTC
94,Mode98,12.5408477489439,0.0,0.0070534966838055,ST_POSTC
95,Mode188,4.27484722726265,0.023,0.0069768680135738,ST_POSTC
96,Mode41,4.01267035453509,0.018,0.0069727128917251,ST_POSTC
97,Mode104,4.97452367367211,0.012,0.0066658367564708,ST_POSTC
98,Mode84,3.99145447406333,0.025,0.0066048210716205,ST_POSTC
99,Mode47,5.23736673543415,0.012,0.0065143786394447,ST_POSTC
100,Mode194,3.79200913919397,0.027,0.0063358926908283,ST_POSTC
101,Mode118,11.2411119253769,0.002,0.006327248569753,ST_POSTC
102,Mode97,3.21389900406739,0.043,0.0062737494281651,ST_POSTC
103,Mode162,3.83289804242094,0.035,0.0062448965445237,ST_POSTC
104,Mode50,4.90284702345901,0.014,0.0061777508915159,ST_POSTC
105,Mode89,3.57599220112311,0.034,0.0060392629825612,ST_POSTC
106,Mode121,3.95471528388971,0.034,0.0059762674330191,ST_POSTC
107,Mode52,10.5268965793159,0.002,0.0059227231004694,ST_POSTC
108,Mode154,1.8976016272742,0.17,0.0058089274558518,ST_POSTC
109,Mode138,3.07293830402148,0.061,0.0055876533421965,ST_POSTC
110,Mode75,4.1060429001535,0.027,0.0055655220353191,ST_POSTC
111,Mode193,3.57694841822742,0.035,0.0055536383235569,ST_POSTC
112,Mode49,2.56169947229084,0.07,0.0054858488198005,ST_POSTC
113,Mode182,9.52531575419936,0.005,0.0053674420391203,ST_POSTC
114,Mode116,2.19062908008992,0.139,0.0049751056678904,ST_POSTC
115,Mode73,3.2916794823656,0.06,0.0047368184033351,ST_POSTC
116,Mode85,5.87120368008342,0.027,0.0046875784493778,ST_POSTC
117,Mode106,8.22356168700474,0.009,0.0046359567513859,ST_POSTC
118,Mode42,2.2816569697283,0.113,0.0045398946118717,ST_POSTC
119,Mode65,2.36943019192978,0.092,0.0045060831240781,ST_POSTC
120,Mode74,2.73904262675739,0.106,0.0044864178400794,ST_POSTC
121,Mode191,3.50293111578787,0.05,0.0044573991136084,ST_POSTC
122,Mode60,2.58678343401095,0.096,0.0044532822829907,ST_POSTC
123,Mode179,2.75412987532614,0.103,0.0043963542442443,ST_POSTC
124,Mode22,2.60305972696122,0.106,0.0043699585291764,ST_POSTC
125,Mode197,2.46734476829724,0.138,0.0041775767751948,ST_POSTC
126,Mode3,1.54245375544496,0.267,0.0040347814279919,ST_POSTC
127,Mode153,2.10384899035672,0.157,0.0037766800754756,ST_POSTC
128,Mode58,6.59793780536159,0.019,0.0037198311494031,ST_POSTC
129,Mode82,2.47364596029629,0.092,0.0035292135009643,ST_POSTC
130,Mode56,2.25024407189798,0.137,0.0034919791315465,ST_POSTC
131,Mode4,1.59317141882406,0.191,0.0034857899654843,ST_POSTC
132,Mode195,5.92877107892617,0.027,0.0033439193429032,ST_POSTC
133,Mode21,2.03900447278616,0.154,0.0033247896659094,ST_POSTC
134,Mode124,5.88064665547655,0.027,0.0033208098497822,ST_POSTC
135,Mode62,2.24101361515759,0.139,0.0031906496322629,ST_POSTC
136,Mode67,2.20642413145084,0.154,0.0029631320896834,ST_POSTC
137,Mode81,5.22504524356781,0.038,0.0029483570093062,ST_POSTC
138,Mode134,1.53023023881485,0.239,0.0028635211001306,ST_POSTC
139,Mode59,5.03833673350804,0.043,0.0028429004413157,ST_POSTC
140,Mode119,2.05248801616602,0.18,0.0027716045537459,ST_POSTC
141,Mode111,4.6746806546453,0.051,0.0026418018139499,ST_POSTC
142,Mode171,1.53166105055238,0.27,0.002579777166337,ST_POSTC
143,Mode123,1.45349951645513,0.267,0.0025241773601633,ST_POSTC
144,Mode32,4.34503384706521,0.06,0.0024531843757515,ST_POSTC
145,Mode112,1.48840851386423,0.282,0.002413125110943,ST_POSTC
146,Mode174,4.18541028771189,0.066,0.0023643991945869,ST_POSTC
147,Mode168,3.44821022856441,0.106,0.0023054716467441,ST_POSTC
148,Mode136,1.42095433689452,0.293,0.0020431553680849,ST_POSTC
149,Mode127,3.31444240423037,0.106,0.0018720258174148,ST_POSTC
150,Mode18,2.19951055680002,0.248,0.0018614020803923,ST_POSTC
151,Mode196,1.18871034956412,0.399,0.0018107551993697,ST_POSTC
152,Mode91,1.44780282274775,0.221,0.0017724143146062,ST_POSTC
153,Mode72,3.1210495684,0.114,0.001763219651598,ST_POSTC
154,Mode156,1.04322349870009,0.406,0.0016348918574091,ST_POSTC
155,Mode137,0.851839612980304,0.392,0.001628447125514,ST_POSTC
156,Mode105,0.898874543611803,0.393,0.0016106602278539,ST_POSTC
157,Mode27,2.83525081108951,0.135,0.001601617519538,ST_POSTC
158,Mode148,0.946516554473434,0.459,0.0014925505359558,ST_POSTC
159,Mode143,2.25844241170475,0.18,0.0012779069366974,ST_POSTC
160,Mode139,2.25299080235864,0.18,0.0012746908649144,ST_POSTC
161,Mode190,0.774132605296005,0.542,0.0012111223608719,ST_POSTC
162,Mode11,2.10328641184287,0.196,0.0011882890294264,ST_POSTC
163,Mode24,1.96676780909796,0.214,0.0011114573548637,ST_POSTC
164,Mode113,0.567483374040046,0.577,0.001081038977551,ST_POSTC
165,Mode69,1.85454488389125,0.226,0.0010480259455337,ST_POSTC
166,Mode26,1.79585058244492,0.234,0.0010162215550504,ST_POSTC
167,Mode169,1.55344734408298,0.268,0.0008811342442852,ST_POSTC
168,Mode96,0.319076255970153,0.609,0.0008452011183372,ST_POSTC
169,Mode178,1.36326562995745,0.298,0.0007714075614241,ST_POSTC
170,Mode170,0.447847283809242,0.531,0.0006851904022715,ST_POSTC
171,Mode158,1.1937581369632,0.336,0.0006764494566445,ST_POSTC
172,Mode17,1.15159650635245,0.342,0.0006618136438217,ST_POSTC
173,Mode63,1.10597605976655,0.353,0.0006255346130457,ST_POSTC
174,Mode15,0.203896766777641,0.789,0.0005751028394273,ST_POSTC
175,Mode132,0.979020171850092,0.386,0.0005547448084458,ST_POSTC
176,Mode135,0.867166872616755,0.415,0.0004994415605858,ST_POSTC
177,Mode142,0.124274015107894,0.81,0.0004934048904899,ST_POSTC
178,Mode167,0.811328562382943,0.421,0.0004788204389929,ST_POSTC
179,Mode115,0.344853307596797,0.789,0.0004743237316463,ST_POSTC
180,Mode144,0.825808063882978,0.421,0.0004714479736683,ST_POSTC
181,Mode8,0.70757252366417,0.459,0.0004002970975852,ST_POSTC
182,Mode19,0.62121381063239,0.487,0.0003514485397694,ST_POSTC
183,Mode88,0.552343803306021,0.515,0.0003128129240467,ST_POSTC
184,Mode149,0.526701740918481,0.523,0.0002984646185465,ST_POSTC
185,Mode9,0.0774814288895359,0.817,0.000296418286792,ST_POSTC
186,Mode107,0.442743892035037,0.556,0.0002509371789808,ST_POSTC
187,Mode120,0.376448695757265,0.609,0.0002464156386454,ST_POSTC
188,Mode199,0.428462894306305,0.559,0.0002430661508275,ST_POSTC
189,Mode160,0.426399339521795,0.559,0.0002418663769989,ST_POSTC
190,Mode108,0.411509071585514,0.563,0.0002332141030234,ST_POSTC
191,Mode94,0.400951072290678,0.568,0.0002274755920653,ST_POSTC
192,Mode166,0.38959881427751,0.569,0.0002262026390923,ST_POSTC
193,Mode109,0.143798061603856,0.738,8.35883084892982e-05,ST_POSTC
194,Mode151,0.123879333309094,0.755,7.04894591755112e-05,ST_POSTC
195,Mode77,0.0913030115494657,0.789,5.19900040496316e-05,ST_POSTC
196,Mode185,0.041089824320364,0.854,2.73481751807545e-05,ST_POSTC
197,Mode99,0.0267221556686793,0.875,1.51966000288021e-05,ST_POSTC
198,Mode131,0.0028325418807049,0.974,3.71912412218336e-06,ST_POSTC
0,Mode8,40.7437746620089,0.0,0.0835536080029823,ST_PAR
1,Mode11,33.0082195149007,0.0,0.0739553048547903,ST_PAR
2,Mode70,42.3327605745576,0.0,0.0739052324061703,ST_PAR
3,Mode4,30.046466864341,0.0,0.0683292750840695,ST_PAR
4,Mode66,38.4409568136726,0.0,0.0643647243350577,ST_PAR
5,Mode18,40.3651929423693,0.0,0.0614259245777728,ST_PAR
6,Mode24,115.044117758802,0.0,0.0611426092652308,ST_PAR
7,Mode9,96.4765560318635,0.0,0.0517587175235429,ST_PAR
8,Mode2,25.9352039504113,0.0,0.0471467247796978,ST_PAR
9,Mode87,33.3762673170229,0.0,0.044360892689932,ST_PAR
10,Mode50,78.9815591858516,0.0,0.0428019029954376,ST_PAR
11,Mode143,25.7874460471347,0.0,0.0394607926398077,ST_PAR
12,Mode80,68.2239189423843,0.0,0.0371787965342685,ST_PAR
13,Mode7,56.8239088174122,0.0,0.0362373467784324,ST_PAR
14,Mode68,20.1850497800022,0.0,0.0330596515612872,ST_PAR
15,Mode110,13.6431132808247,0.0,0.0330334291203821,ST_PAR
16,Mode198,10.2716867877751,0.0,0.0325999251487553,ST_PAR
17,Mode42,31.8311808022045,0.0,0.0322248193017207,ST_PAR
18,Mode5,21.0846449083731,0.0,0.0306854580584773,ST_PAR
19,Mode94,54.8788427488568,0.0,0.0301970052610495,ST_PAR
20,Mode25,15.7844462908143,0.0,0.0298604627070027,ST_PAR
21,Mode111,17.8123785432362,0.0,0.0289624744779688,ST_PAR
22,Mode115,51.1628314889805,0.0,0.0282220491560725,ST_PAR
23,Mode123,22.0269464502715,0.0,0.0270162226038175,ST_PAR
24,Mode112,12.9924102025737,0.0,0.0267375290410508,ST_PAR
25,Mode46,12.7077633572945,0.0,0.0262588166805758,ST_PAR
26,Mode169,46.7163355193415,0.0,0.0258331508633638,ST_PAR
27,Mode92,15.5948061445047,0.0,0.0248514191114711,ST_PAR
28,Mode129,16.3234297692321,0.0,0.0241740686023729,ST_PAR
29,Mode34,15.7406476487151,0.0,0.0238828135980764,ST_PAR
30,Mode163,18.1866008541807,0.0,0.0233017329298131,ST_PAR
31,Mode20,12.2871178977132,0.0,0.0228786240983694,ST_PAR
32,Mode77,12.5864317216251,0.0,0.0227940697189781,ST_PAR
33,Mode72,39.3358084704684,0.0,0.0217764784298259,ST_PAR
34,Mode128,37.6803163286054,0.0,0.0209774438144989,ST_PAR
35,Mode146,17.8070515323168,0.0,0.0206367070114408,ST_PAR
36,Mode90,11.5289024110159,0.0,0.0204823567203894,ST_PAR
37,Mode91,36.5990960138475,0.0,0.0203493939126819,ST_PAR
38,Mode64,13.4206517317129,0.0,0.0200589833612465,ST_PAR
39,Mode160,35.8345220200767,0.0,0.0199100261531651,ST_PAR
40,Mode86,14.3817885665985,0.0,0.0190489831227444,ST_PAR
41,Mode40,9.16141797430951,0.0,0.0182141222777043,ST_PAR
42,Mode73,32.0864357633073,0.0,0.0178495257224604,ST_PAR
43,Mode133,15.3377456802346,0.0,0.0173153249216782,ST_PAR
44,Mode21,18.6720740014255,0.0,0.0171474421032832,ST_PAR
45,Mode127,8.54237891883415,0.0,0.0169680764340937,ST_PAR
46,Mode196,30.1550280955366,0.0,0.0167970169848591,ST_PAR
47,Mode168,29.8946955461484,0.0,0.0166358499699115,ST_PAR
48,Mode118,12.9987422698149,0.0,0.0163480826959096,ST_PAR
49,Mode3,16.2371589703716,0.0,0.0157705994351135,ST_PAR
50,Mode96,13.1286125355648,0.0,0.0155169814592161,ST_PAR
51,Mode12,18.3484875259585,0.0,0.0155133876135137,ST_PAR
52,Mode197,10.1177886449688,0.0,0.0146936900251119,ST_PAR
53,Mode16,25.767841627483,0.0,0.0143670273373349,ST_PAR
54,Mode95,10.0604105325764,0.0,0.0142450312640467,ST_PAR
55,Mode23,6.97256297440157,0.0,0.01413572258076,ST_PAR
56,Mode79,8.30552023893168,0.0,0.0132875861712607,ST_PAR
57,Mode150,23.5875604628312,0.0,0.0131860249091886,ST_PAR
58,Mode55,8.3599266050566,0.0,0.0127632341885849,ST_PAR
59,Mode135,11.8758662072681,0.0,0.0122279574369903,ST_PAR
60,Mode75,7.53979762104802,0.0,0.0116809269510116,ST_PAR
61,Mode41,5.59870138737262,0.002,0.0115348905784026,ST_PAR
62,Mode102,7.26214123186158,0.0,0.011105054234569,ST_PAR
63,Mode164,19.5595258933177,0.0,0.0109965790247342,ST_PAR
64,Mode130,3.07301870763165,0.015,0.0106826283994265,ST_PAR
65,Mode31,18.6040767220495,0.0,0.010422091105778,ST_PAR
66,Mode139,6.49571460024399,0.002,0.0102167695126788,ST_PAR
67,Mode190,17.8630270090336,0.0,0.0100323187790476,ST_PAR
68,Mode165,7.30161062335052,0.0,0.0098706899762151,ST_PAR
69,Mode53,15.8140084740815,0.0,0.0096609050930863,ST_PAR
70,Mode27,17.0456848326775,0.0,0.0095528169517603,ST_PAR
71,Mode48,17.0141261925251,0.0,0.0095417266410946,ST_PAR
72,Mode99,6.10039422970985,0.002,0.0094499003671936,ST_PAR
73,Mode56,4.90816160614561,0.004,0.0094461721411846,ST_PAR
74,Mode61,5.96184850567118,0.002,0.0094243847593399,ST_PAR
75,Mode170,5.01821363699769,0.004,0.0091903549156218,ST_PAR
76,Mode81,16.3544150780988,0.0,0.0091783992149,ST_PAR
77,Mode131,6.40724605975356,0.002,0.0090450885592587,ST_PAR
78,Mode106,16.0904382706924,0.0,0.0090426177079515,ST_PAR
79,Mode182,16.0323560356704,0.0,0.0090000048519388,ST_PAR
80,Mode154,9.61737315002034,0.0,0.0089492203333238,ST_PAR
81,Mode15,4.27774073182284,0.007,0.0088719457337904,ST_PAR
82,Mode176,15.6769790618814,0.0,0.008802977110327,ST_PAR
83,Mode32,15.2422764368663,0.0,0.0086089945910882,ST_PAR
84,Mode100,15.2981312439289,0.0,0.0085817945776612,ST_PAR
85,Mode132,15.0637923790516,0.0,0.0084612256734608,ST_PAR
86,Mode184,4.86407564330253,0.006,0.0083725040584166,ST_PAR
87,Mode38,4.34449323752323,0.009,0.0083174197554836,ST_PAR
88,Mode13,3.65418769996909,0.018,0.008296704657109,ST_PAR
89,Mode54,5.45638122819043,0.006,0.0082312412619953,ST_PAR
90,Mode120,14.5334311296988,0.0,0.0081661540969845,ST_PAR
91,Mode28,3.96549004695183,0.012,0.0078515476727764,ST_PAR
92,Mode181,4.49122400412233,0.011,0.0078471338443599,ST_PAR
93,Mode69,5.95797205033227,0.004,0.007837675808719,ST_PAR
94,Mode30,7.02661030475523,0.004,0.0077943612122964,ST_PAR
95,Mode134,5.56810816778534,0.006,0.0076503677814676,ST_PAR
96,Mode107,4.84619814448835,0.009,0.0074628020305667,ST_PAR
97,Mode45,13.2515308059026,0.0,0.0074501780552176,ST_PAR
98,Mode187,6.49145574590618,0.004,0.0074388913099686,ST_PAR
99,Mode43,3.71254558557974,0.017,0.0073937764502083,ST_PAR
100,Mode185,9.9334665591003,0.002,0.0072672211459886,ST_PAR
101,Mode51,4.97163902166255,0.009,0.0072442106043814,ST_PAR
102,Mode136,1.78694573098909,0.158,0.0071293002712143,ST_PAR
103,Mode71,5.73246735141324,0.006,0.0071080360781448,ST_PAR
104,Mode103,12.5102186892172,0.0,0.007029632118767,ST_PAR
105,Mode149,4.22600765508758,0.019,0.0067523583764746,ST_PAR
106,Mode191,11.948225190038,0.002,0.0067492916364205,ST_PAR
107,Mode117,11.5666090008311,0.002,0.0065192347645653,ST_PAR
108,Mode65,11.3559729365289,0.002,0.0063929050172649,ST_PAR
109,Mode141,11.0190600166027,0.002,0.0061948015807715,ST_PAR
110,Mode85,3.65049436995125,0.025,0.0061562032327714,ST_PAR
111,Mode159,10.7425912210068,0.002,0.0061129513979519,ST_PAR
112,Mode57,10.86476909626,0.002,0.0061104809947033,ST_PAR
113,Mode186,10.8112018578322,0.002,0.0060804007443395,ST_PAR
114,Mode140,10.3967619592602,0.002,0.0058569814270151,ST_PAR
115,Mode153,2.39897400456137,0.07,0.0058568227233015,ST_PAR
116,Mode157,3.16342311684154,0.05,0.0053449584776412,ST_PAR
117,Mode1,9.00547091934381,0.006,0.0050928942256671,ST_PAR
118,Mode144,2.92992944699321,0.055,0.0050482007364836,ST_PAR
119,Mode74,3.20727457286496,0.049,0.0050469130390294,ST_PAR
120,Mode35,5.89859359668744,0.022,0.0049209395089164,ST_PAR
121,Mode29,2.45185965239167,0.1,0.0048749137361827,ST_PAR
122,Mode39,2.99671123476231,0.064,0.0048348041095196,ST_PAR
123,Mode173,8.41071821933427,0.007,0.0047404759125297,ST_PAR
124,Mode89,3.60488021638813,0.041,0.0045943344814582,ST_PAR
125,Mode26,3.34773406592096,0.039,0.0045892405888575,ST_PAR
126,Mode124,8.13096219219722,0.007,0.0045889939847482,ST_PAR
127,Mode97,7.93116473861097,0.009,0.0044964052673906,ST_PAR
128,Mode145,2.70159893679851,0.07,0.0043713511553678,ST_PAR
129,Mode194,5.26969175746184,0.019,0.0043100053283608,ST_PAR
130,Mode195,2.70737891067523,0.087,0.0042363537212442,ST_PAR
131,Mode52,7.48414258339459,0.011,0.0042317878882181,ST_PAR
132,Mode180,3.22292677639313,0.056,0.0042059530744249,ST_PAR
133,Mode151,7.31657782139983,0.012,0.0041439303674671,ST_PAR
134,Mode59,2.8211740704192,0.073,0.004025629380765,ST_PAR
135,Mode126,5.06210014064945,0.022,0.0039980416398715,ST_PAR
136,Mode114,6.9949617486495,0.014,0.0039471781291215,ST_PAR
137,Mode98,6.93566981585139,0.014,0.0039209736224739,ST_PAR
138,Mode104,2.64330171092627,0.087,0.0038846593037735,ST_PAR
139,Mode142,1.7578503218062,0.157,0.0037803789003089,ST_PAR
140,Mode122,6.65417726069762,0.017,0.003759049734144,ST_PAR
141,Mode199,2.69304639808287,0.087,0.0036281100020744,ST_PAR
142,Mode47,1.66708249315575,0.19,0.0034454267940064,ST_PAR
143,Mode33,4.59159809162106,0.052,0.003398631114969,ST_PAR
144,Mode109,5.62628708644251,0.028,0.00318949065569,ST_PAR
145,Mode156,5.49238966949133,0.03,0.0031097085072377,ST_PAR
146,Mode63,1.81044893077249,0.218,0.0027854060410174,ST_PAR
147,Mode17,1.86949720749116,0.198,0.0027542718765068,ST_PAR
148,Mode188,1.88812692718057,0.18,0.0027088977774637,ST_PAR
149,Mode193,1.4993554394418,0.247,0.0024882894034932,ST_PAR
150,Mode105,4.38777435929603,0.053,0.0024772484722808,ST_PAR
151,Mode58,4.26313375755641,0.057,0.0024055125897024,ST_PAR
152,Mode138,4.23838008357498,0.058,0.0023921509859638,ST_PAR
153,Mode155,1.42195735281198,0.26,0.0023801088363592,ST_PAR
154,Mode108,1.56888113044588,0.235,0.0023759892159471,ST_PAR
155,Mode113,4.1713678116277,0.059,0.0023577072155412,ST_PAR
156,Mode147,1.42069381209913,0.212,0.0023168780520178,ST_PAR
157,Mode137,4.05759680066985,0.063,0.0023007512903073,ST_PAR
158,Mode22,2.98781695318357,0.128,0.0022373466233331,ST_PAR
159,Mode93,1.39094899833015,0.366,0.0022071687199242,ST_PAR
160,Mode171,1.27199536927583,0.296,0.0021808420843076,ST_PAR
161,Mode158,3.79708850298179,0.07,0.0021443135674385,ST_PAR
162,Mode148,3.62273241494442,0.078,0.0020459454927771,ST_PAR
163,Mode82,3.50862055789764,0.082,0.0020008593028255,ST_PAR
164,Mode175,3.52826481560733,0.081,0.001996005242878,ST_PAR
165,Mode152,2.07357599448974,0.244,0.0019413208861442,ST_PAR
166,Mode10,0.852990854672903,0.402,0.0018564963418339,ST_PAR
167,Mode44,3.19756047342416,0.097,0.0018137472865744,ST_PAR
168,Mode166,2.84723598933537,0.119,0.001609953491142,ST_PAR
169,Mode161,2.66678345970566,0.131,0.0015072525279986,ST_PAR
170,Mode14,1.29329588142857,0.397,0.0014879070674416,ST_PAR
171,Mode121,2.47508169665588,0.146,0.0014123473481995,ST_PAR
172,Mode88,1.6631614349903,0.204,0.0013193284142745,ST_PAR
173,Mode62,1.84348218976697,0.212,0.0010421745581302,ST_PAR
174,Mode37,0.402118493217206,0.591,0.0009882915268656,ST_PAR
175,Mode119,1.72708359256539,0.225,0.0009796449115914,ST_PAR
176,Mode183,1.69400014370411,0.228,0.0009588317309982,ST_PAR
177,Mode84,1.68842491754397,0.228,0.0009577255161784,ST_PAR
178,Mode36,1.61445331542093,0.237,0.0009128763546398,ST_PAR
179,Mode101,0.323090647522004,0.665,0.0008184711402365,ST_PAR
180,Mode177,1.260996213832,0.296,0.0007138645703723,ST_PAR
181,Mode162,1.16592091209301,0.316,0.0006600466334963,ST_PAR
182,Mode192,0.425635037247084,0.533,0.0006166642267534,ST_PAR
183,Mode179,1.02035731595269,0.35,0.0005779282415535,ST_PAR
184,Mode76,0.926578252738483,0.371,0.0005247271812636,ST_PAR
185,Mode83,0.546422296157151,0.482,0.0003973088550599,ST_PAR
186,Mode189,0.667209329545545,0.451,0.0003779916745769,ST_PAR
187,Mode116,0.658848029596684,0.452,0.0003737303848745,ST_PAR
188,Mode78,0.428943294370808,0.542,0.0002445211624256,ST_PAR
189,Mode125,0.430403309890422,0.542,0.0002440665672919,ST_PAR
190,Mode49,0.279430716270445,0.625,0.0001581893394799,ST_PAR
191,Mode172,0.198502530681219,0.685,0.0001168212181982,ST_PAR
192,Mode174,0.191898833331101,0.685,0.0001120068379292,ST_PAR
193,Mode167,0.181949784951018,0.687,0.0001051352465357,ST_PAR
194,Mode60,0.12361034123578,0.739,7.30351388358735e-05,ST_PAR
195,Mode178,0.120597936235276,0.739,6.84289107933967e-05,ST_PAR
196,Mode6,0.117515635605903,0.739,6.6501341801332e-05,ST_PAR
197,Mode67,0.106388354484751,0.749,6.02776421902286e-05,ST_PAR
198,Mode19,0.017522687718095,0.896,9.99038420929452e-06,ST_PAR
0,Mode178,125.800562540329,0.0,0.0664938503804346,ST_OCC
1,Mode33,25.4292565936117,0.0,0.0509911929122912,ST_OCC
2,Mode115,38.8935707665496,0.0,0.0477161409462313,ST_OCC
3,Mode123,85.5127994230828,0.0,0.0463981012593578,ST_OCC
4,Mode149,71.6350178360361,0.0,0.0389860584383084,ST_OCC
5,Mode57,68.9763173295676,0.0,0.0375540315045191,ST_OCC
6,Mode11,24.4980304985121,0.0,0.0373366853105641,ST_OCC
7,Mode158,57.2275258144332,0.0,0.0367731506323227,ST_OCC
8,Mode67,21.1406682000136,0.0,0.0360996448473312,ST_OCC
9,Mode139,30.2114416907135,0.0,0.033894432678438,ST_OCC
10,Mode26,45.9457959614521,0.0,0.0337670901275094,ST_OCC
11,Mode124,17.3666055020613,0.0,0.0305374739186822,ST_OCC
12,Mode14,20.2651903327956,0.0,0.0297126835464315,ST_OCC
13,Mode144,17.5110324822933,0.0,0.0296373157494998,ST_OCC
14,Mode97,13.5099845368366,0.0,0.0294704033482972,ST_OCC
15,Mode78,51.8898399204932,0.0,0.0285130355214796,ST_OCC
16,Mode20,17.5283634985376,0.0,0.0283345476772482,ST_OCC
17,Mode53,51.4291880667784,0.0,0.0282920734670197,ST_OCC
18,Mode72,49.4577627204919,0.0,0.0272146042854255,ST_OCC
19,Mode129,15.2523063930306,0.0,0.0249489149754896,ST_OCC
20,Mode19,11.8975808203588,0.0,0.0246094091395127,ST_OCC
21,Mode164,23.8718114072921,0.0,0.0236358562484179,ST_OCC
22,Mode108,13.0665646609603,0.0,0.0225384360579913,ST_OCC
23,Mode176,39.5069493474105,0.0,0.0218913947940326,ST_OCC
24,Mode93,38.9223846287513,0.0,0.0215451220003064,ST_OCC
25,Mode118,38.4792245502812,0.0,0.0213334209316421,ST_OCC
26,Mode143,23.717038684194,0.0,0.0207363555398928,ST_OCC
27,Mode161,11.2377814923983,0.0,0.0206447022721817,ST_OCC
28,Mode156,15.7665619320863,0.0,0.0204249597192054,ST_OCC
29,Mode106,11.9018770349003,0.0,0.0184146983339025,ST_OCC
30,Mode166,32.0979298198596,0.0,0.0183587941163068,ST_OCC
31,Mode128,10.6498460815864,0.0,0.0181366330352297,ST_OCC
32,Mode152,13.6944642162678,0.0,0.0179804142435238,ST_OCC
33,Mode23,12.9998442888717,0.0,0.0179390650110535,ST_OCC
34,Mode196,17.8840250528842,0.0,0.0177799683190233,ST_OCC
35,Mode29,15.9985529080964,0.0,0.0172784792678196,ST_OCC
36,Mode105,30.9699844853745,0.0,0.017248944383791,ST_OCC
37,Mode40,10.0851765164695,0.0,0.016897618871616,ST_OCC
38,Mode12,14.4487008577123,0.0,0.0167384849485806,ST_OCC
39,Mode120,29.982459378007,0.0,0.0166872555967074,ST_OCC
40,Mode141,29.8731387749187,0.0,0.0166253644274938,ST_OCC
41,Mode183,10.3037780618321,0.0,0.0166219271996659,ST_OCC
42,Mode107,14.1796390148292,0.0,0.0165321303598062,ST_OCC
43,Mode193,20.3799162356731,0.0,0.0165259455485734,ST_OCC
44,Mode88,9.36688010927826,0.0,0.0163701949876057,ST_OCC
45,Mode167,12.533803068415,0.0,0.015400345715738,ST_OCC
46,Mode77,8.87665936613778,0.0,0.0153838253225529,ST_OCC
47,Mode130,9.90215021386762,0.0,0.0152893426083081,ST_OCC
48,Mode81,4.47645487827334,0.002,0.0151985091423611,ST_OCC
49,Mode159,26.9592502375748,0.0,0.0150434911136665,ST_OCC
50,Mode16,26.480092100786,0.0,0.0147862257162232,ST_OCC
51,Mode61,26.0181742527679,0.0,0.014502895677364,ST_OCC
52,Mode95,10.86871918524,0.0,0.0144642143687192,ST_OCC
53,Mode63,25.1614204059478,0.0,0.0140331728572199,ST_OCC
54,Mode153,24.4293904619094,0.0,0.0136388844758722,ST_OCC
55,Mode168,24.2968975625221,0.0,0.0135759816712135,ST_OCC
56,Mode43,7.64727959563313,0.0,0.0135599889776454,ST_OCC
57,Mode59,5.38515400112121,0.0,0.0133945898932334,ST_OCC
58,Mode112,5.92915585089241,0.0,0.0128819472643498,ST_OCC
59,Mode125,14.9004704495819,0.0,0.0126588224508263,ST_OCC
60,Mode188,22.3331061083447,0.0,0.0125028648381738,ST_OCC
61,Mode89,5.72180211159995,0.0,0.0123959937817528,ST_OCC
62,Mode25,16.375713319678,0.0,0.0122657905839158,ST_OCC
63,Mode51,21.7482311503614,0.0,0.0121619462504897,ST_OCC
64,Mode198,15.4197371564738,0.0,0.0120937835445877,ST_OCC
65,Mode177,9.97031186694413,0.0,0.0120676799108627,ST_OCC
66,Mode111,7.15470005462123,0.0,0.0120314176617763,ST_OCC
67,Mode150,6.88846973375553,0.0,0.0120094801447051,ST_OCC
68,Mode131,21.1016789910606,0.0,0.0118016453640601,ST_OCC
69,Mode116,7.9573012367239,0.0,0.0111364890852481,ST_OCC
70,Mode102,19.4988536768348,0.0,0.010909811478153,ST_OCC
71,Mode4,8.30847915912246,0.0,0.0108255770980479,ST_OCC
72,Mode32,4.60866094722902,0.004,0.0106473123229671,ST_OCC
73,Mode22,18.680992995097,0.0,0.0104588779664105,ST_OCC
74,Mode66,18.6437785934422,0.0,0.0104479986683715,ST_OCC
75,Mode31,6.20484654493167,0.002,0.0103941795856265,ST_OCC
76,Mode70,18.4863944608816,0.0,0.0103487039441658,ST_OCC
77,Mode199,18.4029600702211,0.0,0.0103160643166132,ST_OCC
78,Mode15,8.28692189402776,0.0,0.0099762937767857,ST_OCC
79,Mode13,6.25683893894471,0.002,0.0096366548132814,ST_OCC
80,Mode157,5.87768511945781,0.002,0.0095488120067419,ST_OCC
81,Mode50,5.38189756208998,0.004,0.0090257263291045,ST_OCC
82,Mode2,4.78806526241175,0.004,0.008995771174609,ST_OCC
83,Mode85,15.5946583686954,0.0,0.0087452884061944,ST_OCC
84,Mode170,4.53035248316517,0.006,0.0087370690995884,ST_OCC
85,Mode98,7.8259538672734,0.002,0.008657965689626,ST_OCC
86,Mode90,7.26642566997987,0.002,0.0085577725064986,ST_OCC
87,Mode121,5.69481502545787,0.006,0.0085040669836731,ST_OCC
88,Mode148,4.80166239574839,0.006,0.0083977998569258,ST_OCC
89,Mode134,6.20051940484011,0.004,0.0082543669190725,ST_OCC
90,Mode58,14.5671872239844,0.0,0.0081721976065771,ST_OCC
91,Mode46,14.4620636729833,0.0,0.0081143049076536,ST_OCC
92,Mode155,5.23204117916297,0.008,0.0080971422895907,ST_OCC
93,Mode140,6.24784027708428,0.004,0.0079179307172174,ST_OCC
94,Mode27,13.8472622593827,0.0,0.0078452956135182,ST_OCC
95,Mode160,13.8150926767817,0.0,0.0077588777801704,ST_OCC
96,Mode64,4.66601848597583,0.013,0.0076775120585176,ST_OCC
97,Mode162,6.42146621397627,0.004,0.0076462087939794,ST_OCC
98,Mode87,4.9374360885115,0.008,0.0075623944131088,ST_OCC
99,Mode138,5.95135390203059,0.004,0.0075394552022552,ST_OCC
100,Mode35,6.00299251498189,0.004,0.0073805662347898,ST_OCC
101,Mode147,13.0350976020932,0.0,0.0073316046332468,ST_OCC
102,Mode146,4.81310601567037,0.011,0.0073296517689462,ST_OCC
103,Mode38,3.08238563106697,0.041,0.0073223465953791,ST_OCC
104,Mode76,9.72947392152778,0.002,0.0073020368564828,ST_OCC
105,Mode101,5.32641285842703,0.008,0.0068439880798501,ST_OCC
106,Mode104,3.96781275385775,0.021,0.0064016549732425,ST_OCC
107,Mode100,3.63850360170443,0.027,0.0063428724274627,ST_OCC
108,Mode36,4.47382876909847,0.016,0.0062771538329658,ST_OCC
109,Mode192,3.19853884173413,0.032,0.0061455265858124,ST_OCC
110,Mode28,3.71713643002087,0.03,0.0057657961618982,ST_OCC
111,Mode180,7.46948778983225,0.006,0.0055833906276875,ST_OCC
112,Mode48,2.50433171982221,0.073,0.0054728884004762,ST_OCC
113,Mode92,3.94273612952537,0.031,0.0052896582451431,ST_OCC
114,Mode172,3.36064870222189,0.045,0.0051581392515469,ST_OCC
115,Mode145,3.69915270357739,0.036,0.0049638112940847,ST_OCC
116,Mode136,3.17822786978546,0.063,0.0048818893313311,ST_OCC
117,Mode54,3.39955822710129,0.037,0.0046506480809944,ST_OCC
118,Mode37,3.19741089463962,0.054,0.0046248306672926,ST_OCC
119,Mode73,7.1923095052418,0.011,0.0045783932395613,ST_OCC
120,Mode83,2.38550597225977,0.099,0.0044989556427327,ST_OCC
121,Mode117,7.6025747498326,0.011,0.0042851643985136,ST_OCC
122,Mode163,7.59820470891947,0.011,0.0042830283298013,ST_OCC
123,Mode173,2.45723965158055,0.137,0.0042525622067479,ST_OCC
124,Mode171,7.53387056240209,0.011,0.0042460160247825,ST_OCC
125,Mode79,2.15388887224638,0.16,0.0041475358805109,ST_OCC
126,Mode169,3.06773176608541,0.059,0.0040824136070519,ST_OCC
127,Mode75,7.06669800706498,0.014,0.0040064341132053,ST_OCC
128,Mode191,7.06127474043866,0.014,0.0039850590895199,ST_OCC
129,Mode56,2.6105034063737,0.09,0.0038096762667323,ST_OCC
130,Mode1,1.86220645354624,0.165,0.0036540924586398,ST_OCC
131,Mode103,6.41554458879356,0.019,0.0036162521779673,ST_OCC
132,Mode84,1.94926606486064,0.147,0.0035726156102714,ST_OCC
133,Mode195,2.21417300879009,0.188,0.003492624500207,ST_OCC
134,Mode21,6.13148354181918,0.022,0.0034568314523619,ST_OCC
135,Mode65,2.12396128978748,0.186,0.0033685925686499,ST_OCC
136,Mode44,5.91353055826325,0.025,0.0033533257372569,ST_OCC
137,Mode8,5.91966858488218,0.025,0.0033446612893362,ST_OCC
138,Mode41,4.91126496082982,0.032,0.0033274020539902,ST_OCC
139,Mode127,2.79598217641962,0.104,0.0033007212780489,ST_OCC
140,Mode55,5.52329555183313,0.031,0.0031145205064973,ST_OCC
141,Mode42,1.8751321890875,0.195,0.0031079935661256,ST_OCC
142,Mode62,5.37213975740415,0.033,0.0030300081344741,ST_OCC
143,Mode39,1.90617939037914,0.231,0.0030134738263779,ST_OCC
144,Mode186,5.21618994171293,0.035,0.002947332301766,ST_OCC
145,Mode184,5.18433300284412,0.036,0.0029276515778285,ST_OCC
146,Mode122,5.03979337198741,0.038,0.0028495080562549,ST_OCC
147,Mode91,1.59462900960806,0.236,0.0027752761747682,ST_OCC
148,Mode86,4.90100150544688,0.041,0.0027650791606456,ST_OCC
149,Mode7,1.70207943636849,0.215,0.002713631598253,ST_OCC
150,Mode80,1.98044026927847,0.131,0.0026442991177036,ST_OCC
151,Mode60,4.57076284693374,0.049,0.002578876899785,ST_OCC
152,Mode154,4.40660673932226,0.053,0.0024867999575966,ST_OCC
153,Mode6,1.42789024924648,0.346,0.0024402229791116,ST_OCC
154,Mode113,4.26242093064261,0.057,0.0024071699126065,ST_OCC
155,Mode189,4.06431072987389,0.063,0.0022967566245079,ST_OCC
156,Mode114,1.25692549129242,0.342,0.0021966659262981,ST_OCC
157,Mode99,3.55198491554739,0.075,0.0021912570904552,ST_OCC
158,Mode18,1.36437479083501,0.346,0.0021592115553114,ST_OCC
159,Mode109,3.74421137310789,0.074,0.0021166154276369,ST_OCC
160,Mode132,3.17656225256176,0.102,0.00179599795454,ST_OCC
161,Mode96,3.07360118969535,0.108,0.0017402201427526,ST_OCC
162,Mode45,1.10496323748814,0.411,0.0017292395468028,ST_OCC
163,Mode47,1.37774804673579,0.383,0.0016173397368316,ST_OCC
164,Mode49,0.83876805441928,0.392,0.0015977114445421,ST_OCC
165,Mode175,2.74208669640332,0.13,0.0015593171031595,ST_OCC
166,Mode126,0.917404671444429,0.33,0.0014546016425696,ST_OCC
167,Mode30,0.787313821864435,0.517,0.0013005842938627,ST_OCC
168,Mode9,0.737289455690857,0.392,0.0012624821453319,ST_OCC
169,Mode24,2.17090948184245,0.18,0.0012316555630259,ST_OCC
170,Mode182,0.53352932035116,0.599,0.0010574451010397,ST_OCC
171,Mode181,0.499874255204335,0.649,0.0010079585397911,ST_OCC
172,Mode187,0.605492044315796,0.608,0.0009933955744738,ST_OCC
173,Mode17,1.74243228671847,0.231,0.0009873484977493,ST_OCC
174,Mode10,0.572937649418367,0.617,0.0009753279753918,ST_OCC
175,Mode5,1.71361309525254,0.235,0.0009719273842955,ST_OCC
176,Mode68,1.63477697011457,0.244,0.0009238912312941,ST_OCC
177,Mode142,0.889010561905945,0.358,0.0008631495921713,ST_OCC
178,Mode174,0.523841530226776,0.481,0.0007888889004744,ST_OCC
179,Mode3,1.35270359896348,0.295,0.0007659132468759,ST_OCC
180,Mode110,0.832431188203493,0.412,0.000471364770288,ST_OCC
181,Mode94,0.123101623933773,0.851,0.0004091076850809,ST_OCC
182,Mode82,0.675163108856523,0.465,0.000381743756684,ST_OCC
183,Mode137,0.637527584026352,0.479,0.000362297633139,ST_OCC
184,Mode34,0.577298476729122,0.497,0.0003265031275936,ST_OCC
185,Mode133,0.292377769714409,0.79,0.000304724498621,ST_OCC
186,Mode194,0.513378501844304,0.523,0.0002926673243706,ST_OCC
187,Mode197,0.396976591875422,0.578,0.0002245827270243,ST_OCC
188,Mode151,0.386424909202529,0.581,0.0002186510946771,ST_OCC
189,Mode190,0.376664242683667,0.584,0.0002136667890339,ST_OCC
190,Mode119,0.239617506085168,0.658,0.0001355600218571,ST_OCC
191,Mode69,0.225526994825619,0.665,0.0001280924661731,ST_OCC
192,Mode71,0.166274553404727,0.713,9.40560452590449e-05,ST_OCC
193,Mode74,0.146271092586002,0.728,8.27471143652339e-05,ST_OCC
194,Mode185,0.0862697885653157,0.79,4.89546857296506e-05,ST_OCC
195,Mode165,0.0718368030256793,0.805,4.0646832727113e-05,ST_OCC
196,Mode52,0.0438279920096036,0.849,2.66615638932659e-05,ST_OCC
197,Mode179,0.0269169131484086,0.875,1.5633207407162e-05,ST_OCC
198,Mode135,0.0117513066716882,0.914,6.65569116756573e-06,ST_OCC
0,Mode44,30.9448294888546,0.0,0.04189594184384,CA
1,Mode26,24.1629030613672,0.0,0.0412935069845894,CA
2,Mode36,31.8435876322671,0.0,0.0399465916594937,CA
3,Mode118,16.3179455333234,0.0,0.0385271688859704,CA
4,Mode39,25.5972023805442,0.0,0.0366262555382702,CA
5,Mode156,10.0048694796029,0.0,0.0359347931150296,CA
6,Mode20,52.5774935702304,0.0,0.035708944644047,CA
7,Mode34,26.3383710939416,0.0,0.0348095979391211,CA
8,Mode73,51.5728223625682,0.0,0.0284195354894446,CA
9,Mode140,47.389709370673,0.0,0.0261406236588709,CA
10,Mode130,33.3855519441784,0.0,0.0255463131077109,CA
11,Mode48,24.7231055593624,0.0,0.0246675104615491,CA
12,Mode27,44.1408362856847,0.0,0.0243705582993711,CA
13,Mode31,17.1756316078954,0.0,0.0241397459409083,CA
14,Mode181,14.6377170610682,0.0,0.0234419477309186,CA
15,Mode190,6.71840374049862,0.0,0.0234078115343738,CA
16,Mode5,41.5055709509373,0.0,0.0229882290096779,CA
17,Mode1,32.4395953998678,0.0,0.0226703948178406,CA
18,Mode29,13.1257495515723,0.0,0.0210053415443908,CA
19,Mode63,16.9794902404814,0.0,0.0209563916310143,CA
20,Mode45,15.7419401957726,0.0,0.0203648921763508,CA
21,Mode183,16.7759151967158,0.0,0.0199192124270271,CA
22,Mode174,17.7827082170988,0.0,0.0197119728723471,CA
23,Mode61,5.74804764713601,0.0,0.0195962914787177,CA
24,Mode12,34.6547006702517,0.0,0.0192530131109203,CA
25,Mode23,14.4221026555199,0.0,0.0191039845852577,CA
26,Mode19,32.5448716535456,0.0,0.0181315126491174,CA
27,Mode80,13.0839510700132,0.0,0.0178149272423311,CA
28,Mode136,31.9565211148967,0.0,0.0177839556491252,CA
29,Mode124,10.6630777962015,0.0,0.0174395614643479,CA
30,Mode160,19.8911855269494,0.0,0.017158797226261,CA
31,Mode82,12.6022304132628,0.0,0.016015558169132,CA
32,Mode184,8.03854639108154,0.0,0.0160147442314837,CA
33,Mode104,13.3661531872099,0.0,0.0155012663152071,CA
34,Mode3,7.3565675464735,0.0,0.0152544563795088,CA
35,Mode139,9.64530712332912,0.0,0.0150822533608135,CA
36,Mode51,10.4757415324427,0.0,0.0148589124458497,CA
37,Mode71,11.0021478326243,0.0,0.0143720134868997,CA
38,Mode64,25.7040800234553,0.0,0.0143431927007569,CA
39,Mode175,4.72963529223854,0.0,0.0141633718114646,CA
40,Mode38,24.3732103257049,0.0,0.0136009881690208,CA
41,Mode55,23.7285603828798,0.0,0.0132664036688501,CA
42,Mode176,23.7361408493497,0.0,0.0132515628259286,CA
43,Mode88,23.0312851088731,0.0,0.0128659969927272,CA
44,Mode50,22.9549900456842,0.0,0.0128383704063513,CA
45,Mode46,3.50490156550542,0.008,0.0128080555106214,CA
46,Mode54,22.7644772249726,0.0,0.0127493230776925,CA
47,Mode15,22.2548840178624,0.0,0.0124450098580075,CA
48,Mode72,10.2494910933224,0.0,0.011985729501016,CA
49,Mode40,2.95407052537158,0.018,0.0119575676157183,CA
50,Mode101,19.9586827128179,0.0,0.0112463966253986,CA
51,Mode28,2.87802708866567,0.025,0.0110521385141212,CA
52,Mode77,2.99450269291906,0.021,0.0110468133442417,CA
53,Mode86,19.7249811168332,0.0,0.0110398920573044,CA
54,Mode81,19.2967409838378,0.0,0.0108182306789443,CA
55,Mode170,3.48113315525196,0.014,0.0101618213101799,CA
56,Mode43,17.2672417970218,0.0,0.0097167665873612,CA
57,Mode35,17.0120934751948,0.0,0.0095489141254611,CA
58,Mode165,2.58653310936359,0.044,0.0094702007493077,CA
59,Mode79,2.87004557998189,0.044,0.0092136664032096,CA
60,Mode166,5.68694381874867,0.008,0.0087480580766472,CA
61,Mode150,8.27453251728348,0.003,0.0084442000620663,CA
62,Mode49,5.82254822081681,0.006,0.0083605352877339,CA
63,Mode10,14.8207455305657,0.0,0.0083137549932123,CA
64,Mode143,6.53321666716951,0.003,0.0082540029900884,CA
65,Mode75,2.5416259205178,0.073,0.0080346177425171,CA
66,Mode122,4.03618062615548,0.016,0.0078863191702985,CA
67,Mode153,6.01945815869222,0.006,0.0078794581416857,CA
68,Mode141,2.67930576391539,0.047,0.0078789956754026,CA
69,Mode18,2.75825663544946,0.059,0.0078262333875135,CA
70,Mode163,13.6749724010173,0.0,0.0076760381083285,CA
71,Mode66,13.357962975884,0.0,0.0075406313772609,CA
72,Mode192,4.50138955089237,0.016,0.0073888441236384,CA
73,Mode60,4.21783903295076,0.016,0.0072471107622912,CA
74,Mode47,12.7117411768284,0.0,0.007149977289623,CA
75,Mode16,4.10865317784919,0.023,0.0070414300212277,CA
76,Mode115,12.503635554079,0.0,0.0070311743422827,CA
77,Mode198,4.84835254487741,0.016,0.0067586635076895,CA
78,Mode93,11.9335965779644,0.003,0.0067079460200665,CA
79,Mode155,7.77971187230275,0.011,0.0065755333718456,CA
80,Mode123,4.45155326381149,0.021,0.0065395225870389,CA
81,Mode37,4.67104742667227,0.018,0.0064812752394104,CA
82,Mode96,3.32955371957565,0.046,0.0063093637918464,CA
83,Mode132,2.5675216199219,0.096,0.0061650761191838,CA
84,Mode76,3.35710508286471,0.048,0.0060013376310427,CA
85,Mode58,4.22961406350384,0.025,0.0059712577679048,CA
86,Mode106,10.5797593339287,0.003,0.0059496504648668,CA
87,Mode53,4.15367671529973,0.026,0.0058270277556562,CA
88,Mode69,3.16861699327145,0.046,0.0056855158738943,CA
89,Mode110,4.35706458401545,0.021,0.0056238644957429,CA
90,Mode147,3.74167607349122,0.045,0.0055774193549305,CA
91,Mode131,9.78648823447183,0.006,0.0055084088444503,CA
92,Mode22,9.72703298080021,0.006,0.0054808646669502,CA
93,Mode99,9.59617847989963,0.006,0.0054015765705785,CA
94,Mode102,3.48090564238017,0.046,0.0053859624304475,CA
95,Mode11,9.12346921335633,0.006,0.0053523264261588,CA
96,Mode186,3.41312376126139,0.047,0.005073397654096,CA
97,Mode97,8.81571049637521,0.008,0.0049646211195032,CA
98,Mode162,8.74943439586428,0.008,0.0049245857082903,CA
99,Mode126,2.56462848443585,0.076,0.0048681438174581,CA
100,Mode107,7.74649245322725,0.013,0.0047798520800564,CA
101,Mode17,3.54161701170625,0.043,0.0047259414884797,CA
102,Mode185,8.38655321122594,0.011,0.004725203149773,CA
103,Mode8,3.43152964713626,0.046,0.0046819007774677,CA
104,Mode32,2.71788352549509,0.093,0.004659018717341,CA
105,Mode152,8.21285472152131,0.011,0.0046258659384143,CA
106,Mode52,8.08150733329374,0.013,0.0045527748830303,CA
107,Mode177,7.85060703113032,0.013,0.0044222080978302,CA
108,Mode133,7.83322403867174,0.013,0.0044130413879257,CA
109,Mode179,7.62775524939069,0.014,0.0042967991289906,CA
110,Mode103,7.57386097992,0.014,0.0042714196316294,CA
111,Mode171,3.85412744459339,0.057,0.004249106026894,CA
112,Mode67,7.50455190407599,0.014,0.0042318836693015,CA
113,Mode167,1.42734216025906,0.272,0.0041720322847748,CA
114,Mode57,3.96660053595481,0.041,0.0041708728195597,CA
115,Mode90,7.35238100809918,0.016,0.0041456945823203,CA
116,Mode144,1.32135266486077,0.34,0.0038879239378707,CA
117,Mode145,1.50196737958019,0.2,0.0038749585795444,CA
118,Mode33,2.63504251251203,0.118,0.0038017976899697,CA
119,Mode128,2.38680507791919,0.12,0.0036739023836013,CA
120,Mode25,2.00647381974921,0.178,0.0035409980294184,CA
121,Mode21,2.12368068306148,0.175,0.0035298527082113,CA
122,Mode42,2.09798858569768,0.175,0.0034790622604562,CA
123,Mode87,6.16012664943078,0.026,0.0034732431299972,CA
124,Mode138,6.0431771801717,0.028,0.0034084368228891,CA
125,Mode135,2.07621380441193,0.216,0.0033547349776974,CA
126,Mode134,5.92291495767996,0.03,0.0033412282565269,CA
127,Mode6,4.80201331362611,0.049,0.0030886017775258,CA
128,Mode180,1.73556492029269,0.202,0.0029054759852265,CA
129,Mode94,1.71876632167992,0.233,0.002893628416427,CA
130,Mode109,4.91777004432096,0.047,0.0027744032021328,CA
131,Mode125,4.90950616244451,0.047,0.0027718616289582,CA
132,Mode9,4.88012000661725,0.047,0.0027690083794979,CA
133,Mode111,1.70286086379837,0.272,0.0027301173064032,CA
134,Mode168,1.78769141572838,0.164,0.002727806232543,CA
135,Mode158,4.83007303552519,0.048,0.0027262095672895,CA
136,Mode95,1.58598154552511,0.325,0.0026422022918334,CA
137,Mode41,1.75997339146054,0.216,0.0026079746526175,CA
138,Mode30,1.57307660465668,0.276,0.0025319985182778,CA
139,Mode194,4.48040778494288,0.057,0.0025294139279462,CA
140,Mode182,4.42624063812297,0.058,0.0025019187755823,CA
141,Mode78,1.73829676050012,0.241,0.0024892588287788,CA
142,Mode164,1.14676900283899,0.325,0.0024084149948693,CA
143,Mode2,3.96317463698455,0.076,0.0023681148366476,CA
144,Mode137,2.56252059349531,0.202,0.0023007342064912,CA
145,Mode70,1.41693594158413,0.252,0.0022280234635297,CA
146,Mode56,3.91008527481511,0.076,0.0022110934285026,CA
147,Mode187,3.76398183738956,0.084,0.0021252317860396,CA
148,Mode89,1.02728854941688,0.365,0.0020408771891464,CA
149,Mode119,3.57842948975414,0.092,0.0020211424337616,CA
150,Mode157,1.64771218453291,0.316,0.0019351013380816,CA
151,Mode121,1.31016769142049,0.336,0.0019335930523824,CA
152,Mode120,1.22283182087366,0.339,0.0018866265676777,CA
153,Mode146,3.20933951014655,0.112,0.0018125730824305,CA
154,Mode68,0.974401122395134,0.388,0.0017795434937714,CA
155,Mode142,3.12851837695239,0.117,0.0017676212889983,CA
156,Mode65,0.822811855396712,0.459,0.0017351574886441,CA
157,Mode113,2.90550660996557,0.135,0.0017227703864308,CA
158,Mode188,0.882008652181361,0.355,0.0016489417327885,CA
159,Mode62,2.6547893308049,0.152,0.0015030431955403,CA
160,Mode154,0.904496356139873,0.456,0.0014495272756377,CA
161,Mode14,2.55707978336245,0.161,0.001448213597491,CA
162,Mode112,2.54596988846398,0.161,0.0014387461405061,CA
163,Mode148,2.46487041485859,0.168,0.0013935972146903,CA
164,Mode100,1.55791859815203,0.344,0.0013724362796789,CA
165,Mode193,2.34869337639319,0.175,0.0013273509703149,CA
166,Mode92,2.34164990044491,0.175,0.0013260534453125,CA
167,Mode159,1.18046706315631,0.456,0.0011170741986789,CA
168,Mode173,0.909012928948995,0.547,0.0009897217578229,CA
169,Mode105,1.72349203506745,0.247,0.0009742571815745,CA
170,Mode191,1.59309085876495,0.266,0.000907896969459,CA
171,Mode178,1.51498709687431,0.276,0.0008563601565413,CA
172,Mode195,1.45822329641852,0.283,0.0008357942631745,CA
173,Mode13,1.33291771098511,0.308,0.0007612242387762,CA
174,Mode59,1.23073710256859,0.325,0.0006960912015832,CA
175,Mode98,1.21808291689614,0.327,0.0006910925418023,CA
176,Mode85,0.65722175843146,0.643,0.0006795568871881,CA
177,Mode117,1.13811086352404,0.339,0.0006439985159012,CA
178,Mode84,1.09799974387559,0.344,0.0006222975039438,CA
179,Mode116,1.05626406101707,0.352,0.0005973788280015,CA
180,Mode91,0.988930409644638,0.365,0.0005593748428017,CA
181,Mode169,0.899532889880067,0.388,0.0005096750219268,CA
182,Mode108,0.226668727437145,0.84,0.0005016745907379,CA
183,Mode149,0.49348592152424,0.501,0.0004761620334815,CA
184,Mode74,0.714343999652296,0.445,0.000404492154692,CA
185,Mode24,0.671309945487088,0.456,0.0003803468413136,CA
186,Mode129,0.337687658610635,0.603,0.0001911358566767,CA
187,Mode114,0.318433864812236,0.613,0.0001801811377315,CA
188,Mode196,0.260003028380608,0.646,0.0001471736244766,CA
189,Mode151,0.0148366734511767,0.941,0.0001239076087034,CA
190,Mode4,0.204398404720772,0.686,0.0001166837813362,CA
191,Mode161,0.185329859271025,0.699,0.0001048540339891,CA
192,Mode7,0.12073389298371,0.761,6.87136913350961e-05,CA
193,Mode172,0.0887490715893445,0.794,5.02278097523122e-05,CA
194,Mode189,0.0700162985136311,0.817,3.96324021322232e-05,CA
195,Mode199,0.0397558596800445,0.859,2.2525395736444e-05,CA
196,Mode197,0.037155368494839,0.86,2.10247014098573e-05,CA
197,Mode127,0.007797524058695,0.939,4.41360154841834e-06,CA
198,Mode83,0.0002073072668727,0.996,2.0475799671022e-07,CA
0,Mode18,13.8867114787349,0.0,0.0487947174001784,CC_1
1,Mode14,11.3327652796977,0.0,0.0398971223264571,CC_1
2,Mode80,16.4470787575364,0.0,0.0379556549074279,CC_1
3,Mode24,9.34026844491978,0.0,0.0350169170980945,CC_1
4,Mode90,16.1506710644204,0.0,0.031040677563673,CC_1
5,Mode11,22.2681381544746,0.0,0.0307916842286589,CC_1
6,Mode20,20.3864015215599,0.0,0.0296862797160946,CC_1
7,Mode78,12.4471542470389,0.0,0.0284906769372439,CC_1
8,Mode28,6.41697823499377,0.0,0.0261346293031672,CC_1
9,Mode32,7.90151491857755,0.0,0.0256883972091719,CC_1
10,Mode41,8.44805563438259,0.0,0.0248216348183297,CC_1
11,Mode21,6.30010058543406,0.0,0.0245726512041088,CC_1
12,Mode39,9.29914472029434,0.0,0.0243246688964379,CC_1
13,Mode16,7.04419617456702,0.0,0.0240461226555141,CC_1
14,Mode129,14.2449475413842,0.0,0.0233618319341882,CC_1
15,Mode27,6.13712869020765,0.0,0.0214644884019911,CC_1
16,Mode26,21.4381154952276,0.0,0.0214429442790666,CC_1
17,Mode108,8.37539311817556,0.0,0.0213567541590149,CC_1
18,Mode159,14.0937505389957,0.0,0.0204283703832935,CC_1
19,Mode34,20.9033035643127,0.0,0.0196732318955971,CC_1
20,Mode68,10.6964977326565,0.0,0.0196585432632488,CC_1
21,Mode38,5.70484615671696,0.0,0.0194641711295312,CC_1
22,Mode118,14.8874243665713,0.0,0.0188975274731959,CC_1
23,Mode153,14.642818176041,0.0,0.0183514936884078,CC_1
24,Mode48,5.05775919032574,0.0,0.0182918036630193,CC_1
25,Mode47,7.19393598858382,0.0,0.0177089210078788,CC_1
26,Mode57,9.60462651704932,0.0,0.0171426476344968,CC_1
27,Mode30,29.8176715432445,0.0,0.0166116112664603,CC_1
28,Mode117,12.7484845288004,0.0,0.0165694850947662,CC_1
29,Mode19,4.66004567197019,0.0,0.0165334154952948,CC_1
30,Mode115,22.2623537919169,0.0,0.0162432697747501,CC_1
31,Mode121,26.1055911737371,0.0,0.0160914399601829,CC_1
32,Mode35,28.4519346790086,0.0,0.0159195547149063,CC_1
33,Mode97,6.21157961463523,0.0,0.0154069480485229,CC_1
34,Mode105,27.6093219640613,0.0,0.0153793337549805,CC_1
35,Mode42,8.04780428328174,0.0,0.0153045140019996,CC_1
36,Mode92,12.6899444851271,0.0,0.015082241754691,CC_1
37,Mode54,5.30262727103776,0.0,0.0138253574333929,CC_1
38,Mode17,4.13665699008336,0.003,0.0137224135507609,CC_1
39,Mode51,7.35841898937037,0.0,0.0134711747028483,CC_1
40,Mode58,6.89128488197352,0.0,0.0133952108070011,CC_1
41,Mode71,4.32244179246425,0.003,0.0133113326281185,CC_1
42,Mode150,14.7202243159504,0.0,0.0130289177251016,CC_1
43,Mode25,6.94464775037065,0.0,0.0118042279353016,CC_1
44,Mode33,20.9145583682347,0.0,0.0117320389089334,CC_1
45,Mode100,6.77534197426996,0.0,0.0115925747209667,CC_1
46,Mode102,5.04290490066334,0.003,0.011182983105598,CC_1
47,Mode65,5.34504165022878,0.003,0.0109844737770775,CC_1
48,Mode36,5.72109755791257,0.003,0.0102022163081606,CC_1
49,Mode79,5.90604949452143,0.003,0.0101131380862012,CC_1
50,Mode98,17.4381060295809,0.0,0.009772770948829,CC_1
51,Mode61,8.22112499735658,0.0,0.0095095778296699,CC_1
52,Mode110,16.9594685990748,0.0,0.0095066080956663,CC_1
53,Mode164,16.7876486530634,0.0,0.0094369688591668,CC_1
54,Mode131,16.8117769294367,0.0,0.0094246556928734,CC_1
55,Mode69,6.11571428110079,0.003,0.0093693866321818,CC_1
56,Mode191,16.5715560066059,0.0,0.0093227895359741,CC_1
57,Mode44,7.7046365730037,0.0,0.0092681111046841,CC_1
58,Mode67,3.92777170020653,0.014,0.0092500268621165,CC_1
59,Mode187,16.3133304254937,0.0,0.0091549299364784,CC_1
60,Mode53,3.84660630089953,0.015,0.0089972595033495,CC_1
61,Mode143,7.96193935156545,0.003,0.0087550619933132,CC_1
62,Mode82,3.87518140468225,0.017,0.0085363480028611,CC_1
63,Mode74,2.90408791314857,0.038,0.0085354652791613,CC_1
64,Mode126,14.9678862266921,0.0,0.0083999825565575,CC_1
65,Mode86,9.03489786617286,0.003,0.0083934060711524,CC_1
66,Mode160,14.9412561014546,0.0,0.0083843266133548,CC_1
67,Mode88,2.46341637091665,0.071,0.0082919910149476,CC_1
68,Mode93,5.14655581140569,0.01,0.0081815149788169,CC_1
69,Mode152,6.40738881565139,0.003,0.008110690024379,CC_1
70,Mode12,5.81959833566355,0.005,0.0080960544130375,CC_1
71,Mode146,14.4015028860793,0.0,0.0080843716087036,CC_1
72,Mode190,2.67066399578552,0.051,0.0077372941642353,CC_1
73,Mode111,3.07864070063385,0.043,0.0076170153749647,CC_1
74,Mode192,13.4894904921016,0.0,0.0075786237615366,CC_1
75,Mode56,3.48191693294636,0.028,0.0074594164930828,CC_1
76,Mode104,13.1330725482828,0.0,0.0073846438923379,CC_1
77,Mode45,2.41229118770626,0.073,0.0071958963759315,CC_1
78,Mode83,3.40104307305567,0.033,0.0071336957624316,CC_1
79,Mode181,4.9255272618517,0.012,0.0070697254841292,CC_1
80,Mode175,4.72609574794284,0.015,0.0070038086829005,CC_1
81,Mode106,4.66903337890936,0.015,0.0067172007169413,CC_1
82,Mode89,11.3783847628538,0.003,0.0067122142098294,CC_1
83,Mode184,11.3825062583698,0.003,0.0064081583573634,CC_1
84,Mode75,5.79515381853556,0.01,0.0064059069390107,CC_1
85,Mode46,11.3120209095968,0.003,0.0063691358576835,CC_1
86,Mode177,11.2381846074614,0.003,0.0063222096304526,CC_1
87,Mode52,11.1940294739306,0.003,0.0063038707847209,CC_1
88,Mode103,11.1992625906212,0.003,0.0062957449609367,CC_1
89,Mode109,11.0033464652712,0.003,0.006185309872908,CC_1
90,Mode55,3.95963406051597,0.033,0.0061294116055437,CC_1
91,Mode77,1.77134959207863,0.203,0.0059939186531379,CC_1
92,Mode123,2.57128049082977,0.095,0.0059726825361388,CC_1
93,Mode114,10.1017552848412,0.005,0.0056874575623723,CC_1
94,Mode22,9.82611676219703,0.005,0.005557205146657,CC_1
95,Mode95,2.28770641481383,0.146,0.0053497316352982,CC_1
96,Mode40,3.87148021378391,0.036,0.0052717379372932,CC_1
97,Mode135,6.67911297368971,0.012,0.0052334070359068,CC_1
98,Mode29,2.87766719068778,0.086,0.0051576240812357,CC_1
99,Mode63,4.49859390406687,0.025,0.0051178803324087,CC_1
100,Mode8,5.81099151256627,0.027,0.0051101228633573,CC_1
101,Mode122,2.66732754387135,0.099,0.0051095652151818,CC_1
102,Mode60,1.43240658374137,0.269,0.0049486487087384,CC_1
103,Mode81,3.34295892274065,0.05,0.0049251808165278,CC_1
104,Mode116,8.33141868575528,0.01,0.0046929256837787,CC_1
105,Mode185,2.85728963864057,0.079,0.0046367859099672,CC_1
106,Mode147,6.11959010857333,0.017,0.0045847910210164,CC_1
107,Mode179,2.86349460626937,0.094,0.0045555608426037,CC_1
108,Mode145,7.93901915064367,0.012,0.0044704661413924,CC_1
109,Mode199,3.42989376409091,0.058,0.0042640334028939,CC_1
110,Mode158,7.49106778231731,0.014,0.0042192833541048,CC_1
111,Mode151,7.40921466442722,0.015,0.0041736462939095,CC_1
112,Mode198,7.36396422880747,0.015,0.0041531713348724,CC_1
113,Mode43,2.64055917288507,0.111,0.0039758656665421,CC_1
114,Mode167,6.9380910865958,0.019,0.0039103628510866,CC_1
115,Mode99,2.18520907992533,0.199,0.0038174453315112,CC_1
116,Mode84,2.29747748828226,0.205,0.0037835831369975,CC_1
117,Mode113,2.67317619135414,0.112,0.0037185003539277,CC_1
118,Mode140,2.01607166407458,0.158,0.0036603198661964,CC_1
119,Mode128,6.45225582312121,0.023,0.0036383676816312,CC_1
120,Mode141,2.61563607653452,0.118,0.0035797832385145,CC_1
121,Mode144,2.53255494676561,0.098,0.0035613621449085,CC_1
122,Mode91,4.16213948410152,0.046,0.0035402606984909,CC_1
123,Mode132,6.25021636562018,0.025,0.0035288304650992,CC_1
124,Mode7,6.06994352040904,0.028,0.0034343750530819,CC_1
125,Mode173,5.80326196206555,0.032,0.0032756191569385,CC_1
126,Mode182,5.56749329367653,0.035,0.0031434226727608,CC_1
127,Mode96,2.35961857431894,0.132,0.0031355640178171,CC_1
128,Mode134,1.88065368777228,0.205,0.0030743557354721,CC_1
129,Mode23,1.91816114814853,0.217,0.0029997023795827,CC_1
130,Mode142,1.62974902564127,0.238,0.0028958291173943,CC_1
131,Mode66,1.47275630332428,0.246,0.0027936034448759,CC_1
132,Mode73,4.19396628444258,0.073,0.0027653578627901,CC_1
133,Mode155,4.84598403530443,0.05,0.002735295688468,CC_1
134,Mode183,4.82400021369647,0.05,0.0027215587924423,CC_1
135,Mode176,4.82102696948825,0.05,0.0027210228131876,CC_1
136,Mode193,4.77232608864428,0.051,0.0026937791803385,CC_1
137,Mode101,1.5616454632532,0.293,0.0024520173500782,CC_1
138,Mode133,3.86707681951874,0.082,0.0021843262725173,CC_1
139,Mode6,3.56485793468139,0.095,0.002014742563182,CC_1
140,Mode165,1.27318758588952,0.393,0.0020102181293088,CC_1
141,Mode2,2.36705446680314,0.217,0.0019990250617286,CC_1
142,Mode170,1.97829295461586,0.165,0.0019860933826684,CC_1
143,Mode124,3.45925998054729,0.099,0.0019533171404659,CC_1
144,Mode186,1.16950275465479,0.475,0.0018749999953317,CC_1
145,Mode50,0.667956594278288,0.494,0.001820244146016,CC_1
146,Mode136,3.15089755811614,0.117,0.0017841581984769,CC_1
147,Mode172,3.0613285603805,0.122,0.001730056548326,CC_1
148,Mode1,3.0453396556438,0.122,0.0017228704692507,CC_1
149,Mode72,0.906186150216408,0.494,0.001564294047632,CC_1
150,Mode197,0.945454649367114,0.494,0.0015562148000709,CC_1
151,Mode171,0.955483827011439,0.48,0.0015101096499806,CC_1
152,Mode168,1.82950757452141,0.21,0.0013572513414071,CC_1
153,Mode120,2.39337134367572,0.177,0.0013533322090411,CC_1
154,Mode127,1.50219349325566,0.389,0.0013160262760413,CC_1
155,Mode94,0.868730250531944,0.367,0.0012459398768659,CC_1
156,Mode49,2.19438224517571,0.199,0.001240626453261,CC_1
157,Mode3,2.12973352451558,0.205,0.0012054265503356,CC_1
158,Mode149,2.00523634985569,0.215,0.0011331409670345,CC_1
159,Mode37,1.4097407951744,0.374,0.0010801155863274,CC_1
160,Mode188,1.84332976121087,0.235,0.001041766523407,CC_1
161,Mode9,1.74536562638405,0.246,0.0009890941351816,CC_1
162,Mode137,1.7008611077586,0.251,0.0009614163676831,CC_1
163,Mode4,1.562150508141,0.274,0.000883989750662,CC_1
164,Mode87,0.348289720936853,0.717,0.0008111278551334,CC_1
165,Mode189,0.332727737170775,0.618,0.0008018212989167,CC_1
166,Mode154,0.279391184626496,0.759,0.000745737788322,CC_1
167,Mode119,1.27018335351191,0.332,0.0007179220093661,CC_1
168,Mode157,1.23358233228321,0.338,0.0006976604859587,CC_1
169,Mode15,1.21718742906286,0.339,0.0006951859241423,CC_1
170,Mode107,0.238716769052381,0.85,0.0004820359100593,CC_1
171,Mode180,0.83240037643938,0.443,0.0004730693694807,CC_1
172,Mode112,0.800751683125602,0.45,0.0004528958662523,CC_1
173,Mode169,0.721294952725989,0.475,0.0004078711107812,CC_1
174,Mode166,0.697310314053679,0.48,0.0003949116980773,CC_1
175,Mode195,0.683717864385898,0.48,0.0003874645179776,CC_1
176,Mode178,0.649011784419362,0.493,0.0003675168850536,CC_1
177,Mode139,0.618442302049318,0.494,0.0003501614952272,CC_1
178,Mode5,0.596449637142446,0.5,0.0003392780410623,CC_1
179,Mode161,0.502752155748298,0.54,0.0002861079226319,CC_1
180,Mode156,0.121201204874719,0.908,0.0002860637063481,CC_1
181,Mode76,0.454092769463224,0.563,0.000256921251547,CC_1
182,Mode59,0.192216064860635,0.855,0.0002170339802222,CC_1
183,Mode138,0.345537708428316,0.619,0.0001960596891154,CC_1
184,Mode163,0.340299160950368,0.619,0.0001926144599455,CC_1
185,Mode64,0.32105118657803,0.628,0.0001821146200901,CC_1
186,Mode31,0.215108562787558,0.704,0.000122215141717,CC_1
187,Mode130,0.165468245820218,0.74,9.39178703460741e-05,CC_1
188,Mode125,0.116534627895121,0.785,6.60330298143609e-05,CC_1
189,Mode70,0.0847326558213498,0.822,4.80143547736248e-05,CC_1
190,Mode85,0.075674994732648,0.83,4.30843731311275e-05,CC_1
191,Mode194,0.032030735118347,0.89,2.01254926004719e-05,CC_1
192,Mode162,0.0342666677297694,0.889,1.93988911629411e-05,CC_1
193,Mode148,0.0307988476758354,0.89,1.80121825120215e-05,CC_1
194,Mode62,0.0226356953393049,0.905,1.29524081429737e-05,CC_1
195,Mode196,0.0201424632893266,0.906,1.14072371073466e-05,CC_1
196,Mode13,0.0163556476150962,0.911,1.0563355953864e-05,CC_1
197,Mode10,4.35941691517649e-05,0.999,2.61662970075476e-07,CC_1
198,Mode174,2.62478183232284e-05,0.999,6.60259135418927e-08,CC_1
0,Mode6,211.739413345666,0.0,0.106966858734866,CC_2
1,Mode11,113.871350775217,0.0,0.0605562789880708,CC_2
2,Mode4,66.5461760053983,0.0,0.0587512045842634,CC_2
3,Mode1,107.735307305341,0.0,0.0575030948166526,CC_2
4,Mode94,70.5763627134896,0.0,0.0385039156843915,CC_2
5,Mode100,31.3371366425004,0.0,0.0380283890808964,CC_2
6,Mode64,21.5631502016059,0.0,0.0361143972563193,CC_2
7,Mode10,31.2415834337166,0.0,0.0350404621559832,CC_2
8,Mode157,22.066998762824,0.0,0.0347585956337421,CC_2
9,Mode3,17.656708091763,0.0,0.0343538520599453,CC_2
10,Mode29,25.6534023879308,0.0,0.0341387145804037,CC_2
11,Mode99,17.8913559025879,0.0,0.0329455179726661,CC_2
12,Mode12,57.3519098387356,0.0,0.0316380870164941,CC_2
13,Mode16,16.5041116877137,0.0,0.0271771120859391,CC_2
14,Mode167,45.9991532334618,0.0,0.026492782915704,CC_2
15,Mode109,35.4959489849854,0.0,0.02407939507833,CC_2
16,Mode87,41.5812350549636,0.0,0.0230852764951634,CC_2
17,Mode5,11.9846733163128,0.0,0.0214323394196253,CC_2
18,Mode69,18.3959194325542,0.0,0.0212813617373021,CC_2
19,Mode19,11.3759505716574,0.0,0.0209618169125884,CC_2
20,Mode111,14.8692728925864,0.0,0.0206462449291215,CC_2
21,Mode108,28.3246527428263,0.0,0.0197196667386818,CC_2
22,Mode14,35.5078226445802,0.0,0.0197103359100219,CC_2
23,Mode162,35.3198514708514,0.0,0.0196593812188326,CC_2
24,Mode91,35.1152376041584,0.0,0.0195473010902989,CC_2
25,Mode90,12.1639875575047,0.0,0.0189211704443525,CC_2
26,Mode123,9.53212880787103,0.0,0.0177221788776167,CC_2
27,Mode126,30.4282400108544,0.0,0.0169892425662784,CC_2
28,Mode50,10.6704312644418,0.0,0.0168684533012775,CC_2
29,Mode63,29.7048748375799,0.0,0.0165601193803813,CC_2
30,Mode184,29.2855639731661,0.0,0.0163673534210212,CC_2
31,Mode148,8.06343606649867,0.0,0.0160329058409163,CC_2
32,Mode190,8.26557014023118,0.0,0.0159294302870106,CC_2
33,Mode54,8.84105418684362,0.0,0.0159115968253921,CC_2
34,Mode137,13.4498589704887,0.0,0.0157153074203525,CC_2
35,Mode27,8.58700601592334,0.0,0.0155903798824802,CC_2
36,Mode118,9.2292900668497,0.0,0.0153958861956673,CC_2
37,Mode76,7.41703236623575,0.0,0.0153589975422168,CC_2
38,Mode48,26.8335379754814,0.0,0.0149926939245168,CC_2
39,Mode8,8.07390547207918,0.0,0.0142227553178841,CC_2
40,Mode78,7.85398099094478,0.0,0.0141100573088451,CC_2
41,Mode176,7.72023054575306,0.0,0.0139231106090859,CC_2
42,Mode55,14.5376880797535,0.0,0.0137726074620739,CC_2
43,Mode103,9.09545009786861,0.0,0.0136285736119967,CC_2
44,Mode79,8.39148992404424,0.0,0.0135325244665611,CC_2
45,Mode180,3.96442063310431,0.005,0.0132330890280775,CC_2
46,Mode105,6.27676600804662,0.0,0.0132306311116394,CC_2
47,Mode21,8.76437811437603,0.0,0.0131911914603652,CC_2
48,Mode98,9.31206108543176,0.0,0.0128390860033887,CC_2
49,Mode36,14.1037473831905,0.0,0.0127872906213584,CC_2
50,Mode82,2.57083625036414,0.028,0.0126612460433051,CC_2
51,Mode86,10.5119042998268,0.0,0.0125573534433,CC_2
52,Mode129,6.9607467314917,0.0,0.0117839188119177,CC_2
53,Mode9,8.49810664821549,0.0,0.0117083189273065,CC_2
54,Mode73,5.60036436378173,0.003,0.0116882025804261,CC_2
55,Mode95,3.01070246400932,0.016,0.0114668114140438,CC_2
56,Mode56,20.3394642059404,0.0,0.0114463246827308,CC_2
57,Mode122,12.8478110172669,0.0,0.0111717945985996,CC_2
58,Mode59,6.61560161589403,0.0,0.011073157349917,CC_2
59,Mode44,8.97968260645846,0.0,0.0105797972893156,CC_2
60,Mode140,2.33273657432662,0.052,0.0105292628982433,CC_2
61,Mode20,18.4399802015065,0.0,0.0103754061036586,CC_2
62,Mode81,4.99813449309655,0.005,0.0103337104355164,CC_2
63,Mode97,18.2877396526445,0.0,0.0102416547140872,CC_2
64,Mode170,17.9861230761063,0.0,0.0101112356021785,CC_2
65,Mode181,8.37678159137252,0.0,0.0100656771737213,CC_2
66,Mode46,6.51169420409404,0.003,0.0095976465110085,CC_2
67,Mode60,7.67157584800169,0.0,0.0095234121780577,CC_2
68,Mode66,5.00219284155923,0.005,0.0095232491702343,CC_2
69,Mode75,6.2121855131373,0.003,0.0094313395126506,CC_2
70,Mode102,5.77966901824051,0.005,0.0093104807006701,CC_2
71,Mode22,7.36179610449834,0.003,0.009153115610973,CC_2
72,Mode154,15.6211122760925,0.0,0.0088028833559066,CC_2
73,Mode61,5.06698299439665,0.007,0.0087376808337103,CC_2
74,Mode7,4.63636167948333,0.007,0.008736786083467,CC_2
75,Mode192,6.18240679851736,0.005,0.0084867927984223,CC_2
76,Mode15,7.71361022438266,0.003,0.0083605806619561,CC_2
77,Mode37,3.573678832827,0.018,0.008303737036073,CC_2
78,Mode49,4.70147386551048,0.009,0.007918511258574,CC_2
79,Mode43,4.89028121669146,0.013,0.0078556672694726,CC_2
80,Mode143,5.4992360751566,0.007,0.0077807228152709,CC_2
81,Mode74,4.16952870596046,0.014,0.0076741213672965,CC_2
82,Mode160,4.15573461442612,0.014,0.0075946304038306,CC_2
83,Mode182,13.2817966848759,0.0,0.0075898500801549,CC_2
84,Mode136,4.78656551231678,0.011,0.0075787063784161,CC_2
85,Mode53,5.00659217076412,0.013,0.0074036134684652,CC_2
86,Mode113,5.04434399927972,0.011,0.0073285957217555,CC_2
87,Mode169,4.82396837891731,0.011,0.0073148093290881,CC_2
88,Mode152,11.6086957227064,0.003,0.0070708624715341,CC_2
89,Mode121,12.30436994833,0.0,0.0070009742071499,CC_2
90,Mode42,7.86013039419231,0.009,0.0066406901331325,CC_2
91,Mode149,11.1208322691363,0.003,0.0063598899911133,CC_2
92,Mode96,3.31832074092154,0.048,0.0061399601647363,CC_2
93,Mode84,3.59697899506629,0.052,0.0057925384712511,CC_2
94,Mode171,3.75033658143742,0.047,0.0057371376086643,CC_2
95,Mode132,3.33948904429449,0.055,0.0056904300284878,CC_2
96,Mode57,2.85972025434964,0.075,0.0056348871596888,CC_2
97,Mode175,9.95266857254563,0.005,0.0056163457390108,CC_2
98,Mode77,4.07235560699782,0.031,0.0055831737277667,CC_2
99,Mode125,3.20634669619133,0.073,0.0053503194465925,CC_2
100,Mode173,9.37081306402559,0.005,0.0053048242869048,CC_2
101,Mode80,9.35707756032519,0.005,0.0052878413711914,CC_2
102,Mode71,3.33115830644251,0.052,0.0051326283768607,CC_2
103,Mode177,9.08666411595854,0.007,0.0051182892942532,CC_2
104,Mode26,9.0189128573909,0.007,0.0050834757967022,CC_2
105,Mode104,2.37649549278091,0.084,0.0050725477743917,CC_2
106,Mode138,8.54238846962726,0.009,0.0048123401181491,CC_2
107,Mode197,8.50202666361963,0.009,0.004803769068547,CC_2
108,Mode67,8.36740026431162,0.009,0.0047288025381446,CC_2
109,Mode191,3.37496093516114,0.047,0.0045582957537801,CC_2
110,Mode68,2.8297699522195,0.084,0.004480523913073,CC_2
111,Mode28,2.49998940649846,0.104,0.004478335251833,CC_2
112,Mode83,2.54209994335898,0.123,0.0044436231286755,CC_2
113,Mode31,2.78053742535718,0.095,0.0043660279773576,CC_2
114,Mode147,7.41780950108523,0.013,0.00420332228474,CC_2
115,Mode112,2.66573230217194,0.114,0.0038027879441815,CC_2
116,Mode120,6.34268916741114,0.024,0.0035923619264312,CC_2
117,Mode196,3.34354374309488,0.061,0.0034995207366457,CC_2
118,Mode194,2.42314639654782,0.121,0.0034861648868042,CC_2
119,Mode141,2.64614576571483,0.11,0.0034716709610648,CC_2
120,Mode24,2.443950049634,0.14,0.0033776386692592,CC_2
121,Mode164,2.35782248440791,0.142,0.0032091285653138,CC_2
122,Mode115,2.31620552145781,0.108,0.0032049769035689,CC_2
123,Mode72,5.47947103356111,0.037,0.0031428343527518,CC_2
124,Mode145,5.40518975955993,0.038,0.003049736666998,CC_2
125,Mode179,2.49613450035975,0.104,0.0028447636901058,CC_2
126,Mode58,1.71016478991684,0.251,0.0028144423014517,CC_2
127,Mode101,4.74533709457283,0.052,0.0026903889683427,CC_2
128,Mode23,1.90657185145096,0.213,0.0026642457995244,CC_2
129,Mode114,1.77264918687845,0.262,0.0026624039518438,CC_2
130,Mode2,1.90392051021099,0.211,0.0026565790812982,CC_2
131,Mode155,4.6793275412304,0.055,0.002648836772907,CC_2
132,Mode51,1.74344168420087,0.167,0.002626039735109,CC_2
133,Mode33,2.95813904945721,0.156,0.0026187213728521,CC_2
134,Mode131,1.62381170164753,0.284,0.0026002155793581,CC_2
135,Mode183,1.5023026769894,0.21,0.0024010907884321,CC_2
136,Mode13,1.59773793351873,0.313,0.002393407864218,CC_2
137,Mode193,4.08994597607569,0.074,0.0023096499193009,CC_2
138,Mode47,2.13883085619352,0.242,0.0022886326017859,CC_2
139,Mode18,4.01547672002203,0.076,0.0022710921068922,CC_2
140,Mode32,3.81708103854269,0.084,0.0021574604928234,CC_2
141,Mode128,3.70282267862481,0.088,0.0020975010541111,CC_2
142,Mode62,3.66737478856344,0.091,0.0020746995808509,CC_2
143,Mode45,1.19989959585888,0.36,0.0020637871575478,CC_2
144,Mode198,1.09226708242332,0.366,0.0020438750351127,CC_2
145,Mode93,1.64907315342519,0.192,0.0019773445668434,CC_2
146,Mode159,0.988159657955652,0.411,0.0019718725805629,CC_2
147,Mode146,3.05336160495822,0.113,0.0019037095313502,CC_2
148,Mode85,1.13818290918207,0.492,0.0018684932426625,CC_2
149,Mode127,3.24116325192086,0.111,0.0018393219486582,CC_2
150,Mode158,0.998836885159049,0.321,0.0017208442505039,CC_2
151,Mode41,0.757966504935013,0.481,0.0016982909375293,CC_2
152,Mode163,2.96574038876011,0.126,0.0016832327546818,CC_2
153,Mode17,2.74280103608372,0.142,0.0015530390892932,CC_2
154,Mode119,2.72783935919236,0.143,0.0015471411618916,CC_2
155,Mode142,1.28607235489442,0.432,0.0015392190186624,CC_2
156,Mode116,2.6065729831003,0.152,0.0014780204671129,CC_2
157,Mode92,1.06195309779372,0.481,0.0014068377717286,CC_2
158,Mode174,2.45795310593188,0.165,0.0013955297490256,CC_2
159,Mode124,2.35195255242472,0.174,0.0013322248726695,CC_2
160,Mode185,0.641996537216529,0.536,0.0012318339398549,CC_2
161,Mode38,1.06128407532986,0.512,0.0012143176957233,CC_2
162,Mode144,1.95716862703718,0.218,0.0011063203631667,CC_2
163,Mode110,0.724968962228019,0.574,0.0011024920275398,CC_2
164,Mode107,0.857622530608355,0.57,0.0010923492069416,CC_2
165,Mode168,0.946072728938884,0.552,0.0010204524404337,CC_2
166,Mode151,0.4793511843384,0.655,0.0009592997928013,CC_2
167,Mode161,0.415403774172085,0.625,0.0009475805854238,CC_2
168,Mode39,0.402464910536242,0.631,0.0009295502206578,CC_2
169,Mode150,0.331303487506294,0.61,0.0008644024741263,CC_2
170,Mode187,1.35597213862964,0.316,0.0007710879515259,CC_2
171,Mode134,1.3413992560763,0.316,0.0007653540069389,CC_2
172,Mode106,1.31490614764488,0.321,0.0007442820362482,CC_2
173,Mode89,1.30490302635192,0.321,0.0007410621453572,CC_2
174,Mode199,1.22589516640131,0.335,0.0006946938425604,CC_2
175,Mode88,1.2006951052936,0.337,0.0006858593629092,CC_2
176,Mode153,1.20164138748779,0.337,0.0006844495328231,CC_2
177,Mode186,0.793313375190707,0.447,0.0004504868465111,CC_2
178,Mode165,0.112262377811284,0.866,0.0004096668420966,CC_2
179,Mode35,0.704052277710367,0.477,0.0003995320748895,CC_2
180,Mode40,0.700418393416447,0.477,0.000396935367087,CC_2
181,Mode25,0.447429802446728,0.664,0.0003674298909874,CC_2
182,Mode30,0.63535977705851,0.492,0.0003602110687978,CC_2
183,Mode133,0.387030288710869,0.57,0.0003549288671033,CC_2
184,Mode52,0.610894833941697,0.5,0.0003462284020155,CC_2
185,Mode135,0.545738249865347,0.523,0.0003089800908479,CC_2
186,Mode166,0.497654071520277,0.541,0.0002830411231613,CC_2
187,Mode65,0.475373153666082,0.548,0.000271334012859,CC_2
188,Mode70,0.463356242541026,0.551,0.0002657922858128,CC_2
189,Mode178,0.35164194769056,0.599,0.0001998975024126,CC_2
190,Mode139,0.184565525571122,0.83,0.0001858403489561,CC_2
191,Mode172,0.302725006174195,0.623,0.000171309633903,CC_2
192,Mode189,0.0476888053231742,0.866,5.04402420210306e-05,CC_2
193,Mode156,0.0764441498310098,0.818,4.35741130729988e-05,CC_2
194,Mode188,0.053956882030911,0.848,3.56744937173256e-05,CC_2
195,Mode34,0.0393262780495385,0.866,2.24560731723625e-05,CC_2
196,Mode130,0.0341043059946966,0.866,2.03426796119975e-05,CC_2
197,Mode117,0.0154547286439323,0.915,9.35229010465328e-06,CC_2
198,Mode195,0.0068652748541009,0.947,4.02786491095147e-06,CC_2
0,Mode105,40.716925224528,0.0,0.0647736102843897,CC_3
1,Mode37,35.902200191013,0.0,0.059269321159832,CC_3
2,Mode24,44.3411001331615,0.0,0.0552037019751864,CC_3
3,Mode140,97.0329657069813,0.0,0.0522451303988794,CC_3
4,Mode42,38.2973323311746,0.0,0.0490730146455463,CC_3
5,Mode69,57.202381232393,0.0,0.0397943472236729,CC_3
6,Mode75,72.1244614801464,0.0,0.0392591488394737,CC_3
7,Mode36,19.6092925505054,0.0,0.0353569822444954,CC_3
8,Mode30,30.004965978513,0.0,0.0353546636098229,CC_3
9,Mode10,63.7028796378179,0.0,0.034779373133736,CC_3
10,Mode3,60.27957131359,0.0,0.0329715747097184,CC_3
11,Mode45,30.5331427886074,0.0,0.0326833409547872,CC_3
12,Mode99,20.9316738526831,0.0,0.0323133908186416,CC_3
13,Mode131,25.7440443565981,0.0,0.031512733324414,CC_3
14,Mode97,57.2397815010089,0.0,0.031409820485091,CC_3
15,Mode23,54.8669811128397,0.0,0.0301147277868359,CC_3
16,Mode1,15.9520857234792,0.0,0.0294351338080346,CC_3
17,Mode18,26.5964332087225,0.0,0.0288813014854067,CC_3
18,Mode49,16.447481175909,0.0,0.0266444647751871,CC_3
19,Mode5,16.5261747741042,0.0,0.0242491869445095,CC_3
20,Mode184,43.3358258349012,0.0,0.0239676135730017,CC_3
21,Mode110,17.4031623227849,0.0,0.0229519679464714,CC_3
22,Mode71,40.5291826362876,0.0,0.0224217824183828,CC_3
23,Mode153,17.966134459789,0.0,0.0220085046754322,CC_3
24,Mode80,38.9461998342043,0.0,0.0215882103205992,CC_3
25,Mode116,18.5078262846902,0.0,0.0214984877519331,CC_3
26,Mode112,13.1852392273649,0.0,0.0203156530286708,CC_3
27,Mode94,36.5260610228739,0.0,0.0203129255294601,CC_3
28,Mode95,12.4858234735159,0.0,0.020090623813167,CC_3
29,Mode59,17.5468536948944,0.0,0.0200507148347123,CC_3
30,Mode162,17.0178977369391,0.0,0.0193455023220347,CC_3
31,Mode117,12.6129243441396,0.0,0.0192608238266431,CC_3
32,Mode33,13.5064388625114,0.0,0.0191351884804799,CC_3
33,Mode27,25.8677475459334,0.0,0.0188827729979946,CC_3
34,Mode163,31.4170305187359,0.0,0.0175860525856274,CC_3
35,Mode146,24.5566884525257,0.0,0.0173838468320654,CC_3
36,Mode156,30.6693337171574,0.0,0.0170933822573763,CC_3
37,Mode122,30.2943741393759,0.0,0.0168552655888808,CC_3
38,Mode120,29.859082529668,0.0,0.0167996188002109,CC_3
39,Mode84,30.0570499283204,0.0,0.0167435322150672,CC_3
40,Mode31,10.8602823015673,0.0,0.0162546389522884,CC_3
41,Mode167,28.9412895984753,0.0,0.0162229041024715,CC_3
42,Mode158,28.7668526753724,0.0,0.0160524495249617,CC_3
43,Mode144,28.5907146010372,0.0,0.0159419622481525,CC_3
44,Mode166,22.8971002542011,0.0,0.0156378600915244,CC_3
45,Mode134,12.7599176490469,0.0,0.0155828170747391,CC_3
46,Mode129,12.0114551029645,0.0,0.0152641094106983,CC_3
47,Mode123,10.9259860944449,0.0,0.0152567939427481,CC_3
48,Mode28,26.9381360635067,0.0,0.015009028373122,CC_3
49,Mode98,14.0032902284914,0.0,0.0144735729307977,CC_3
50,Mode90,25.6177203272771,0.0,0.0143054923891065,CC_3
51,Mode103,25.2523278715707,0.0,0.0140893142918737,CC_3
52,Mode113,24.3672090356201,0.0,0.0140424903810014,CC_3
53,Mode115,9.26613673143807,0.0,0.0137853367435144,CC_3
54,Mode39,24.4092126204595,0.0,0.0136646352166455,CC_3
55,Mode64,23.1179555792362,0.0,0.0129259879164807,CC_3
56,Mode180,22.5205993393852,0.0,0.0126347733568227,CC_3
57,Mode74,6.04185628331706,0.0,0.0122067092652285,CC_3
58,Mode7,12.3565855818375,0.0,0.0118785295684328,CC_3
59,Mode87,20.5767755432076,0.0,0.0117129845626666,CC_3
60,Mode34,7.12511391491792,0.0,0.0116323881122299,CC_3
61,Mode139,12.4412425644295,0.0,0.0115263861137388,CC_3
62,Mode96,6.5710869758575,0.0,0.0114487740455774,CC_3
63,Mode29,6.11182589395925,0.0,0.0113276717154595,CC_3
64,Mode60,20.2240754548681,0.0,0.0113271832177929,CC_3
65,Mode61,6.87727019969752,0.0,0.0104915624685044,CC_3
66,Mode73,7.77327481192878,0.0,0.0103979074857274,CC_3
67,Mode12,9.09441264535022,0.0,0.0103536506187479,CC_3
68,Mode70,18.4694639283906,0.0,0.0103440259261294,CC_3
69,Mode17,17.6528165942329,0.0,0.0098901470479374,CC_3
70,Mode125,17.3877245189751,0.0,0.0098638003401489,CC_3
71,Mode190,2.78712780796862,0.028,0.0098020922362645,CC_3
72,Mode48,5.27348069180838,0.002,0.0096524553245009,CC_3
73,Mode89,6.52044373091484,0.002,0.0096003414012622,CC_3
74,Mode15,15.6776786654313,0.0,0.008790634246588,CC_3
75,Mode58,5.5907736002296,0.005,0.0087794754826705,CC_3
76,Mode35,15.1504625157707,0.0,0.0085024006956833,CC_3
77,Mode107,14.8779475418187,0.0,0.0083766626071035,CC_3
78,Mode38,4.83855217111734,0.01,0.0080427155478481,CC_3
79,Mode79,13.7912660848226,0.0,0.0077478138945658,CC_3
80,Mode150,13.5143425806612,0.0,0.0076062016274856,CC_3
81,Mode128,5.14136036391911,0.008,0.0075229769296247,CC_3
82,Mode13,13.1938039031056,0.0,0.0074101105745603,CC_3
83,Mode44,5.81218415621233,0.006,0.0073771475707812,CC_3
84,Mode194,12.7909748194299,0.0,0.0072121392759421,CC_3
85,Mode78,3.9280464716074,0.02,0.0071585599055234,CC_3
86,Mode108,12.5375701930218,0.0,0.0070578808646655,CC_3
87,Mode195,4.95123355790088,0.012,0.0070285287284179,CC_3
88,Mode175,5.04871133313652,0.01,0.0069790687158922,CC_3
89,Mode77,4.1313281092201,0.017,0.006933314046861,CC_3
90,Mode47,4.3098589076615,0.02,0.0067703361702518,CC_3
91,Mode133,4.1206851389988,0.017,0.0067624130011958,CC_3
92,Mode26,11.9154321558502,0.002,0.0067002456948723,CC_3
93,Mode164,10.909208343354,0.002,0.0061348586705279,CC_3
94,Mode198,10.3378824357108,0.002,0.00613399236437,CC_3
95,Mode83,3.07474376611775,0.038,0.0060743839452603,CC_3
96,Mode11,6.90358988809126,0.006,0.0059952146424574,CC_3
97,Mode63,3.84260324196342,0.036,0.0058827060470668,CC_3
98,Mode53,10.2380938903011,0.002,0.0057661339426444,CC_3
99,Mode149,1.73892653119928,0.194,0.0056645883330815,CC_3
100,Mode20,9.89062158361554,0.005,0.0055637542149876,CC_3
101,Mode106,9.8639653082247,0.005,0.0055569748296446,CC_3
102,Mode191,3.68165096883612,0.032,0.0054604136767097,CC_3
103,Mode126,5.75167218019138,0.013,0.005350411554471,CC_3
104,Mode196,2.93522970765313,0.053,0.0053504067510522,CC_3
105,Mode85,6.0128488652587,0.02,0.0052958447502678,CC_3
106,Mode155,3.1999057900645,0.045,0.0052200679652206,CC_3
107,Mode91,8.78464007627967,0.006,0.0049518474466661,CC_3
108,Mode199,8.78252666386165,0.006,0.0049492109917431,CC_3
109,Mode160,8.76787405146056,0.006,0.004948093728742,CC_3
110,Mode62,7.88370789677544,0.01,0.0049371324434991,CC_3
111,Mode101,8.66442828099449,0.006,0.0048848189363753,CC_3
112,Mode172,3.76728911646907,0.035,0.0048558958520709,CC_3
113,Mode25,2.74778291639441,0.099,0.0048469906518526,CC_3
114,Mode193,2.68020803087451,0.075,0.0047797211922976,CC_3
115,Mode147,8.392566181598,0.008,0.0047666983107739,CC_3
116,Mode151,2.15645464510291,0.132,0.0046960297257293,CC_3
117,Mode118,8.02401673059576,0.01,0.0045562990714364,CC_3
118,Mode56,3.01629230688696,0.078,0.0043652949968377,CC_3
119,Mode92,7.3750506467871,0.013,0.0041605249517319,CC_3
120,Mode51,2.26723668445831,0.168,0.004140425105098,CC_3
121,Mode57,2.84647664909953,0.078,0.0041334975564464,CC_3
122,Mode72,7.31260292753603,0.013,0.0041257880013602,CC_3
123,Mode32,7.18317617187431,0.013,0.0040467417739858,CC_3
124,Mode170,7.01780478802268,0.015,0.0039605149114689,CC_3
125,Mode159,3.29910783939843,0.076,0.0038347555436676,CC_3
126,Mode9,6.68527551292329,0.018,0.0037677858717868,CC_3
127,Mode183,5.98307578358421,0.025,0.0034460612768714,CC_3
128,Mode41,2.57140776606841,0.11,0.0033449416371234,CC_3
129,Mode43,2.10919390420363,0.203,0.0033023953913406,CC_3
130,Mode102,2.24161561233395,0.14,0.0032461579918881,CC_3
131,Mode111,2.40079755044606,0.132,0.0032169393589253,CC_3
132,Mode138,5.63237254152557,0.031,0.0031791015697608,CC_3
133,Mode82,1.88673723425383,0.193,0.0031457113882915,CC_3
134,Mode88,5.53960483589569,0.032,0.0031300946577483,CC_3
135,Mode22,2.05313488855221,0.167,0.0031089729760925,CC_3
136,Mode165,5.42456924163515,0.034,0.0030711313329846,CC_3
137,Mode124,5.33191543959328,0.035,0.0030114426443915,CC_3
138,Mode55,1.93189445357213,0.148,0.0029347824903839,CC_3
139,Mode81,1.70114502187441,0.227,0.0026425519112145,CC_3
140,Mode19,2.4244642506692,0.109,0.0025218074205704,CC_3
141,Mode152,1.49514052189917,0.202,0.0024131727318901,CC_3
142,Mode192,4.22046546190508,0.063,0.0023895357491052,CC_3
143,Mode148,4.21714893548118,0.063,0.0023832647197639,CC_3
144,Mode154,2.20384581285645,0.221,0.0022739280547851,CC_3
145,Mode119,3.81342030738104,0.078,0.0021631442518972,CC_3
146,Mode54,1.49153232252866,0.269,0.002158731162416,CC_3
147,Mode177,3.78715311136301,0.078,0.0021407526891227,CC_3
148,Mode189,2.97240919959145,0.101,0.002125852686698,CC_3
149,Mode6,3.72474053128093,0.081,0.0021029627369974,CC_3
150,Mode197,1.03133839605559,0.417,0.0020788840884469,CC_3
151,Mode68,1.34638266655257,0.338,0.0020638064583242,CC_3
152,Mode65,3.5271349683468,0.089,0.0019981842725921,CC_3
153,Mode109,2.78348781423456,0.146,0.0019259184411084,CC_3
154,Mode21,1.25614247766742,0.233,0.001904672114065,CC_3
155,Mode4,0.921893674587552,0.417,0.001723884107858,CC_3
156,Mode16,2.95939561423434,0.123,0.001671341139663,CC_3
157,Mode2,2.91443575017588,0.125,0.0016457523603254,CC_3
158,Mode50,0.88211525297158,0.351,0.0016450860617174,CC_3
159,Mode142,2.34446177433487,0.191,0.0016274953283722,CC_3
160,Mode173,2.31675213008271,0.191,0.0015741448952397,CC_3
161,Mode100,2.71246005619072,0.138,0.0015398961970817,CC_3
162,Mode143,2.6264255103502,0.144,0.0014943853475968,CC_3
163,Mode114,2.50113289615882,0.153,0.0014192504231248,CC_3
164,Mode171,2.15761407085931,0.187,0.0012192150367069,CC_3
165,Mode145,2.13543502865736,0.189,0.0012098976875086,CC_3
166,Mode141,2.05889586087176,0.193,0.0011647806045453,CC_3
167,Mode14,0.94543148951919,0.532,0.001138592940679,CC_3
168,Mode66,1.95379213960894,0.203,0.0011073107304412,CC_3
169,Mode181,1.8855447043724,0.21,0.0010655670483265,CC_3
170,Mode187,1.54485452591053,0.298,0.0010552027331765,CC_3
171,Mode188,0.370367705158141,0.624,0.0009325262539477,CC_3
172,Mode182,1.5292863477901,0.261,0.0008645347528447,CC_3
173,Mode169,1.51208620083816,0.264,0.0008583632533192,CC_3
174,Mode52,0.406371008781173,0.691,0.0008265243019054,CC_3
175,Mode46,1.4603567207657,0.269,0.0008255954636134,CC_3
176,Mode135,1.24551288354002,0.309,0.0007054207539109,CC_3
177,Mode185,1.18118667511386,0.322,0.0006702651458254,CC_3
178,Mode93,1.04742765415841,0.351,0.0005944332084352,CC_3
179,Mode179,0.89802907670236,0.389,0.0005092873478635,CC_3
180,Mode127,0.898995714580202,0.389,0.0005088687309308,CC_3
181,Mode174,0.156319905581948,0.847,0.0004783251579647,CC_3
182,Mode76,0.770748977509823,0.424,0.0004373107079125,CC_3
183,Mode86,0.706561966841992,0.443,0.0004027198239077,CC_3
184,Mode40,0.0504690557721661,0.908,0.0002879182404956,CC_3
185,Mode168,0.407198589857444,0.573,0.000230371738002,CC_3
186,Mode132,0.317367082620201,0.624,0.0001796565045028,CC_3
187,Mode178,0.0419824874884844,0.963,0.0001590744825595,CC_3
188,Mode137,0.233475595322515,0.677,0.0001321311388372,CC_3
189,Mode8,0.0236321683065291,0.935,0.0001185091985286,CC_3
190,Mode186,0.159659360565518,0.774,0.0001149592510843,CC_3
191,Mode157,0.194387656040489,0.702,0.0001101965824271,CC_3
192,Mode161,0.172089276429356,0.721,9.81905048836872e-05,CC_3
193,Mode136,0.16563870068495,0.721,9.38138203446431e-05,CC_3
194,Mode130,0.0797563140914922,0.814,4.56422703660842e-05,CC_3
195,Mode104,0.0113775542929889,0.935,6.48176265440703e-06,CC_3
196,Mode176,0.006264838331168,0.963,4.82234012784844e-06,CC_3
197,Mode121,0.0019952966678583,0.977,1.27516179314761e-06,CC_3
198,Mode67,1.32018939761944e-05,1.0,9.35013116142925e-08,CC_3
0,Mode48,64.1128093386886,0.0,0.0914084904892445,CC_4
1,Mode130,42.9169742970447,0.0,0.0501425423322164,CC_4
2,Mode56,30.446472794231,0.0,0.0500689595090612,CC_4
3,Mode35,26.7744324124251,0.0,0.0463880862463227,CC_4
4,Mode41,19.1339867317444,0.0,0.0388176184902662,CC_4
5,Mode26,21.5351968775754,0.0,0.0385487699048869,CC_4
6,Mode57,30.3329283365355,0.0,0.0369326078244,CC_4
7,Mode46,60.8025830898911,0.0,0.034146661272751,CC_4
8,Mode54,28.321716318414,0.0,0.032271081847282,CC_4
9,Mode23,54.1344622161156,0.0,0.029725354024762,CC_4
10,Mode30,53.9922889902802,0.0,0.0296626257131382,CC_4
11,Mode55,16.5015011096832,0.0,0.0260166014976222,CC_4
12,Mode136,46.8711948159772,0.0,0.0258669063238384,CC_4
13,Mode83,31.3336633066831,0.0,0.0258145030273254,CC_4
14,Mode1,16.0973775210518,0.0,0.0254575977474923,CC_4
15,Mode25,18.4689545238832,0.0,0.0253795927315365,CC_4
16,Mode147,13.8177438478795,0.0,0.0250308393639352,CC_4
17,Mode111,44.0819132687343,0.0,0.0244317317300055,CC_4
18,Mode18,19.7262255995582,0.0,0.0233735380485213,CC_4
19,Mode22,19.6804036861624,0.0,0.0233182478219011,CC_4
20,Mode125,7.33194995163186,0.0,0.0232099673404486,CC_4
21,Mode88,38.7719838402151,0.0,0.0226918316132295,CC_4
22,Mode73,40.5710787381612,0.0,0.0225596027986575,CC_4
23,Mode135,17.9694398781495,0.0,0.0224973088239449,CC_4
24,Mode36,18.157656896993,0.0,0.0211503025874999,CC_4
25,Mode91,20.8922951138405,0.0,0.0211281935979857,CC_4
26,Mode112,10.5806731231779,0.0,0.0209767870245575,CC_4
27,Mode28,15.166497292675,0.0,0.0206543384220847,CC_4
28,Mode167,36.5671326470896,0.0,0.0203441078456947,CC_4
29,Mode138,24.5679860218848,0.0,0.0196271640428852,CC_4
30,Mode62,34.9694120162444,0.0,0.0194245726800861,CC_4
31,Mode33,16.0571798240302,0.0,0.0191956392663185,CC_4
32,Mode109,33.8580548413046,0.0,0.0188207906996487,CC_4
33,Mode38,15.8884356585566,0.0,0.0185535156968345,CC_4
34,Mode110,21.2364446671429,0.0,0.0184099362801991,CC_4
35,Mode101,32.6455345943435,0.0,0.0181898439178898,CC_4
36,Mode72,31.8565802162171,0.0,0.0177481396859309,CC_4
37,Mode179,13.8198427826812,0.0,0.0175344709497904,CC_4
38,Mode126,12.8486654107239,0.0,0.0174050453877194,CC_4
39,Mode137,15.0787858914235,0.0,0.0168982799470906,CC_4
40,Mode58,15.6183717567806,0.0,0.0168800098670835,CC_4
41,Mode65,11.5392743113737,0.0,0.0167546821038272,CC_4
42,Mode185,29.7950412008573,0.0,0.0166504807597656,CC_4
43,Mode153,29.3096258773367,0.0,0.0164248090257256,CC_4
44,Mode164,28.3615134474435,0.0,0.0158481398055904,CC_4
45,Mode27,28.2893259814948,0.0,0.0157811171142934,CC_4
46,Mode87,12.2530890269065,0.0,0.0156605600882593,CC_4
47,Mode97,24.7881524270742,0.0,0.015398923795259,CC_4
48,Mode180,11.4786209196194,0.0,0.0152949756977489,CC_4
49,Mode52,9.16878815170269,0.0,0.0147716619594596,CC_4
50,Mode51,18.4492074661302,0.0,0.014566526800008,CC_4
51,Mode190,13.430654219396,0.0,0.0145061460025229,CC_4
52,Mode98,25.599146533468,0.0,0.0143336637554238,CC_4
53,Mode187,8.02130070912015,0.0,0.0140919094012234,CC_4
54,Mode107,24.9640969926562,0.0,0.0139459338500351,CC_4
55,Mode78,8.85157883698041,0.0,0.0137249767406047,CC_4
56,Mode69,5.39311448128811,0.0,0.0132240876844202,CC_4
57,Mode170,5.79068805078626,0.0,0.0131707788932314,CC_4
58,Mode80,7.2730698303971,0.0,0.0130737876419538,CC_4
59,Mode11,10.3672911152708,0.0,0.0127522436814537,CC_4
60,Mode13,7.83577508352985,0.0,0.0125204405265864,CC_4
61,Mode20,8.76544969187732,0.0,0.0124022077204348,CC_4
62,Mode45,7.95740568139955,0.0,0.0123537538684184,CC_4
63,Mode70,10.1194106310994,0.0,0.0123433586423531,CC_4
64,Mode39,7.68175792263515,0.0,0.0121353120101539,CC_4
65,Mode59,13.7832475127454,0.0,0.0120400525308696,CC_4
66,Mode4,21.513167567421,0.0,0.0120238550425139,CC_4
67,Mode146,21.1869116776925,0.0,0.0118988109392422,CC_4
68,Mode188,20.9244857537461,0.0,0.0117000291827125,CC_4
69,Mode47,7.09702242856516,0.0,0.011685716926189,CC_4
70,Mode74,20.8108851798491,0.0,0.0116473148613972,CC_4
71,Mode53,9.72366928392015,0.0,0.0114362609012232,CC_4
72,Mode181,7.42821395065401,0.0,0.0113909265702473,CC_4
73,Mode163,19.6043627223391,0.0,0.0110128826442005,CC_4
74,Mode148,3.24549914206197,0.011,0.010776312099363,CC_4
75,Mode198,4.08375085960063,0.006,0.0105688635691021,CC_4
76,Mode76,18.5586597502513,0.0,0.0104127221843959,CC_4
77,Mode94,5.51376802477032,0.002,0.0102920466194145,CC_4
78,Mode2,18.2624140603338,0.0,0.0102383743618679,CC_4
79,Mode182,3.81617140565864,0.008,0.0102189428865733,CC_4
80,Mode172,17.5575191882844,0.0,0.0098749163208927,CC_4
81,Mode21,7.81674442831291,0.0,0.0096525812444329,CC_4
82,Mode64,6.13325437665517,0.002,0.0094713413215501,CC_4
83,Mode115,16.5498389796643,0.0,0.0092809090152536,CC_4
84,Mode63,4.93164907438883,0.004,0.0091604419029485,CC_4
85,Mode162,3.53567888361908,0.016,0.0089411948133725,CC_4
86,Mode149,15.6910176759954,0.0,0.0089061885119163,CC_4
87,Mode193,7.01635844958763,0.002,0.0087603716393597,CC_4
88,Mode90,15.5020147586854,0.0,0.0087049049967755,CC_4
89,Mode32,6.56558783928235,0.002,0.0086848747217545,CC_4
90,Mode66,6.22921544676274,0.002,0.0084083388922129,CC_4
91,Mode131,4.89031508016777,0.006,0.0081681851650208,CC_4
92,Mode15,14.3881669545591,0.0,0.0080860610511902,CC_4
93,Mode61,14.2462468993203,0.0,0.0080052172302991,CC_4
94,Mode160,14.2216965931211,0.0,0.0079921880778673,CC_4
95,Mode24,5.10028088998739,0.008,0.0078097104347009,CC_4
96,Mode79,4.05405944499808,0.011,0.0078074418433136,CC_4
97,Mode158,13.5060438548669,0.0,0.0075829326877695,CC_4
98,Mode100,4.38844219284408,0.011,0.0075505223492672,CC_4
99,Mode194,5.3687747909317,0.008,0.0074294134582668,CC_4
100,Mode8,13.2175892090682,0.0,0.0074279319372675,CC_4
101,Mode140,4.16795627415385,0.016,0.0073262968976479,CC_4
102,Mode95,12.951554779979,0.0,0.0073062503073619,CC_4
103,Mode145,12.298909856932,0.0,0.0069184894541845,CC_4
104,Mode174,5.06578685473167,0.009,0.0068207757767412,CC_4
105,Mode191,4.86714013936253,0.012,0.0066738685686977,CC_4
106,Mode68,4.2837206866782,0.019,0.0066315776485117,CC_4
107,Mode186,7.18021203796074,0.009,0.0065667618341832,CC_4
108,Mode142,5.9005568519024,0.011,0.0062595534092307,CC_4
109,Mode40,11.0441733881404,0.002,0.0062123878217153,CC_4
110,Mode14,3.68190268698678,0.025,0.0061293983265214,CC_4
111,Mode165,4.28392055387566,0.019,0.006055019365453,CC_4
112,Mode10,4.46076710355715,0.019,0.0056704083738863,CC_4
113,Mode29,9.66649692140552,0.004,0.0054456386914003,CC_4
114,Mode37,9.57717189504597,0.004,0.0053908469769397,CC_4
115,Mode178,3.55510510792614,0.037,0.0050287110180285,CC_4
116,Mode67,3.76076173740299,0.034,0.0049143433506813,CC_4
117,Mode173,2.83874391051794,0.091,0.0049018186468889,CC_4
118,Mode6,3.90240625484771,0.03,0.0047401312559687,CC_4
119,Mode184,8.14152705287586,0.008,0.0046030255037996,CC_4
120,Mode152,6.02603050022569,0.024,0.0043831090390112,CC_4
121,Mode128,7.63247430815738,0.011,0.0043161308191695,CC_4
122,Mode85,2.65798788448742,0.091,0.0043019371488686,CC_4
123,Mode71,7.51218964756013,0.011,0.0042445233182564,CC_4
124,Mode116,2.64052832420249,0.117,0.0039399388248695,CC_4
125,Mode141,2.56803985006738,0.104,0.0039083937072561,CC_4
126,Mode34,3.41378465135256,0.076,0.0037966740366843,CC_4
127,Mode81,2.00373852990103,0.164,0.0036691263779093,CC_4
128,Mode199,2.06402741464555,0.169,0.0033359752075425,CC_4
129,Mode99,2.11584170565865,0.152,0.00311166836465,CC_4
130,Mode166,5.4425028798029,0.033,0.0030733050815553,CC_4
131,Mode104,5.4365240668421,0.033,0.0030697012008774,CC_4
132,Mode19,5.23365072818151,0.035,0.0029521148350972,CC_4
133,Mode175,4.95169110043549,0.041,0.0028239877112793,CC_4
134,Mode82,4.89204326946818,0.042,0.0027637466083091,CC_4
135,Mode96,2.24961206632039,0.115,0.0027442933622767,CC_4
136,Mode132,4.79604519304142,0.045,0.0027073223980635,CC_4
137,Mode77,1.68586788793879,0.222,0.0027045702712965,CC_4
138,Mode9,4.62867255071703,0.049,0.0026159465878289,CC_4
139,Mode12,4.24037254006689,0.061,0.0023928760530971,CC_4
140,Mode159,2.17508744580343,0.228,0.0023721057738053,CC_4
141,Mode86,1.43498224058384,0.315,0.0023671848321158,CC_4
142,Mode84,1.39781331036919,0.315,0.0022226066253744,CC_4
143,Mode102,1.31153896964638,0.338,0.0021302044983202,CC_4
144,Mode168,1.32608940846984,0.343,0.0021091185170465,CC_4
145,Mode114,3.65132923989267,0.084,0.0020679114763315,CC_4
146,Mode195,3.57003182792938,0.088,0.0020264334089667,CC_4
147,Mode119,1.12471328591008,0.409,0.001858404150482,CC_4
148,Mode133,3.04523357198347,0.117,0.0017366913691359,CC_4
149,Mode192,1.1479174160422,0.409,0.0017342396493232,CC_4
150,Mode183,3.02452443039475,0.117,0.0017148651659668,CC_4
151,Mode118,0.883520932556284,0.382,0.0016465933165894,CC_4
152,Mode176,0.935692650668307,0.446,0.0016246702887327,CC_4
153,Mode17,1.16213097651403,0.282,0.0015835469719353,CC_4
154,Mode117,2.67655643507044,0.144,0.0015164950529752,CC_4
155,Mode151,2.58916034394888,0.151,0.0014690639114233,CC_4
156,Mode108,2.54973135192216,0.152,0.0014503472131526,CC_4
157,Mode75,0.958434669270172,0.49,0.0013948228669115,CC_4
158,Mode124,2.43196226277176,0.163,0.0013788508925262,CC_4
159,Mode3,0.670514005521027,0.566,0.0013527061226485,CC_4
160,Mode16,2.29323305942807,0.175,0.0012961700679815,CC_4
161,Mode157,0.921791909181977,0.352,0.0012117298757061,CC_4
162,Mode139,0.624499508155232,0.621,0.0011547862397432,CC_4
163,Mode144,0.850399501695263,0.597,0.0010331387611524,CC_4
164,Mode121,1.44137400541329,0.343,0.0010051718222823,CC_4
165,Mode177,1.76769940592327,0.242,0.0010002133150193,CC_4
166,Mode196,0.394592598749676,0.66,0.000938618437589,CC_4
167,Mode49,1.52287464122663,0.282,0.0008622933620214,CC_4
168,Mode169,1.11855872691925,0.458,0.0008618137293906,CC_4
169,Mode127,0.54807342222025,0.495,0.000815069088833,CC_4
170,Mode197,1.38314473367734,0.31,0.0007845875404046,CC_4
171,Mode134,0.236301983732001,0.707,0.0007309609103889,CC_4
172,Mode5,1.27500671710782,0.328,0.0007215351321565,CC_4
173,Mode143,0.233663153892942,0.697,0.0007095758695954,CC_4
174,Mode155,0.227962309864212,0.79,0.0006545818283489,CC_4
175,Mode154,0.601092654393778,0.671,0.0005885253307936,CC_4
176,Mode43,0.19316194432205,0.783,0.0005774633137691,CC_4
177,Mode129,0.150109252616894,0.756,0.0004993478959925,CC_4
178,Mode156,0.759506428276631,0.458,0.0004320557787438,CC_4
179,Mode31,0.700585536916176,0.477,0.0003966133181963,CC_4
180,Mode150,0.636786032863111,0.495,0.0003608199185551,CC_4
181,Mode44,0.524732321843131,0.543,0.0002968253458758,CC_4
182,Mode105,0.438256666743269,0.581,0.0002483294908353,CC_4
183,Mode93,0.404087185099332,0.613,0.0002437372941233,CC_4
184,Mode106,0.341933712172343,0.625,0.0001948519263122,CC_4
185,Mode42,0.332274503516733,0.627,0.0001887222038928,CC_4
186,Mode7,0.309389692834542,0.639,0.0001755609178123,CC_4
187,Mode171,0.299996494245431,0.65,0.0001744080481279,CC_4
188,Mode113,0.223731497572781,0.689,0.0001272723231075,CC_4
189,Mode189,0.216230483954754,0.693,0.0001228818189053,CC_4
190,Mode120,0.119585930260944,0.771,6.81597853561698e-05,CC_4
191,Mode103,0.112387187665747,0.773,6.37391812511844e-05,CC_4
192,Mode122,0.0024753421408529,0.992,5.85997369583197e-05,CC_4
193,Mode50,0.100258330843867,0.783,5.69072622269389e-05,CC_4
194,Mode123,0.0931648705976722,0.785,5.43809842079421e-05,CC_4
195,Mode92,0.0286209424536706,0.88,1.64706781279748e-05,CC_4
196,Mode60,0.0283251404633562,0.88,1.60438108429501e-05,CC_4
197,Mode89,0.02322256687942,0.89,1.31725035030308e-05,CC_4
198,Mode161,0.0002897381842749,0.997,6.07134362485364e-07,CC_4
0,Mode4,50.8777164687526,0.0,0.0638372761823709,CC_5
1,Mode91,113.72753593109,0.0,0.0610144428719881,CC_5
2,Mode2,104.147171012909,0.0,0.0556387922221241,CC_5
3,Mode111,89.9737134289763,0.0,0.0484458329691691,CC_5
4,Mode22,65.996078318816,0.0,0.0429281011211995,CC_5
5,Mode33,22.6093123785701,0.0,0.0426580328753805,CC_5
6,Mode8,72.8253378071221,0.0,0.0395670539216702,CC_5
7,Mode181,19.8331330114201,0.0,0.0357923050484744,CC_5
8,Mode13,45.0964118165844,0.0,0.0354353071353419,CC_5
9,Mode11,60.4249216422427,0.0,0.0330506805481046,CC_5
10,Mode78,60.2116880286703,0.0,0.0329978188250435,CC_5
11,Mode199,11.8022870712951,0.0,0.03232611831967,CC_5
12,Mode90,24.3949770144962,0.0,0.031842696368785,CC_5
13,Mode156,57.1586880845342,0.0,0.0313290717105256,CC_5
14,Mode183,18.5281491668789,0.0,0.0296021609421264,CC_5
15,Mode84,20.5532754259763,0.0,0.0294586815884285,CC_5
16,Mode49,19.7973643523089,0.0,0.0282248440998888,CC_5
17,Mode158,13.0427890672727,0.0,0.0282136596911264,CC_5
18,Mode6,50.3721817321637,0.0,0.0277697154686382,CC_5
19,Mode1,49.8212659348698,0.0,0.0274239717611973,CC_5
20,Mode144,19.3162935737414,0.0,0.0269731074626584,CC_5
21,Mode51,23.0308611788648,0.0,0.0260679654033873,CC_5
22,Mode10,20.4402218224247,0.0,0.0257817462807946,CC_5
23,Mode93,16.7197356855689,0.0,0.0255060898695244,CC_5
24,Mode136,45.101202287695,0.0,0.0254035432989304,CC_5
25,Mode186,23.2060084286141,0.0,0.0253111731133307,CC_5
26,Mode125,25.3777690134443,0.0,0.0249963139205198,CC_5
27,Mode168,43.7205148813675,0.0,0.0242425852733531,CC_5
28,Mode117,9.22146335639006,0.0,0.0229643875343594,CC_5
29,Mode106,13.7767356807507,0.0,0.0223857255123551,CC_5
30,Mode59,18.2810488106691,0.0,0.0221006188809531,CC_5
31,Mode41,14.3771792658567,0.0,0.0220197864498062,CC_5
32,Mode162,12.8203826513218,0.0,0.021586674996564,CC_5
33,Mode180,11.7564760550141,0.0,0.0214739812389811,CC_5
34,Mode19,23.9289468258027,0.0,0.021371699281285,CC_5
35,Mode174,37.1815302023166,0.0,0.0207032393415053,CC_5
36,Mode14,17.728871754467,0.0,0.0206459954880509,CC_5
37,Mode145,36.848805786437,0.0,0.0206423855817243,CC_5
38,Mode114,36.5742478492406,0.0,0.0202998905235734,CC_5
39,Mode179,12.2879704462062,0.0,0.0201737433344794,CC_5
40,Mode198,11.7380766531486,0.0,0.0200022938145179,CC_5
41,Mode133,19.392416787968,0.0,0.0196138443206044,CC_5
42,Mode37,16.4160634845141,0.0,0.0192318420011469,CC_5
43,Mode107,33.8176903711024,0.0,0.0188007489243712,CC_5
44,Mode146,8.12598407266483,0.0,0.0186849514963046,CC_5
45,Mode110,13.5164287832778,0.0,0.0184821073309527,CC_5
46,Mode85,31.9922793137496,0.0,0.017867992487559,CC_5
47,Mode188,11.8365270160216,0.0,0.017636773016473,CC_5
48,Mode135,11.4470768311393,0.0,0.0175910410146476,CC_5
49,Mode173,12.7706572500613,0.0,0.0175823152603748,CC_5
50,Mode142,16.988441058379,0.0,0.0173253034783594,CC_5
51,Mode83,11.41230321789,0.0,0.0172131537348896,CC_5
52,Mode171,8.39559422212651,0.0,0.017096737778099,CC_5
53,Mode184,12.7029885700175,0.0,0.0167082029981227,CC_5
54,Mode129,28.6644079903824,0.0,0.015983466446658,CC_5
55,Mode48,13.3481092155616,0.0,0.0158281011328966,CC_5
56,Mode67,11.3204020345859,0.0,0.015597439646223,CC_5
57,Mode103,17.0914195654645,0.0,0.0155702468928089,CC_5
58,Mode154,19.2789624558374,0.0,0.0155570390000099,CC_5
59,Mode148,9.96857136889512,0.0,0.015226769066337,CC_5
60,Mode160,8.57681621376669,0.0,0.015117108300177,CC_5
61,Mode191,16.2803535113777,0.0,0.0149235035895305,CC_5
62,Mode71,10.8069921735533,0.0,0.0148746812291878,CC_5
63,Mode5,26.4258775429454,0.0,0.0147304577215778,CC_5
64,Mode189,25.0528078058193,0.0,0.0143928939413776,CC_5
65,Mode124,11.6921270754054,0.0,0.014354655954542,CC_5
66,Mode89,6.02771925372662,0.0,0.0141990325594219,CC_5
67,Mode88,11.5426616504129,0.0,0.0133731611341729,CC_5
68,Mode81,8.34488953038675,0.0,0.0133364963075732,CC_5
69,Mode97,8.73604691721368,0.0,0.0131395429814091,CC_5
70,Mode21,10.5430845396204,0.0,0.0131001735519806,CC_5
71,Mode176,8.5985354540917,0.0,0.0129491493160382,CC_5
72,Mode30,22.6663869572452,0.0,0.0126637762738051,CC_5
73,Mode187,8.31136605679218,0.0,0.0124247813175563,CC_5
74,Mode77,8.38001380098215,0.0,0.0121423232604619,CC_5
75,Mode15,21.7132878634626,0.0,0.0121346697551324,CC_5
76,Mode170,5.9434517423416,0.0,0.0112894468617082,CC_5
77,Mode25,7.88575783141804,0.0,0.0111916048321366,CC_5
78,Mode185,6.37439473940279,0.0,0.0110070648513855,CC_5
79,Mode79,8.91775335294091,0.0,0.0109919001147849,CC_5
80,Mode164,6.5763983212439,0.002,0.0109785648246382,CC_5
81,Mode3,7.6654980931283,0.0,0.0108996248767047,CC_5
82,Mode75,19.1478778562058,0.0,0.0107267188561978,CC_5
83,Mode175,14.2823168830954,0.0,0.0107231019578587,CC_5
84,Mode152,5.53446933564964,0.002,0.0106978985224095,CC_5
85,Mode100,6.7691940578711,0.002,0.010531518447561,CC_5
86,Mode118,18.2399541815788,0.0,0.0102149905015978,CC_5
87,Mode7,6.6603447638494,0.002,0.0100677493737387,CC_5
88,Mode82,17.8971062219248,0.0,0.0100264747062077,CC_5
89,Mode34,16.3280863432803,0.0,0.0091585519876657,CC_5
90,Mode141,16.3171776203828,0.0,0.0091489069793391,CC_5
91,Mode147,2.9796976124486,0.023,0.0088176076961739,CC_5
92,Mode137,7.04398464770778,0.002,0.0087674206780386,CC_5
93,Mode44,15.4716427349105,0.0,0.0086879476498142,CC_5
94,Mode61,15.4197884108003,0.0,0.0086497752048644,CC_5
95,Mode161,4.19453132830108,0.009,0.0085801678487209,CC_5
96,Mode109,4.31771190511276,0.007,0.0085379418338591,CC_5
97,Mode80,5.67722552372337,0.004,0.0084756378850558,CC_5
98,Mode192,4.69737310395756,0.007,0.0083666814525871,CC_5
99,Mode197,7.74138197518057,0.002,0.0082681343089884,CC_5
100,Mode120,6.28340025048133,0.002,0.0080811663576304,CC_5
101,Mode54,14.2597648162805,0.0,0.008005360945892,CC_5
102,Mode116,13.8782573509126,0.0,0.0077897546841588,CC_5
103,Mode150,5.17626506783638,0.007,0.0077421379617174,CC_5
104,Mode45,4.00794602907165,0.011,0.0076426423193263,CC_5
105,Mode131,12.7037555318386,0.0,0.0071369969945952,CC_5
106,Mode112,12.6352343211739,0.0,0.0070982215530352,CC_5
107,Mode31,4.07475563709718,0.017,0.0069936548966728,CC_5
108,Mode43,12.2565565118955,0.0,0.0068868611158769,CC_5
109,Mode70,12.1759071605419,0.0,0.0068538179518738,CC_5
110,Mode139,4.39888822431763,0.013,0.0067667713509382,CC_5
111,Mode98,8.67866787324518,0.005,0.0067429643160299,CC_5
112,Mode182,4.9051363760064,0.01,0.0066109280098357,CC_5
113,Mode115,9.52092252231779,0.004,0.0065273059198677,CC_5
114,Mode53,10.9545600682315,0.002,0.0061583620895852,CC_5
115,Mode96,9.20620383414769,0.004,0.0059490995970029,CC_5
116,Mode52,3.15168884880925,0.041,0.0058401008332238,CC_5
117,Mode102,4.48247187563888,0.014,0.0058103005051006,CC_5
118,Mode62,4.11093081250622,0.021,0.0057561051061799,CC_5
119,Mode56,9.96758071751784,0.004,0.0056427963956789,CC_5
120,Mode29,2.88208296568444,0.062,0.0055436614977076,CC_5
121,Mode64,2.88809875369549,0.05,0.0054377488019017,CC_5
122,Mode105,3.28340032734078,0.035,0.0054373295684491,CC_5
123,Mode119,9.28558165417054,0.004,0.0052326264789723,CC_5
124,Mode194,3.19042008976476,0.046,0.0051631730502123,CC_5
125,Mode104,8.93150439368825,0.005,0.005035903676381,CC_5
126,Mode17,8.83830365560871,0.005,0.0049743085229911,CC_5
127,Mode23,3.13599160689338,0.053,0.0048914010516248,CC_5
128,Mode50,2.99131933446928,0.058,0.0047490565521962,CC_5
129,Mode39,2.63423812311339,0.072,0.0046849564157991,CC_5
130,Mode165,7.64698438990756,0.01,0.0045291641934385,CC_5
131,Mode166,7.93468488784458,0.009,0.0044938291720256,CC_5
132,Mode128,7.85246261668419,0.009,0.0044281945748435,CC_5
133,Mode65,7.53958006537949,0.01,0.0042487596736728,CC_5
134,Mode190,7.37737939212111,0.011,0.0041628687275473,CC_5
135,Mode138,2.910428222065,0.066,0.0041589000369659,CC_5
136,Mode47,7.13275602485263,0.013,0.0040185615976507,CC_5
137,Mode121,7.07786377735061,0.013,0.0039933501193521,CC_5
138,Mode24,6.99963548619319,0.013,0.0039633443636156,CC_5
139,Mode38,2.75548112306438,0.062,0.0039125861850558,CC_5
140,Mode74,2.10671989600223,0.137,0.0036918616479414,CC_5
141,Mode122,2.07897358547146,0.154,0.0036827708559985,CC_5
142,Mode159,2.16927807784848,0.138,0.0036816042791756,CC_5
143,Mode151,6.50844253329472,0.017,0.0036696670044511,CC_5
144,Mode63,3.26059892842364,0.076,0.0036508019165661,CC_5
145,Mode163,2.25350076044999,0.136,0.0035909540265679,CC_5
146,Mode149,6.08811060001075,0.021,0.0034373290116895,CC_5
147,Mode40,2.0611384531299,0.194,0.0032384316472289,CC_5
148,Mode16,5.42775674699893,0.03,0.003061943336215,CC_5
149,Mode66,4.16479257008893,0.064,0.0029794686022958,CC_5
150,Mode57,5.17689821473627,0.034,0.0029200464948586,CC_5
151,Mode42,2.25806919487524,0.146,0.0028200586327502,CC_5
152,Mode12,2.80067172437713,0.148,0.0026415171842977,CC_5
153,Mode169,1.55640859713634,0.265,0.0025696576489046,CC_5
154,Mode35,1.59307051542538,0.263,0.0025657783383052,CC_5
155,Mode92,1.43343932444024,0.266,0.0024648953842361,CC_5
156,Mode193,1.63694737256087,0.199,0.0024363170302496,CC_5
157,Mode123,1.42263198377248,0.263,0.0024227338693138,CC_5
158,Mode178,1.42893415657028,0.336,0.0023887838068665,CC_5
159,Mode60,1.3489747915352,0.265,0.0023872842829346,CC_5
160,Mode196,1.37395373497859,0.302,0.0021989138059098,CC_5
161,Mode94,3.81111637178306,0.069,0.0021884715482083,CC_5
162,Mode87,1.25116138842983,0.315,0.0021222019326428,CC_5
163,Mode9,2.44457352440905,0.114,0.0021198050370796,CC_5
164,Mode86,3.11747270770614,0.116,0.002114479956319,CC_5
165,Mode143,1.25624279491406,0.313,0.001971893050245,CC_5
166,Mode101,3.36075464681358,0.089,0.0019012426832321,CC_5
167,Mode113,3.36032004742622,0.089,0.0018991527377131,CC_5
168,Mode155,1.14772876522345,0.405,0.0018353891704505,CC_5
169,Mode157,1.04362874229691,0.393,0.0016414632272898,CC_5
170,Mode127,2.89163765436875,0.117,0.0016350743177671,CC_5
171,Mode132,2.7545212122769,0.125,0.0015741826928397,CC_5
172,Mode153,0.817954309929261,0.345,0.0014637628951919,CC_5
173,Mode27,2.4689867126645,0.146,0.0013945800410708,CC_5
174,Mode195,1.31345411194855,0.4,0.0012613981193413,CC_5
175,Mode134,2.22411023119569,0.168,0.0012575753548821,CC_5
176,Mode36,0.571837860326463,0.492,0.0012279975863868,CC_5
177,Mode140,2.16114707489564,0.174,0.0012215585667756,CC_5
178,Mode108,1.73295771437866,0.227,0.0009853240922728,CC_5
179,Mode172,1.61621220269735,0.244,0.000922718586276,CC_5
180,Mode69,1.62320857709989,0.243,0.000918555662186,CC_5
181,Mode58,1.37539743063121,0.277,0.0007777541210192,CC_5
182,Mode28,0.344466717815487,0.698,0.0007359064945444,CC_5
183,Mode126,0.422420727398423,0.711,0.0006717531017077,CC_5
184,Mode26,1.18487332622213,0.313,0.0006700819364313,CC_5
185,Mode46,1.17627595624886,0.313,0.0006660798908714,CC_5
186,Mode177,1.00313154297647,0.349,0.000567264043196,CC_5
187,Mode20,0.933250511479397,0.365,0.0005289353622405,CC_5
188,Mode68,0.894726559153584,0.377,0.0005109617582395,CC_5
189,Mode55,0.705546168607497,0.427,0.0003999907632283,CC_5
190,Mode73,0.634892330787997,0.451,0.0003590487566268,CC_5
191,Mode72,0.572357083470871,0.473,0.0003255196726022,CC_5
192,Mode95,0.472772532377234,0.513,0.0002700699705734,CC_5
193,Mode167,0.360641323030792,0.569,0.0002043221400233,CC_5
194,Mode130,0.236765295151237,0.645,0.0001424072627709,CC_5
195,Mode76,0.233787885456339,0.649,0.0001344735087861,CC_5
196,Mode32,0.164254890395224,0.698,9.29749680274517e-05,CC_5
197,Mode99,0.0546548329018226,0.926,8.0943813488018e-05,CC_5
198,Mode18,0.0063815912938776,0.937,3.69050148425969e-06,CC_5
0,Mode5,150.791486423445,0.0,0.149667135691274,CC_6
1,Mode11,72.9955181365727,0.0,0.144205771540361,CC_6
2,Mode21,197.462554013046,0.0,0.100485116772644,CC_6
3,Mode26,133.24532758492,0.0,0.0960538173790716,CC_6
4,Mode7,135.075878710072,0.0,0.0713569743555747,CC_6
5,Mode30,89.3853717061919,0.0,0.0660987059619788,CC_6
6,Mode107,116.634081990565,0.0,0.0620168467562072,CC_6
7,Mode8,35.8694255662986,0.0,0.0603734168953317,CC_6
8,Mode32,62.2729853614308,0.0,0.0548289015439643,CC_6
9,Mode23,17.6065708883999,0.0,0.0529281295592321,CC_6
10,Mode184,17.4001372841958,0.0,0.0509677149179712,CC_6
11,Mode3,84.2866218024937,0.0,0.0455889507188705,CC_6
12,Mode103,47.5041071738429,0.0,0.0434756072257687,CC_6
13,Mode22,76.3342913680012,0.0,0.0424288902923981,CC_6
14,Mode152,25.709427138781,0.0,0.042379266501924,CC_6
15,Mode19,17.4654588147932,0.0,0.0418105347150793,CC_6
16,Mode120,34.9648078183402,0.0,0.0415730374442682,CC_6
17,Mode25,50.8377682783825,0.0,0.0412256671668703,CC_6
18,Mode71,75.5384340159522,0.0,0.0410370753247599,CC_6
19,Mode94,74.8008569142838,0.0,0.0408464883948169,CC_6
20,Mode115,72.1457321594729,0.0,0.039266165055978,CC_6
21,Mode34,12.44324897655,0.0,0.0383619892562306,CC_6
22,Mode18,63.4698328027441,0.0,0.0346751659226697,CC_6
23,Mode101,60.3618328728146,0.0,0.0330400442466872,CC_6
24,Mode61,60.3141073819876,0.0,0.0330391002709988,CC_6
25,Mode53,59.0615215178112,0.0,0.0324710040124961,CC_6
26,Mode146,22.9355947640794,0.0,0.0318559245535102,CC_6
27,Mode67,21.0537214433136,0.0,0.0302812111486395,CC_6
28,Mode140,25.3377025816079,0.0,0.0301549511732033,CC_6
29,Mode55,53.2329293578491,0.0,0.0292937920103211,CC_6
30,Mode29,28.9967081825141,0.0,0.0290572532870807,CC_6
31,Mode35,21.0346835088516,0.0,0.0287359103829363,CC_6
32,Mode93,18.2288900865843,0.0,0.0284668170955013,CC_6
33,Mode76,12.4641216100831,0.0,0.0282279764391937,CC_6
34,Mode81,20.932498742605,0.0,0.0260751583029575,CC_6
35,Mode24,25.8579584635774,0.0,0.0258193787341661,CC_6
36,Mode52,43.1329302549702,0.0,0.0238494861505791,CC_6
37,Mode97,13.455288708039,0.0,0.0237520193798968,CC_6
38,Mode1,15.1197610285358,0.0,0.0235497709240857,CC_6
39,Mode160,14.936753827185,0.0,0.0232183974875659,CC_6
40,Mode135,41.4001471454108,0.0,0.0229498989918383,CC_6
41,Mode186,37.2048710329759,0.0,0.0206124959120202,CC_6
42,Mode112,4.75161421048034,0.0,0.0203094815548983,CC_6
43,Mode13,12.827704537053,0.0,0.0200219477542814,CC_6
44,Mode38,21.7839607150332,0.0,0.0199675928020258,CC_6
45,Mode198,33.7908046811492,0.0,0.0187746375948784,CC_6
46,Mode95,33.1527874466416,0.0,0.0184921944681938,CC_6
47,Mode145,33.1949789543235,0.0,0.0184570974974028,CC_6
48,Mode164,33.099387297491,0.0,0.0184514079181702,CC_6
49,Mode183,32.8582351822605,0.0,0.0182958430738216,CC_6
50,Mode86,32.5409867490396,0.0,0.0180970731578228,CC_6
51,Mode48,32.3120487734611,0.0,0.0179529354247434,CC_6
52,Mode56,13.8655972845638,0.0,0.0175858351545886,CC_6
53,Mode158,13.4240265090468,0.0,0.016857545828079,CC_6
54,Mode16,30.2045466653173,0.0,0.0168097224384785,CC_6
55,Mode161,30.0888364001346,0.0,0.0167802738042118,CC_6
56,Mode28,29.6083858097263,0.0,0.0164950455564945,CC_6
57,Mode142,29.1751866953715,0.0,0.0163090975070384,CC_6
58,Mode116,28.6780831979192,0.0,0.0159867116987545,CC_6
59,Mode176,28.6381750146031,0.0,0.0159633594233705,CC_6
60,Mode51,12.930571617327,0.0,0.0158973233752797,CC_6
61,Mode129,11.2072478208244,0.0,0.0158806383594929,CC_6
62,Mode106,10.1755963214638,0.0,0.0157939168431849,CC_6
63,Mode9,8.08886990779942,0.0,0.0157595623984839,CC_6
64,Mode43,8.49569474156842,0.0,0.0154628029302978,CC_6
65,Mode121,27.3170552853884,0.0,0.0152439314290036,CC_6
66,Mode31,26.6721237896268,0.0,0.0148812590266297,CC_6
67,Mode27,23.0862237834105,0.0,0.0144757052144958,CC_6
68,Mode70,9.20536281478747,0.0,0.0138544305721287,CC_6
69,Mode33,8.95939086746647,0.0,0.0137962586510198,CC_6
70,Mode125,14.9816476237127,0.0,0.013751685111055,CC_6
71,Mode139,5.96529139723603,0.0,0.0130362469132351,CC_6
72,Mode169,23.1258659525306,0.0,0.0129638173294699,CC_6
73,Mode147,10.315223246938,0.0,0.0128915989260612,CC_6
74,Mode6,22.6976951669614,0.0,0.0126774757227023,CC_6
75,Mode92,22.5407538695395,0.0,0.0126176218375045,CC_6
76,Mode123,22.4690302774482,0.0,0.012568534856553,CC_6
77,Mode99,22.4679750234616,0.0,0.0125658900102837,CC_6
78,Mode12,13.2388280672815,0.0,0.0123115107544454,CC_6
79,Mode75,7.99222734212183,0.0,0.0122692484669433,CC_6
80,Mode154,12.3052606491732,0.0,0.0122179584036098,CC_6
81,Mode179,5.78516096680714,0.0,0.0121889785030828,CC_6
82,Mode36,21.7626145662424,0.0,0.0121784635535603,CC_6
83,Mode141,21.6718519581473,0.0,0.0121393164209768,CC_6
84,Mode130,7.48728399228621,0.0,0.0119389525364481,CC_6
85,Mode190,21.229882143793,0.0,0.0119127768193901,CC_6
86,Mode14,6.2481703011821,0.0,0.0117101253322359,CC_6
87,Mode68,20.8761362530843,0.0,0.011694699319292,CC_6
88,Mode163,7.26131712097205,0.0,0.011223097116397,CC_6
89,Mode170,19.7708336350259,0.0,0.0110959237942188,CC_6
90,Mode144,8.21265037625036,0.0,0.0110311585224479,CC_6
91,Mode63,19.6617786306972,0.0,0.0110172570562315,CC_6
92,Mode113,19.2314878857,0.0,0.0107820263811008,CC_6
93,Mode20,6.83209235840408,0.002,0.0103761044537954,CC_6
94,Mode46,7.21263697068336,0.0,0.010054680672753,CC_6
95,Mode62,12.661485571899,0.0,0.0099848396629339,CC_6
96,Mode187,2.58170514198185,0.035,0.0096941327445701,CC_6
97,Mode191,2.31313439510027,0.064,0.0093981029430697,CC_6
98,Mode177,7.08160506631888,0.002,0.0093827948154402,CC_6
99,Mode136,16.4676128905634,0.0,0.0092448438497158,CC_6
100,Mode180,16.0020312020292,0.0,0.0090254123266702,CC_6
101,Mode181,2.69093963213323,0.029,0.0088717192421778,CC_6
102,Mode98,2.32960277485842,0.083,0.0088671134380696,CC_6
103,Mode105,15.7546213934464,0.0,0.0088444009065976,CC_6
104,Mode78,10.3970944131609,0.002,0.008751025472881,CC_6
105,Mode54,5.26467579585748,0.005,0.0084931562535945,CC_6
106,Mode100,14.8679297199239,0.0,0.0083565140605393,CC_6
107,Mode49,14.2257949618437,0.0,0.007987831014836,CC_6
108,Mode127,6.63555674104274,0.004,0.0079832432040479,CC_6
109,Mode47,5.3458318531327,0.005,0.0076728615372925,CC_6
110,Mode167,3.79760263253165,0.016,0.0074752250370735,CC_6
111,Mode64,5.53622481529996,0.005,0.0074486815162842,CC_6
112,Mode192,8.31653651612107,0.004,0.0074281748931827,CC_6
113,Mode88,4.83760272394369,0.009,0.0074166454637595,CC_6
114,Mode91,4.7174137313806,0.012,0.0071479862661003,CC_6
115,Mode137,12.2039881100611,0.0,0.0068669356719101,CC_6
116,Mode138,11.4045197855854,0.002,0.0064233150475818,CC_6
117,Mode114,4.84564717572148,0.012,0.0063907581556532,CC_6
118,Mode118,11.2415295759418,0.002,0.0063489263980681,CC_6
119,Mode44,11.0446993291858,0.002,0.006242213606385,CC_6
120,Mode85,4.95741337587455,0.012,0.0062269114739639,CC_6
121,Mode39,5.02090141074604,0.012,0.006106426700282,CC_6
122,Mode50,4.03251328181141,0.026,0.0058524474507614,CC_6
123,Mode45,4.24501623224063,0.022,0.0058108960705392,CC_6
124,Mode182,3.29520362438638,0.043,0.0056181087835628,CC_6
125,Mode41,9.85367024670512,0.004,0.0055453026271481,CC_6
126,Mode150,3.85073703066752,0.029,0.0050698953827293,CC_6
127,Mode66,8.28572781812243,0.007,0.0046788001710125,CC_6
128,Mode175,3.44470432887355,0.038,0.0045911001176581,CC_6
129,Mode89,2.77172175227553,0.089,0.0045801833286139,CC_6
130,Mode168,2.60593950618033,0.117,0.0045336433529124,CC_6
131,Mode166,2.87969422816892,0.063,0.0044781819601583,CC_6
132,Mode199,3.06905920698698,0.061,0.0043443743419231,CC_6
133,Mode128,3.00847397722231,0.05,0.0042040237706813,CC_6
134,Mode193,7.2666065586524,0.012,0.0040993812599435,CC_6
135,Mode102,3.37008383417566,0.044,0.0039248246061885,CC_6
136,Mode4,6.81802537239653,0.015,0.0038423328011706,CC_6
137,Mode196,4.29956364408563,0.057,0.0038190536743086,CC_6
138,Mode77,6.72178644781778,0.015,0.0038116920863229,CC_6
139,Mode178,6.65708238525768,0.016,0.0037584346198595,CC_6
140,Mode117,6.51573458834685,0.018,0.0036919617886283,CC_6
141,Mode79,5.69926936902198,0.026,0.0032192679785293,CC_6
142,Mode104,1.66355439946727,0.356,0.0028981530245077,CC_6
143,Mode188,1.71199830212515,0.231,0.0028668331322095,CC_6
144,Mode132,4.92285915358378,0.039,0.0028289690224106,CC_6
145,Mode82,3.36581567630634,0.108,0.0028256210386144,CC_6
146,Mode174,4.90560560297171,0.04,0.0027797786189428,CC_6
147,Mode57,1.66282059168154,0.247,0.0026571502577405,CC_6
148,Mode153,1.30220076680175,0.276,0.0026006868789096,CC_6
149,Mode195,1.34667186493703,0.279,0.0025605415030451,CC_6
150,Mode60,4.47174838288162,0.049,0.0025347968141058,CC_6
151,Mode2,4.3722551209272,0.053,0.0024694743815446,CC_6
152,Mode189,4.0318344014336,0.062,0.0022911936294388,CC_6
153,Mode173,1.65631087656875,0.241,0.002287327281729,CC_6
154,Mode165,3.87135296552215,0.067,0.0021927573951113,CC_6
155,Mode197,3.36455556117849,0.09,0.0019355305323333,CC_6
156,Mode111,0.988457013620559,0.464,0.0018474391796951,CC_6
157,Mode171,3.01188962964132,0.11,0.0017031603664408,CC_6
158,Mode40,2.38284557787943,0.16,0.0013526351191879,CC_6
159,Mode109,2.33130777366937,0.165,0.0013194610859321,CC_6
160,Mode155,1.8139131182715,0.271,0.0013089355753117,CC_6
161,Mode133,0.692502938193689,0.561,0.001222463022029,CC_6
162,Mode74,2.08122135044472,0.193,0.0011936742515439,CC_6
163,Mode172,2.10831454447142,0.19,0.0011935706644177,CC_6
164,Mode83,0.593061793812267,0.572,0.0011668671707483,CC_6
165,Mode96,0.447490245120746,0.574,0.0010557409757414,CC_6
166,Mode87,1.76048410962622,0.234,0.0009976122397191,CC_6
167,Mode80,0.712731172236856,0.637,0.0009441463401749,CC_6
168,Mode143,1.48625714696984,0.276,0.0008419794979452,CC_6
169,Mode159,1.46731650677633,0.276,0.0008363833512571,CC_6
170,Mode73,1.33400305584644,0.299,0.0007557481041963,CC_6
171,Mode134,1.25050366016304,0.316,0.0007073815292019,CC_6
172,Mode84,1.03020888984922,0.36,0.0006307827273017,CC_6
173,Mode90,0.989811387725013,0.377,0.0005598328974738,CC_6
174,Mode37,0.876528676703294,0.409,0.0004960914562813,CC_6
175,Mode59,0.687243016255662,0.542,0.0004946334208181,CC_6
176,Mode124,0.846733918892732,0.415,0.0004823532129919,CC_6
177,Mode10,0.66489789620246,0.495,0.0004042497748502,CC_6
178,Mode58,0.667516455346095,0.476,0.000378401187948,CC_6
179,Mode185,0.62845782834817,0.489,0.0003561185818567,CC_6
180,Mode122,0.150598756653602,0.907,0.0002760631475161,CC_6
181,Mode149,0.059561828287815,0.948,0.0002033816770953,CC_6
182,Mode156,0.2404810460273,0.784,0.0002014701255081,CC_6
183,Mode119,0.332631051290461,0.624,0.0001881530893106,CC_6
184,Mode148,0.229941724466456,0.692,0.0001303811155487,CC_6
185,Mode69,0.0490293656794634,0.896,0.0001211005391107,CC_6
186,Mode108,0.191541883252725,0.72,0.0001087591008781,CC_6
187,Mode194,0.174371969574595,0.734,9.9721379697452e-05,CC_6
188,Mode110,0.157316671185214,0.745,8.9637196024834e-05,CC_6
189,Mode15,0.153710001705647,0.745,8.73309884306585e-05,CC_6
190,Mode42,0.105147245088596,0.79,5.94989096567832e-05,CC_6
191,Mode126,0.0418792140576559,0.882,2.3710608301254e-05,CC_6
192,Mode65,0.036318165175869,0.891,2.06451623312677e-05,CC_6
193,Mode157,0.0290221998663578,0.897,1.64373449275173e-05,CC_6
194,Mode72,0.019945841299481,0.915,1.30174305661658e-05,CC_6
195,Mode17,0.0177160467781918,0.915,1.03721029365465e-05,CC_6
196,Mode151,0.0138617253572186,0.921,7.96024013578893e-06,CC_6
197,Mode162,0.001553927415161,0.988,1.53259336507606e-06,CC_6
198,Mode131,0.0001569186683581,0.997,1.71268893177605e-07,CC_6
0,Mode2,41.1707875165083,0.0,0.0486770881792667,CC_7
1,Mode52,56.7515736487437,0.0,0.031129915345275,CC_7
2,Mode38,15.2711843446848,0.0,0.0301391439745462,CC_7
3,Mode3,22.3317303568956,0.0,0.0277865637300872,CC_7
4,Mode43,44.9288471581359,0.0,0.0248101867814033,CC_7
5,Mode1,29.4777841208947,0.0,0.0245759405422327,CC_7
6,Mode4,20.4850193905247,0.0,0.0244002337328504,CC_7
7,Mode60,9.56058788342601,0.0,0.0234762215072081,CC_7
8,Mode54,13.9737309926503,0.0,0.0233765657637966,CC_7
9,Mode130,16.0006397282577,0.0,0.0228831929488982,CC_7
10,Mode175,14.6744511760227,0.0,0.0228660928979421,CC_7
11,Mode53,14.3823930495693,0.0,0.0221042130703563,CC_7
12,Mode24,12.9097266168589,0.0,0.0199279015663739,CC_7
13,Mode78,14.8375919904563,0.0,0.0192211293402432,CC_7
14,Mode65,12.7672178124148,0.0,0.0189554178881012,CC_7
15,Mode12,13.4324689266532,0.0,0.0187100405390194,CC_7
16,Mode90,6.81709312217551,0.0,0.0177805686158609,CC_7
17,Mode178,30.9366961806948,0.0,0.0172074522147363,CC_7
18,Mode67,12.7297422485909,0.0,0.0165193985296528,CC_7
19,Mode168,11.735928606163,0.0,0.01627453720433,CC_7
20,Mode166,28.9503926459657,0.0,0.0161180591557194,CC_7
21,Mode82,28.6156253463959,0.0,0.0159554300837619,CC_7
22,Mode33,8.58125181265539,0.0,0.0156929434986268,CC_7
23,Mode140,13.3121141654877,0.0,0.0156110572650891,CC_7
24,Mode45,5.96389025147254,0.0,0.0155710360515523,CC_7
25,Mode8,11.7358169106036,0.0,0.0154161563404226,CC_7
26,Mode129,11.6715515215097,0.0,0.0152889840612083,CC_7
27,Mode112,11.8203871076743,0.0,0.015098979339522,CC_7
28,Mode16,13.0545705051918,0.0,0.0150981112678662,CC_7
29,Mode182,26.387697973471,0.0,0.0147073869133445,CC_7
30,Mode92,8.03488769509363,0.0,0.0142048353325919,CC_7
31,Mode58,24.9105246606413,0.0,0.0139078920699106,CC_7
32,Mode21,24.5827914269317,0.0,0.0137395537586354,CC_7
33,Mode195,7.96004462084178,0.0,0.0134539208498917,CC_7
34,Mode136,24.0751530735484,0.0,0.0134408722485133,CC_7
35,Mode36,23.6279475795868,0.0,0.0131997839907107,CC_7
36,Mode7,22.9626273324181,0.0,0.0128360971073216,CC_7
37,Mode170,22.3048740514356,0.0,0.012465404546032,CC_7
38,Mode93,9.46592825835806,0.0,0.0123553405804195,CC_7
39,Mode154,7.09014901650786,0.0,0.0122475122549709,CC_7
40,Mode117,21.8095044039797,0.0,0.012191255318254,CC_7
41,Mode47,21.8080594524994,0.0,0.0121902508799478,CC_7
42,Mode199,10.2555816782263,0.0,0.0121400115585314,CC_7
43,Mode40,21.5148608579823,0.0,0.0120309199583556,CC_7
44,Mode110,11.3042713247649,0.0,0.0117756650789191,CC_7
45,Mode63,19.4810307350291,0.0,0.0109093522369283,CC_7
46,Mode59,5.48121637732245,0.003,0.0108486119902622,CC_7
47,Mode128,18.7690071750877,0.0,0.0105113315918838,CC_7
48,Mode192,18.2774160717775,0.0,0.0102389568704319,CC_7
49,Mode155,14.8695220846897,0.0,0.0101047297718895,CC_7
50,Mode46,8.09363193011392,0.0,0.010023044029176,CC_7
51,Mode119,15.1158144600591,0.0,0.0099289793098726,CC_7
52,Mode57,7.89975136057761,0.0,0.0096425828996582,CC_7
53,Mode185,16.4135919233738,0.0,0.0091994934896579,CC_7
54,Mode193,11.9660304070369,0.0,0.0090138894024906,CC_7
55,Mode26,5.21591325397851,0.009,0.0086575056920166,CC_7
56,Mode197,15.0617048236721,0.0,0.0084586566828591,CC_7
57,Mode42,4.96383703094577,0.014,0.0081994898166451,CC_7
58,Mode15,5.4704355940943,0.009,0.0081206157420378,CC_7
59,Mode187,8.57446512224893,0.003,0.0077221902982612,CC_7
60,Mode13,13.6351404487365,0.0,0.007671871918711,CC_7
61,Mode107,13.2742631085525,0.0,0.0074526876033592,CC_7
62,Mode55,4.95538278221615,0.014,0.0073748500202338,CC_7
63,Mode194,13.0670857090638,0.0,0.0073381735607583,CC_7
64,Mode190,12.3072993963304,0.0,0.0069137693324597,CC_7
65,Mode87,4.64443171787221,0.016,0.0068479585923961,CC_7
66,Mode84,4.68124403392321,0.018,0.0065820793801162,CC_7
67,Mode153,6.02922814373759,0.011,0.0062315768570796,CC_7
68,Mode105,10.811512007999,0.003,0.0060796233904618,CC_7
69,Mode143,1.55219961999524,0.214,0.0060448547417287,CC_7
70,Mode181,5.1650705241777,0.016,0.0060273129713309,CC_7
71,Mode30,4.13103457547221,0.029,0.0060272637887478,CC_7
72,Mode89,3.49336466070919,0.055,0.0058841742624147,CC_7
73,Mode156,2.45070850314209,0.106,0.0057200480314015,CC_7
74,Mode106,10.1486818844389,0.003,0.0057190486880138,CC_7
75,Mode77,4.32677846404721,0.027,0.0055369467367885,CC_7
76,Mode111,4.02270397187821,0.037,0.0054640752521142,CC_7
77,Mode35,3.96064133639646,0.037,0.0053789454288362,CC_7
78,Mode69,9.51224847469741,0.006,0.005373470036567,CC_7
79,Mode81,3.16731110503408,0.079,0.0051834519146374,CC_7
80,Mode79,2.66077833669122,0.106,0.0050624180141647,CC_7
81,Mode144,8.97910154126428,0.009,0.0050539002677252,CC_7
82,Mode19,2.98988969447563,0.074,0.0049849858095874,CC_7
83,Mode150,3.65339759059627,0.042,0.0049356057428417,CC_7
84,Mode152,3.75071332383519,0.04,0.0049244882827997,CC_7
85,Mode101,6.06580331313455,0.031,0.0048546558038186,CC_7
86,Mode102,2.89839333773689,0.091,0.0047895467467595,CC_7
87,Mode88,4.66428305057414,0.031,0.0046959998665392,CC_7
88,Mode142,8.27196213118052,0.011,0.0046570417122945,CC_7
89,Mode80,8.16769697811994,0.011,0.0046042928175306,CC_7
90,Mode56,1.30923635252736,0.337,0.0046000133746435,CC_7
91,Mode158,3.56334741403596,0.054,0.0044926314133427,CC_7
92,Mode139,2.79463068555436,0.102,0.004287474594202,CC_7
93,Mode70,2.59013078056362,0.127,0.0042655353563703,CC_7
94,Mode11,7.47428113866831,0.016,0.004216177634717,CC_7
95,Mode44,1.34616561921759,0.286,0.004158125119817,CC_7
96,Mode108,7.37616425906974,0.018,0.004157386840318,CC_7
97,Mode74,1.72798610136475,0.223,0.0040047900649415,CC_7
98,Mode37,2.42297840087118,0.127,0.003970059774553,CC_7
99,Mode138,6.81703839233395,0.023,0.0038459172537099,CC_7
100,Mode151,2.68793545048146,0.091,0.0038331360504368,CC_7
101,Mode131,2.31451648664623,0.169,0.0038101372216277,CC_7
102,Mode23,6.45525465654995,0.027,0.0036448927649848,CC_7
103,Mode5,2.17891633385209,0.171,0.003587972719036,CC_7
104,Mode145,3.19567638834957,0.116,0.0035028666539338,CC_7
105,Mode157,2.53730722817632,0.151,0.0034961443424182,CC_7
106,Mode29,2.01956718463103,0.18,0.0034842515434152,CC_7
107,Mode189,2.47743780555247,0.144,0.0034712070980677,CC_7
108,Mode97,5.9929124866323,0.033,0.00338319399431,CC_7
109,Mode149,5.7359179843178,0.039,0.0032345053144777,CC_7
110,Mode177,5.64424307148475,0.04,0.0031849525839794,CC_7
111,Mode6,5.62754748269968,0.04,0.0031774222916425,CC_7
112,Mode73,5.45780971380112,0.043,0.0030820238531883,CC_7
113,Mode147,1.73085413491209,0.239,0.0028759193495866,CC_7
114,Mode183,5.03870464760734,0.053,0.0028434053246896,CC_7
115,Mode86,4.99969272955966,0.053,0.0028240983358327,CC_7
116,Mode83,1.98690462736519,0.191,0.0028174940153161,CC_7
117,Mode75,1.82548942153577,0.251,0.002778815235652,CC_7
118,Mode113,4.9254782294902,0.055,0.0027782556056197,CC_7
119,Mode141,4.71467100780059,0.061,0.0026601075774324,CC_7
120,Mode148,1.51615628449574,0.273,0.0026552346773637,CC_7
121,Mode123,1.6624619140634,0.254,0.0026288190876469,CC_7
122,Mode98,3.5411830718907,0.123,0.0025960934724925,CC_7
123,Mode18,1.67111943528765,0.199,0.0024964317624858,CC_7
124,Mode176,1.50141061748785,0.307,0.0024266667867664,CC_7
125,Mode173,1.59391097314069,0.25,0.0024076114884484,CC_7
126,Mode68,4.25160121313926,0.078,0.0024020287716515,CC_7
127,Mode14,3.8406758639357,0.096,0.0021781229427366,CC_7
128,Mode159,1.45493338366357,0.324,0.0021567516796018,CC_7
129,Mode196,1.15394434108397,0.376,0.0020904104042925,CC_7
130,Mode186,2.22536008390173,0.271,0.0020811464794573,CC_7
131,Mode66,3.68044512279893,0.102,0.0020805537830377,CC_7
132,Mode48,3.67166804429706,0.102,0.0020728812881939,CC_7
133,Mode39,1.35142484981049,0.346,0.0019599912424469,CC_7
134,Mode85,3.35749270205306,0.12,0.0018959268385953,CC_7
135,Mode132,1.00998652469278,0.373,0.0017749933706273,CC_7
136,Mode161,0.943515024369111,0.376,0.0017314499005957,CC_7
137,Mode172,1.6718476473855,0.223,0.0016977142037141,CC_7
138,Mode64,1.07677704885053,0.438,0.0016928607498425,CC_7
139,Mode179,2.91546709499755,0.151,0.001647150855547,CC_7
140,Mode114,2.86553081066157,0.153,0.0016200205648074,CC_7
141,Mode61,1.22338697088164,0.438,0.0015984980393412,CC_7
142,Mode171,0.802384599505256,0.52,0.0015156860498506,CC_7
143,Mode116,2.6434914077544,0.171,0.0014940146881567,CC_7
144,Mode51,2.60768941102096,0.173,0.0014750697496852,CC_7
145,Mode34,0.872405698176541,0.521,0.001474850399256,CC_7
146,Mode174,2.57630861112264,0.176,0.0014587536917082,CC_7
147,Mode41,2.54304772734347,0.178,0.0014411664847064,CC_7
148,Mode135,2.51514189970514,0.18,0.0014212611957269,CC_7
149,Mode25,2.04795009843516,0.223,0.0012313205189487,CC_7
150,Mode72,1.03078623406228,0.539,0.0012265410673929,CC_7
151,Mode165,2.07946801122485,0.223,0.0011749132852926,CC_7
152,Mode125,1.21349204256956,0.499,0.0011516055300547,CC_7
153,Mode31,1.12425863997353,0.522,0.001105644282677,CC_7
154,Mode163,1.94105033595768,0.242,0.0010977262565746,CC_7
155,Mode10,0.890860453216261,0.376,0.0010611399856234,CC_7
156,Mode71,1.62362421623277,0.278,0.0009781267915261,CC_7
157,Mode9,1.60723210277975,0.286,0.0009115568558503,CC_7
158,Mode198,1.59566763260064,0.286,0.0009019780605946,CC_7
159,Mode184,0.421423904695275,0.709,0.0008562225494657,CC_7
160,Mode124,1.47078576459407,0.307,0.0008313730615717,CC_7
161,Mode50,1.289543610218,0.339,0.0007483986246408,CC_7
162,Mode96,1.24678148948267,0.348,0.0007062485440951,CC_7
163,Mode115,0.248451902960169,0.799,0.0006646708189997,CC_7
164,Mode122,1.16082682652534,0.368,0.0006562182554659,CC_7
165,Mode62,0.211183735719693,0.838,0.0006519253801097,CC_7
166,Mode94,0.23979906251117,0.799,0.0006408963019538,CC_7
167,Mode188,1.07864445813018,0.379,0.0006099565837515,CC_7
168,Mode95,0.394845205510022,0.59,0.0006042908153508,CC_7
169,Mode191,0.462443307395905,0.557,0.0005509661301,CC_7
170,Mode167,0.952875800397534,0.413,0.0005399216055326,CC_7
171,Mode121,0.950864354622805,0.413,0.0005380281053746,CC_7
172,Mode76,0.517070014058932,0.731,0.0004925913494102,CC_7
173,Mode22,0.143490049665005,0.887,0.0004483353676726,CC_7
174,Mode160,0.539014016851428,0.552,0.0003047876536325,CC_7
175,Mode133,0.415440759169001,0.688,0.0003040717893044,CC_7
176,Mode180,0.510169112885916,0.559,0.0002885107087529,CC_7
177,Mode137,0.263257809526542,0.688,0.0002783100099303,CC_7
178,Mode91,0.446438784883304,0.59,0.0002530241772647,CC_7
179,Mode99,0.100596431199013,0.932,0.0001741370834992,CC_7
180,Mode17,0.300457090089219,0.676,0.0001701975970617,CC_7
181,Mode126,0.271849867826539,0.688,0.0001547881794274,CC_7
182,Mode162,0.0243266311530469,0.932,0.0001521435351549,CC_7
183,Mode109,0.24669921115283,0.7,0.0001460932515334,CC_7
184,Mode20,0.119362380757233,0.799,7.01996527543614e-05,CC_7
185,Mode27,0.118660986543974,0.799,6.71797758541201e-05,CC_7
186,Mode103,0.0538887780860341,0.879,3.18666536083962e-05,CC_7
187,Mode146,0.0544643853481851,0.879,3.08101532420735e-05,CC_7
188,Mode169,0.0438353649254632,0.889,2.4925998055913e-05,CC_7
189,Mode127,0.0402889664438908,0.89,2.28060583943499e-05,CC_7
190,Mode104,0.0302129286385663,0.908,1.71205962165881e-05,CC_7
191,Mode120,0.0247566017490254,0.916,1.40236430353294e-05,CC_7
192,Mode49,0.0027636623741133,0.991,1.37744916152006e-05,CC_7
193,Mode32,0.0170810029546741,0.932,1.10707688195311e-05,CC_7
194,Mode134,0.0161869452353986,0.932,9.1599946166073e-06,CC_7
195,Mode28,0.0080162477358286,0.948,4.64689468445283e-06,CC_7
196,Mode100,0.0032990885491407,0.97,1.91041002653063e-06,CC_7
197,Mode118,0.0012366653779127,0.982,7.37239264014817e-07,CC_7
198,Mode164,0.0002898034178116,0.991,1.72834779678904e-07,CC_7
