,AF,ATR,CG,CST,MLF,FPT,IFO,ILF,OR,POPT,SLF_I,SLF_II,SLF_III,STR,UF,T_PREF,T_PREM,T_PREC,T_POSTC,T_PAR,T_OCC,ST_FO,ST_PREF,ST_PREM,ST_PREC,ST_POSTC,ST_PAR,ST_OCC,CA,CC_1,CC_2,CC_3,CC_4,CC_5,CC_6,CC_7,pearson r
100307,0.9069774256205507,0.970279586300744,0.9009512590470757,0.9491158871972005,0.9426361033065993,0.945799332102747,0.9131077163892967,0.9466181779075264,0.941603974804902,0.918012983672008,0.9140162672918246,0.926338461877648,0.9467605413854081,0.9313829529907284,0.894646255327976,0.9525352105656198,0.9529146087076572,0.9516660412519755,0.9584300234660998,0.922784231633581,0.9422546121201343,0.9518147763673769,0.9476300635566759,0.9560914116394517,0.9550196098307696,0.9597750224410456,0.9241928848616411,0.9305190666932057,0.8755483661525733,0.9342135878021263,0.92773564051793,0.9371948822426677,0.9458989502195867,0.9392953963379304,0.875817278130543,0.9317638986450898,0.926048487118521
100408,0.9007121169574434,0.9545683421126095,0.9132619878352054,0.9410422001253567,0.9294392699685691,0.9114757894125655,0.924098443814852,0.9358911607803224,0.9490350429508477,0.9192905731623284,0.9377869753911183,0.931438493559437,0.945825672580212,0.9442130876904649,0.8915403902043201,0.9260486882605905,0.9388936190408178,0.9419714551108239,0.9555431369690112,0.9179736364171788,0.9476362950807276,0.9450060487835227,0.9172862356999959,0.9398380998371217,0.9449437540598942,0.9601128771923687,0.9326856579592228,0.9400835505376349,0.8762015278560628,0.9026384483391201,0.907008350616728,0.9281430315224327,0.9368613075565111,0.933693821947379,0.8688612953508607,0.9316031537863882,0.9280057057070249
100610,0.9149350480331895,0.9523375879706352,0.9198833301542605,0.9405366949916265,0.933086008557922,0.9007393235680464,0.9088918739866991,0.9545728830102076,0.9372060758520442,0.9185602525493862,0.9234412670620201,0.9375977641280108,0.9559295751169634,0.9263704521766818,0.8670125660913848,0.9073327968759534,0.93756632567331,0.9305669463099344,0.9641737891595081,0.9242882079731544,0.9379672926341781,0.9416324843181095,0.8953137319975415,0.944479044045808,0.93664192231294,0.9649676407261473,0.9320030725754926,0.9346654488236394,0.8388870449388831,0.940888890433882,0.886921708168765,0.9345766460316298,0.9179350700973653,0.9348190776729517,0.8754054032917677,0.9298819521111398,0.9201244102624045
101006,0.9060693780040865,0.9505255066628724,0.9121340465269393,0.9264723691760967,0.9254596996671769,0.9078213109976326,0.9169338241164805,0.9370467303688909,0.9285893114999171,0.9150295875656831,0.9258681595736642,0.9060129606100872,0.9457236967975975,0.9354879928874049,0.9072399660761978,0.9224003928927489,0.903832906096682,0.9238546548022566,0.9461030869045749,0.9273521589108086,0.9304716259027396,0.951570813325192,0.9137146437369621,0.9260113173053617,0.9352153855441095,0.9515000483617437,0.9357147898881396,0.9264346241732314,0.859170003709351,0.935683112145226,0.893848287367994,0.9068469995169842,0.9330809078313965,0.9401369706539321,0.8736482708442099,0.9324806889905949,0.932337513675994
101107,0.9131195612254452,0.9635198946949594,0.9278144840344646,0.953948846588912,0.9315516342943077,0.9097991042459297,0.9283338900826128,0.951334841202093,0.9572628258072884,0.9420179987751952,0.9254048001378482,0.9308025894068057,0.9476342696350286,0.9489370296990673,0.8859020304884528,0.9300650959708664,0.9468388822996534,0.9539680684088507,0.9644862563185526,0.9386033828356345,0.9571318161845769,0.9460500909644632,0.9222429691188603,0.9414039872676877,0.9561458789919234,0.9651516766981633,0.9420474350390613,0.9528207116414644,0.8689020424818836,0.9270190561709645,0.9190137659244207,0.9188955191725081,0.9472161531831472,0.9484858903857185,0.8729046888367831,0.9447217071564528,0.934997536547922
101309,0.9086891236502413,0.9564499896470522,0.9001756382093746,0.9471573155138869,0.9309050035113353,0.924273016727265,0.8977838959673725,0.9255093336317167,0.9346141180235316,0.9069746722821309,0.9186738137627584,0.9208918016474852,0.9387652782762341,0.9214822237373602,0.8697560591401458,0.9348644791965789,0.9304458692450215,0.9400332193618144,0.9476964264202705,0.9166548978145899,0.9339324951194665,0.9164136150686032,0.9222647477002731,0.9315528237200911,0.9457275098763747,0.9530441223095906,0.9327854684806044,0.9217351673040011,0.8744937427062534,0.9012584323183166,0.8796404976656986,0.918542314817232,0.9440214646439578,0.9388844895026143,0.8723401602359434,0.9283061368330718,0.9312167000320951
101915,0.9100133741537026,0.9600459401527469,0.9005853401165892,0.9515170358964425,0.9388628280289157,0.9413600398745028,0.9098723304950831,0.9249678425474724,0.948394900459594,0.9295860309256564,0.9310780216233547,0.9441110205944846,0.9568056617010584,0.9506715195276932,0.9078940856390583,0.9431516651336604,0.9418009266495015,0.9491946173428684,0.9587956756783658,0.9374043493891666,0.9472106611270535,0.9576944497717225,0.9425348258545462,0.9443702414885987,0.9488946972062274,0.9612488263838908,0.9382262218488773,0.9308843305768866,0.8828677081010547,0.9504625973180917,0.9183189190163389,0.9320716061165814,0.951172272929768,0.9402763398606032,0.8939239537788864,0.9247375221841889,0.914002874049735
102008,0.9051279984242033,0.9663856745769007,0.9140120256483618,0.9428598520516405,0.9180801920755481,0.9095875707141631,0.9283005273766426,0.9401000696621467,0.9621016415315544,0.9331182602180764,0.924466930348124,0.9348627181552533,0.9427187163330139,0.9241753418484766,0.8876468378105937,0.9191932167666998,0.9445750344854519,0.9400511396039871,0.9615806412081761,0.933513900962561,0.9629269908385582,0.9374129959571416,0.9149407615914471,0.9372870982714282,0.9455086388899139,0.9578748099307026,0.9375791256937991,0.9534212677680184,0.837093334207013,0.9122776431049979,0.9035024508590368,0.917372670874761,0.9165529474814843,0.937460302717654,0.8649234660513828,0.9304396299738867,0.9329991499699412
102109,0.8390147849221778,0.9583701316215377,0.9014746098663806,0.9491504017039999,0.9083409208768453,0.9238782841213529,0.9150527231823499,0.9434025304180844,0.958087228255572,0.9258765480762988,0.9241780209311118,0.9339534949413729,0.9312875977504032,0.9243315458322798,0.8683621672128102,0.9414818459792562,0.9408229559457026,0.9407078299291347,0.961352968934998,0.9297261628688379,0.9587271816363905,0.9280260324762927,0.9345849961463174,0.9431767127939695,0.9382224761433259,0.95759682540621,0.9317175878479482,0.9448514254470751,0.814542160992045,0.9167167284249473,0.9307264001410267,0.9398021220767138,0.9425630890117791,0.9495533148941929,0.8583530045646172,0.9360590619456579,0.929303744219254
102311,0.8872920948261972,0.9620903597993036,0.899485613483681,0.9486660669336505,0.9202377486836938,0.947665787846565,0.9019124206998413,0.946812131056186,0.9444195088077016,0.9199921628958291,0.92862759435359,0.9341807755639345,0.9428932696862318,0.9439197568082938,0.870481720211109,0.9482767596564492,0.94281514150201,0.956622835126638,0.9613107619996293,0.9165604141308722,0.9466061590792568,0.9102088027460936,0.9380376805148603,0.9455478249977729,0.959209646802849,0.9638681091307678,0.921752537127644,0.9389874071544985,0.8475056385920864,0.9407528953147208,0.8988202810445998,0.9308547175162624,0.9445072398212319,0.9430084655229144,0.8641548498808268,0.9238891679693725,0.92551818880198
102513,0.909647709003994,0.9646266671283804,0.9258575430379772,0.9372030027895789,0.9257488953725302,0.9283279671088812,0.9157645166634835,0.931750975696627,0.9496078946357395,0.9183014839589027,0.9162621587271867,0.9401518032958787,0.9428656211348894,0.9023113955923071,0.8455091769888592,0.937889192724989,0.9445125098398279,0.9332601308773681,0.954792448406356,0.9227577949897031,0.949952215724875,0.9130100521620147,0.9313944074333577,0.9452937019249336,0.9414361144762343,0.9588598088076267,0.9328823112310515,0.9434915710492604,0.8456653925462867,0.92953224546991,0.9092080740805546,0.931924871176546,0.9370305900183625,0.9071484741476868,0.8451215785885079,0.9450452699762086,0.9280728286107023
102614,0.9259832484245213,0.9503562726285093,0.919657280406383,0.9457849694793301,0.9382602484776098,0.9337371661613978,0.9083984848491442,0.9520240154655137,0.915099961437933,0.9114451172746058,0.9265449291904215,0.9320144321268908,0.9529408980528836,0.9243077573161185,0.8763933925701919,0.9195654602227598,0.9485994944903477,0.9461993619725475,0.9489163510577,0.9317222447717846,0.9147938645462035,0.9273097410337354,0.9141480607097203,0.9512073376430926,0.9495640490766722,0.9579968921519492,0.9356704223232084,0.9265189725853245,0.8768144019865405,0.9392980694594846,0.9031881777621726,0.9364381056121268,0.9337363218295333,0.9273258865555293,0.8628016546831717,0.9280832258592779,0.9236862018797091
102715,0.9144178351667771,0.9632550288493706,0.9216357443518836,0.95625941902808,0.931184615062283,0.9242276247274476,0.9228587163338521,0.9513092337333511,0.9562129158517376,0.9241773369515229,0.9184719294895932,0.9400185304739163,0.9410365309433867,0.90828323048816,0.8805783319316631,0.9342930959366749,0.9285367168748005,0.9451564230528002,0.9454973929148828,0.9315087949522571,0.9546348519515081,0.9414754976928107,0.9238246216689547,0.9244460715948982,0.9445887822262925,0.9502671462225456,0.9373427739144619,0.9482047047633112,0.8397655508952723,0.9311671989140765,0.8861168163666826,0.938489595231302,0.9366395426482025,0.9298309699805841,0.8649622987772797,0.9293679013313609,0.921992770260763
102816,0.8990767593580865,0.9476434822701801,0.908674310469402,0.9528090100984962,0.9282000326261922,0.8967851721806157,0.8862662747002232,0.9189451051892026,0.931946700500052,0.9073519639284562,0.9158014416138242,0.9367032957906777,0.9226013450772919,0.9461400112550599,0.8533803466267582,0.9140042611474187,0.9277441207863272,0.9483639503179631,0.94812832536205,0.9077484124005368,0.9324506921951689,0.9217491446946038,0.9139837629251415,0.9366591463173022,0.9430023556951258,0.9470771038658923,0.9120606019490558,0.9183364552460481,0.8940823402655375,0.9247328508994461,0.8956817553357409,0.9108247774137859,0.9533673674256959,0.9371691713080207,0.8787085304455134,0.9191565352223177,0.9400727165269546
103111,0.8955859417536246,0.9565519898674976,0.8973191583475922,0.9470147549164478,0.9166984383305095,0.9413649504989778,0.9026543113194573,0.930277913280731,0.9452682453192329,0.9239508722370067,0.9284513920879741,0.9448421432848425,0.9409167555413378,0.9499743900001468,0.8896443565927877,0.9389170849772476,0.940955059514824,0.9475179692817747,0.9615085351331912,0.9362869878243577,0.9440651196495599,0.93803120013627,0.9347659103324675,0.9481825433774126,0.9437449189208551,0.9505937067042791,0.9336384072609885,0.9126973400115689,0.8535951702042173,0.8952487639859826,0.8835063381590075,0.9425012202004621,0.9383760550523017,0.9373915892656741,0.8779193416343245,0.8494691092672503,0.9143881388006441
103212,0.8936615892826609,0.9640733921458434,0.9184731224196401,0.9518497612973091,0.9217621243816765,0.9206801801960228,0.9155966336659975,0.9425754186068612,0.9554043690768137,0.9352528070234047,0.9340703138057871,0.9271338205310287,0.9501494422312395,0.9325477925257889,0.878176604350272,0.9339284391675416,0.9431484437941777,0.9521652595414034,0.9658755574305858,0.9366136089516641,0.9549305576094563,0.9420008972886282,0.9218508487812885,0.9448757903996876,0.9516268516773374,0.9666112693943741,0.9389518579582236,0.9431023065909205,0.8756723534176618,0.9254119437303124,0.8632260801334988,0.9366941112878892,0.9420232728253164,0.933784128884873,0.9029554229860629,0.9397498128519916,0.9198909730137576
103414,0.9034167916789169,0.9630578804005993,0.9153890359355713,0.959445860910484,0.9199732964154327,0.9451571115998181,0.9127086719754721,0.9414128379624801,0.937085955842663,0.9104959018694078,0.9352167966703941,0.9349907840528154,0.9443287211098425,0.9277068874427015,0.9163483114473118,0.9464517098726375,0.9502194070073587,0.9590340881257129,0.9653526751281142,0.9229152334847083,0.9364145854910115,0.9585567551851022,0.9394871220400085,0.9555390687572524,0.9584322770932932,0.9608696949837734,0.9273531487418022,0.924181329362734,0.868848588073197,0.9504085377985032,0.9029901548018656,0.9442415797439082,0.9625718192840905,0.9423798690680155,0.8139367974021438,0.9222591347293556,0.907454073638662
103515,0.9081560101938313,0.9465471533806601,0.9133189670256541,0.9596186907726021,0.9092124932219444,0.9281483803182691,0.9019912549288323,0.937905120311872,0.9139595069690529,0.9029013088479457,0.9166456802048485,0.896008509244607,0.9222951014405346,0.9293383903032908,0.8854239869307535,0.928140945204168,0.9298965377039277,0.9583299247704148,0.9545914898979195,0.8989738594579492,0.9143693634467552,0.9291077837835015,0.9157395203811232,0.9417679483247273,0.9523370077863836,0.9568935290066777,0.905777427845461,0.9063962499070292,0.8835354127509665,0.931973604309292,0.8869362644064482,0.927833912425188,0.947071734498206,0.9120306335137762,0.8339238902305331,0.9127321882655048,0.9107689815600356
103818,0.9220297641310792,0.9574948096692253,0.8928048896046875,0.9418912122575239,0.9373205665495558,0.9322130166944218,0.9274788822443377,0.9460998048426925,0.9411758855563889,0.9284124844817222,0.9340398033968081,0.9298876621392308,0.9408483218361093,0.9236495110261747,0.9437341375533591,0.9322435318116646,0.9466332683574994,0.9416048598746131,0.947750995708172,0.9157617705461204,0.9414075414071318,0.9619388193439081,0.923901277577566,0.9505543716883421,0.9510109430341512,0.9551557614210162,0.9240841771776744,0.9389874991955915,0.8696126753836371,0.9444352721495741,0.8835135429171421,0.9346597934227536,0.9348113152900667,0.9224125571314464,0.896685174268675,0.9536317179032242,0.9230848653492579
104012,0.8975457898603325,0.9484370441571193,0.9057717185214194,0.9318727953953543,0.912945120762834,0.8961807477070588,0.9104615709837061,0.9327138603967243,0.9410520082048429,0.9042465515773355,0.9170727935362534,0.912297892453475,0.9424627735207516,0.9336649313343738,0.8667472208637768,0.9293976698534855,0.9340945159184643,0.9317175085980267,0.9557342851351684,0.9097825498221475,0.9419210703627037,0.9583001968505158,0.9197068335651951,0.9411818930028457,0.9383234017776788,0.9532246620516571,0.9182039959024131,0.9322533166958786,0.800872629557788,0.9106848291064461,0.8892332514688572,0.9396696982824155,0.9114632884965154,0.9157541534908848,0.895177513715231,0.9381281697553887,0.9262151437517938
104416,0.9113751354568883,0.9617356108074367,0.9002902726702544,0.9535000330113791,0.9219006213196177,0.9380177078052554,0.9091740616064831,0.9436792410505289,0.9282927614120449,0.8961607748930376,0.926930108945916,0.9269027394776211,0.9425528484195117,0.9263805166934549,0.8772476814612986,0.9402136788618856,0.950143678758261,0.948666456155711,0.9623991173388527,0.9291872763822995,0.929164080569783,0.9405480608984578,0.9301801682532231,0.9525544483476065,0.9521917137683673,0.9648273539915785,0.9363602874828346,0.9286540457388847,0.8749248178723489,0.9410879959915964,0.8850882459319438,0.9422121969013522,0.9478631930811032,0.9518313568346549,0.8786136740732156,0.9216598332808112,0.9192620295173086
104820,0.8914578907576763,0.9557478340427796,0.8850739086562143,0.8645486044886237,0.912294345868475,0.9230533407950955,0.9033253085851746,0.9207750480404219,0.9313608328409207,0.8762492795280564,0.9177983945058032,0.926190911716351,0.9317556511190622,0.9208245544521215,0.8613746377934075,0.9316819882482692,0.9204093006791879,0.939868660731179,0.9355315517906737,0.9104156115088864,0.9304058579597786,0.9327125234330902,0.9221818006950797,0.9307418946946319,0.9361306519221723,0.9388099079176805,0.9193500547313056,0.9292452503028094,0.7830441717374552,0.8947025560163471,0.8717696929436416,0.931873048202823,0.947312179153494,0.926341960063386,0.8729808987540673,0.906917863947373,0.9411394684204257
105014,0.9139622156529491,0.9596802526990423,0.8916326866971142,0.9591180624447715,0.9215675831344312,0.9348828825134692,0.902778108396187,0.9410999028766466,0.9231335696985391,0.937392805287457,0.9370712058108711,0.9298918986473192,0.9196852381324792,0.9411573113026287,0.8845234254630896,0.9374711619915491,0.9496168081303145,0.9521398966823983,0.9645384155869625,0.919136128536027,0.9230313995297056,0.9539660320443043,0.9273138715251581,0.956146804468863,0.9467973716245938,0.9594448405253958,0.9244198812178857,0.9095515453482648,0.8554935547723875,0.9437573257242962,0.8785347683125534,0.9429461325135902,0.946627998360416,0.944667015842133,0.8716537628630332,0.9247579306749361,0.9193329570928666
105115,0.9135359886514275,0.9561426683966552,0.9008407421511692,0.952588325077556,0.9274416496530348,0.9224689986820287,0.9092795294650371,0.9275590714220021,0.9364827077556204,0.9186602721469298,0.9355690226720731,0.9387274786148575,0.9379010248532268,0.9291220947926736,0.9128282389206365,0.9378893346208554,0.9428333671720155,0.94892280291412,0.9610727907768682,0.9109127237927195,0.9337786028616667,0.953596773252702,0.9303069822581601,0.9356443914330335,0.9414069632870318,0.9619741889114615,0.9284672570127268,0.9224575615910038,0.8798885053250376,0.8794859026069829,0.8751233683327545,0.946598056877954,0.931418950170934,0.9229143096604184,0.8735513509885364,0.8830405058237242,0.9106410967815204
105216,0.9147551385564878,0.963875022713269,0.922089813712982,0.9470976440164808,0.9294042674664987,0.9305628245402654,0.9130464426815607,0.9454410913829511,0.9437046117620776,0.9411436696811608,0.9402220712923606,0.9392012890857264,0.952047317710248,0.9432010203120882,0.88656759315859,0.9382249615552026,0.9519655872630091,0.9438292016046257,0.9609049380271943,0.9315985152191383,0.9453465936209235,0.9520540124781939,0.9283984836482684,0.9546516168760123,0.9492787198072199,0.9583155454624548,0.9383020158543092,0.9292026704138648,0.8594838023858629,0.9394764356339226,0.9134216489713733,0.9402798029575897,0.9313356954035186,0.9321488893946829,0.8692554128226071,0.9408772913756841,0.9212649490820328
105620,0.9167211746560932,0.9617863272636656,0.9202072007164925,0.9500923803350318,0.9224416636693272,0.9137403898665823,0.9154190559402583,0.9375415729357471,0.9376867056363923,0.8990437999817433,0.9110797141572319,0.9274186116062969,0.9381308307719036,0.9443164863047459,0.8808613751964135,0.9273792394397784,0.9403608827465911,0.9425116153789357,0.9637953159899064,0.9138763047413043,0.9371670045717369,0.9436112091840241,0.917829070705155,0.9428045971747583,0.9418104702230659,0.95699387842946,0.9170789576055948,0.9210800636064219,0.865913661608469,0.8973322640103838,0.8699315551147476,0.9276321049774751,0.9412120651984809,0.9343974441906475,0.8412785451552732,0.9238938480914298,0.9131529139185919
105923,0.8995239017353459,0.9511963004122662,0.9114168488458336,0.9545312983206313,0.9363661150832272,0.9192472415553776,0.9321764599832293,0.9480966557706361,0.9477953465640838,0.9198566049067012,0.9046422235669929,0.9238414991807778,0.9409907860516765,0.926872609150827,0.869931063906215,0.919830647780468,0.9288141070076465,0.9510220651663974,0.9536707138356633,0.9191811282418255,0.9490637817672466,0.940048987089108,0.9129064867469023,0.9296703198607169,0.9429180058608182,0.9524836063284758,0.9239797782911661,0.9418896446939491,0.8640960957498418,0.940607275256073,0.8699142268999542,0.9217957263527976,0.9405148715060724,0.9357293806525913,0.8753718751275826,0.931371990386496,0.9184128019573663
106016,0.9114949266160222,0.9679547497613014,0.8944211048267089,0.9542833899842807,0.9233861919125862,0.9391258074097271,0.905992837136227,0.9196508902799251,0.9608121457836541,0.9094736734437792,0.9137882553097688,0.9372617756686422,0.9416803142300869,0.9507055597487684,0.8992790404346509,0.9490062031313863,0.9499263187584512,0.9467374700224505,0.9511281652071533,0.9106637072605459,0.9570603405687742,0.9587366799472272,0.9424673037213788,0.947729746902411,0.9500890510442037,0.9555580643126769,0.925871647724459,0.9312124550592965,0.8574435036361152,0.9505393875882818,0.9339280436250934,0.936342848580186,0.9452427428278342,0.9446546454796841,0.8733249026715394,0.9360126426965031,0.9228973437392352
106319,0.9174809161302804,0.959376925067483,0.9286085632685892,0.9345868708556397,0.9240408405472381,0.9343940335882706,0.9015346620257398,0.9392780670048868,0.9334163676066268,0.9060975955099537,0.9091704303997876,0.9266199212283579,0.9496373568409423,0.9393080638875843,0.8568078533945583,0.9410935390919434,0.9431345108465656,0.9435509353625842,0.9507568334342351,0.9125199508014454,0.9342997156978486,0.9261499188581456,0.9274281315796727,0.944375085034057,0.9499887495405885,0.956821675516154,0.917282445329867,0.9275530674409522,0.8440855656566226,0.9396269801462521,0.9113917485250447,0.9339720037886403,0.9248924497567385,0.9247342969026932,0.8651043320454477,0.9326364822388428,0.9129899870438398
106521,0.9121716710485157,0.9626424839137587,0.9142092072078403,0.9513791078551258,0.9194155451990708,0.9361370672390206,0.9124547069164546,0.9465292376276964,0.951426092870984,0.9176324200793632,0.91949336467155,0.9280678298527616,0.931012608413682,0.9251578771369859,0.8788145423405054,0.9453022041030325,0.9438424906881396,0.9545969104358596,0.955361143910535,0.9137531283749882,0.9525632988185584,0.9201283907364468,0.9344080271062652,0.9416538614623301,0.9577908174624062,0.9548414854030295,0.9227446232079373,0.9448536371347324,0.8704682598955141,0.9131659880809156,0.9225528109749176,0.9344661622468133,0.9466455111770256,0.9496012008817343,0.8728884809253852,0.9560891730106047,0.9287115087351737
106824,0.9183156837517008,0.9691321110438291,0.8805204859086877,0.9613890826044648,0.935235506231042,0.9217222394294089,0.9197753072242627,0.9387899800599836,0.9553828208094023,0.9268189391904248,0.932150441411923,0.9302944558421444,0.9515332997818395,0.9460993354302283,0.8572210466647874,0.9438679895648604,0.9557822019268457,0.9550382364088738,0.9676347432314173,0.9223644596629628,0.9518748042625828,0.9464087277267074,0.9353242736062625,0.9584088754279627,0.9456261742943837,0.9605019943311811,0.929917424183685,0.9315069040870846,0.8431905696087824,0.9286378065202181,0.8740935410510013,0.9368147939990341,0.9405179566682592,0.9478228845980475,0.8783959851417706,0.9005903352369589,0.9223101170458784
107018,0.9102086225368815,0.9615376561179766,0.8973286751340863,0.9412499394526144,0.9327325821762495,0.9419084837134674,0.9145333680206629,0.9401751715083678,0.9424151445629088,0.9249075800696747,0.9208074829572999,0.9193576273082869,0.9379285844636406,0.9267438274263956,0.9011581177571648,0.9391321569792906,0.9260347245569719,0.9416362145676069,0.9472618828038605,0.9306601714577997,0.9442783002650783,0.9508515357510537,0.9386750062820657,0.9391347104099395,0.9473691245403661,0.9529146581070588,0.9331922229539741,0.9340878346690259,0.8654474563072029,0.9071037248403199,0.9166723996825955,0.9251713247647854,0.9359456847833436,0.9352073791409817,0.8763648758716754,0.9406723327114263,0.9107137916219653
107321,0.9136540842134685,0.9535818572404583,0.8799228358661852,0.9435743007302385,0.9417761265815208,0.8947767138931494,0.8918281666359806,0.9332147625219893,0.9402798785826684,0.9311741533297089,0.927691749768311,0.9350523787878356,0.9514471021549876,0.9348462358873213,0.9007708007566168,0.9217460619294912,0.9401507131591564,0.9400882878292931,0.9632383104125172,0.9429032818698256,0.9404182904635544,0.948822756160269,0.9217134165848814,0.936970440610667,0.9441133410289707,0.9588530087389333,0.9409685081476589,0.9298424731427315,0.9008924821933225,0.9420821916885469,0.9134607946860857,0.9300260388758789,0.9338112487592354,0.9391557019010967,0.8771633752094291,0.9376787598565592,0.9258627809615441
107422,0.9062447256932552,0.955567503469434,0.9154612573803987,0.9531191911692342,0.93232309229852,0.9297287996450763,0.9089218614751824,0.9353181607144284,0.9518587120080012,0.9238341729255777,0.9345027786515845,0.934199330433532,0.9201058147340873,0.942468894958688,0.8706028608099882,0.9168276934730947,0.9498088221442277,0.952231828500777,0.9384178480127869,0.9184479958060086,0.9536807537892305,0.9409633538045161,0.9168192399545488,0.9519481030642083,0.9453297315562541,0.9466220293557351,0.9188431161923503,0.9407979662435848,0.9175495232320912,0.9478086573621242,0.9110267719690648,0.9359426265970582,0.946300818143419,0.9400001695338357,0.8862412459925351,0.9410142167887556,0.9304527641573128
107725,0.9201382310380077,0.9546756146558834,0.8998139874128855,0.9500476840879681,0.9392882562015162,0.9319649258724247,0.9075094708336452,0.9303372101480205,0.9421056115111642,0.9330309009882356,0.9401990835112309,0.9391877017762301,0.9515229302390689,0.9355448743748461,0.8812484566035528,0.9433256431643495,0.9337494017017905,0.9332888999322195,0.9546229622537242,0.9463652374331791,0.9430525116248027,0.9408674060105598,0.9301579298065424,0.9400920251179281,0.9362526071833965,0.9558988350225683,0.9506693104747899,0.9366622069939178,0.8547530819978663,0.9191562479473518,0.8936148116057531,0.9333792478532187,0.9415276350687546,0.943218437381197,0.8772947070750813,0.9495832241220418,0.9326778676419748
108020,0.890455695086549,0.958432278630285,0.9120101050106456,0.9548262772910697,0.9228832077529989,0.9051311800323705,0.9016168753533054,0.9428998234649437,0.9343480220209547,0.9398368078816339,0.929647199208606,0.9220568335688307,0.9401291793821325,0.952411523939814,0.8678752338013408,0.9203730239134175,0.9408437828765018,0.9540066727873996,0.9754556317754145,0.9396055800489015,0.935074795780957,0.9394597473834839,0.9192893837133866,0.9330466684304393,0.9496648261518356,0.9717736999936639,0.9423047112154302,0.9258117519465282,0.858413616727053,0.9291347129110621,0.9132662399996844,0.9332030548198973,0.9397730181062447,0.9400844245168389,0.888696062843339,0.9150293620275992,0.9217239897363844
108121,0.8923986459417367,0.955170412991039,0.9080407974602093,0.9439755034199805,0.9236252908695629,0.9274279765604809,0.8897707589934488,0.9311596126755697,0.9101863545881548,0.8956385270990285,0.9187356256611817,0.9259781142714978,0.936726893247899,0.9299174678734751,0.8677105347198559,0.9312858953072533,0.936607478633613,0.9412901436290619,0.9553395958075177,0.8800295225000038,0.9146770938817322,0.925145886678285,0.9278161224228011,0.942764009999751,0.9427638282923443,0.9561997318679244,0.9000378787367774,0.918005912931452,0.9006540729277096,0.8878365964255337,0.9009017982504576,0.9413183018226473,0.9475375110658959,0.9245428350944619,0.8519733719787194,0.9046073839275252,0.924339558667104
108222,0.9057885508565051,0.9639658813151757,0.907548549539896,0.9570441207493937,0.9192530926357532,0.906447573639154,0.9253306832823707,0.9246454186442292,0.9467246966375096,0.9242379090354095,0.9227329705203007,0.9367438475280545,0.9376221685118601,0.9576963909306678,0.9104179100749367,0.9324231300119448,0.9389122643247025,0.9528579157876417,0.9701155977393029,0.9213158751714451,0.9465270043492927,0.9395640525261063,0.9204450657469168,0.9425507670422977,0.9530650021308121,0.966055241022497,0.9292303053525416,0.9325075233526973,0.838464136420354,0.8978951023162687,0.8814554036875085,0.9426325957641842,0.9267870112974813,0.9212134308855401,0.8460254627743997,0.9159138254507527,0.9131301311502883
108323,0.9034416361493067,0.9599662834697391,0.9252004276814473,0.9372421816079372,0.9425207996413071,0.9133528242612164,0.8979417833207509,0.9324385218586454,0.9131496513936215,0.9109077227844754,0.9365398447572549,0.9227321496001145,0.9380507397582972,0.9213201254508051,0.8725588996774671,0.9246608621265797,0.9392177272119673,0.9385694908340165,0.9599632485841156,0.9099359069622824,0.9128686887104385,0.9433117092664113,0.9249746243271155,0.946745406212628,0.9434410151081606,0.9606171273648176,0.9219927303565364,0.9176796451967899,0.8453651931793588,0.911886948358551,0.9084566032539886,0.9340906318144967,0.9340818109538427,0.9419232762501928,0.8649746924114157,0.9194621345732056,0.9195094699666705
108525,0.9256638644914194,0.9593671709489897,0.9146305572863888,0.9513948983515598,0.9362567853335729,0.927136338881369,0.9228911915225653,0.9469187221713147,0.9511085199198316,0.9105333170367776,0.912046868321322,0.9279756484204245,0.933294903794271,0.9362424356886067,0.916505353141652,0.9385169904764554,0.9394886806724421,0.9466866998382126,0.9589529106367892,0.911010366133604,0.9522870603580568,0.9500289001771743,0.932618145857636,0.9512450517563583,0.9489215461512489,0.9611910499063413,0.929746956574529,0.9457633737699561,0.9068589954890968,0.9029178612894374,0.8706105400505668,0.9311690678880394,0.9503269718372929,0.9341837874271066,0.8513748990728154,0.9478256733133941,0.923459941623778
108828,0.903020351487828,0.9440059869905075,0.9260368156555583,0.881371343071187,0.9325268887254388,0.9026133653425276,0.9234698689129147,0.9485560971426618,0.9396028773456874,0.9129627558524088,0.9323207383431199,0.9264943989299076,0.9400170165836719,0.9412419074020415,0.8789794659538736,0.913094513691402,0.930781074978661,0.9363386756186526,0.9582876704901401,0.9270404678384736,0.9420235715482637,0.9104154760569735,0.905551975796882,0.9398942027014641,0.9407704663682069,0.9584255709404637,0.933891831488462,0.9409703529258897,0.8594549734158167,0.9016479735706363,0.8986974531173844,0.9268088062389922,0.9198857205877633,0.9295479754270223,0.8700543215856978,0.939100274644743,0.9270858547782966
109123,0.9179305552436724,0.958655089424627,0.8978851693268003,0.9381078726330828,0.9384585279408835,0.9273866104049383,0.9208452915679928,0.9544347820609634,0.9502760461366447,0.9309960173853431,0.9321490165334396,0.9350827359996595,0.9457926900541969,0.9362078269845918,0.8734211856464298,0.935616062574047,0.9335768053613378,0.9322604549356183,0.9452409183866072,0.9180145432576367,0.9487476480499468,0.9463974667182711,0.9174848896596812,0.9377762939563044,0.9327769481047967,0.9496965242783555,0.9352517395251174,0.9420584626185169,0.841475186370943,0.9322939691191762,0.9023107490963072,0.9188864947649972,0.9395239843368024,0.9342548317520013,0.8694402302236917,0.9380189411232009,0.9266590388618442
110007,0.8830678219165216,0.9469669798007141,0.909247679825484,0.9515103316706729,0.9122536322715828,0.9370191039179249,0.9106674547684704,0.9444429986934025,0.9384509923464823,0.9034037785378688,0.9272157133012832,0.9187010220870538,0.9220512209905971,0.9247953190272772,0.8823992582491987,0.9307298566658047,0.9532191473651581,0.9521611781734116,0.9500689051656217,0.9092807676688099,0.9391204104822908,0.9197911253982052,0.9258638909160368,0.9552846239633754,0.9513542151628301,0.9536307700314627,0.911158452620514,0.9414121151408182,0.8290580473817292,0.9193304092782459,0.8839740631769165,0.9439367502138652,0.9473169444079519,0.938789857472586,0.8563896159171245,0.92735306803794,0.9169798626025323
110411,0.8905589215919584,0.9437263944791264,0.9141674273339518,0.944902685927615,0.924605433752038,0.9266615691682035,0.907098625118158,0.9491144299132223,0.942719900044519,0.912399689168786,0.9085284731965098,0.9246325884926399,0.9452010824795835,0.9335682134542229,0.8865248925444688,0.9277089420918182,0.9455693014399221,0.9493857177143394,0.9501635548406682,0.908888095642176,0.9421554751508509,0.942109679140802,0.9196572317312018,0.9469180000999625,0.9468606540285731,0.9542874552709272,0.9204347706443093,0.9358967037849101,0.8732481400688846,0.937354480644731,0.9141515220374784,0.9391267794148429,0.9464196208714896,0.9385777027089348,0.8602404376137037,0.9504757678052139,0.9204512605194907
110613,0.899516869163666,0.9582397456547037,0.9369738611356843,0.9506781759322085,0.9242339799465296,0.9400967967584426,0.8887511870631856,0.9391070177335683,0.932584988575906,0.921293213308735,0.9335624604269379,0.9342912268554537,0.9343082785996217,0.9468414934151878,0.8616299272518702,0.9393550358478366,0.9493604209158979,0.944161326803628,0.9499985013188542,0.9243531674674914,0.9370728122808384,0.9432320781878373,0.9302198442317312,0.9443484942375021,0.9497134725099623,0.9588291963838044,0.9276472519063725,0.9140044888214448,0.8656072270154022,0.9326560433398177,0.9394089861111374,0.9474993514490311,0.9550322154443641,0.9370614354423814,0.8477307417451595,0.9175956442014698,0.925470906675755
111009,0.9070767287837656,0.9628839043850058,0.8949559972735309,0.944324170423049,0.9273337533720033,0.9387025323124295,0.909705668172665,0.9431370771949821,0.9446106756300657,0.908116710302524,0.9194833566822926,0.9251067808177229,0.9390755610341618,0.9529950244503567,0.8918758305392928,0.9379815368658271,0.9472207704789923,0.9490965564785314,0.9501348972939725,0.8981338062404043,0.9422398022476158,0.941432310345318,0.923758246205324,0.9397062644799394,0.9536079269176512,0.9556771224671008,0.919632516749219,0.9362914443759804,0.8619539487697905,0.9459534063679637,0.8623566576573324,0.9439431872337791,0.9313807911257471,0.9392609870880755,0.8756952661829727,0.9119565632021556,0.9126742460297796
111211,0.9272774037588299,0.9381516078960738,0.9106099904898649,0.9457493077276151,0.9306911157366969,0.9297119129269342,0.909561820551082,0.9354917930032285,0.9507537492325737,0.9406787606579042,0.9213940131945934,0.9182600970172624,0.9389401320427534,0.941703859683103,0.8799913995419507,0.9205937313044205,0.952245030572126,0.9494903901721895,0.9668564678675408,0.9314401777177577,0.9489299323846291,0.9293429216020479,0.9076066346067057,0.9592603646422754,0.9527333109719345,0.9636941606069095,0.9329376581815042,0.9324148366423485,0.8760257365219654,0.9411964945932498,0.8948402038797574,0.946560197595748,0.9376396039066914,0.9432788243984471,0.8858635054627919,0.9221747235061268,0.9137492702745135
111312,0.9228376166023805,0.9542951317981543,0.9117464998829181,0.9449967290560064,0.9180274126885486,0.9131618911893884,0.9311140978615725,0.9464014426865743,0.951106094671205,0.904567409172101,0.9087603211043366,0.9020690700802725,0.9441135527706571,0.9437333225131055,0.9123614901037499,0.9245202960814031,0.9370893039313655,0.9441097970344652,0.9581304201783107,0.9001161826548472,0.9519141351835616,0.9550792111640504,0.9110265484149606,0.943800228071727,0.9523794853026372,0.9567599656081205,0.9156101423720828,0.9473471989579467,0.8779320982071888,0.9241570754304536,0.8439434912136803,0.9297375208294529,0.9321739665709411,0.9092026460359822,0.871615919227243,0.9331480804801057,0.9077993755841275
111413,0.9019955412566332,0.9659170723727175,0.9017573841061919,0.9575781208620777,0.9233380128097713,0.9280497966781334,0.9005841885486152,0.9376045999958541,0.9381636682801793,0.9158796651663005,0.9191436364586495,0.931705258838703,0.934910592027648,0.9149310741167017,0.8815000569853464,0.9301954503109722,0.9190351534436357,0.9574583112588388,0.9571900767922144,0.9109871617187423,0.9390633084831332,0.9365204242006425,0.9306616456571266,0.9301328289376998,0.9601774933977552,0.9597808787344839,0.9197744403617683,0.9348126060159618,0.8669522045185244,0.9246747796773668,0.8919166450710975,0.9503277688881238,0.9407708450196699,0.9384922018855308,0.878728833748931,0.9232553507675283,0.9199196940257548
111514,0.892463810626386,0.948803212703186,0.924740598295769,0.9405545363702825,0.9178407417668548,0.9348312795699385,0.9073188286973033,0.9457472593175984,0.9319231598095423,0.9075302246786603,0.8918159647376315,0.9269909389135674,0.9317850335841483,0.9384072212787938,0.872090444926912,0.9334832643153489,0.9450585840169445,0.9437778685054723,0.9538016710496519,0.9101230046873321,0.9323223231480886,0.9382997829681866,0.9223422422273907,0.9431527858758425,0.9426045396103306,0.9532645894708847,0.9156079570778565,0.9329747023797769,0.8545347413973851,0.9344858271076912,0.9084488165922762,0.9380030256936269,0.9429516315267913,0.9359853104888066,0.8248007412930943,0.9380629565431141,0.9068429356782095
111716,0.9122080323526133,0.9609466867662542,0.9217299463852221,0.9322115945689005,0.9285115538513699,0.9227817169753335,0.9162670475338357,0.9519440292435999,0.9475674712326903,0.9186227058886061,0.915930602603564,0.929191138386406,0.9452095730871666,0.9318894296952789,0.8906074647102066,0.9289410189704842,0.9339158903025951,0.9350253721784234,0.9480074880826623,0.9317191298256315,0.9476611132967486,0.9431800147851388,0.9215578403429512,0.9366238382960925,0.9386505461963672,0.9498770465500764,0.9311339045029746,0.9361565522178005,0.8839672782368256,0.9502037642112572,0.8950940387816032,0.9405946180420524,0.9380162314819969,0.9353134403515012,0.8882950409297667,0.9332454287271217,0.9086338228436313
112112,0.91074966556286,0.9556312528263214,0.9055678832094537,0.9413973288171348,0.9308099247166539,0.9363018470224335,0.897162699143928,0.94443553243299,0.9381892666348753,0.9340448199255625,0.9273817822175177,0.934942802664021,0.9380265392619909,0.9404013193544745,0.8449067365358878,0.9436718308521992,0.9400169610991741,0.9422722549768736,0.9691689799816006,0.9339669734285613,0.9402582752491067,0.9179015125677494,0.9344635289538156,0.9369164080467635,0.9512580677364335,0.9674299507394464,0.9319153245954713,0.9196035598712013,0.8862012580382235,0.9097671522984018,0.8588071421268996,0.9343051465161955,0.931569014551611,0.9400358042581669,0.8671113113084357,0.9372641823588262,0.91371728858945
112314,0.9074596553913165,0.9620349433568655,0.8971783025703879,0.962937517199553,0.9299557970979486,0.9279992453586555,0.9105152417825478,0.9484569024558687,0.9414401524684455,0.927959950260865,0.9460942750460412,0.9512744131698219,0.9433539202797747,0.9275492140481055,0.8988604252074979,0.9418163038730722,0.9295329329087844,0.9565147557186712,0.9685169813492382,0.9348822156063286,0.9437418995800078,0.9474606269779916,0.9343924190084567,0.9450139127093155,0.9542860533901322,0.9655171857381527,0.9363317442747646,0.9436300139751348,0.8988187547462148,0.9416574304500892,0.9292539053641283,0.9433532466917168,0.937927565397549,0.938519293918228,0.8560883881137882,0.9268208645207058,0.9250722753277881
112516,0.9111039688459774,0.9554921602089896,0.8771830752190787,0.9505753148528271,0.9281226531717345,0.8674022924009342,0.9117454861094785,0.9429390886995802,0.9549393314279698,0.9126909637105612,0.9060624078748111,0.9123120318868967,0.9401761155264543,0.9355495715595131,0.8573918164867239,0.910280103102117,0.937308017240048,0.9496173076266052,0.9588613680827472,0.9219579999755042,0.9547168779318995,0.9314022472653984,0.9080396489344836,0.9430534586728196,0.9521093370470126,0.9598378084177037,0.9222283860142353,0.9434747584682504,0.874693640251877,0.9280597889303669,0.913216931731773,0.9053492299263901,0.9473857873387722,0.929756753081056,0.8725481869633219,0.9325686672005404,0.9146726279504769
112920,0.9144779748465913,0.9626319372231636,0.9348886772970912,0.9316071884029454,0.9377006524016793,0.9340110834444544,0.9237707594902189,0.9478479974482663,0.9375470307984025,0.9065051624618262,0.9255302182958284,0.93183319657098,0.9448525379789438,0.9429632799392871,0.8783871929604786,0.9379434620915276,0.9463141550084315,0.9367053193496344,0.9646976186010475,0.9320818556980607,0.9377575251486754,0.9419146935911537,0.9227426659847815,0.9488987239959547,0.9395081804389894,0.9589643491314237,0.9390781811830984,0.9249742923889588,0.8614588632236184,0.9426690240533496,0.8778287834544211,0.9434713315254278,0.9324712040118471,0.9311960242274832,0.893939004632326,0.9206941786858517,0.9227257591209138
113215,0.8865183917077232,0.961588127118112,0.9038579160227225,0.9559470379472573,0.9077228726150521,0.9269632297178912,0.8961719790685013,0.9353834686020983,0.8914563954116943,0.9349423950669834,0.9351032259317813,0.9182857861691378,0.9527535544959838,0.9381828945586234,0.867151259403111,0.9389835369814724,0.9501492210745054,0.9549277916281228,0.9605170585273821,0.941437457789527,0.8954807374136283,0.9441112524844028,0.9336096327524015,0.9558200152587081,0.945829360454891,0.9592539739848378,0.9403192771613631,0.895478652541671,0.7503299959562811,0.928935213159596,0.9283065384833105,0.938203816732665,0.9435694202747938,0.9375973588171235,0.8598201606828917,0.9330502565667194,0.922145342864501
113316,0.9219223065820409,0.9639300908440444,0.9080647664024182,0.9362050409543001,0.9334033234887482,0.9230679919757097,0.9106578201879751,0.9344089888648142,0.9464139851353897,0.9291045542897801,0.9222231543078279,0.9375968462749233,0.9451798121223166,0.9407137425816239,0.8777835106452722,0.9353882254403602,0.9313755613889889,0.9277852013151189,0.961774626660378,0.936795374734283,0.944850122743664,0.9306983552419498,0.9256919595220382,0.9367905605599034,0.9404728897140422,0.9624538766226067,0.9414243950611263,0.9369539465057403,0.7974301762634941,0.92266528198309,0.8867919072429116,0.9131593847341661,0.9217169869142801,0.9367282779538629,0.8737629607908892,0.9442797778173309,0.9224934667042369
113619,0.8939339100881711,0.9622810216518499,0.9223842288310433,0.9352837655117325,0.9163823894328278,0.9286045316165152,0.9146994400782066,0.9434489520225922,0.9334321134328845,0.9289652205538277,0.9268564148859902,0.9183575266185782,0.9388305140691566,0.9409600627032481,0.8732338418692596,0.9377478077423423,0.9191692254454961,0.9465265992657219,0.9559087753436504,0.9404137786562152,0.9323765549731511,0.9322615389558018,0.9266328444741468,0.9282199881867204,0.9453844444560502,0.9569311314644797,0.9366803970675494,0.9181709335841153,0.8177433015378812,0.924525739709486,0.874579719896986,0.9313034717249344,0.9508613173721864,0.9364799925358582,0.8631874709350109,0.9262184488915298,0.9126922998744704
113922,0.9165495884190703,0.9555914666805647,0.9335986794302051,0.9520653750444487,0.9298855020807875,0.9423588881705933,0.9189433086207174,0.9465349972848697,0.9345674000852505,0.9346409931288103,0.9350440261296662,0.9395705985033167,0.9430265747070997,0.9601118980038558,0.8816628058020557,0.9370846637048874,0.9272450180837052,0.943052349444438,0.9622700506860032,0.9186755853115327,0.9369874620897565,0.9509681520365999,0.9270606617961353,0.9361352351955198,0.9334146955454962,0.951055525536248,0.9250484211762523,0.940706004445803,0.8482355439587989,0.9270619680021671,0.847307965707197,0.9410831189154473,0.9338422525391448,0.944588416995983,0.8417930077895917,0.9276955416408602,0.9042619834646118
114217,0.9019240310178023,0.9568211115757466,0.9346478935986101,0.9531959077673724,0.9266788770551835,0.9269625368075588,0.8983630623267711,0.9366121019361764,0.9380174354437187,0.9365693951596836,0.9460222255870373,0.9334489392360336,0.9472646139737116,0.9517541322897926,0.8743593276630004,0.9289995808507957,0.9486965047557964,0.9537668874881521,0.9670347507791612,0.9335746469924597,0.9376545637636925,0.9275148839419065,0.9199296096055067,0.947615925159198,0.9506993344710165,0.967650306414887,0.9401927667486284,0.9211011898186546,0.8365610362583161,0.9146685861440537,0.8860233509090404,0.9457159860276177,0.9501445052012586,0.9407639459069426,0.8827123078551374,0.9385905313818861,0.9034339263300829
114318,0.9111758025304375,0.9697521401664773,0.9209818028531094,0.9450373116735277,0.9300027867552989,0.9346518432920425,0.9186898415159224,0.9549207102348873,0.9554544701647777,0.9249970506258048,0.940611735750409,0.9218410513501668,0.9515668304991518,0.9453492050246659,0.8932249062621465,0.9431615118819644,0.9520827499490537,0.9446276867855111,0.9600114825746634,0.9302318296958887,0.9562526923025971,0.9390994694956912,0.9338165635159383,0.9510884465703858,0.9503218849343666,0.9593484320222893,0.9366578622486048,0.9544239388243918,0.8610318666054079,0.931058562547345,0.9218445444798168,0.9451256004190527,0.9438253687721474,0.9422464666380621,0.883130769476794,0.9486456668397019,0.9273621011458212
114419,0.9145971620435887,0.9562804858879275,0.8903707755008851,0.958794501875581,0.9228664471192494,0.9041650567440933,0.9148539270331276,0.9368324586447867,0.924783513027299,0.9252996099812028,0.9191020734538753,0.9419208149892727,0.9459769602607659,0.9399070417106489,0.8683023082478026,0.9122584202985686,0.9411801831119089,0.9608780807866072,0.9571577752388779,0.9297746021705525,0.9305508995431113,0.9423599014708125,0.9070106770754338,0.9374171935256453,0.9534350948129887,0.9570752554502718,0.9314534215571483,0.9256275230326995,0.796285713859984,0.9226294435089436,0.8665561426492927,0.9123858980670833,0.9443169931559768,0.930946259420975,0.8592779889819718,0.929932497294419,0.920866439338675
114621,0.8928074393420958,0.9411362884651755,0.8887900356687531,0.9553647229571569,0.9333592239367319,0.915717254110603,0.9120170453409928,0.9516502840283265,0.9552224295204933,0.9178327599703943,0.9191154251028613,0.930216401583027,0.9526116413067433,0.9499021302386563,0.8692089479278461,0.9316860084057922,0.9317114480146963,0.9528870357713317,0.9623998854180688,0.9033816458511893,0.9551338180122275,0.91968480562686,0.9220234366513477,0.931466813279669,0.9545840881350287,0.9611194598115222,0.9234518306594868,0.9479489191769973,0.8598477841992411,0.926614308255915,0.8999921751259207,0.9265066121898329,0.9378793304036316,0.923541763051629,0.8952818005255205,0.9294367832224363,0.9179070172017895
114823,0.9072203606135766,0.9659011442693761,0.915832196936658,0.9471203886161633,0.9327001171318221,0.9311455607694392,0.9290492967734881,0.9452141720085584,0.9582992570027362,0.9138468588771063,0.9173518857780769,0.9353232003458182,0.9427548509235629,0.9001965459713432,0.8936087279125251,0.9384825788504363,0.9418491632134309,0.9463172103387291,0.9625466722827297,0.9180741232997511,0.9586874465570145,0.9549164129677087,0.9275911888842598,0.950402866664724,0.9462514221587283,0.9619995377687454,0.9269269611198855,0.9457739621447957,0.8772966866240621,0.95154401147134,0.8884018152656341,0.9475118589807091,0.945389399296465,0.9224652298642927,0.881531267397746,0.9236346722494865,0.914949136707066
115017,0.8996175210693259,0.9610412471605794,0.8817408920863476,0.9491921210882552,0.9280704762899361,0.9279067131400717,0.9113776347376203,0.9441052853618151,0.9370314686766739,0.9346179097756879,0.9410338100688754,0.9448010303558818,0.9448075715345924,0.9170455767869309,0.8576641238385113,0.9387564850613881,0.9416026958327492,0.9485853754513522,0.9628206521878401,0.9442562280279269,0.9385910045350061,0.9449375900193999,0.931509455205747,0.9384481419506244,0.9514917754809558,0.9625231653108026,0.9467823270954053,0.9325960655454789,0.8556803357330532,0.9471382010452678,0.9025471892520588,0.9406235735043359,0.950133198162877,0.9374933109341642,0.8702608090993845,0.9195306384493731,0.9293794670177109
115219,0.9235333145374841,0.958260613385625,0.9374893388772556,0.9491315442411813,0.9369749242367306,0.922402698081881,0.9040266177994156,0.9266709540744847,0.9423674961811368,0.9259120840585807,0.9230674016575982,0.9365736749996532,0.9315235379622685,0.9274679720533964,0.8669485631733995,0.9234993514239607,0.9175265215436972,0.9420039942647064,0.9566067092729447,0.9432550769573672,0.9441503280450729,0.942127176167851,0.9165684453967387,0.9224492418056058,0.951280994544668,0.9545282015073262,0.9410660710029701,0.9263741512848853,0.87035163196557,0.9399159897326123,0.9117366803315838,0.900382549861211,0.9481810884984494,0.931548724494022,0.8692808277631358,0.91433559566808,0.9386244545562646
115320,0.9330532897854561,0.9602932994650133,0.9059629304753363,0.9505010795815643,0.9408999669521001,0.9301402922963712,0.917324180254698,0.9482970211301881,0.9493146167050494,0.9253079985767237,0.9328227694107114,0.9340455309710926,0.94952223351265,0.915679909178594,0.896729978389803,0.9410878129754346,0.9182986869493295,0.9466987861469848,0.9530812159992774,0.9264452151301302,0.9494068140037135,0.9546221389829603,0.9310276356941406,0.9302552325492365,0.9480716940593819,0.9563451846434687,0.9279177184752273,0.9415117754800357,0.8905027341740419,0.9254143167187379,0.9048276599076259,0.9057195845687498,0.947088451204503,0.9400711206101087,0.8565820778998403,0.9171553396041112,0.9310658780943678
115724,0.9116542554557953,0.9680031579877968,0.9054758267412367,0.951753371291471,0.9436561335333049,0.9395613720104127,0.9270422121607257,0.952205768333756,0.9538050346480812,0.9332660292452966,0.945793045192125,0.9451482579847278,0.9405731178635413,0.9028537521970131,0.8666685215371749,0.9421232992092053,0.9490668620014706,0.9509814505252858,0.9654676353206846,0.9409853148105558,0.9527861995469494,0.9286144765503332,0.9379919585096262,0.947376569334484,0.9536329011392113,0.9642272888073776,0.9378952486845992,0.9475992765556862,0.8746130715436071,0.9122705561171193,0.9392536529040445,0.9466708846012397,0.9413834621465355,0.9417779625155918,0.886542398409996,0.9452914034301441,0.9255987732118128
115825,0.8790327950551072,0.9494709055673302,0.9041888462385445,0.9472825804032994,0.9362159899205675,0.9292651430546058,0.8973343670675845,0.9475240919623346,0.9431333110917711,0.9315059471946932,0.9279228515474242,0.9356354439446245,0.9476994553338727,0.9433642518226075,0.8533498598795612,0.9276430026106266,0.943071648553117,0.9530336314566062,0.9688255336935729,0.93318590102847,0.9452380696262581,0.9155887993454926,0.9181534703912078,0.9476734521742955,0.9499777875718248,0.9656836561248645,0.9352533866268747,0.9327643240932344,0.8109501487739922,0.9427863395946797,0.9093324496929915,0.9357345376735212,0.9526786449729989,0.9506390969675872,0.8523700284455771,0.9444183378134157,0.9190805655934867
116524,0.8972914507391715,0.9597848754024315,0.9082117040903891,0.9388742937248624,0.937256895832612,0.9185715624883538,0.9133261956626042,0.941390135792318,0.9334781894092719,0.9185293058972376,0.9317764453836935,0.9332458969352486,0.9502592323390957,0.923265288328113,0.8962375438643907,0.9254287955388988,0.9546051427823932,0.9453820783871486,0.9539079844977932,0.9226705779590794,0.9335477731180224,0.9419044169707259,0.9215600030481554,0.9582846052101026,0.9512746957607949,0.9570579108946695,0.9261131332793435,0.9320912542246342,0.886652320430928,0.9204984253879175,0.9021273073872821,0.9432617588502772,0.9373906404859362,0.9284675088097665,0.8917066395678283,0.8979481426450819,0.930724758776329
116726,0.9257405942115617,0.9648423146297671,0.9173407489297577,0.9493303049606455,0.9396164388546893,0.9318181287832258,0.900763095138844,0.9265875985146019,0.9220472773567189,0.9223474796057649,0.9065947280535354,0.9220155646388867,0.9513130774592111,0.9584955741811385,0.8796064959022699,0.9376928899251594,0.9365753796507754,0.9463004134387512,0.9541124454330787,0.9230165095842114,0.920475028615568,0.9496199071147875,0.9295007406062651,0.9293150294798576,0.9485274460023616,0.9620992056074821,0.9285344597270786,0.9161013067013785,0.8560394409955823,0.9522119008847758,0.913550402257095,0.940371170867254,0.9423079666573219,0.9395465988300983,0.8611398152529631,0.9033224932715925,0.9048977915124116
117021,0.919833770060658,0.9615134398464801,0.9313927243326146,0.9561885133177389,0.9349707033751846,0.9257462420464908,0.9138703546386863,0.9495995385388437,0.9442215840872387,0.9337093525199714,0.9424218466163564,0.9267855753971651,0.9360893627450015,0.9448454147686034,0.8943676187784231,0.9289650158302436,0.9525277065365741,0.9524296370971025,0.9661532190542644,0.9309377860401785,0.944470464582596,0.9418232223124559,0.9221151363194953,0.953711159524708,0.9518965946812387,0.9667814676713591,0.9396502082824024,0.9405265782079172,0.8751868405385961,0.9261256125005385,0.8913787917132827,0.9425647074792104,0.944369524391596,0.9422989151984984,0.8966287599301739,0.9432373984088842,0.9202045908131766
117122,0.9245077086736257,0.9518947865379958,0.9043805677810223,0.943272117160965,0.9384786259615298,0.9308433911943235,0.9106255541196062,0.9449166953270901,0.9441542667778406,0.9287128297270589,0.9259575886861797,0.9348847813455687,0.9417999839434367,0.9359354928600525,0.9011601904954475,0.9305519069453673,0.9337658149823823,0.9495566103393849,0.9634163905233692,0.9214781149479576,0.9435779297601418,0.950475264670534,0.9129085914465405,0.9446565351642293,0.9494125492885218,0.963720327402831,0.9350633199173327,0.9290661607148867,0.8900063689068775,0.9430745113262053,0.9039640624579768,0.930459402255696,0.9461520381920878,0.9341891953490615,0.8844693704024532,0.9293839180407176,0.9089870638325839
117324,0.9078563761805474,0.9383792025542328,0.8961038873110287,0.9538137415531808,0.9348858752272791,0.9161797308263855,0.9095061790501575,0.9479286268379886,0.9390835891957278,0.9333577070833465,0.9280450148624508,0.9336553575187663,0.9434643976151142,0.9489947401929356,0.8849838031344668,0.9109396410426741,0.9498925447721396,0.9497931121107817,0.9624663506880978,0.937496298492528,0.9360711259684096,0.9362134795696251,0.9069303515270374,0.9512704654083972,0.9442763630618857,0.9615062459845819,0.9379068988909358,0.9401436519313207,0.8869591192485352,0.9421779453281287,0.9023013747647985,0.9283860871203727,0.9393241636325766,0.9393828929372341,0.8831450251605149,0.9384244662490259,0.9192333673707994
117930,0.9046876727653814,0.9576983512310877,0.9020482153749344,0.947714019264501,0.9282491904071817,0.9227932001806844,0.9064922535165328,0.9518620678963956,0.9355707518865034,0.9416658782316842,0.9262226779911408,0.927349000693797,0.9487932151960089,0.8829274366618322,0.9145269396089926,0.9378131276108774,0.9361750010839575,0.9402328483490634,0.9647144545887237,0.94490920564574,0.9329402179047983,0.9439514504439988,0.9245827455768358,0.9372440743658873,0.9433240001042793,0.9588857532506804,0.9444602655193844,0.9339777679839065,0.8843659184121428,0.9009781266464405,0.9142083916355828,0.927700246394159,0.9372231052429849,0.942864452561754,0.8748703678248134,0.9527254942690722,0.9204827289072132
118023,0.8984133751700556,0.9627794886951189,0.9017365619232303,0.9498042121630593,0.9140283355988265,0.9330798440337624,0.9108868481031263,0.9383262181493652,0.9435119578165471,0.924705077874255,0.9263512691339922,0.931045544314972,0.932011355901972,0.9282495926982365,0.8914074508678546,0.9339047505058393,0.9482892205035452,0.945814502577311,0.9531864252328214,0.9160702734786141,0.94322427931176,0.9460516372287572,0.9250820362208132,0.9477930846087239,0.942390806647251,0.955561693756571,0.9234811943725548,0.936204270654192,0.8741582095289542,0.9179821256677608,0.9096336524058369,0.9379354778899209,0.948101337028527,0.9326033391876352,0.8516312457389527,0.9383755475545877,0.9241160081478718
118124,0.926667688350028,0.9584063562073437,0.9075317099138519,0.9536020225282006,0.9189251674178001,0.9460630540211318,0.9057727201230358,0.9397829684709249,0.9359593194947035,0.9189443584609328,0.9184516662156086,0.9211509040900661,0.9401861532794005,0.9356341236114429,0.8997051472536991,0.9467067387862768,0.9501127005712818,0.9512113960048101,0.9522458774941808,0.9223421956377879,0.937301841461188,0.9487013672585989,0.9401518499474477,0.9559915634024766,0.9446262811884943,0.9496791558042633,0.9263304656762901,0.9301000366521636,0.8798180784747817,0.9317698397382932,0.922363163470937,0.9378883969106321,0.951614958662975,0.9477990106760024,0.851631874545131,0.9349370699235363,0.918989702807589
118225,0.861412941313149,0.9534043121827582,0.9231746506794661,0.952093020343584,0.9360151974466735,0.9315178045001912,0.9002301363948446,0.9470448754487785,0.9105811762040477,0.9062136272923594,0.925500012197275,0.9260818896225883,0.9432297634611712,0.9460378873437473,0.9025011582406341,0.9344785091858766,0.9407455701814553,0.9447525103790243,0.9567636325831623,0.893265184954608,0.9110776379946763,0.9456817476199536,0.9291596345819872,0.9427691047095712,0.9453731271013147,0.9554059125494485,0.9092558567397364,0.9124562760204233,0.8364159710702003,0.8917853262176877,0.8664563246709165,0.9448853804743053,0.9449163339101443,0.9339370532058829,0.8539225797151303,0.9143858150905515,0.9146043360765904
118528,0.9011179977843662,0.9565169690886419,0.9156870569234185,0.9479157827513663,0.9205118488863384,0.9222950954518064,0.9086286278931406,0.9499045150406735,0.9485491870675248,0.9223902578703037,0.9211150986377665,0.9163907577124064,0.9512191990123561,0.9289922720758146,0.8995625456897995,0.9300374212420365,0.9418531192758206,0.9457255698045305,0.9637607935575553,0.9247380381623628,0.9489904209250745,0.9257419770453387,0.9223364171625262,0.9423844284715971,0.9496593206158627,0.9637018346919938,0.9231754396319136,0.9343010622551909,0.8631931430530105,0.9518962489867618,0.8858467145103404,0.9356714792436533,0.9456528625425612,0.9556968837163665,0.8707678529693472,0.939848279078299,0.9140639720687639
118730,0.895246064880238,0.9599510499030814,0.8708409329678168,0.9217620011355532,0.9240071046236102,0.92989888439118,0.9150245284808015,0.935325212596868,0.9511437454252615,0.8931863964473562,0.9311922703560034,0.9266611965425008,0.9470276779519724,0.9541266271224377,0.8713953140054056,0.9305257141510952,0.9407242489284466,0.9419021807969905,0.96006340618353,0.932381981446255,0.9489968884960364,0.942831018374179,0.9238959502973216,0.9418634322078526,0.9464396510530872,0.9598058392336196,0.9374597009688757,0.9353206019414508,0.8632535877400298,0.9257758104116695,0.9114218430227963,0.9331127143088905,0.942602243323827,0.9477403858658202,0.8665094853050548,0.914810921113848,0.9185826852255364
118831,0.918492301769011,0.948741515540104,0.9194238433213607,0.94278564109681,0.9371025681123681,0.9240484773980391,0.9037982283651838,0.946672076716232,0.9329261921347743,0.9155084109498375,0.9411238784341432,0.9353788882216102,0.9520250095889846,0.9321435335534154,0.916888341708056,0.9102946055614826,0.9341404252858798,0.9460775937283161,0.959745660660157,0.9381068344941087,0.9334848557231957,0.9340286990130124,0.9087081852810751,0.9490370502212158,0.9452764941454812,0.9641674252957404,0.9408884730913428,0.9201449890224846,0.8979727055596854,0.9070103987005957,0.9091535227175033,0.9307245675581209,0.9429916289893557,0.9427571407667672,0.8738127625784524,0.9330711139367025,0.9251656547006734
118932,0.9023111896405761,0.9647854686577815,0.9158598370468092,0.9484706918228349,0.9355432667092688,0.9378620625326667,0.9156252328653985,0.9325509168709324,0.9348511328721018,0.9353921379430005,0.9417231370311024,0.9369190500314089,0.9516184816741567,0.9366970470384692,0.9031383464623018,0.9464764500351367,0.9455552835095679,0.9473173224503099,0.9682149307697011,0.9378737424521797,0.9353703053394327,0.9469532678688658,0.9348929929718475,0.9496949614220731,0.9504861154578996,0.964933687123359,0.938902101535706,0.9225615099272872,0.8901811300237154,0.9294234024145694,0.9302274697377806,0.9412386203137918,0.9428843901797883,0.936605360062488,0.8860099902887129,0.9381633291016223,0.9306768922581513
119025,0.9091332845814016,0.9560604099242624,0.9092799870751984,0.9534559968381655,0.9281776416348927,0.9386227194160345,0.9178154229059926,0.941727094202553,0.9334737234285461,0.9228894504886618,0.9271268733297884,0.9434287334230844,0.9396662576469772,0.9256446436332469,0.9056063040849418,0.9423727734288523,0.9320283824744201,0.9509340162147243,0.9529245814861995,0.9242163251278203,0.9379885976781683,0.9433246845188786,0.9376803317145802,0.938458188916057,0.9376930254150623,0.9506021477749738,0.9270740981439826,0.9285554879685126,0.8748441173034092,0.9227202812255789,0.9218967089958781,0.9389538096897105,0.9412174479672514,0.9484137149177414,0.8958272927008535,0.930424324016168,0.9188153735491231
120111,0.8932901271854694,0.9589545044357863,0.9060814336390539,0.941827040095206,0.9118467176703369,0.9224098665181419,0.9167298015422529,0.9354544029428898,0.9408398039641646,0.9323238317904023,0.9264747714682974,0.9354844052986067,0.930754117728808,0.9333362776247177,0.881004591183759,0.942435954202544,0.9583479244639507,0.937743384514079,0.9632636551693796,0.9275395462101375,0.9421490945364052,0.9495400941148058,0.9324100834333433,0.9618571960506535,0.9408202662981954,0.959605656269236,0.9369226012941395,0.9370425188990176,0.795511782233017,0.9089973717089908,0.9161453623809152,0.9510210146506846,0.9317010034361219,0.9392403351572055,0.8356491714052288,0.9324877762840623,0.9296136122254165
120212,0.909709280035548,0.960757908225788,0.8988903964346523,0.9516677041609132,0.9275141257612382,0.9298290029294612,0.905706433979175,0.9392974607125351,0.9422571582444231,0.9158736730917758,0.93155595262189,0.9273684005006241,0.9446835955285154,0.9487330762092224,0.8989841695423711,0.9365830890774816,0.9442782980208815,0.9496347070007388,0.9654855556508066,0.9280226169509944,0.9429087813350765,0.9360615920216974,0.922554055375379,0.9427727915181137,0.9483792654503497,0.9645472805145423,0.9232966404327584,0.9376588150269028,0.8561992603308632,0.9240598388169267,0.8888343241057239,0.9346145287985088,0.9524634304452461,0.9472626605452511,0.8536086566708254,0.9225892174894444,0.9148188215461621
120414,0.8738279569193578,0.963686584985717,0.9121398832340452,0.9312289691137445,0.8749229064564206,0.9160054847274492,0.915127738445621,0.954061574542404,0.9446230655803598,0.9180582886131442,0.9221496540923869,0.8853745008780252,0.8922247327577751,0.9418082472449931,0.8976881264475356,0.9344215735617664,0.9473389089349176,0.9305960688354211,0.9536375950841998,0.9127965011509968,0.9460800075624284,0.9529797967348282,0.9230303772811181,0.946022169040855,0.9486490446047682,0.9594892112242622,0.9181501798330794,0.9416082137767092,0.8832999332193969,0.9559181965232865,0.8509747460860886,0.9278035471715347,0.9309801109365021,0.9437366201129427,0.8391975289109749,0.9495459916968352,0.9103805527574388
120515,0.9197633113498449,0.9581392562217286,0.9168440409512519,0.9573984418188084,0.9319435029592164,0.9273864218803395,0.9294953016316909,0.9522092357289683,0.9510813143308481,0.9254026002782345,0.9224983848288066,0.9252695674399353,0.9454613011976717,0.9440743630252045,0.8960701168434724,0.9387734525561405,0.9335690657238149,0.9563587507737812,0.9720733514395025,0.9214987485423652,0.9494374498919036,0.94949535990964,0.9241621999456878,0.943258586304182,0.952820244211563,0.9692364911647653,0.9229004075699567,0.9471932377133772,0.8867705016789929,0.9341524350347558,0.87380330757387,0.9306245766568714,0.9451386838291972,0.9423231065622087,0.8746748456957266,0.9405184686990331,0.9175497338828047
120717,0.9086078865971721,0.9573407991487246,0.8691921590604156,0.9440674567407914,0.9104086839563291,0.9156037474008395,0.8989978001797193,0.9365610028777025,0.9422911988317964,0.8964488251731036,0.9284683924360854,0.9192461228662097,0.9452258064507212,0.935380311713893,0.8507300584327308,0.9126518965178873,0.9364449697688412,0.9496811547698758,0.9500578595700644,0.8995562551632443,0.9427931047631729,0.9534249023267362,0.8961231191167388,0.9462604767118924,0.9449715517952809,0.9501612240357297,0.9123715699328017,0.930174093876509,0.8356347317660054,0.9315746838526525,0.8244647246370848,0.9424194550918201,0.9414713186299002,0.9319338714579359,0.8525547557226738,0.9088601688880401,0.8983546133776744
121416,0.9113810392199665,0.9661108022940572,0.9076931715985336,0.9456667258751204,0.9354525761620357,0.953013873126219,0.919352572181297,0.944785759875705,0.961867940308201,0.9217437164246889,0.9354633768566927,0.9430307703115095,0.9375047041950928,0.9560866042633596,0.8872906346624699,0.9582798028529709,0.9319760332760916,0.948365848412522,0.9697613007987509,0.931984063553146,0.9603171231841114,0.9603200906021117,0.9471805708969241,0.9420509236325874,0.9413582474158939,0.9646436541509754,0.9369440082436415,0.9527373853554434,0.8645124024695908,0.913245493298963,0.8847052386071501,0.9362537297681313,0.925225653683905,0.937875883074317,0.8843609713786176,0.9206067475681423,0.9180737820162085
121618,0.9120602180886175,0.9555215067358849,0.9056394630848725,0.9445603750670482,0.9299295123759433,0.9350317180845186,0.9203113402844653,0.946831576231477,0.9497561834568197,0.9138695731402003,0.929216047539856,0.9083076405321693,0.9492418655657404,0.94383254801228,0.8976437734456315,0.935945546381471,0.9343457560001749,0.9435869412203489,0.965830129624304,0.937355042006043,0.9509593064690561,0.9427986407431221,0.9286017857922081,0.9346383415999169,0.9473098272848678,0.963272704751858,0.9372491357807317,0.9434647604209505,0.8449374686047335,0.9316929948248839,0.8924081742313766,0.9088224465369992,0.9497826873236216,0.9467030767086286,0.856745736416461,0.9340986955532196,0.9250919558024083
121921,0.9266006943551104,0.9581653902531658,0.9103028833842323,0.9366613354310035,0.9403159262352502,0.9362600891529484,0.9164092214398947,0.9412714425541644,0.9388173386692665,0.936257854940963,0.9334206125184212,0.9396800939383262,0.9488464172773616,0.9320015711849132,0.8670174223263151,0.9407430874648969,0.938661561794868,0.9366912578811495,0.9573475858953439,0.9457800238503409,0.9395540674266827,0.942015842278916,0.93634402424187,0.9445507745492329,0.9393041832348373,0.9535224372796565,0.9466559813421828,0.9308465778141269,0.8883896221390047,0.9476526097812188,0.9211093755227538,0.920104095801241,0.9260873168198643,0.9410769784764517,0.8828323698959673,0.9469878188183466,0.9210980539374863
122317,0.9222548902666825,0.9484368137584741,0.9069263203429264,0.9596385284342291,0.9446197663786906,0.9357210996512604,0.9208728741902192,0.9299835726578776,0.9388953913072845,0.9200571260584831,0.9308041003328476,0.9340124601039747,0.9480121198590472,0.9370879796091497,0.8838507800992003,0.9379698801714442,0.9308742057365234,0.9558018508294401,0.964184519385909,0.9307466664366635,0.9377526981955921,0.9402308687407378,0.9224740787296344,0.9334289376380053,0.9597581569640611,0.9650869728075908,0.9281299434956204,0.9269710313559624,0.8302676094338209,0.9110503894950972,0.8794535972943401,0.9339706843190347,0.9564866635273911,0.9506404695661588,0.8458215647814995,0.9205146770808126,0.9212039367898904
122620,0.9096356197759098,0.9461009066607258,0.8978223298965595,0.9489532949716302,0.9202126008582994,0.9441903139642693,0.9172196970373465,0.9429089441720063,0.9542842546304842,0.9044120855828902,0.9129357737585169,0.931087393065341,0.9519256859245817,0.9423996003913432,0.8543566902817561,0.9330497942239697,0.9397282381564187,0.9451095627702685,0.9659338623793837,0.9081541180262587,0.9546175036066401,0.9414837219608189,0.9280371056622633,0.9428055224285038,0.9457362345931818,0.959792960273282,0.9158949798120078,0.9447194765148925,0.869386437777834,0.9309982108417281,0.8926020559074322,0.9278322047330628,0.9463446680182467,0.929710233682482,0.8534612004292752,0.9344030926376793,0.9144301948998822
122822,0.8956330608664609,0.9613282386228045,0.9171947839465567,0.9636267307619669,0.9277173126784626,0.9398364868904009,0.9078756857896614,0.9399722752785448,0.936848836188184,0.8986691510530597,0.9092629510493621,0.9228503739493737,0.9477259194211247,0.9538504781277175,0.8753629844881877,0.9422008812266103,0.9497315103140663,0.9459408235912311,0.9664660423075753,0.9043913076520584,0.9371706194554194,0.9454795444862109,0.9398624641186456,0.9520623781203035,0.9440623707353457,0.9630284277685129,0.9170037896783424,0.9326296447959453,0.8659911112319462,0.9282976295559775,0.9271283338643572,0.9377054603739023,0.950136234714172,0.9471133864868195,0.8963139567082388,0.9231263339089845,0.9246102782651795
123117,0.8888947511465782,0.9544375378334568,0.9007291579142168,0.9513977269563,0.9195640349010745,0.923023224057503,0.8902178221197763,0.9335664965443243,0.9363390952009517,0.9187275633113368,0.920929619508226,0.9254838399427968,0.9385899325126013,0.907853788518229,0.8784493176701055,0.9170499094092076,0.9452108403059892,0.9517957088892874,0.9582775571467135,0.9226841134438502,0.9344366522934658,0.9210019977102067,0.9109273427368547,0.9454377775582707,0.9447700254008226,0.9521034052410602,0.925575498913187,0.9217392505862033,0.9006574674857615,0.8934051174421748,0.8514448242637581,0.9300375596523713,0.9544740895821848,0.9447396887106245,0.8837706395446748,0.9144147739480849,0.93492867964208
123420,0.8619289989378112,0.9616813794451894,0.9078422091186299,0.9449634237319341,0.9116700576211282,0.9265039014658752,0.9113456581386569,0.9369945657300887,0.9529962351796338,0.91211634444654,0.9258477480665744,0.897929980602974,0.9315364629494021,0.9255654273221364,0.878756710044226,0.9288020639574628,0.952650625908528,0.9427724035968539,0.9538327508720309,0.9064028106591477,0.9526656648021724,0.9302770180276443,0.9224414125845664,0.9446519541200136,0.9482677113849579,0.9533277054851086,0.9081027768464066,0.9495721816190532,0.8814442613590117,0.9279135080851456,0.9257092378134465,0.927968345053901,0.9411969289898524,0.9242450934988372,0.8797359224688803,0.9272111481130492,0.9417631244089716
123723,0.9161579706086055,0.9533366933794787,0.9106698096826541,0.9249324591011776,0.9293459130024244,0.9173428356251143,0.9229914810393918,0.9435853392539126,0.954061997044894,0.9256651094694255,0.9319448074072191,0.9210562299111259,0.9488464273035627,0.9387073968466576,0.8895888470060513,0.9285716927287484,0.9423702513010707,0.9318214150274278,0.9570028838720264,0.9249659147538895,0.952138087927073,0.9462720391354865,0.913338064521104,0.951152724571431,0.9379154456087827,0.953990258234344,0.9264180738826541,0.9500698203402177,0.8822205692002016,0.9405195955374495,0.8745983903453189,0.9395287737546709,0.9072545426273639,0.9263518172177296,0.8860404301265796,0.9261302517152386,0.9229865717433355
123824,0.8888878751244017,0.9528131193500328,0.9052343922895766,0.9318824534326996,0.9148289121890415,0.9168758421704084,0.9025790269365667,0.9298827099458006,0.9324634564490133,0.8375765861602474,0.923432210247808,0.9327238875865927,0.9448220281480738,0.9389113150592348,0.8647315316423849,0.9215211317517847,0.9389186159963853,0.9435377345269513,0.9559771871995705,0.9204378055269412,0.9339261675349377,0.9452043168734898,0.922632262832533,0.9396293830328364,0.9419013148074503,0.9578667263283286,0.9259716368593495,0.9204519644236524,0.8914037618552617,0.9257044004812588,0.9124083632451807,0.9245484171193258,0.9507779281407358,0.9515847669908953,0.8646289934333542,0.9275712932058584,0.931581107663546
123925,0.9070266901075982,0.9587312485483371,0.8780177133576469,0.9469127795492522,0.9282796201798583,0.8935342838507891,0.9096082160255297,0.9525898052787963,0.9493472000631134,0.9146577640678266,0.9117154504086004,0.9252987793474308,0.9464615937523779,0.932947081818472,0.8676599001011072,0.9321538234802031,0.9048459009268457,0.9379314650876204,0.9635313410803098,0.9211795219503406,0.9504686406827679,0.9484049048847806,0.9237204179174655,0.9257681164551275,0.9468064451891051,0.9631293395060547,0.926231269213262,0.9411472071317513,0.8388048190340051,0.9503000163256186,0.8568895680841488,0.9115970703868121,0.9342469273214448,0.9419634159221225,0.8738260787352387,0.9524335473735996,0.9202392895879016
124220,0.8802894837253132,0.9521051065872955,0.8805643662583142,0.8220876110785119,0.9072702129912469,0.9081991830621114,0.8941712165138698,0.9243621997508409,0.9419325295437108,0.8741464440740643,0.9117850694475265,0.8989131793524263,0.9205929035429238,0.9196848878203155,0.8845040519781138,0.9163582164248936,0.9271838860932673,0.9402479711671933,0.9560255665227982,0.9099593784007703,0.9401252435477097,0.9470600642536122,0.9115677528554755,0.9322074016582927,0.9389420193810066,0.9485987863423851,0.9046368653548331,0.9257256199761613,0.8352020550647057,0.9239314327770431,0.8893915830587127,0.9125623795376958,0.9414806435626795,0.9462978531244252,0.8714492896918571,0.9090273450012019,0.9418679932980476
124422,0.905070681831682,0.9498122639815629,0.8917602425585179,0.9602787579872555,0.9360865764892093,0.9265016862088906,0.9096922172012399,0.9438444067938618,0.9477215885578686,0.9439368610638623,0.9435116354203256,0.9395424516538462,0.9504836705728891,0.9581169939795829,0.8802988959066063,0.9249718789521032,0.9264320658062154,0.95575858784904,0.965419414202896,0.9501587002944113,0.9496290348431582,0.9378628440893679,0.9152923147210525,0.9480576693129922,0.9556633925966072,0.9613928450430204,0.9518973792640942,0.9316921537212715,0.8675361213713947,0.9377334501978766,0.8664218404105196,0.9210398671295502,0.9499772941051556,0.9475445460874719,0.8884768063484986,0.9426361806798296,0.9186658519015088
124624,0.9046221937603929,0.9668773539419047,0.9202075958841893,0.9557479042211091,0.9302638342260208,0.9299891402542745,0.9237407563253651,0.9517373677775763,0.9392975405644158,0.924649449272017,0.9266479641618074,0.9356866994448461,0.9437542563069693,0.9313616815610957,0.888900146140582,0.9360267623936169,0.9547962313222482,0.9501072081463834,0.9685766406296186,0.9250467861587073,0.9403862513748943,0.9506057840540304,0.9371302599742746,0.9598088709121212,0.9466804684498142,0.9654204862249309,0.9280068059517209,0.9368144402465903,0.871631452133986,0.9291211665612741,0.8835312518633157,0.9466671453953259,0.9377383667377147,0.9474621650452258,0.89180918070305,0.9354946111733814,0.923196195648806
124826,0.9049954594349059,0.9602816184597482,0.9111554078421216,0.9524379410193635,0.920544575693714,0.9284268329758236,0.917827941155573,0.9439511507035048,0.9556245800186115,0.9139805329904579,0.9096128662638046,0.9294853755498251,0.9394451074505391,0.9353700294930017,0.8854205862343105,0.9298783572783546,0.9443712127492162,0.9478823702882537,0.9597174830218366,0.9082243515172033,0.9555528337920299,0.9454263404254267,0.9252382864712321,0.9426734289676487,0.9544572616290028,0.9634744417470842,0.9198775389317378,0.9397402528542247,0.8455550949893431,0.9473520515804551,0.883690506903496,0.9393330566028325,0.9424201049784671,0.9347701606907107,0.8585653053432553,0.950469847438237,0.912894943807022
125222,0.908800925720885,0.9579616138228194,0.923041041133764,0.953407415546956,0.9223328466135006,0.918975887905511,0.9093618824508508,0.9448214777959195,0.9376948178110626,0.9234032777252759,0.9155492936955426,0.9418805269175519,0.940941963571603,0.9303746912985272,0.8721804350180355,0.9226569386967766,0.9400026716666878,0.9510016625180409,0.962240895898706,0.9351995743103253,0.9375106597692526,0.9523937403304328,0.9200502240905002,0.9360096156713458,0.9459932088398695,0.9626671222821704,0.9388512656591199,0.9317702089853578,0.8703351220205331,0.9144607014727296,0.8765741201691712,0.9272481657552324,0.9414981566813775,0.9277340868565674,0.834058426911694,0.9387097154888812,0.9175509104238028
125424,0.9005536058407,0.9554553167368868,0.9337883558721757,0.9485461148660737,0.9228984928245778,0.9319057854431229,0.9317114997250072,0.9411384365748509,0.958978574684241,0.9247340723935111,0.9241675694713585,0.9264028325288778,0.9447356563100777,0.9561102574097758,0.8893662909912515,0.9269017439232943,0.9493441793494124,0.9447315817202074,0.9606561949478111,0.9361400563073167,0.9595803476949862,0.9418403791835627,0.9184025587349426,0.9450238603738297,0.9555732967775782,0.9637627149027805,0.9357234162932152,0.9479499886270567,0.8594218981240528,0.9382769552806713,0.9035308859531267,0.9326987183841972,0.937204074538158,0.9498593961012763,0.8904708356695619,0.9547591676671878,0.9348865184323361
125525,0.9283834043260659,0.95656289696214,0.9146842678025136,0.9374080650954187,0.9498076793437875,0.9197688275773085,0.9028820693182634,0.9368917926164004,0.9422641505537743,0.9183254533387837,0.9226676605876705,0.9132075078509027,0.9394804111560614,0.9403077179053966,0.8645399130187998,0.9282178876529967,0.9301072981535847,0.9298009908617537,0.9671277696800102,0.9171349615140724,0.9429062016222335,0.8926339528801245,0.9226266434760981,0.9356079331403008,0.9369831358529618,0.9659080423643512,0.9241558166507635,0.9393346385440376,0.8541153530358473,0.9122279188885714,0.9131350259637845,0.9277561746395577,0.933546772700127,0.937972539946684,0.8833814832726579,0.9381351721508077,0.9147846879439248
126325,0.8865480982279242,0.9553864066949413,0.9303375727351103,0.917186441738038,0.9105996767069787,0.9202766511044901,0.9104828771390175,0.9446015008720843,0.9393422190240996,0.9269535022086554,0.9058117121496699,0.9318627536907016,0.9409132620937917,0.901670593681108,0.9048765058682814,0.932368778889172,0.945906333325365,0.9178202334234217,0.9643994042975578,0.9318365677911925,0.937822034925569,0.9546705357914003,0.9244508472574914,0.9360293559078341,0.9360115280181436,0.9644802455269044,0.9375055343296518,0.921319296039821,0.8890192981023619,0.9513596859197082,0.8747043139784448,0.9336214998979994,0.914031249772759,0.9391434525049049,0.8360964530370373,0.9192850408506433,0.9090267680101267
126426,0.8997309130636281,0.9443344558710822,0.9110033193994087,0.9471209292639682,0.9283543628922853,0.9182320214564635,0.9217728887962701,0.9432802194171857,0.957216163873963,0.9021540147933158,0.9104196643401121,0.9276596639495301,0.9360993227400106,0.928021466625856,0.9118037260438703,0.9272481820358479,0.9315443081477301,0.9441326109277188,0.9556151272211761,0.8947691057490902,0.9556808045316172,0.9555828265453493,0.9116964511856741,0.9350770701078343,0.9460523670247385,0.9591790805166749,0.9160695730298483,0.9524169765685941,0.911928297540271,0.9233776369375019,0.8145607769425698,0.9201061266036231,0.9271954020126063,0.9366034172157519,0.8801374202689233,0.9367476620516249,0.8975869502955239
126628,0.9191492126631384,0.9654801822582884,0.9018184275679623,0.9390883727230768,0.9294524255346347,0.8980758128424139,0.9215715718596991,0.9365604625260547,0.9443990807335252,0.9057669773292689,0.9222470045253037,0.9304521786234216,0.9447602074610187,0.9322573225659636,0.9177368198866206,0.9206720556789795,0.9488844462846207,0.9408809845818851,0.9546395459229201,0.925392102444702,0.943969092105576,0.9538757628248509,0.9182837023035189,0.9517554654329473,0.9464952382774168,0.9604515096641483,0.933124112085465,0.9371450849820623,0.8664888113807931,0.921681445513511,0.9126020621169362,0.9229942404574252,0.9379009885987052,0.9419023675435939,0.8468080569641023,0.9290095049441073,0.9221363386414542
127226,0.8786421674710823,0.9454118012812274,0.9138337191161569,0.9517858887835449,0.9306550523905445,0.9316427429825895,0.8959022833840361,0.9237504815469414,0.9344016500628017,0.9281010986993117,0.9452197573856276,0.9347808592557686,0.9507262800267416,0.9510486072765649,0.8861251253395162,0.9316685503878883,0.921481130275492,0.9435039038226573,0.948841943322293,0.9332513726298227,0.9346329302978084,0.9329020563907413,0.9234902252713968,0.9336231614865705,0.9421904772883961,0.9503837996381169,0.928737349735664,0.918784947089643,0.8678923574451645,0.9351822612550947,0.8673423689329997,0.9226060758703384,0.9540566196398371,0.9460566441775425,0.8722345352008912,0.8746684413695824,0.9101376572053884
127327,0.9197651976240346,0.9623540635892376,0.9264472077860167,0.9526186361736558,0.9335674345670854,0.9469111371551377,0.9183743638003854,0.9380445056238252,0.9527346224312785,0.9120212978119172,0.927382813131281,0.9277000068979515,0.9361551955641377,0.925271194043602,0.8934562066989489,0.9340506945387851,0.9476403452818513,0.9446363242120019,0.9550322403108459,0.9201279876610362,0.9528974602759999,0.9505107153358743,0.9310681486466335,0.9468142373083022,0.9401461087192211,0.952976525025606,0.9264922233982394,0.9427424435444454,0.8815125633228591,0.9313220882777608,0.8990471912699572,0.9158437182926294,0.933050182628527,0.9221208894034655,0.8863738349601253,0.9264312770525066,0.9303835142641431
127630,0.8894316111917069,0.9651045379886818,0.9109118428748563,0.9575879145628502,0.9202525468138836,0.9296863863790761,0.9116384957350012,0.9424542358114065,0.938861340417426,0.9256940640075736,0.9211803123209586,0.9134256974380018,0.9508804479576733,0.9538890531523191,0.8889348611213475,0.9440114787836331,0.933454507485566,0.9541213942376964,0.9690137096879883,0.9263232738016082,0.9385691076394278,0.9365646536209469,0.9291825270945725,0.9392046616362016,0.9567052959320292,0.9664312409930473,0.9276478845878476,0.9315114806880316,0.8632052777298168,0.9381617046909385,0.9332138962151275,0.9300697455911867,0.9531628658507881,0.9515798186767207,0.8442731221042509,0.9201543218278162,0.9213249321447108
127731,0.8967042208413987,0.9637671625792894,0.9134468706332053,0.9532849312384309,0.9202182797734647,0.9342061044369548,0.9202595523696211,0.9369917017364978,0.9544372406423222,0.9317130565383915,0.9109800077902576,0.9311324234696817,0.9302805869826473,0.9601212160145715,0.8909808686775275,0.9445600396111746,0.9448223257259436,0.9504895749590486,0.9604530504803233,0.9311942140593487,0.9553923466894424,0.9526240726529946,0.9327157022428366,0.9478207769242907,0.9376384645221294,0.9529189887882811,0.9263655852214345,0.9446875292282193,0.8684914354608756,0.9291046914366747,0.8863059811303731,0.9418539495158975,0.9492072014876924,0.9489784020852114,0.8803901877371144,0.9414057131769658,0.9207918986700535
127832,0.9098426630522246,0.9642047872364425,0.929953383990867,0.9338036892671082,0.9246668553017142,0.8852939032145036,0.9082248454620419,0.9422662994144807,0.9489996503640443,0.9148708050404443,0.9306215293452256,0.9275446699506905,0.9470171337388027,0.9335094665489869,0.8801921398824389,0.9255939244385427,0.9344203459981003,0.9319742016040872,0.9661136800029463,0.9158449698508004,0.9493715468375478,0.9492735827011638,0.9225372713506044,0.9430691215680383,0.9421273951788313,0.9658613169910095,0.9250326830297837,0.9365822055833632,0.8667195517822279,0.9205171046735431,0.8843899089884528,0.9381562186828305,0.9291999442737767,0.9317806380456869,0.8481929752918236,0.9524895866843154,0.9187287522328129
127933,0.8649203655283154,0.9597396626852382,0.9285414461787632,0.9501506339690462,0.9174959692022951,0.9407114152718381,0.9247727370492063,0.9336341597002326,0.9509036629733907,0.9183516020194218,0.930009846259987,0.9372081992508224,0.9437094823787995,0.9345923579414532,0.8751665979621701,0.9364214025486061,0.9418283486515601,0.9547008083100054,0.9498742434350755,0.9242736881281988,0.9525841004026396,0.94224845946169,0.9238173917186996,0.9440040363775025,0.9434793683950252,0.9519831848250312,0.9352262841010467,0.9424740277815455,0.8535973682852247,0.9409276882275617,0.8936044489613317,0.9445541818424444,0.942058346274456,0.9344427465845773,0.8786182658918008,0.9445814951925054,0.9096043842304061
128026,0.8847599856411319,0.9621806049003494,0.9216052170838586,0.9400230132619649,0.9122405244126351,0.953458430215189,0.8770927495066098,0.9384007545506687,0.9597578146749475,0.9158209650264865,0.9381783819054047,0.9303402933011983,0.9406593244182804,0.949360313386135,0.8966385575304775,0.9553749544412483,0.9473501396354251,0.937208509758725,0.9555207136555165,0.9314374957117122,0.9609396167535985,0.9508660944624957,0.9486410666873617,0.947528799398166,0.941442138091478,0.9529062576733006,0.9300003660448938,0.9305697802117178,0.8813723832958729,0.9050835192478142,0.9167582668200507,0.9322309415242142,0.9314494718071005,0.9311963468539352,0.8613083745153013,0.9315661777343703,0.9173185497167171
128127,0.898484835032351,0.9613263413342455,0.8742767794136345,0.9559421045679631,0.9218753975606476,0.9274999937191345,0.9094227620187755,0.9410424164420196,0.9397211515180138,0.9365274643374805,0.9477869037432318,0.9221542706647868,0.9527926449346196,0.9415731902769524,0.8795217658285868,0.9378673082517018,0.9469484184220716,0.9534660226382727,0.9591793539238069,0.9307738263524995,0.9407426848826155,0.9528277349969603,0.922063162864074,0.9572624387425429,0.9460705493914753,0.9541748083139915,0.9315721808441145,0.9286076467060539,0.8422633512853568,0.935445624516502,0.8679249380069591,0.9556074128163142,0.9480520956945263,0.9287154315244811,0.8178247400402736,0.9287686595156394,0.914261995836214
128632,0.91941708710826,0.9484828001350079,0.9058264985389108,0.9415797261261808,0.9189257851434937,0.9239790280877265,0.923877282995868,0.9516144627909213,0.9439051829191669,0.9337445005290896,0.9425167286770184,0.9292625007808745,0.9414153638536094,0.951045283308165,0.8963623617368447,0.9135274282123713,0.9061597054754249,0.945235822238271,0.9675313540498582,0.9340297095715476,0.9452675842767853,0.9568282328728587,0.8970795198171755,0.9234851779023683,0.9507670079363337,0.9626955877878831,0.9402932618053973,0.9418535078480271,0.8664877891546665,0.9437937386005919,0.7530509395824732,0.9120112088284598,0.9233511412871082,0.9316719920506683,0.856692888678088,0.9414094279763596,0.8883514436810199
128935,0.9179151423540514,0.9556815310869929,0.9100942748332862,0.9540487960720256,0.9246817652824854,0.9221853272818433,0.9286119222246998,0.9417695549914035,0.9488840206094791,0.9190248686702676,0.9170398051923422,0.9350635725184183,0.938036946557774,0.9517566892409453,0.9101958959892951,0.9282238733026987,0.9494157883478209,0.9492692221466794,0.9566085546432259,0.9208443968887726,0.948711230828319,0.9460750533202273,0.9204734813009557,0.9534411200850652,0.950812808984477,0.9580996411082988,0.9264751362789236,0.9428378013030064,0.8848728285570819,0.9028436302981008,0.8872151312190922,0.9448001192660075,0.9462984778193928,0.951655633105708,0.8986989245285737,0.9544231280970756,0.9133877910066724
129028,0.889984808132511,0.9598130451722906,0.9053924815450635,0.9458537357267505,0.9285737514599087,0.9391635126451927,0.9133449896460344,0.9438018078517932,0.9494970018588714,0.928661460219911,0.9226081760526268,0.9353326513340919,0.950909937772703,0.9349668868821684,0.8937348629931642,0.9345966872412307,0.9355509079202804,0.9448575358557113,0.9622667784438682,0.931995277871268,0.9488812849744408,0.9452530783001549,0.9289659232187925,0.9442953044124072,0.9437865965939969,0.9587354000850032,0.931919477849201,0.9433588619251886,0.8865223355651941,0.9404735817975859,0.8675644738991204,0.9232857521607886,0.9456804286996578,0.9386424062852713,0.8552819474879007,0.9354125440678623,0.9080254087571881
129129,0.8879961144482765,0.9701509912908967,0.8831527015849124,0.9421960566703412,0.9213072587612354,0.925250311200782,0.8855799736875704,0.9246446159310385,0.92153650624342,0.9129381313471283,0.9219785969923938,0.9191248705955846,0.94319595518538,0.9312797470507123,0.8425650030566794,0.94178482608965,0.949803390239505,0.9397724061708608,0.9552240644689826,0.9079395061148868,0.9239144439219222,0.9157101397681854,0.9309505300268178,0.9554565366038437,0.9447631879940913,0.958259223608592,0.9229552779196433,0.9173103324537479,0.834396873669664,0.9019697582719508,0.8959204653607621,0.9456295247621798,0.930296893588652,0.935049248136924,0.871407387152411,0.9296362053512075,0.9245715438866458
129331,0.9193731009812101,0.9528443325005167,0.9317004484097505,0.9350753703117783,0.9304828122039711,0.9249704767876527,0.9186534293803816,0.9356875639577591,0.953251162858236,0.9159672064792994,0.919366187706095,0.9258290568450845,0.9525658061332907,0.924939705580091,0.9123336121158095,0.914181401436391,0.9283531287146587,0.9306856133314043,0.9526395077867129,0.9177371992607424,0.9545409565253186,0.963249762917042,0.9154912909951136,0.941984356544015,0.9396072349849643,0.9528032245951115,0.9222834920022634,0.9325371385352478,0.8673707980330558,0.9580354062014206,0.8810897047275829,0.9270656862166864,0.930928669680828,0.9358213221369138,0.8926301704809821,0.9442566283380825,0.9052918619775469
129634,0.908547871994352,0.9573694750104389,0.9043861465321933,0.9462343433943761,0.9289610701604768,0.9404575426137836,0.9328214413439574,0.9378100533821343,0.9493169570347376,0.9149729444472688,0.9259756304445611,0.9448378741748279,0.9495812660503332,0.9306661404020529,0.8560922860154045,0.938688472218188,0.947132410534776,0.9447494756642858,0.9561554017761418,0.9326841058479604,0.9501164344028807,0.9315954159929599,0.9291253805730876,0.948392982378862,0.9513924903834403,0.9583135039288994,0.9322900322388739,0.9447776499646394,0.8934309399622241,0.9132363925088681,0.8789071703911961,0.9425816992444664,0.9461693788146058,0.9450767431004343,0.8900279686187713,0.9393559844980042,0.9242962730922847
130013,0.8922296829210724,0.9611813914655077,0.9192551685619398,0.9558188874513743,0.9243570571129401,0.9208081470581136,0.9150800602411927,0.9398675839720879,0.9501208755802141,0.9307705344007057,0.91528971362591,0.9223497739807585,0.9491474393187609,0.9486989644917766,0.8873910332857249,0.9376008537291212,0.9417600077055367,0.9563176770719709,0.962295533341244,0.9255547570805918,0.951574772030683,0.950756189157917,0.9222021130151055,0.9418966781865199,0.9475345671665868,0.962557762485945,0.9343553698696825,0.9399285445938965,0.8723166198938117,0.9079678951132581,0.8777425077547083,0.9418909197579634,0.9517372728951707,0.9374230746686364,0.8651238042715456,0.9271721290973123,0.9178961387588529
130114,0.8794705203013501,0.9558554427033228,0.8816899802959125,0.9374163314936753,0.9097077791703829,0.8992673165476333,0.9031986995529491,0.9230285480795902,0.9292030242590569,0.9097796370737821,0.9364226166675136,0.9343523126860266,0.9523181149830989,0.9388070414585521,0.875748402763754,0.9219884202285762,0.9318196600750244,0.9298406678086092,0.9449388239816834,0.9227206104129975,0.927144177080097,0.935268398124077,0.919063967286953,0.9358154883734502,0.9311755262010118,0.945027575205374,0.9282480718065321,0.9159991346131349,0.8419881007308204,0.8977096980983362,0.911606325328305,0.9379206950774629,0.9521110166345903,0.9300699101168278,0.8307624872010246,0.8855034449473415,0.9221465821810234
130316,0.8767961155138239,0.9463817375627523,0.9264852365882128,0.942072012381293,0.9286568131679315,0.9361311206194326,0.8887358532718086,0.9380670205609336,0.9492444788581773,0.9053876864560814,0.9180077444487071,0.9326128074363943,0.9386059298341356,0.9470704892932982,0.8764976896840819,0.9240496368099711,0.9428026283818961,0.9425454920823872,0.9497363487796752,0.9163992631297548,0.9483535550689608,0.9271264089400362,0.9048506097168697,0.9420488704588591,0.9493006290238517,0.9528496911481731,0.9198740935442209,0.9342485740597797,0.8510358252714385,0.9399733925471212,0.8546361516930582,0.9337376348702516,0.9404102965531624,0.925358847853524,0.879500761024552,0.9289348093481795,0.9020184328493869
130417,0.9261089041266481,0.9532107611575,0.9057734135479275,0.9556699717245929,0.9279693567414983,0.932588454203743,0.9132745227452397,0.9412130986140982,0.9336951935091361,0.9358270893760449,0.9333575107837458,0.9284044246563298,0.9414517990253823,0.933934751160178,0.9066788678006358,0.9381116502237272,0.9390425295966013,0.9488363439909951,0.9499663904050786,0.9348585664219308,0.9323883878432346,0.9575867500947273,0.9335624716600341,0.949367221815418,0.9515199365877584,0.9547532263661495,0.9425693874698212,0.9308879810055483,0.9031384462782837,0.9406148896926783,0.9034363625397327,0.9282275283738026,0.9383600896012402,0.9338897930839993,0.8775785606308718,0.9205239943655803,0.9272506922820251
130518,0.9196160416170907,0.9553174798356054,0.9098433275562656,0.9123779321049378,0.932125455179081,0.9406168882105723,0.9003721263137532,0.9453224071548679,0.9373503451953407,0.9265628896760013,0.9363929456651019,0.9375948225908451,0.952222710449007,0.9254568973089804,0.8810345066638827,0.9465487199488085,0.9413537457344939,0.9112950964842913,0.9626112465358478,0.946008111459441,0.9368650357505105,0.9421829713560014,0.9385358291045871,0.9436140909701609,0.9394789152044439,0.961030237825835,0.9457698037797613,0.9207157695762038,0.837494055612219,0.924379064999273,0.8926618040413342,0.9305955348651075,0.9191959638369926,0.9401741128125432,0.9014985127885373,0.9389766025812095,0.915044149132976
130619,0.9243302988194395,0.9620735821493104,0.9274238482071854,0.9570013051996612,0.935689888087177,0.9324943046736682,0.9131246771501951,0.9470440115201159,0.9443731157192772,0.9378908606439648,0.9309955159784858,0.9383268832217069,0.9507465221745897,0.9548518949580608,0.8989541159298566,0.9403288684949971,0.9484077059729612,0.9562048393619892,0.9679079433099348,0.9447652401768946,0.9458074145814946,0.9444200439791084,0.924779281474724,0.938523155954225,0.946421199395585,0.9613405955024017,0.9413481492076753,0.9389008757168579,0.8717162322987138,0.9509830249715425,0.8459997211252583,0.9303945727432448,0.9349496682419222,0.9328625186483269,0.8872591644923837,0.9335532525069357,0.909324681217787
130720,0.9116647082121311,0.966320518868612,0.8917282793539589,0.9329983720535696,0.9336343300788194,0.9153737516113498,0.9161915355092652,0.9376733953063373,0.9346221237050156,0.9231397864768125,0.9253346917509366,0.9240755949988717,0.9438108507995837,0.9196518027271885,0.9178403385163993,0.9358186083567014,0.921923448438583,0.9388865958996773,0.9564580836149418,0.9184160512180723,0.9363695893464853,0.9505046788167992,0.9322537836481526,0.9290334767878671,0.9383778435463884,0.9578429469549122,0.9333903317567658,0.9388306977385,0.852797603014863,0.9059965430656376,0.9261750392632284,0.9170941600955812,0.9467337058838154,0.9474670709551578,0.8545268631362513,0.9312978722450621,0.9289026635546461
130922,0.8983972223596902,0.9659564440419177,0.9133599468257882,0.9484629937344391,0.9207071231403453,0.9283240446451286,0.9077833818744449,0.9481216958420347,0.9386833708792083,0.9114598877183512,0.9331913524821609,0.9237574435358917,0.9410601846188975,0.9344276073580383,0.8569291199372671,0.9358137506417148,0.9486370831091075,0.9522747929356628,0.9562110665017886,0.9158078159082824,0.940627780885942,0.9496571813115556,0.9210617754128366,0.949687447571031,0.9511450391842461,0.9597305676464455,0.9259099317684385,0.9338226804143678,0.8207901233582374,0.8971356519819813,0.9213705349118189,0.9398333465227668,0.9470244099087357,0.9248047165012594,0.8566618440909298,0.9248878652249571,0.9372010923811336
131217,0.8997283025181972,0.9517888562302931,0.8820047144805716,0.9488106238567555,0.9442411891349908,0.9075540624021114,0.886837464367552,0.9404617137034458,0.9461612449855301,0.9206744684182843,0.9276205215623318,0.9575915887781197,0.9478925413181327,0.9304171785690095,0.886770148443985,0.9304873763606923,0.9327199080777491,0.9470977993016049,0.9632758686537043,0.9262180244389056,0.9436907918422953,0.9420632642595477,0.9230670868544361,0.9429754960585552,0.9510037074846699,0.9626065878079582,0.9313026953766924,0.926065596401057,0.8699237628272255,0.9076553172564675,0.9144345731832619,0.9254712270802152,0.9511463962347679,0.9421449343933374,0.8670303062752358,0.9058936829728784,0.9311985198940338
131419,0.925618006433345,0.9622091642044103,0.9025368426697159,0.9425632091418501,0.9414376562144451,0.9267059517368288,0.9188024558387239,0.9473430106044032,0.9445444341531418,0.9180411416541067,0.9101938655734353,0.9303196630545841,0.9420529601181773,0.934826065204303,0.889592834503777,0.9301872120008952,0.9351062331152625,0.93857930801245,0.9534374026116839,0.9169440056977244,0.9446617551064898,0.9577921421006795,0.9270201757243884,0.9447294840963063,0.9450938173533023,0.9554517846392647,0.9207070980600071,0.9377994217191243,0.8969357105423283,0.9429233880727105,0.8790115768209339,0.9257789519595474,0.943579359633051,0.9314536367686932,0.8685177018325246,0.9421587826426931,0.90834424848977
131722,0.8976556311962381,0.9575838544031989,0.9269163463061565,0.9456009562821929,0.9248435315222571,0.9126141457884533,0.9339690108723053,0.9490838374985211,0.9474570751538015,0.9332269537400388,0.9060704374152727,0.918834605681841,0.9400361651183642,0.9234722118506975,0.8691173037357199,0.9269571139231039,0.9359703476915638,0.9494019663826071,0.9641330538432196,0.9243112179199209,0.9494057800218689,0.9355924053597799,0.9246747268359589,0.9367492496308395,0.944199701913506,0.9617083766090793,0.9240063145356947,0.9425122954547955,0.8356660072209148,0.8959901370334961,0.9155524803062891,0.928033368278528,0.9401288580541339,0.9480643303795838,0.8639225277855699,0.9476817408938002,0.9223514929165493
131823,0.9120310362627599,0.9570417047112647,0.9217295357362969,0.9580676449430695,0.9271524417624752,0.9068771460482264,0.9269378344786542,0.9500031172320743,0.9307653124218144,0.9317750555891023,0.935877418898945,0.9395991151777494,0.9439202008296361,0.9329128591206507,0.906722901282465,0.9197022892606919,0.950039953951388,0.9612006826079897,0.970254461990785,0.9312549804211433,0.92942287693297,0.9518674803604439,0.9179342547045161,0.9466744271924958,0.9562618460019581,0.9668000781495782,0.9355707632153918,0.9314801941105965,0.8514603290115637,0.9465571925213537,0.8775961728622167,0.9274050049370861,0.946782923777288,0.941153677489208,0.8651131425404277,0.9379546526580967,0.9245907506654497
131924,0.9015849399113085,0.9562539435971771,0.8985766947995458,0.9569001729425347,0.9374626836042986,0.9457866376574864,0.9060293113015465,0.9379825043145459,0.9365581724579685,0.9265264516879468,0.9320691633652723,0.9335804821011449,0.9350286475906225,0.9571183424571236,0.870395466693108,0.9421184904951204,0.9451481372236438,0.9574689900956104,0.961849223617731,0.9244520820219276,0.9361617714884459,0.9408752416066607,0.9270897042833279,0.945564124983571,0.9510147582650788,0.9608507710410495,0.9340337544231944,0.9289223021411923,0.8499106466774966,0.9361004522942383,0.8876124724773966,0.9360732123083024,0.947895560032865,0.9329088969723699,0.8920871092043651,0.8818743135171985,0.9188890983276681
132017,0.8827582565470778,0.9507012472151783,0.8922158059774378,0.9363458395125563,0.9192981206491109,0.9344971131024661,0.9034840321432454,0.9348047595310631,0.9451392819237283,0.901454216985396,0.9095265485087999,0.9264258100240713,0.9395209305655401,0.9347633863519693,0.8971436792799155,0.930113638073579,0.9140573965197347,0.9366723459208383,0.9524593290100377,0.8947430876687922,0.9470894363073692,0.9662212722371312,0.9196888366500441,0.9264549980542093,0.9358578244920179,0.9604234419725977,0.9129844713126041,0.9325333269080341,0.8787662473566022,0.9234399407338355,0.8551822427393271,0.925444757575525,0.9316474532995225,0.9246410367166285,0.8570693288105091,0.9351327072822396,0.9063653508823444
133019,0.9206550774139014,0.9698078335832052,0.8989345801637642,0.9480252353102047,0.9315601405496409,0.9396444542029158,0.9069966266510444,0.9403704301184587,0.9337767480399598,0.9170274690541038,0.9427352497717673,0.9356868808757729,0.9422117367149694,0.9400030470472575,0.8540290667634287,0.9397448869638708,0.954886106855846,0.9517519642955383,0.9512966329827223,0.9295410297716624,0.9284556142921175,0.9396385514944201,0.9318281718381591,0.9575804307816546,0.9483581786087248,0.9509015077188498,0.9343610467249026,0.9273259182453668,0.8580290274968891,0.9283175840897423,0.9163677429954952,0.9434732379528327,0.9411025728155851,0.9241027507124228,0.830027017669724,0.912416446312564,0.9169027138745626
133625,0.8821463417390613,0.9572855471127701,0.9139539594801539,0.9523838659315451,0.9234079414240471,0.9423678315597124,0.8720159365552727,0.9418741633766664,0.9408263475160059,0.9135017566276473,0.9198449572458668,0.9277652580473349,0.944708827377381,0.9227132172337886,0.8633772766365019,0.9398868677758013,0.9478638284281974,0.9493005107082674,0.9649146471399296,0.926675545255123,0.9380116118989144,0.8783865225593146,0.929505390597218,0.9531032734802592,0.94446257579455,0.9644782042609785,0.930229282886956,0.9373572687739097,0.8862750104703412,0.9072627266456937,0.8638002328837018,0.9347583455161209,0.9462293745748406,0.9446424243563496,0.8657004896304217,0.9398494968415261,0.9243271348704418
133827,0.9192546252386194,0.9599702555510694,0.8994203744955541,0.9495740751739559,0.9463913985537847,0.9313962484004276,0.9124476727374989,0.9522583856110765,0.939234204839654,0.9425479367164462,0.9230613627565307,0.9356620423499558,0.949146703419473,0.9442734401048176,0.8922441927861745,0.9422073914897332,0.9509781127222374,0.9502261575050956,0.9611909550727515,0.9320028457747551,0.9393924036486585,0.9293617765712301,0.9355921672004268,0.9492268989982855,0.9544624390423131,0.9607839351946375,0.9387971939568416,0.9277774609290474,0.8548665649756763,0.9265403973407456,0.9103969814748907,0.9302996715369685,0.9372740547029755,0.9490850361676767,0.9025238630389509,0.9279152239905833,0.9312831571895822
133928,0.8953410872101989,0.9553328301494106,0.9047294821117174,0.9467763159847479,0.9183891809380489,0.9305363740978663,0.9006123359689555,0.9466532718740274,0.949405739118777,0.9064867108883247,0.8978440096822823,0.919572450120069,0.9477118935294789,0.9270580057146695,0.865100101262803,0.9381864436508107,0.931029500751907,0.9374347557540095,0.9572307469263399,0.903568997508618,0.946108629994754,0.9394414925243996,0.925667957258981,0.931349299927089,0.9383149676894856,0.9564324151837196,0.9131805642418176,0.9372998700750075,0.8469635046904621,0.935955866988261,0.8637071307672899,0.9265728816083364,0.95121343281787,0.9378171467142188,0.8818329145114401,0.9475768905530241,0.9140644458300814
134021,0.9031112568194739,0.9495343568444574,0.915346027594054,0.9520882330163372,0.9185514201970997,0.9216802175085099,0.922267581712438,0.9393365808546004,0.9607757832835948,0.9064645414131269,0.9363472409583902,0.9330039839868309,0.9490100182333703,0.93849157747742,0.8710687622646598,0.9320625163190575,0.9340493133638488,0.9564121507365528,0.9666135892238714,0.908120105320725,0.9587547317917472,0.9504989996293941,0.9280743249536815,0.9430656395321236,0.9587313268884918,0.9632890925922737,0.9296079898407683,0.9514221464821029,0.862412242620515,0.9309035230525979,0.8960508046683454,0.9299453155409981,0.9472434503897187,0.9324703432677223,0.8608418882840959,0.9453690265202113,0.9295624155817817
134223,0.9237594855138755,0.9561870479980099,0.9245836824787778,0.9508578224373688,0.9401224016998131,0.9214483835192078,0.9249754958306283,0.9479241106837499,0.9406056935440479,0.8967463739374054,0.914547295384016,0.9365106879362295,0.9397109366043548,0.9093801905946051,0.8710171460973491,0.9358425972694325,0.9417793116034016,0.9457552207805062,0.9481724191088906,0.9096873170980704,0.9407672299497242,0.9484862953882551,0.9295895381401316,0.9471360363019009,0.9436226702159903,0.9556766143817554,0.9199852387794006,0.9410497870396175,0.8674027030689473,0.9373796150583155,0.8938572442180434,0.9325246101458349,0.9297042196084251,0.9143266500230632,0.8756268584009649,0.9305548240259559,0.9262165726133271
134324,0.8985235600067549,0.9625082625508192,0.9026205941957072,0.9209828805265693,0.9205715627833031,0.9165151018420504,0.9123269962448353,0.935427114427229,0.9276668312884859,0.8879024025606325,0.9330071274049464,0.9430507864688722,0.9386920554052186,0.9270045510935779,0.8763348420002727,0.9260117752517402,0.9417640161838062,0.9260595564133334,0.9464734194587942,0.9149925662388649,0.9304278870150213,0.9420744660852506,0.928534839111207,0.944554578461405,0.9317639859233372,0.9464729287173622,0.9232793499991832,0.9287942902858403,0.8386882582909275,0.9287270819713374,0.8880776030111228,0.9345467674251952,0.9225123757933642,0.9311570049875575,0.8711213461519033,0.9151411992249833,0.9207459407230494
134425,0.9214097499655873,0.9698876533509153,0.9198441919581684,0.9494339283795796,0.9301032125114861,0.9463607818723346,0.9019788309390361,0.9333922969743949,0.927822299456861,0.9108702359450328,0.9168366229230426,0.9257937560062492,0.9459374995986463,0.9288711304270106,0.8819809972099472,0.9544005331188692,0.9514806028569178,0.9361366524030743,0.9580507587255837,0.9105028078985885,0.9268692189743918,0.9536761702314308,0.9477809973758015,0.9399786126461039,0.9436558604152794,0.9602922873875567,0.9185530784040388,0.9254983222730561,0.8434061539173175,0.9459294879656039,0.8893668794284706,0.9481605261836008,0.9391773063318113,0.9461377795534056,0.8500228998928088,0.9293027175970323,0.8935838674454145
134829,0.9210251117121562,0.9552171533220389,0.9126238959943577,0.9461892135090938,0.9209146611077385,0.9481911166113773,0.9195728399296447,0.9487722283848415,0.9453899258250248,0.933959752261178,0.9294323215903376,0.9278936702998444,0.9406126294095934,0.9404770747521825,0.905730795689804,0.9478623881175532,0.9210836718817209,0.9450469442350085,0.961214301123813,0.9397069683453841,0.9436768199083527,0.9513556683718251,0.9307171076159616,0.9314926453853004,0.9464233935679325,0.9577543336058187,0.9400404093016251,0.9273413094703594,0.859030295041588,0.933786648700362,0.8465344415117959,0.9213561153989617,0.9453839531887208,0.945167806766069,0.8307803506712372,0.9344989713599143,0.9148451275156283
135124,0.9282198782679059,0.9674669405578344,0.9139552729605147,0.9555805475458216,0.9465155786042836,0.9105823306710353,0.9309567774564135,0.9465208303921848,0.9398208175094803,0.9242011956379014,0.9350147871876187,0.9438824338942668,0.9447841370833421,0.9488861149538588,0.8939911610936583,0.9424906105158651,0.9530261285685658,0.9533087639412104,0.962945585022262,0.9340297643801391,0.9424473013144332,0.9453653068653924,0.9337177020891935,0.9569540317481282,0.9528811573648797,0.9610480755676022,0.9322844897304409,0.9417552079723451,0.873781343305504,0.9543586756452823,0.9102319878851278,0.929314242250751,0.9517678462945014,0.9496765653564102,0.8795323472214294,0.9294504242776133,0.9228202777827182
135225,0.9004660914647187,0.9595392760305932,0.8813266540770363,0.9383265730777248,0.924488375982348,0.9368509046500667,0.926203493174253,0.9564792989410361,0.9489711930223629,0.906773838381058,0.8905867968011673,0.9226887278696431,0.9470470030315342,0.9230400865288624,0.8530435880438607,0.9381846317176055,0.9246708179021994,0.9421424270225338,0.9408138098541493,0.9123091061730413,0.946331205643854,0.9210276468825332,0.9315291126192207,0.9330139557739925,0.9445186664161527,0.9490214182083915,0.917092848642621,0.9500118541700968,0.8835493206515094,0.9215266686988941,0.9132651948382058,0.9234706856933994,0.9413685674521606,0.9276877482280083,0.8874368412013528,0.9339530007174621,0.9255323695908172
135528,0.9158962460964994,0.9564514376324497,0.9058646110007711,0.9354888204461949,0.9225572997321891,0.9393402061096678,0.9103519162277762,0.9577273454905308,0.9455214431889836,0.8905746723327113,0.9188229863981634,0.9368007458359352,0.9394584690476707,0.9479695489782671,0.8807801899760828,0.9401637320048581,0.9411918805855651,0.9441744324163347,0.9527798903133887,0.8897709567398246,0.9450635020330576,0.9245891305508401,0.9335792055046352,0.9459336397421266,0.950091448506912,0.9570003722209921,0.9104995141469991,0.9410284195786071,0.8838455149246555,0.9357560591360673,0.9052116974075035,0.9425820938882571,0.9434335449202962,0.9283946988185111,0.8590157262226924,0.9303054961905398,0.9094531175997063
135629,0.8801892178847579,0.9568129539515405,0.9249215597477184,0.9551401904869976,0.9258570282699213,0.9121046528182277,0.9148427440793904,0.9443619998949196,0.941059336832149,0.9204205822629573,0.921476057037442,0.920598534457661,0.9398180793675003,0.9424409398038941,0.8876492947829439,0.924064672579387,0.940800775033431,0.9475835939451489,0.961462132905246,0.9123148624868695,0.9419752423769927,0.9385075940970258,0.9099544393831388,0.9386972806823948,0.9476722414286116,0.9610150488106917,0.9240062170564957,0.9330868580071005,0.8688166323947358,0.9324541025616319,0.9130991548356756,0.9321087147296476,0.9438505084063641,0.9305955341043634,0.8816665452928523,0.9407393807963206,0.9312265151855657
135730,0.9228142017105547,0.9605041928993036,0.9130288957854845,0.9412078226504712,0.940828463523366,0.9133678915103476,0.9237806340790718,0.9491034045383497,0.9423765546279795,0.9262915551326613,0.9374274562738893,0.9408810956328473,0.9478625681644671,0.9063128989553771,0.8986896525556805,0.9275112383241962,0.9478549172223941,0.927732225003008,0.9624546547364189,0.9255849818040894,0.9440532716125645,0.950775230931441,0.9261021555016119,0.9490117759681536,0.9395116595894752,0.9585167779260593,0.9325044035209371,0.9361476410736688,0.8888643770396537,0.9164486963818188,0.9075811507398666,0.9333571709288673,0.9290564532291763,0.9315631017590607,0.8876394833438864,0.9466601104206945,0.9207689733274913
135932,0.9158411902437917,0.9615800508286781,0.9127615678314518,0.9569123527943006,0.9296384464553193,0.9485723823077683,0.9213535805331705,0.9395558347125498,0.9419568663440006,0.9288430014820559,0.9307281487436118,0.9240405282177294,0.9607296428005909,0.9510965850126155,0.8970075246478679,0.9442936502562865,0.9437831138216208,0.9556427118249105,0.9722436946564377,0.9319310493180564,0.9427860712218795,0.9488229019273569,0.9390472237862224,0.9517827246533458,0.9594134596888594,0.9709135996392632,0.9396388111898231,0.9374509221038092,0.8493642938934884,0.921587503332642,0.912926601338163,0.9334834739406377,0.9347501155505988,0.9355411394457457,0.8750939599986823,0.946638459830018,0.9182040505039956
136126,0.9252549051606789,0.9653100592720417,0.8994258305786761,0.9544771972823941,0.9387973206169106,0.9443790960489162,0.909242417086723,0.9360893074642099,0.9373781941608428,0.9166292108206613,0.9274400501046799,0.9360139675315344,0.9454399017597919,0.9419047526928044,0.8775485478359278,0.9434542677245846,0.9510948661006565,0.9453002487989253,0.9654003293360487,0.9172996962349746,0.9348381121127525,0.937178021055434,0.9351207275995733,0.9460160208977985,0.9455995120694185,0.9658453156312353,0.9307418536518127,0.937646944218259,0.8435696066342188,0.917460697021169,0.9181123435877176,0.9375415531290796,0.939164273680911,0.9520721268277715,0.8548950620980762,0.9154803169300681,0.9286303044550033
136227,0.9252148303355886,0.9541892988525185,0.9099689543249256,0.9548605785578693,0.9315579348850899,0.9283665574455776,0.9062042800350013,0.9312903667810577,0.9439396251370613,0.9259878935362045,0.9143748604875809,0.9182562445070503,0.9328433748105908,0.9414602785266755,0.8595430852561029,0.9336589364404042,0.9436141189810056,0.947198635405003,0.9664034184103745,0.9226716918707109,0.9425257378861657,0.9293321794134498,0.9191149949217019,0.9451292159960054,0.9457944379992349,0.9605910130323176,0.926981001879417,0.9266068970286145,0.836862161819416,0.9067759147672984,0.8872038322706705,0.9346271009589932,0.9437890010730908,0.9516843253453374,0.8686054939830381,0.9273381645674683,0.9340283291875346
136631,0.9053542982185867,0.9533338676305033,0.9112846830156867,0.9527944246649059,0.9338673327349171,0.9371281515331302,0.9170951796081509,0.9416979682518989,0.9437984134754017,0.922257183099503,0.91814764317514,0.9049238130952819,0.9417829437533425,0.9403886512358631,0.8984278251552973,0.9387094921052935,0.9519523599571984,0.946151346194381,0.9660298688683251,0.9196683734050759,0.9437659260267853,0.9408217055720702,0.9285506100888794,0.9544826448483618,0.9462645363597091,0.9666504219891273,0.9250322153246668,0.9367133091004,0.8580905351785697,0.9461380473324064,0.9003752126844573,0.9526713328635634,0.9459862969114905,0.934361369461674,0.8840877834933852,0.9479182459936758,0.9228551007101174
136732,0.8721317840212987,0.9645353713175869,0.8686402723879614,0.9357676379996034,0.8996216907899159,0.9219791812075181,0.895942216424831,0.9288991085429894,0.9411693925759371,0.908997060570012,0.9292253717796246,0.9208455991896237,0.9296531047592428,0.9266944918348229,0.8708257525919311,0.9326930076459943,0.9418109434012288,0.9442838543756792,0.9431709248385609,0.9147389073664272,0.9408534696693629,0.923405067484251,0.9288063600672791,0.9509803871940934,0.946779382467538,0.9454466661272872,0.9190872652833199,0.93404765835785,0.8701647491454796,0.8941076172042098,0.8930465213520489,0.9380684833764589,0.952173750030653,0.9377749020137756,0.8621280617679847,0.9356154217480129,0.9374358112295029
136833,0.9089461772045329,0.9631396061892274,0.9031683793272689,0.9538250460590695,0.925231475699205,0.9410795290233804,0.9195991537587282,0.9528422669793788,0.9512801934651434,0.9143996635035944,0.919597794507231,0.9300837704031394,0.9394657580711102,0.9266531952759514,0.8775297705142584,0.93874908154819,0.9455635725015008,0.9556651559542131,0.9573111214752155,0.9191773623217522,0.9517031456650804,0.954140691734477,0.9321143206843696,0.9559369885885561,0.9576738292755527,0.9601243316793419,0.9259060511892685,0.9458787583331728,0.866111944517334,0.9418187384948534,0.9247856000674605,0.9473250727708575,0.9488181917297467,0.9473037641241415,0.8758642765757361,0.9457811791596104,0.930661639602726
137027,0.9157293753163872,0.957514044345455,0.9215802654754032,0.9444067781394799,0.9361180264957373,0.9248255425872047,0.9123861612010007,0.9356373178135579,0.9455055884815894,0.9227235564336068,0.907539051344325,0.9219850785294321,0.9329804747106818,0.9404498086440303,0.8749094881847659,0.9244574780688306,0.9271424153109485,0.9446835015171867,0.9561633077258895,0.9237413809670832,0.9475396149615712,0.9397900679384222,0.91682117602347,0.929968702520964,0.9390703162377559,0.9514587783603958,0.9293141016185525,0.9326370211809266,0.8324147127534373,0.918958059315997,0.8453673670537111,0.9187358094208288,0.927184424841516,0.9377052296756082,0.8949069418782493,0.9349120434771961,0.9254625654969854
137128,0.9099507148864714,0.9525916770372373,0.8941444774044855,0.8770807220643847,0.9345064968473963,0.9023629849815038,0.889570138795423,0.9235917360198042,0.9135976742751581,0.8989864339480547,0.9219493448438266,0.9295351282956106,0.9225436313360532,0.9315840592802649,0.8558016842551607,0.924722181866313,0.9311546590278167,0.9475453947951806,0.9597968365032195,0.9243908918965614,0.9120384061292818,0.9309278852270453,0.9219759645626262,0.9375769580843881,0.9400102853287841,0.9545992009944829,0.9248267167331857,0.9020403467720295,0.7819348866556364,0.9227799951498605,0.8903990116876243,0.9318275510222187,0.9541251991683449,0.9302911561766691,0.8680074583824258,0.909489156602665,0.9294950724527893
137229,0.9332410560585134,0.9536633790747824,0.924536345388421,0.9405004496908433,0.9333471212377376,0.9373513088282911,0.9202198151226282,0.9469439529393658,0.9489309401107592,0.9347542075922477,0.9424677753827567,0.9287712352976278,0.9412545262957498,0.944354844581399,0.8797739433270296,0.9287004141372621,0.9402982727905328,0.95094077167778,0.96298701543359,0.9446547837044845,0.9505189436851383,0.9418821436516678,0.9312785061795226,0.947665242895689,0.953023577516303,0.9643857179408646,0.9448016381505489,0.9453677061903943,0.8546245908719912,0.9209698855623623,0.9025843346716127,0.9286866931388753,0.9491032501829518,0.944067563736883,0.8592890326897065,0.9364152626379298,0.9284383106247458
137532,0.9104284729465257,0.9535177534169881,0.9174586423505007,0.9416979894525896,0.9259586967091632,0.9305278789520306,0.9178947030301303,0.9287540282057672,0.9559850957272824,0.9049732106707218,0.919365718190565,0.9222411009200279,0.9435271860783035,0.9525366526258411,0.8727386966081364,0.9286637218636264,0.9416576946945002,0.9386999816637195,0.9499124450374739,0.910524223978521,0.9587448048868824,0.9474582609417314,0.9216550895405027,0.9446049951463902,0.9419684674478211,0.9471391368939087,0.9185349631457219,0.9469868559198097,0.8712608146166557,0.9045591352233461,0.8695003066654928,0.9405133470897868,0.9189843934278252,0.9169168240319769,0.8630834028001636,0.8835514868866678,0.921381939421488
137633,0.9088553814855607,0.9534045138155509,0.8900418350413781,0.9486001915242448,0.9252191616076951,0.8912291611295895,0.9218242398741057,0.9386613080411269,0.9458350185755013,0.9134878138889369,0.9221233071584041,0.9350690216550949,0.9496739707230636,0.9408367879307293,0.861429746244496,0.9132340999279253,0.9304857572087014,0.945994569109292,0.960747226826235,0.9300130861051493,0.9453535357564478,0.9482443684955187,0.9066522553536113,0.9344184853527793,0.9500394935765054,0.9588437905756863,0.929607846173557,0.9382939101632516,0.8271799276296585,0.9202038457249535,0.8959563770981166,0.9138104369786961,0.9315744783945391,0.9419202547745826,0.8678088024209651,0.9234734828071234,0.9292277924549761
137936,0.8808965691765744,0.9435665943624637,0.9320231724476595,0.9523709966022412,0.9259469585112545,0.9307741135146859,0.8995302009243932,0.9290087771623855,0.9173622219142286,0.9167531933275376,0.9162454641827956,0.930593486524742,0.9382387538069763,0.9417362087323878,0.8740482570295076,0.9348733225088077,0.9291523860117589,0.9427615142231458,0.9639784112752252,0.910977860736025,0.9172551470551978,0.931005355622215,0.9250402071452475,0.9317719386809219,0.9423585128494998,0.9589243232522456,0.9262410649758988,0.9177383314092576,0.8654823551952371,0.9254009646432888,0.9241535499080612,0.9387446080484577,0.9294368427688238,0.9374645804539412,0.8724878735808451,0.9244270128671686,0.9285845479509249
138130,0.9149263849771629,0.9649563404444615,0.9236753931765344,0.9419524679108946,0.9364624993034208,0.9331035271335045,0.9154105460766584,0.932485010076277,0.9484265115211491,0.922773751748847,0.9477256114040563,0.9307180228383054,0.9511877569169402,0.9362375578527075,0.8809537765633406,0.9419346868427059,0.9554172392045994,0.9428736625798058,0.958006121899033,0.931891781980368,0.9492787971892442,0.9483756227284363,0.9403380933168914,0.9589688878974878,0.950025578860945,0.961315220996449,0.9314964355295661,0.9296899839029678,0.8638122565963859,0.9268902966102202,0.9209487084310065,0.9454926681711042,0.9483775322285193,0.9416456806331576,0.8906539917093452,0.9313726113304676,0.9239263745447535
138231,0.9022973630385308,0.952412409996462,0.9083409845867235,0.9419632505558553,0.9394446514360383,0.9157659489256402,0.9162063785835957,0.9385001313330706,0.9328501506512639,0.9300432289705333,0.9335871122411378,0.9333486405958674,0.9444032867054045,0.9317364022229351,0.8778703155289957,0.928718963874551,0.925731725921712,0.9407507139437623,0.9566164335007145,0.9332350412304813,0.9342369971375474,0.9524661113297945,0.9293760055900419,0.9393315987191968,0.9361606834612494,0.9576431321288481,0.933109483212411,0.9365440354476026,0.8370398730348736,0.938554192484443,0.9235215325008586,0.9261750586424201,0.9396184796173002,0.9420743689139818,0.8399666532366992,0.9323884768569543,0.9167749347326202
138332,0.9307854130546329,0.9631023439474963,0.8961549814888733,0.9452452637530695,0.9397426879768338,0.9301120249663454,0.9127779949906651,0.9496063333271223,0.9520276476598196,0.9295693748197187,0.9359032502035427,0.9258897574675109,0.9427293421292596,0.9260299345783838,0.8979089297346559,0.9421919098461183,0.9414028410930436,0.9500800087105353,0.9647248840002135,0.9275835346552277,0.9489422120615145,0.9529298962191318,0.9379759796727589,0.9487219370988629,0.9522865024493614,0.9649376970616806,0.9308196374511614,0.9421637616938627,0.8579446228047058,0.9327176783586819,0.9068837267811083,0.9345715087949337,0.9446163605042074,0.9334039877535566,0.8570179422516301,0.8996327798659047,0.9151911556174898
138534,0.9111491323098051,0.9473240335981752,0.8954414544767276,0.9459137799834826,0.9243441303646648,0.8750960638039952,0.9141487058722758,0.9442974366619269,0.9466102628624083,0.9273721376738298,0.9200674587967632,0.9258861728831714,0.9441829843245578,0.930021818975705,0.8841818008693502,0.9065271348784942,0.9160533316914865,0.9401564593384829,0.9607220595231435,0.931539273278509,0.9457840999974741,0.9379849759720473,0.9025103520366465,0.9252157593204994,0.9454794831571465,0.9609174050810946,0.9267790108832356,0.9370734218355777,0.8781936218323944,0.9405173700638745,0.8600756318403302,0.9188558190695607,0.9252349759831295,0.9312769562125418,0.8464874944996003,0.935218382436025,0.9069224759469534
138837,0.9042094834050391,0.9619371741321561,0.9272667806475766,0.9524836139719571,0.9154134016388331,0.9232502180922851,0.9227945370706948,0.9444383048668268,0.9365460613143378,0.9048616490287451,0.9189369507374945,0.9445317558742671,0.9367914671873356,0.9238154603016013,0.8967188745436779,0.9346919392404288,0.9346926796340372,0.952712002306005,0.951724741000021,0.9067091235466267,0.9379816093433541,0.9535834058954726,0.9251277757162223,0.9537509206022928,0.9488165044393465,0.9545087655636146,0.9162989493450302,0.939212003866499,0.8501411257687184,0.9161733590097279,0.895193482068499,0.9320081101489402,0.9485033115221175,0.9389284868814729,0.8328788429646394,0.9354589127323013,0.9172227731412819
139233,0.9139234788302132,0.9612116392398213,0.9177195361519823,0.9492418762905341,0.9148732387395777,0.9382469600793413,0.901841023527408,0.9424022535424132,0.9293870280523678,0.9130429757386241,0.9188080271000243,0.9185270872087381,0.9479075961518862,0.9392086080309323,0.8627871956349336,0.944066951268534,0.9402349501130783,0.946161634218309,0.9543688393580293,0.9303869708111993,0.9301022919252103,0.9290459863395578,0.9305948407769208,0.9359305247352662,0.9453685577321049,0.9556025188431,0.9298479491768391,0.9277448130854435,0.8141987447521002,0.9460888743956344,0.8909606327101717,0.925954461447872,0.9561611405743417,0.9386150513045525,0.8754704949122551,0.931434315684478,0.9269311402150466
139435,0.8792872460086573,0.9651739830219305,0.9198637920697788,0.9572384575265804,0.9060611479486069,0.9307191910777257,0.9134557291174951,0.9354066869487517,0.953905639558363,0.894137688250851,0.8977186185439902,0.9076002121228902,0.9469710696268393,0.9331954625548231,0.8773362980030646,0.9471677892829656,0.9507846314668739,0.9483158810829534,0.9630967033157254,0.9029774469949533,0.9535561073607133,0.9465980038730748,0.9419422489652844,0.9541648627862419,0.9461098151173667,0.9608283427060085,0.9040036197609438,0.9441040520021013,0.8915717577020661,0.9286568422722847,0.9288336951634871,0.94836236780138,0.9522074952334149,0.9454837424195083,0.8763222654682542,0.941949672899072,0.9444308609334511
139637,0.8953264338451046,0.9583420869362159,0.8981891583377561,0.9354989304669705,0.9215707079815348,0.9190970086276629,0.8932565725449492,0.9258749562950538,0.9226220099066572,0.9299558575412668,0.927052780659482,0.9202479848754698,0.952216925469915,0.9425524566062468,0.8799554795481889,0.9331511781925291,0.92348057184999,0.9314925447082345,0.9544481577589463,0.9322471146843205,0.9224088408350662,0.9386756655661349,0.922607279973946,0.9395671529536082,0.9393558226562637,0.9599529029968524,0.9351083820106554,0.9118139967670883,0.8579523706931586,0.89972744503468,0.9004486189654795,0.9365602507810875,0.9227220123055891,0.9202709914070782,0.8260767811849207,0.9136792804849968,0.9135850007390617
139839,0.9177093819518638,0.9570039158787987,0.9083582628309671,0.9451464175312412,0.9380049085339032,0.9121861897432313,0.919914199628389,0.9446527322571415,0.9475033984223322,0.8822301493740071,0.9367121315288625,0.9317875650680931,0.9473240050489512,0.9118672808083822,0.9051181318910247,0.9158473548146727,0.9373796876216838,0.9445448059872791,0.9653651489016447,0.9364037054763903,0.9450829070762476,0.9465286668149908,0.9138635203264133,0.941522799872244,0.9371681606644241,0.9590072335219394,0.9400496890507807,0.9365803069130694,0.8981636824739475,0.935148158556814,0.8864760190633528,0.91745406694511,0.9312042614601916,0.9417173316174267,0.897575112117089,0.9253213537621932,0.927808200575292
140117,0.9269579290693072,0.9540899798778697,0.9048960267380297,0.9527842505052734,0.9296319792787384,0.9271678399398672,0.9099241571777137,0.9362239391562366,0.9463168688619411,0.9278804474275312,0.9336571166847637,0.9349203360931646,0.9355120700539618,0.9350157444652426,0.8738590004544009,0.9342780476713765,0.9467086265716452,0.9504421735989553,0.9617957866565032,0.9280881942742616,0.945719367246607,0.938825854941826,0.9270143811432242,0.9568807260519974,0.9510833631834109,0.9623880168702353,0.9280934966708903,0.9399968054579232,0.8722382192611771,0.9097708685547052,0.9301194722082966,0.9411060139085934,0.9471368260609015,0.9440155946185153,0.8699260122333904,0.9309964989782913,0.9300313353560264
140824,0.8993457616272681,0.9543195162630063,0.8983478928321941,0.941709897367108,0.907288697612929,0.9307007602297707,0.9018509710954729,0.9233218840703605,0.9153578404193714,0.9305525653770922,0.9281632305443703,0.9313936605317165,0.9402265057015672,0.9348818970652705,0.8560304738458899,0.9298937463068686,0.947160060122056,0.93728847942747,0.9535254541639833,0.9257917913163953,0.9164027738128233,0.9338496155920611,0.9230966782095124,0.939111924078993,0.9283518410102822,0.9467278631135195,0.9262150512463693,0.9079879076404562,0.8687294117042027,0.9009400644217547,0.8991879826628442,0.9265919860245401,0.9431085238696756,0.9383123289670795,0.8372920602943605,0.8528969549313443,0.933940622943734
140925,0.888042631814773,0.9607522767974404,0.8833609034027606,0.9241059945806404,0.9251215077045838,0.8994362127245914,0.9040879127324957,0.9211530655772244,0.9330246542960927,0.9057599361792541,0.9062629882326669,0.9151308459751596,0.940717879352231,0.926957775416908,0.8683717833779963,0.9237230652938625,0.9548857133192253,0.9261056796393767,0.9614977713402292,0.911038281728579,0.9303230383954345,0.92565612123088,0.920831826516503,0.9529945773055367,0.9323658308561397,0.9574392169035816,0.9113799797936647,0.9292485123308891,0.8451017671212737,0.9262496294611083,0.9155456871110909,0.9287782444853887,0.9199477967406324,0.9286123612779185,0.8601072463429118,0.896899389483591,0.939664868359172
141119,0.9228528992961229,0.9546713052622724,0.9197828321459345,0.9464257687000089,0.9364930596059347,0.930037912717681,0.9086215231328011,0.9390711650588137,0.9390094686237116,0.8735471201859457,0.9142428962956591,0.9401492836484604,0.9406099418326707,0.9197095878462151,0.8809171993443962,0.9212331025749022,0.9273358175383984,0.9412595253209618,0.9558658500019771,0.918250600510983,0.9386954642970712,0.9438463703054547,0.9166873164029029,0.9272370556982658,0.9402946821747402,0.9565082104469573,0.9231550440419053,0.9317237845614667,0.8543748774936478,0.937505933565366,0.9158474587983069,0.9161267281250486,0.9466543166459362,0.9228902906359809,0.8871188046823555,0.9094902341829595,0.9139615852758121
141826,0.9110358369274264,0.9602865068483891,0.9102109961493215,0.9475975922304671,0.9243603411566066,0.9404140342521511,0.9130165476167427,0.9489191651610267,0.9362206747500388,0.873867394867623,0.8697852334451254,0.9282837799509208,0.9490588711343169,0.8988627388360176,0.879637811928075,0.9449097657945998,0.9579263071952833,0.9489043597259147,0.939778994967874,0.9012653529703646,0.9376962027345799,0.9628705229439353,0.9365823519838016,0.9636732564775398,0.9505970590303187,0.9422587249396056,0.9095464518186656,0.925696708827505,0.8810682176828386,0.9596945047893366,0.9032686843704963,0.9424877260908128,0.9536254508571618,0.9023414683703739,0.8552359677991409,0.9505397299468933,0.9269273160515875
142828,0.9233108272448657,0.9648774961392297,0.9086549374485735,0.9498295292045056,0.9384974411602794,0.9271206586520926,0.9058534375856734,0.9392154358334974,0.9487053023470743,0.9410992987189025,0.9354579199997922,0.9226488150439994,0.9500117861651639,0.9472191147409844,0.8522486714498344,0.9364226897620488,0.9414940213016906,0.9428088694945438,0.9641481631567453,0.9423606888557373,0.9468969772185466,0.9383708970760529,0.9247511537451714,0.9456865848763116,0.9445054484632847,0.9625554796203952,0.9492586761363946,0.9387550738815118,0.8281950184151627,0.9299585192895379,0.8797552762179622,0.9371510308251189,0.9321663714686221,0.9432025496426422,0.88172104548428,0.9135161192221287,0.9306584165797056
143224,0.8877490941876769,0.9494080596577098,0.8557027235411142,0.9492652436661887,0.9152355108502729,0.9337179553433042,0.9212169721596831,0.9351787035518807,0.9448040665464073,0.9064910718706506,0.9242305375837927,0.9292436193388498,0.930637161413089,0.9302225728040598,0.888294658752607,0.9300366290056281,0.9376802705660641,0.9431228234171256,0.9439393833100577,0.9183582378156756,0.9437901854325945,0.9534544961152922,0.9281707103258161,0.9337505028522435,0.9465316184300303,0.949065473321116,0.9233786434336467,0.9325590226650837,0.8295874563938509,0.9145287751530515,0.8350119770243312,0.9328215669086524,0.9413287460746101,0.9259138158432021,0.8604389576155386,0.9281105023622046,0.8984679057346101
143325,0.9115894024033772,0.9587441475414549,0.9162775377621509,0.9479324905831192,0.9245765133879902,0.9403796688820278,0.9230111005257727,0.953904371372869,0.9535931081504222,0.8997311329068006,0.9100714013785931,0.903929233704245,0.9356250573402963,0.9371740976353088,0.8946675990668589,0.9445763172916063,0.9432269794476484,0.9469174463176063,0.9584864610964509,0.9008849237209651,0.9520473314142368,0.9481327881206237,0.9295920107196285,0.9488920762246729,0.9474806079991207,0.9621010160515701,0.9135985164677896,0.9446568635619083,0.8802653957616742,0.9414237458662468,0.9065637623496334,0.9411892720474534,0.9434968041410476,0.9408571566037547,0.8674919624625628,0.940647308777826,0.9276960428019879
143830,0.9202052115799,0.9510063085879807,0.922068139330215,0.9500751907637471,0.9431543590967357,0.9045274787951264,0.9095856640407644,0.9350080495631495,0.9394245123245089,0.9323912925252819,0.9219356103958484,0.939802553974446,0.9519731101945459,0.9234209961361308,0.8682282698469449,0.9191553194236751,0.9301758806247733,0.9420821908984928,0.9534481686609085,0.9444107522822484,0.940014680935059,0.9514159257737328,0.9137155581402405,0.9380824508071747,0.9445171710906121,0.9538580104733926,0.9436592513589867,0.924423030611704,0.8107410612701992,0.9325033537950497,0.8953099637138502,0.9260519107753471,0.9448465018650958,0.939366437838262,0.8907500779124085,0.9474711625095847,0.9190463834767235
144125,0.9107973152409324,0.9580451175017981,0.9329105408984948,0.946271697724855,0.9323097671641006,0.915874244640298,0.9188754123830328,0.9459667377667552,0.9419438568795865,0.9105274168262358,0.9069957060287175,0.9351062224566946,0.9438004386876967,0.9212863527405866,0.8987944772687875,0.9224674138234199,0.9539013058322852,0.9441494020824106,0.9484238568498765,0.9216261385567378,0.9435808925574127,0.948537015966839,0.9198124692639865,0.9551026378530186,0.9450273204126389,0.9517758073311945,0.9218442752615603,0.9395860280266913,0.8689503642511897,0.9397048950311447,0.9170517682030923,0.9365437941316859,0.9440130105252633,0.918828166489684,0.8638870024323794,0.9408100596697911,0.9147505425824835
144428,0.9184428373398802,0.9637139527631209,0.9196302584245039,0.9549592326713777,0.9332247314728848,0.9188225171799793,0.9282980598490843,0.9409032734326476,0.949026224828589,0.9148890807916908,0.926854463294117,0.935033822429182,0.9435457805570552,0.938059972966152,0.9111003579444298,0.9272245568456834,0.928341806631109,0.9572922679547944,0.9714967060245551,0.9129397153688814,0.9477053973568922,0.951787371913564,0.9102861404689753,0.9382318064540809,0.9522135175845572,0.9685140624362547,0.920707366673849,0.9441372278158313,0.8773250355371959,0.9256898856293476,0.8607830064551694,0.9283506981606598,0.9416221367315022,0.9356348714391685,0.8844822360684111,0.9237012095113254,0.9064568388244396
144832,0.8882681186945074,0.9602192306134617,0.9173340633027001,0.9559237982418791,0.9098943901891378,0.9358190385237722,0.8913825179662446,0.9408972582889321,0.9325537692774687,0.8953484599135129,0.9265250501054173,0.9291715258597453,0.9312020071653442,0.9302019411001348,0.8660941125483008,0.9341497961472305,0.9579214595306206,0.9484767012301534,0.9592526508046283,0.9085079626192922,0.9349969440420621,0.9272121743770096,0.92450257098223,0.9534808451302736,0.946412975854845,0.9578920889647944,0.9079261769779308,0.9289878468650787,0.8454757184016558,0.8974484869462994,0.8968172583242945,0.9478768472638274,0.9577012089295347,0.9437426224946429,0.8504789134409142,0.9313392296938707,0.9239385255789228
144933,0.9227858273011027,0.9551314694649052,0.9248319214563311,0.9355289888162521,0.9324916287400443,0.9412493795689417,0.9170790802625267,0.942812398149682,0.948435292156007,0.8885211260625517,0.9257071947358905,0.9189217104153817,0.9471447102780989,0.9267383326823218,0.8907220751571345,0.932325122808868,0.9497213935780927,0.9499217060801609,0.9687529652804564,0.9201838786389502,0.9485094744034134,0.9448646219702265,0.9202013239445604,0.9609980964437399,0.9498568435638972,0.9673449832168389,0.9219930353825357,0.9338141492325596,0.8899314783152733,0.9322117133395473,0.8808228691138487,0.9476218123084819,0.947912424829055,0.9526430795360794,0.8766227124252518,0.9109149122508529,0.9253314275685629
145127,0.8848729856838586,0.9670824225498347,0.9332376951453137,0.8719368766671968,0.9086066211171961,0.942302644189776,0.8967437909440916,0.931403813464174,0.9343164865138157,0.9025985018186167,0.9234039085386587,0.9283026535787376,0.9339318598903158,0.9470007354304539,0.8686793525087882,0.9449216988356924,0.9406377418200479,0.949618096061631,0.9578536675588702,0.9111116163403659,0.9340656525436583,0.9542974031016023,0.9322127895137454,0.9424977862535989,0.9460329338458469,0.9551682406313077,0.9151366369689313,0.9083566934088394,0.8395815360665186,0.9249323015224513,0.8842212653406522,0.9408280736356667,0.9510795868367028,0.9481625115350587,0.8886642463925565,0.9090155289363491,0.9275103471904277
145632,0.9049433170879465,0.9575993124135286,0.9251812700185953,0.9413071401981625,0.9207862532263718,0.9322520572753099,0.9044867623667696,0.949765968114223,0.9335340012067165,0.9126310582537783,0.9255654145891984,0.9348761053064376,0.9331896886863187,0.922406363690558,0.8837504834220844,0.9372858537209873,0.9460130102343973,0.9396293942329295,0.9503481502877691,0.9256560310814598,0.9335389877664847,0.9344773111188962,0.9267513390607439,0.9443765532170357,0.9433375888213534,0.9582552005196265,0.9340818731331161,0.9281405360085807,0.880886923864259,0.9369226627685538,0.8955988207376534,0.9283019196994435,0.9404169606382445,0.9455623142657626,0.8845396011229868,0.9143457757068658,0.9240288898841924
145834,0.9157117806187921,0.9601438691201729,0.9327673774312105,0.9506689563963918,0.9381726729885665,0.9390121452374984,0.8951431549997866,0.9492381501493464,0.9399532848401962,0.9133620754999656,0.940047716098534,0.9337187800375029,0.9432250934833801,0.9492763809591651,0.8387677844650113,0.9343395035651811,0.9403296623708205,0.9490859490068175,0.9443585730068151,0.926929604580605,0.9407489642978331,0.910043040670838,0.9289549499796544,0.9466902466828,0.9389668475351988,0.951191163946495,0.9320512193031902,0.9425329713958563,0.8719365147585407,0.9437554496105011,0.9135470833913111,0.9401974188125034,0.9511168152629391,0.9317172325816273,0.8900277143601565,0.9252590763615893,0.9244109304586394
146129,0.8920212834843806,0.9592203892414645,0.9049897376984937,0.9555306700266121,0.9322885648974221,0.9176677664479694,0.9026095268765066,0.9447891530456328,0.9394139957560242,0.9280712597897478,0.9319280395914374,0.9235252499842728,0.9443140591741268,0.9306543110706578,0.8620935561062268,0.9264986334681172,0.9256338165273307,0.9522644030371099,0.9647331454090048,0.935273199674842,0.9399500124925071,0.9539552991798055,0.9233837899558248,0.9276443824972156,0.9487788542451024,0.9644223527443624,0.9360174530493967,0.9254133204992073,0.8957323843384358,0.959196314425304,0.8969516694654897,0.9162127171185976,0.9490793027722756,0.9460255628693266,0.8729300607322544,0.9320150932915466,0.9225985245589506
146331,0.9012961969015255,0.9562114829600213,0.8962704666423145,0.9241267551806369,0.9170475924097082,0.916066287152487,0.9119551565744031,0.9389766832469197,0.9421228895119693,0.9225681332197733,0.9277332856966772,0.9337451172911411,0.9439041829467284,0.9153310672056436,0.8735179073544782,0.922629711584612,0.9369479728806083,0.917548186649043,0.9588815552247023,0.9344403506780501,0.9445432993475614,0.9398918989445664,0.9100411638388554,0.9418497210612516,0.9317376700291434,0.9525270208561939,0.931186364842612,0.9317026764159577,0.7996807565740862,0.9251759886852288,0.903763055135911,0.9329577158496449,0.9349755594685513,0.9502774001905983,0.8577339543748349,0.9157752679539827,0.9152112833349382
146432,0.9065596187664643,0.9595615662659873,0.9003791269332588,0.9609793626769164,0.9329186604988219,0.9331469091797677,0.927755990447877,0.9361435322769301,0.9467655729764061,0.9298150881865028,0.9213862389604768,0.9083931397683005,0.9415908330570432,0.949536437886814,0.8750301386420302,0.93990649654362,0.9390366541427425,0.9555733684674094,0.9643346533289919,0.9272619399506649,0.9504288584809855,0.9410121338098179,0.9306667259428568,0.9384513868098916,0.9498148920364722,0.9609637404677556,0.9400643666793569,0.9367332864799126,0.8544478526011824,0.8971454884420023,0.8486889937658885,0.921905004533418,0.9339136787593216,0.9389320865176943,0.8921934545286889,0.9494857146720947,0.9196944150251432
146533,0.9105132264576365,0.961843063430235,0.9129665599697456,0.9541954250558745,0.9293716581707464,0.9339283084386675,0.920471760061286,0.9401495674472384,0.9535709886596037,0.9340113046516113,0.9279660439586864,0.9191718771099586,0.9456421446888206,0.933478800894715,0.8901027385187448,0.934004687614539,0.9440907255476573,0.9502956188160971,0.9639948392188615,0.9370460880185354,0.9534210844162988,0.9363260918364683,0.930954645054736,0.946206117562138,0.9494709818442562,0.9621884081660596,0.9435374577939795,0.9435582477570903,0.8616445755965684,0.9263578088443615,0.909721647211919,0.9405769180823432,0.9390472756463707,0.9543575955750466,0.8981932794742512,0.9240039884058504,0.9313419385302941
146735,0.9084587654410318,0.939289111417789,0.9238527505031429,0.942867106158445,0.905581097360816,0.9123244631577211,0.9057905965542153,0.9438599450476464,0.9385659237316495,0.908816814643753,0.923965928366847,0.9219580010900337,0.9131204670973819,0.911072357017922,0.9047341574279689,0.9100486615436084,0.9299852497873635,0.9479405761588902,0.959177241618156,0.89866003126016,0.9415916823911629,0.9487015791571792,0.9083816502820619,0.9337463407118218,0.9459348226812427,0.9577068859974057,0.908320185228014,0.9402577398006431,0.8960162930709055,0.941829668089866,0.8508094304227188,0.9370625322258299,0.944856074031594,0.9291140136761747,0.8597659120238718,0.9285544657505402,0.9101773388216424
146836,0.920528644591725,0.9624676184155331,0.9254426047788803,0.9417155732782126,0.9323622451127627,0.9195627200282439,0.9247004014036405,0.9434260508455082,0.947127619334773,0.929996501086825,0.9215210739058199,0.91786165998476,0.9464121243360278,0.9539549379469905,0.8834504444818498,0.9344391235010947,0.9374981601205067,0.9384415150286425,0.9625885858740109,0.9307086563632057,0.948549628438857,0.9276423479817268,0.9172026612378511,0.9455404568210805,0.9458108274407213,0.9607675206296209,0.9309993917424628,0.9261394465324156,0.8261417831679667,0.8841269170773965,0.8744761506805766,0.9251336796566803,0.9289816563873483,0.9217941649416084,0.8839813396373104,0.9517049459644996,0.9232049566966279
146937,0.875636761615322,0.968612003415364,0.9103400611572963,0.9423412427893091,0.9240574015575049,0.9180188399404385,0.9136565991673786,0.9361614594385229,0.9228319699612206,0.9168931070765493,0.9391921860290874,0.9202371995519474,0.9397409777961325,0.9329934131618821,0.8974984033749642,0.9379805613525326,0.9414793597733658,0.9486083849307817,0.9588078205385925,0.9244916373459684,0.9234334934001958,0.9444065775006865,0.9288394008673064,0.9500155098849205,0.9487358423872717,0.9605575203655261,0.9266589971276352,0.9224725783248433,0.8784665066569469,0.9471043520911762,0.8803902001143659,0.9309223585965862,0.9485728439952323,0.9319035730149705,0.8679421309264292,0.9347802039119549,0.9163783805285964
147636,0.9123964811489256,0.9610530978595697,0.8966463031322017,0.9562534504997539,0.92690239997735,0.939176046980566,0.9211403673363421,0.9399432114124344,0.9380118402929456,0.917088898863544,0.9246024386608022,0.914434508029716,0.9307773414814318,0.9233713461110072,0.8960531328299594,0.9352572013117012,0.9492033147400434,0.9595406457135095,0.9616114677706032,0.9218857542779545,0.9370576057274997,0.9369097576885526,0.9306192033970384,0.9525792062069446,0.9578932537001393,0.9647628982755431,0.9277693885614735,0.9404554478298218,0.8532229562574657,0.9213611078530346,0.891188692340674,0.9304165646941912,0.9468277811901274,0.9453927620360134,0.8491153190818344,0.9494483979277487,0.9177211273652723
147737,0.9035897940666584,0.9641452715072191,0.9205801362111958,0.9325138543852106,0.9234465137663255,0.9286981427565175,0.9201977975575552,0.9387107426542716,0.950872818281246,0.9117483343241786,0.9231514643561571,0.9308934698674086,0.9368366860892898,0.9426120560064181,0.9011762450712112,0.9462514975791775,0.9180797656812193,0.9325832720495596,0.963412012587626,0.9190669138494958,0.951841974271741,0.9560023647719127,0.9411382662642739,0.9276574968034763,0.9415556179108031,0.9661977737217433,0.9276280287087749,0.9375205441624148,0.8604470782705541,0.9453792991043589,0.9125265336230179,0.9167347671130919,0.9330906835424613,0.942266410977238,0.8525966178809591,0.9432794504469738,0.9188808108939103
148032,0.918584079446344,0.9621939975180337,0.9178815322041833,0.9560996742440339,0.9291192415945735,0.9353188440112994,0.917608995488165,0.9435408988380823,0.9526487267289383,0.9065520668880729,0.8983764729602675,0.9157681521082129,0.9341566244052791,0.9324727974961978,0.8996174977503719,0.9457478282240543,0.9408818241289563,0.9482098922064043,0.9638168114065429,0.8954244678410798,0.9515788116750403,0.9584921246960092,0.9344643958373645,0.9529054756261395,0.9541239670527915,0.9659874874472439,0.9031342229681549,0.9415340858450788,0.8675437968927383,0.9478233208924755,0.9340100536637859,0.9473640847778726,0.9314606465670825,0.9361958953218771,0.8615184362554941,0.947302508681947,0.9225730627531501
148133,0.9225884098591471,0.9650610175794295,0.9266712941365838,0.9481059714643588,0.9333769781918091,0.9390192892991248,0.9045492909790538,0.937121757536003,0.94474123696559,0.9140598365450979,0.9311660957628659,0.9386804760558914,0.9494756824963282,0.9388659982852045,0.9114118117357994,0.9393276543158718,0.9554428248713139,0.9403733302590793,0.9622846925296834,0.9162481650865145,0.9451763950174397,0.9466991922569341,0.931167591990862,0.9435448294360221,0.9461388698220419,0.9643551522311627,0.924909858330989,0.9319567820735067,0.8919965254657632,0.9088653549022463,0.9043795043301069,0.9452876265700765,0.9438797131855757,0.9449168880709071,0.8414124215946676,0.9580027681348685,0.9082614900186353
148335,0.9163299914940639,0.9604264930325761,0.901317477844904,0.9497377794349809,0.9256868110359986,0.9254729208902351,0.9064686544937937,0.9401080573593597,0.9461866931159453,0.9149538372102952,0.9354754858259552,0.9193603029875131,0.9426349683628323,0.9325591190615592,0.8612163538936428,0.9392001392586506,0.9449819120677198,0.9395142908862103,0.9362404087054667,0.9309748370972903,0.947703892698267,0.9472404068839475,0.9305632557896962,0.9514941923297058,0.9465198926013679,0.9507677149750043,0.9375297949924501,0.9400565775259079,0.8552506185488602,0.9384117122153894,0.9101913767414984,0.9347536438849865,0.942903888446692,0.9325174412016923,0.8819500678572316,0.9119418020378843,0.9286861579096856
148436,0.9130659442132109,0.9673857877129264,0.9300200820665769,0.9460214814730982,0.9261090193518561,0.9251006299707446,0.9073880752297209,0.9405204989916282,0.9472681069075468,0.927033351775601,0.92470818237483,0.930458180664045,0.9280483356201648,0.9426177880495916,0.8592401804769683,0.9453165475251853,0.9435127050399255,0.9410465966222943,0.9586135241558438,0.9229192184353283,0.9492600378744462,0.9258135744275398,0.9259007782198329,0.9388205090266859,0.9409340402376463,0.9621203793011683,0.9346346713732723,0.9427026028209903,0.8628437541844278,0.9496161746290428,0.9254258236681884,0.9248402288461262,0.9420575287064031,0.9311206435266252,0.8786948791051541,0.9291781555322154,0.938538789461829
148840,0.9046400612364547,0.9547918661143237,0.9012984936019193,0.9530418684721715,0.9227464448506585,0.9219428555943429,0.9206479896745444,0.9456808051419614,0.9420382583449285,0.9238823685227684,0.9221728668561879,0.9184967820587887,0.9459743706923239,0.9374789858043167,0.889865353861264,0.9292090825539896,0.9384920664384138,0.9494634371472365,0.9591225224583658,0.9284736832699646,0.9449169417854422,0.9591920885651378,0.9175641863431283,0.9413785773489197,0.9472711248709028,0.9581541520439459,0.9334999021921027,0.9306583478588226,0.8955676257415898,0.9584372059076663,0.8918281803218083,0.939999843327514,0.9393910371175239,0.9283824778982172,0.87178809058624,0.936064769561832,0.9166455137339209
148941,0.9058563572037737,0.9539407946334516,0.9392736065092756,0.9434157878132955,0.9209901238605888,0.945455105954921,0.9200012050532778,0.9431015013229174,0.918520171715531,0.9131543851142361,0.9191719035477615,0.9350750431202106,0.9395079933755802,0.9458482605364856,0.9142090055594787,0.9325798298608863,0.9411174360086799,0.9412914155033673,0.953611096118391,0.9068548442265701,0.9197563102855766,0.9465182710016837,0.9254785795588305,0.9414421292918994,0.9413530083830363,0.9613377347368882,0.9208308436011925,0.9246143097806392,0.8683936654029847,0.910249102795845,0.8751305888801832,0.9389772173579898,0.945064312753352,0.9367501143139286,0.8598057907225883,0.952698602861589,0.9178312123450503
149337,0.9115237583231551,0.9564237980296366,0.9315962411396689,0.9501771950257534,0.9333817168229452,0.9172859205223192,0.9129864715945633,0.9382859333134406,0.9451220400943466,0.9359159493838861,0.9213634289756776,0.924746506084844,0.9475287260518442,0.9274547419575708,0.8870980013352372,0.9292051581719021,0.9252537614684451,0.9478396206565288,0.9692778882137364,0.9230729512247031,0.9437620082918755,0.9436451364176501,0.918587000371265,0.941999267394933,0.9539467290744177,0.9689115912210995,0.9339879003505003,0.9420689863872549,0.872086835905353,0.9214720742700017,0.9003144031297774,0.9263239276973596,0.9432627826696705,0.9454750447322767,0.8653161750900918,0.9297064236043476,0.9219816124502321
149539,0.9008983076824617,0.9673264292140447,0.909889295847255,0.9458597653305417,0.9177289034131975,0.945780247377693,0.907485835507779,0.9422302840403777,0.9315737207868027,0.914226548776449,0.92622734182397,0.9121023971380426,0.9361827411822509,0.9432651017346199,0.8933362320462855,0.9505538888328775,0.9480973230439711,0.9453363626539582,0.9581159244878169,0.9095684154255631,0.9352572474977292,0.955049716761906,0.9405016530239427,0.944517524042343,0.9472086340211419,0.9554596409462401,0.9112809910860958,0.9191722345170863,0.8482170181097154,0.920238082182136,0.9296537380883728,0.9451470134001954,0.9435494656809372,0.9394899872435182,0.8326627578860492,0.9242102296626524,0.9211152008422657
149741,0.8854142402018097,0.9513335525534716,0.9278511666656097,0.9407946427985172,0.9131636020029834,0.9417117971347966,0.9040813301376115,0.9333846744504025,0.94808114816274,0.9154219544277857,0.9369415060855308,0.9353687225705858,0.9396653150130654,0.9160601188107268,0.8530174803800707,0.9399509088187098,0.9501138585763875,0.9365670529892842,0.9557326382609724,0.9276051220878029,0.9496923631482898,0.958349611287276,0.9351211494943038,0.9528623984607003,0.9445010519562875,0.9578615687776397,0.9326176216302168,0.9349428895299553,0.8328029945883052,0.9249568470829341,0.8721275744709334,0.9413208002469918,0.9416459451133572,0.933164977007121,0.8457200020950701,0.9466630729034415,0.9200351754196429
150726,0.8857881364729342,0.9628369210213567,0.8981817580582229,0.9498039475844196,0.9311973623452198,0.9406385722252142,0.9193309372196131,0.9485910849826265,0.9365260729622518,0.922181354484593,0.9306215718948581,0.935833556902264,0.928531774972124,0.9484563152975727,0.8905259934672625,0.9513011480333569,0.9530005538330147,0.9375259150313554,0.964175265845287,0.9256004284832162,0.9371466184762599,0.9492276003776345,0.946318650313433,0.9481659308406996,0.944090119875189,0.9624452352878117,0.9321266422250687,0.9294084652388174,0.8515547789203052,0.9147093383805148,0.92778742780024,0.9390549664139184,0.9442393859005256,0.948963912354291,0.8403034646518546,0.9449015824510568,0.9227677295553494
150928,0.933689714061238,0.9594025396230316,0.9214745665695472,0.9551332677754848,0.9423233174460487,0.9284518649271483,0.9033797835773802,0.9433831399647474,0.9540566160902001,0.9230184613532612,0.9184528923091867,0.915926910391774,0.950636973407755,0.9448782581447358,0.9020245269986661,0.9429790151371674,0.9336035561149781,0.945466135583185,0.9569102752057861,0.9134955345606169,0.9526218182914358,0.9428958225422589,0.9204920924839437,0.9323898932869281,0.9538823698033033,0.960617208750418,0.9278097928086294,0.9335211288732913,0.8911916790393631,0.9447271109947388,0.9367555793614131,0.9345586511690224,0.945559901437125,0.9412560349172545,0.8957496253136228,0.9251956312344867,0.9305321828183372
151223,0.904145717342459,0.9575174228763029,0.9033780546325606,0.9509799919128348,0.9195712138423446,0.9103042320694057,0.9023076720819224,0.9490378961767587,0.9277637182870174,0.907124084818043,0.9000836078393019,0.913056423827739,0.9436791424362325,0.9428890520409949,0.8820809289807502,0.9219754435664547,0.9506642627436757,0.9528741479477773,0.9531022894366559,0.8999547466111062,0.925652736227347,0.9436408261140895,0.9173617445793414,0.9491582564899649,0.9465352833014221,0.9507285755116625,0.9071250806900196,0.9347264876495384,0.860956775730308,0.9414240694465984,0.9266910202567251,0.9418867508900369,0.9476455452423099,0.9289486979197766,0.8587050939733714,0.9251588633142044,0.9407132769805707
151324,0.8862119679083087,0.9462502550782432,0.9270850335514498,0.9110623012039036,0.9290283627508423,0.9103557632698859,0.9158242185439703,0.9490813268901419,0.9449908732011195,0.9353228822349761,0.9259897518916487,0.9332649347701681,0.9585759808140608,0.9290948678474134,0.8952226155306028,0.9062389012379982,0.9409132208684459,0.9156784782642785,0.943184532616501,0.9407885913484941,0.945329484327018,0.9439200915745873,0.9028008332351878,0.9423318017107827,0.9321487216967121,0.9485822519578959,0.943596387094009,0.9432261848203565,0.8757564308440515,0.9180438596177265,0.9012376052214166,0.9285414785982528,0.9065773407353521,0.9394248452356715,0.8516870027742226,0.9189275078485115,0.9159871401512557
151425,0.921087422434553,0.9556981666503758,0.925216507766344,0.9543045110836267,0.9470468918627006,0.9284838441005714,0.9195865807475673,0.9396582276952872,0.9346212585399348,0.921494238608548,0.931416132256111,0.93184003673682,0.9565484258922295,0.9422329799394795,0.8792408353868758,0.9201466062652798,0.9517656731849085,0.9509270105375662,0.9593767729309483,0.9286320010306316,0.9360290011027648,0.9440743994195852,0.9197438067426793,0.9510522951030265,0.9526783935164083,0.9568704643587779,0.9361013521992539,0.9328559860424395,0.8613358755298298,0.9415071747327662,0.874888940185306,0.921780932817266,0.9380336697554573,0.9453970478014063,0.8685080899277886,0.9219440444820275,0.9185750159667346
151526,0.9005937651220767,0.9616931413655283,0.8859310240866655,0.9487433038364143,0.9093746368750227,0.9070004163774172,0.9135518380984265,0.9195317116070056,0.9428301889263173,0.9253807711810237,0.923737253054157,0.92689133379289,0.9454060685061805,0.9212679844061338,0.869410047389634,0.9275183875718961,0.9325224573118801,0.9517135096594366,0.9577234476193112,0.929558132762372,0.9411762448317416,0.947401586470726,0.9263527800045,0.9326824999971204,0.9427115557512923,0.9547846670663416,0.93555438934526,0.9360503832194176,0.850563205085963,0.9274903515762513,0.9170529767944062,0.9330907844096991,0.9492755579739764,0.9388311788363402,0.8523993366146979,0.8947418201764396,0.940989793561402
151627,0.8893457024882624,0.9554250962825015,0.8921990875170459,0.9462273354980821,0.9260166057413929,0.9365729939595003,0.9100181551489465,0.9492701128599007,0.9544227898208686,0.9316431390291533,0.9297416807930589,0.9293570556135963,0.9482121055077628,0.9497245417594256,0.8904158851708399,0.9399689453727466,0.9336582584923091,0.9522403644600654,0.9579999872418059,0.9388730715923528,0.953240639104114,0.9433320153835492,0.9254058431859156,0.9425990200115106,0.9549040829188113,0.9584273431654673,0.9421286302049534,0.9468912356539155,0.8942578855781494,0.9390099042259343,0.8448512903054544,0.9225533163233729,0.9381816744412443,0.9266734228935468,0.8819378738622559,0.9169279238754698,0.9153286730377561
151728,0.8925174454012075,0.960517725240623,0.9238631715746716,0.9371543707376185,0.8961475796903635,0.916980320027767,0.912656534389461,0.940838706560207,0.94573338227472,0.9155777939944806,0.8955761383341347,0.9316230403959014,0.9387673193738783,0.9177185357129258,0.8527935650865931,0.923953395348634,0.9470605831433588,0.9303708909520026,0.9519050139661327,0.9237150185499157,0.947285385710875,0.9220588577957545,0.9143808737646961,0.9394003738975079,0.9343443530896733,0.9469543286788397,0.9276914577484552,0.9490820395511401,0.878968362006856,0.9193910914593726,0.8865014832952324,0.9427344839588465,0.9316324148285913,0.9310211781787819,0.8217328437411213,0.9167623473041592,0.937895225627798
151829,0.8816884334442576,0.9618345477204391,0.9167058884039369,0.9424147731088276,0.9132360465095634,0.9233477191927512,0.9162771573215447,0.9392715320519903,0.9609405727462407,0.9205378193608416,0.9324299522483573,0.9212595113761036,0.9351363776643062,0.9400409581490149,0.8871876905708288,0.9255958485520933,0.9497374846657807,0.9449322919005343,0.9622784791613253,0.9245673622699785,0.9604609657852019,0.9441065434795167,0.9224437753731267,0.9447045746850926,0.9549718509373732,0.9646617346666765,0.9229571496821762,0.94721164067732,0.8847875145768188,0.9394991205490743,0.9122559442861512,0.9244123750531816,0.9367738401269069,0.9288613965375083,0.8432652927025932,0.9157363452237465,0.9067486738725912
151930,0.9330681424674563,0.9622725931449253,0.9151514079857418,0.9617053393761046,0.9205520929137089,0.9194135552077451,0.906979732338928,0.949088653689296,0.9403080856637125,0.9140262647103857,0.9036426675005511,0.9264865974098374,0.9425413436434511,0.9199256206240382,0.8859641025530629,0.9280417416052907,0.939209860196433,0.9591334544087796,0.9725828132914436,0.9072721309104017,0.939387282547976,0.9324894134425876,0.9166109572147326,0.9436254841072984,0.9525862500175459,0.9685597413792849,0.9229195661259074,0.9209440978446326,0.8760231456172615,0.8956603780445649,0.8771825812604774,0.9252964032763002,0.9489577968783738,0.9517851173769969,0.8734301147793608,0.9139090929538958,0.9236435750202389
152225,0.917208288788477,0.9478888441959678,0.9043063065255135,0.9593931221595122,0.9390959974410386,0.9231434011160161,0.9126559300583575,0.9423540128767535,0.9367299464248086,0.9351816646839748,0.9402832470202162,0.9321655905923687,0.9474975419337031,0.9153283019116659,0.8823792327350879,0.9156583603056113,0.9320975952805972,0.9447216778982976,0.964004290668613,0.9368407975374462,0.9375282409985484,0.9249646842908644,0.9081062737315113,0.9479383785964821,0.9457946765018729,0.9602794823375991,0.9390130742536049,0.9386418915787491,0.8749443987205908,0.9035200009016312,0.8833506257193877,0.9316392035815154,0.9382526158354247,0.9479338955720377,0.8729035293518436,0.9403192019269925,0.9233086619831108
152427,0.9286058695186237,0.9643153716545975,0.9116278006752069,0.9494929730391886,0.9190496873160672,0.9220089213594461,0.9077429196886193,0.9441635867415276,0.9417435729483933,0.9116075218470779,0.9175345708574796,0.9140165775560395,0.9345082237310165,0.9321587558664011,0.8689325460143437,0.9464975616773238,0.9470593504293754,0.9438537550946411,0.9551647159341324,0.921357545873651,0.9412731828213533,0.9330759228214052,0.9245083338436806,0.9566818466752586,0.9501614857124127,0.9537129539262582,0.9205277798442963,0.9331508260677527,0.8569069477940189,0.9303779854175768,0.9084607182974969,0.9470965542120493,0.949478982288707,0.9399955967493576,0.8897876227746686,0.9273954809071304,0.9293634170330606
152831,0.8877344701657102,0.9698719107090448,0.9089299687797469,0.9492841359223066,0.9433577606299796,0.9187996043595767,0.9225745500367789,0.9468203962979816,0.940952424088005,0.9210150294310561,0.9174313604355991,0.9398813738359041,0.9371650736900022,0.9315901882341483,0.8724380404334604,0.9424650823408568,0.93574046569729,0.9486005905344922,0.9652112651153039,0.9300672782050589,0.9426364034108992,0.952128936136112,0.9384777263774007,0.9399953745218895,0.9450758012376421,0.9659160548741172,0.9335934726239598,0.9433342871475902,0.855711771129959,0.9172055322423632,0.8961585468031149,0.9277885188912555,0.943086769201182,0.9491284120956257,0.8820383370157904,0.9174095219708397,0.9247056240560655
153025,0.9083975249523693,0.9628192342605526,0.907334262839547,0.9541859897348941,0.9309073504154134,0.9392079673898459,0.9127719604879357,0.9456207350218839,0.9479458579534452,0.9256659959567057,0.9280179144490613,0.9333959355933187,0.9386680462909022,0.9463233005100119,0.900326201171053,0.9442130062458798,0.9476615821747796,0.9503387390716574,0.9585926559850861,0.9375736844913349,0.9479431201340353,0.9651822433121269,0.9400606190742355,0.9529713874651242,0.9431260992911431,0.9602434378902492,0.9392841000376876,0.9407506101521601,0.8818866721824855,0.9525471210889223,0.8758275587760337,0.9419596435137454,0.9479364140836308,0.9347653467161233,0.8281685943048458,0.935474312111742,0.9047728198567339
153126,0.9052150972825241,0.9619907940358824,0.9186092230424531,0.9441171265134347,0.9255984626704623,0.9378248373084719,0.9062470137842301,0.9489066484928949,0.9288984704335701,0.8949965043138886,0.9204962457520428,0.9361065376881745,0.9307876753503123,0.9159954062868518,0.9132515328743116,0.9468608590360461,0.9383947764862361,0.948319083249916,0.9599863071255768,0.9069074147775017,0.9305011112622994,0.9442877451675781,0.9374385213029693,0.9512472974298168,0.9538867118684845,0.9588420764625819,0.9161254483343576,0.9303586067107958,0.8975070619230242,0.9269385412243122,0.9314901997921637,0.9426398845728791,0.951317827865516,0.92183682938983,0.8486727426369854,0.9444380730693117,0.9222094980930333
153227,0.8745726038129396,0.9587786478059986,0.9219319176752607,0.9468793211371057,0.9181201196760377,0.9194091141902672,0.913823826311083,0.9407029067824737,0.9532740607240989,0.9292599777913182,0.9164647851717165,0.9236152310731862,0.9406125086779712,0.9282773997059933,0.8927518538726098,0.930267897967542,0.9346466794171467,0.9489117070531261,0.9605435497239531,0.9335254253465788,0.9544663243466269,0.950292962743112,0.9244799092777585,0.9351847766182215,0.9414068112622067,0.9518344368363085,0.9249028776434294,0.949609906344133,0.8791350687953834,0.9254719899979983,0.9003397637056865,0.9280729910886443,0.951353863875536,0.9464071083178508,0.8612658568973889,0.9303668048024853,0.9272475252564433
153429,0.926772684413523,0.9576383991938755,0.915742342168244,0.9478982737338736,0.9370892051690718,0.9059984264730497,0.9176030832042019,0.952162921921092,0.9448469243824996,0.9310431879214232,0.9162124719759522,0.9087786076580882,0.9442306592761828,0.9224690939363629,0.8961647008343955,0.9222071457137394,0.9418508009247972,0.9448128866100032,0.9582846212896937,0.9270474448745419,0.9444990032849067,0.9537583640942388,0.9188696721427527,0.9410708192651042,0.9405926547343322,0.9559147721576401,0.9360672413634774,0.9384706662172907,0.8858574172670535,0.9452122521619513,0.9018485801739371,0.9291586552437,0.9336209298766298,0.9307128064872198,0.8662981771278554,0.9441976419734235,0.9166956890719564
153631,0.8920030594113906,0.9546329798347306,0.8919769262570304,0.9526688491377541,0.9026806691425345,0.9330421617042064,0.9093157545379101,0.9435787829181422,0.9465873726014279,0.904102931364215,0.9145620195609772,0.8899828592235425,0.9139719170500697,0.9169199858835705,0.8729100383984753,0.9363207816325207,0.9504392445589961,0.9533326776206594,0.9574067059812351,0.8862594568069136,0.9478990085786609,0.9482048375907954,0.9259089846199513,0.9525446793378309,0.9565133043480444,0.9604027932086329,0.8891745135955803,0.9401875952853783,0.8827166587399133,0.9503069685059266,0.8724080715344658,0.9311181704542942,0.9501113441330356,0.9328379969587164,0.8538168570546123,0.9402236485725963,0.9028991264210848
153833,0.890402132216921,0.9670184899760428,0.9172862718972007,0.9504729887598871,0.9092141710775818,0.9330975909828465,0.9035425921873331,0.9450053496984286,0.9468332104221538,0.9210448608522416,0.9215451148416691,0.9161274753543794,0.9499083755909812,0.948865695053495,0.8353730128584804,0.9369948019315676,0.9381086183317094,0.9444800029110845,0.9522169021788413,0.9341251787894903,0.9472762735007297,0.898627891348845,0.9235389807996669,0.9341026078602273,0.9431428167946164,0.9523852387664731,0.9327968182669356,0.9402561136908991,0.8347039239204245,0.9290226041429273,0.9265710236514259,0.9183437696803727,0.9354483131162982,0.9241529501449653,0.8875622929637633,0.8927162908766354,0.9454370947425338
153934,0.9148758592570756,0.958284480881452,0.9171159987778185,0.9387420987552761,0.9355704941060717,0.92791842921255,0.9161116903644887,0.926855619280538,0.95099327907219,0.9341543454506586,0.9332067632425229,0.9252815854742633,0.9468365292767996,0.9056617948831358,0.8803184073125827,0.933633410510101,0.9467396932623863,0.9407914033743957,0.9534731504011932,0.9359603585638887,0.9513238930592272,0.9517695334155875,0.9261131194718245,0.9398304897645448,0.9479542965225183,0.9572142875415098,0.9369483792451342,0.9410073227600474,0.8290910933594746,0.9339400558523394,0.9213919429264235,0.9340503177964217,0.9271963288415941,0.9386840766068626,0.8785309078456834,0.9269103286655067,0.9288108216418309
154229,0.9024439219145205,0.9585868013173999,0.8996345937443262,0.9452782151989884,0.9266317075235297,0.9322812498918558,0.8926837716567244,0.9252517878360883,0.9415758890909538,0.9234151806645606,0.9321828146771111,0.9292624912081858,0.9434232450589456,0.9420018127107458,0.8857160437911424,0.9357125352610411,0.9380020914245967,0.952127149195013,0.9676022112404584,0.9333439210279346,0.9403578929516305,0.9435074396341223,0.9308909038350676,0.9467454516263637,0.9492112812616988,0.9615927856906559,0.9349511268664271,0.9177940447756201,0.8771821578720893,0.8987960170773851,0.91410165889586,0.9303849015721902,0.9422370934598293,0.9430996283570433,0.8523570887573649,0.937488068578814,0.9257872204302273
154330,0.8714125253922548,0.9670742209955526,0.8898864631491928,0.9471423927705364,0.8952638863215365,0.9069583435806345,0.9041949664357435,0.9410430096185095,0.9391350906308316,0.9177132241461895,0.9082304158423399,0.9117457878769005,0.9370240125042025,0.9488396791413006,0.916309801930139,0.9346906785688277,0.9558022728853814,0.9396822356170774,0.9555309599686123,0.9215891574140385,0.9411389496413145,0.9348608818070856,0.9282557762449736,0.9519525781886881,0.934188234968564,0.9444361018675528,0.9209235545188005,0.937112696345987,0.7813800246384365,0.8867818470671573,0.9055125575847432,0.9508132491739694,0.9209566399358489,0.9324349699656896,0.8622298580185548,0.8807577555177545,0.9459393123209087
154532,0.9135846349604314,0.960934661477066,0.9162428665011791,0.949988316495643,0.9295043967181587,0.9454473629520047,0.9229788214031741,0.9367641675793977,0.941342613766424,0.938290598783011,0.9252493636104363,0.9327103135151004,0.9310215418912375,0.9443752296804269,0.8857429864096371,0.9477571390605326,0.9406400146753829,0.9530435730567135,0.9609953905343399,0.9384172619990495,0.9397958200762858,0.9395629376328716,0.9363077302950946,0.9388370701327103,0.944806799925375,0.9544236624974296,0.94009835261023,0.9280356108635219,0.811565348809184,0.9180137656117288,0.8655925154211704,0.9044280129894509,0.9318183805345799,0.9310209524927973,0.8805028079353395,0.9067052041011039,0.9200859073093317
154734,0.9068138975524563,0.9600862038521452,0.9181654048233306,0.9508604430625623,0.9266032509723642,0.928647971406665,0.9134399869639758,0.947650488985879,0.9405190078190471,0.9111337242222337,0.918433204724447,0.9290115693834796,0.9235375130840484,0.9212222621901107,0.900166993209455,0.9363808961423724,0.9392718624541784,0.9494855083751389,0.9387986916050424,0.9084103871785086,0.9417454133429854,0.9453324050158448,0.9241553924224796,0.9401099575380353,0.9463438029219018,0.9401117427132031,0.9153119303719226,0.9353170389874409,0.8816485119237979,0.9454746819091359,0.8884361615076031,0.9286181549743482,0.9420945386880207,0.9328561811547341,0.874291980913246,0.9275077043679184,0.922765182475929
154835,0.9130653831125592,0.940819616921599,0.9249404135998198,0.935386499781201,0.9266981412019679,0.9353475512750004,0.8889086411971941,0.940317686872123,0.9406084479877815,0.9101931203935493,0.9226736316165288,0.9302643308970789,0.9377897887173826,0.9411068385610285,0.8767440078586973,0.9284479597004838,0.9257468122967325,0.93816864944124,0.9516450020223703,0.918800656671238,0.9390581752775335,0.9269756424717712,0.911885308138761,0.9289345596328833,0.939636930253068,0.9520070517226101,0.9267890705944063,0.9267177139558967,0.8790244143586752,0.9357411005315277,0.820770090899545,0.9421451814373955,0.9331229525334144,0.9327170323058094,0.8714623450257184,0.9233512529110882,0.8976918546817002
154936,0.9086692988419224,0.9607096833425447,0.9176702849165529,0.9285983130073665,0.937198928720361,0.9167556158739192,0.9094607093110667,0.9422249288897423,0.9427824678155924,0.9345073116121708,0.9366128340166558,0.9384313736872143,0.9531917009165678,0.9503519238917363,0.8725156085464498,0.9257671025061694,0.956035916166977,0.9412691689775123,0.9617485440801258,0.9376804888671474,0.9464833280866427,0.9591841709572138,0.9229412084078343,0.9549317994877947,0.9508226281224491,0.9687551229815003,0.9426680581587078,0.9336620787919127,0.8495852403205468,0.9539817057621391,0.927704869301914,0.9342466266268191,0.9367702794991442,0.9405788030549801,0.8575958837509008,0.9281754669056083,0.9214773827246209
155635,0.9150811956317307,0.963715609752015,0.9159112791533871,0.9543153845178945,0.9374145202581228,0.924339778733376,0.9074836664470637,0.9266125104162217,0.9345884029372051,0.9216451225239364,0.9372885488232817,0.9418214906155076,0.9501522330254303,0.9546672924801164,0.915238032085566,0.9383516063428681,0.945473561933338,0.9526178847864657,0.9658523389088657,0.9257060662518851,0.9341680669034111,0.9650755632429524,0.9279995051571082,0.9546932902060871,0.9491034069539495,0.9641495074278227,0.9348966496630918,0.9257670515736901,0.875831426563446,0.9436767720060242,0.8728611474938436,0.938914523680349,0.945762165645573,0.9342632925982991,0.8819451013710484,0.9291229739247158,0.9132622126795618
155938,0.9036657504988544,0.9621374038058588,0.9016016209897709,0.9177105997299566,0.9438930569185657,0.9005759411573225,0.9180462591137211,0.9483884645528958,0.9428283854299371,0.9242784904346026,0.9165502777244933,0.9526411958875809,0.9364966468844479,0.9158994167724063,0.886649754490973,0.9155029373468697,0.9427552994055551,0.9124171212730798,0.9596226098299032,0.9346531884373093,0.9433037862421252,0.9513205581156803,0.907608594998322,0.9448705630855807,0.9239092691267412,0.9552679281954845,0.9395768690121207,0.9414389009665731,0.8871488693988178,0.9415256623902859,0.8777645809367554,0.9315979339124271,0.9040638474863673,0.9226340625067206,0.8639975590597663,0.9381446554346149,0.9153524614976855
156031,0.8452510259779095,0.9617999448785411,0.9137498148835949,0.9430858205149102,0.9068127142349673,0.9226786679616029,0.9038944890687814,0.9415132364073202,0.9416453501156977,0.9038468854561029,0.9286722560550141,0.9448457210870272,0.9334674918298359,0.9396809277762217,0.8712353879177025,0.940083667092101,0.9337083134207208,0.9447967244761738,0.9517253032265023,0.9113933806235127,0.9413938995651503,0.9444029735584005,0.9364185059477235,0.9429221029578254,0.9503263174385498,0.9570120097942825,0.9204671226812203,0.9371092994654436,0.8363072907781204,0.928010556175144,0.8951068765268699,0.9309744324486579,0.941386993656948,0.9310539750037834,0.8382771863321483,0.9486481974029787,0.9208012215201158
156233,0.8946056639791155,0.954692513685921,0.938252869638416,0.9563170569132837,0.9491267080557201,0.9354463533862711,0.9037355455376102,0.9384211203455752,0.9318604055016786,0.934740025343129,0.9302119848259712,0.945204193406913,0.9421714043243401,0.942022551849735,0.8715973341805439,0.926436683648512,0.9442560123445484,0.9551818942425858,0.9697675069014698,0.9313063754029912,0.9317342455815136,0.9273425288253693,0.9121718255458903,0.9449784634634,0.9545041297042854,0.9637242497575872,0.9385826658061291,0.9244787735744525,0.7817554097737622,0.9102796071168181,0.8921446666947843,0.9336339403049466,0.9497441849453727,0.9517801430875746,0.8824262724287847,0.936681450852025,0.9177896039938204
156334,0.8885308147618158,0.9408169562120691,0.8864288514481048,0.9477320177869663,0.8954440042463135,0.9064238218744971,0.8882724935070474,0.9482564579429061,0.9285617518863273,0.9188966220035681,0.9135122393254778,0.9124159136542693,0.9345062305884708,0.9321303118995863,0.8508867520715189,0.9063947012798593,0.924498954089096,0.9421063133096433,0.967205308211768,0.922829369931773,0.9303750944166378,0.9191420928701275,0.8904821675361023,0.928132016437469,0.9468954836368684,0.9640822417399495,0.9289015102141377,0.9165535210014284,0.8712788253254524,0.9188063698699062,0.80202707736648,0.9193366273068602,0.9467795553935316,0.9375050414755685,0.8352217283665202,0.8971523775693067,0.895777582605415
156435,0.8994217707742589,0.9534490937153772,0.9129789641326116,0.9443319872310763,0.9191679614398576,0.9431449412607296,0.9176865203245346,0.9453134947824237,0.9485859859264747,0.9320169002459034,0.9359348440501325,0.9449752561107322,0.933966372729035,0.9388459058236611,0.8918357229510737,0.937556225945793,0.9479367980953011,0.9480584696840457,0.9540360860761918,0.9265462456019802,0.9479712715004488,0.9446463891679608,0.9230754047606685,0.9526069189329126,0.9444568020396651,0.9503477335107177,0.9277280152931031,0.9410724548833881,0.8554151365720816,0.9190384146290249,0.9164066624024385,0.9376534824067552,0.9329323408000546,0.9407549432986062,0.8528367807816155,0.9343618898442286,0.9289129043067125
156536,0.913524260420996,0.972441548634923,0.9203305937675829,0.950617959994609,0.9449860082272264,0.935486784970591,0.9091155659093682,0.9482198410916143,0.9512885062727298,0.9299423195918206,0.9230645324209725,0.9410766493032036,0.9353623217650258,0.9289778901541029,0.8903908908337418,0.950415250853831,0.9544542002786409,0.9444887776726408,0.9634172576435428,0.9322668003186206,0.9515043300319596,0.9285980533458673,0.9459550605516086,0.947015457335038,0.9513061941232633,0.9653569188094109,0.938779475128622,0.9480858304142346,0.9137116805913845,0.9402014189300362,0.9208524062670533,0.9436083943347552,0.953936573621654,0.9415012004766443,0.8793213979653209,0.9237211586017571,0.9252413027686467
156637,0.8741368093262369,0.9640951988741918,0.8668230671687264,0.9429002968863667,0.8980780331119385,0.9120748047060995,0.8858068814687593,0.9210335955020122,0.9289974125336756,0.9167079239374101,0.9286445121985065,0.9274893572240277,0.930725008923573,0.9201127790724103,0.8477755075497143,0.9258930842171885,0.9478139546325381,0.9392266306550462,0.9618875051509532,0.9035828794575168,0.9301852738359087,0.9197374930353014,0.9163731369464159,0.9476079733114151,0.9386137165605378,0.9569327729696031,0.9116015649220379,0.91193614376567,0.8356318358053131,0.9193004841194214,0.8729670501027424,0.9395755216509115,0.9343814189088793,0.9342410114704307,0.8509452282387893,0.8776439407083139,0.9386626276939855
157336,0.9273161079985643,0.9555478202343274,0.909781331118507,0.9435403791203921,0.9434473584145613,0.9462394642609485,0.9173830110553678,0.9499883576374574,0.9461757441307619,0.9190131396531495,0.9360006863979694,0.9247649593410547,0.9405021924236772,0.9536084179702125,0.8822550754957047,0.9424913077327604,0.943273219528606,0.9474842660741718,0.9611589459587697,0.9230883460196053,0.9473166602354622,0.9418982239301977,0.9260157824794868,0.9436757474284806,0.9486063300001456,0.963416818998504,0.9232540980497151,0.9312366449876663,0.8793654012271132,0.9310171083171163,0.8549270025418728,0.9283127939234842,0.9323256137985667,0.9319229650260084,0.8997152515826222,0.9445152733306772,0.9073280016354193
157437,0.9017171527538327,0.9601848988064586,0.9224619530317906,0.9580632540315074,0.9261920299074438,0.9325339852831339,0.9278748144572332,0.9536311358448295,0.955598180408347,0.917953933838501,0.9191728037437862,0.9237681325097137,0.9357249866363606,0.9388819930594746,0.8926633776440811,0.9361239824070459,0.9495040789393338,0.9564086864170833,0.9612416356819319,0.919020885486111,0.9556501850206301,0.9328651823582659,0.9255675503476589,0.9461880594550206,0.9546292602946236,0.9609502082185835,0.9328858554410151,0.9511172351719239,0.9120992613800954,0.9066914304212181,0.9162342630308911,0.9359581157951036,0.931289050986554,0.9382381287225824,0.8920922449486722,0.9540118520866419,0.9199199243815503
157942,0.9319136106761147,0.9585616454270607,0.8919581012220333,0.9357201918864132,0.9440909441272066,0.9169510257390281,0.9086926461325885,0.9481665188330188,0.9407676106958119,0.9225119344063358,0.9188603227986034,0.9270802987624037,0.9432607616859758,0.9089218510982717,0.8795973801362557,0.930380874523679,0.9291097120061909,0.9324892137065522,0.9637067357682256,0.9223374801915014,0.9412179673669403,0.9576774008116699,0.9311739525520352,0.9439702734897102,0.9436939049676023,0.9624350799690773,0.9316327318167938,0.9288118270688763,0.850169062837901,0.9462203630884353,0.9078877779520167,0.9281150952253596,0.9270187785944914,0.9363155223444997,0.871972744193398,0.9362957349360648,0.9131304914785695
158035,0.8958441589845311,0.9573743376294428,0.903079771313631,0.951347580578634,0.9412846606737629,0.9202886058349242,0.9115692706466043,0.9466983135774438,0.9410352536834817,0.9137694895385793,0.9294864412519346,0.9294147790313223,0.944325221798152,0.9367184117870269,0.9029761933489027,0.928667625574535,0.94580588805865,0.9433307987631337,0.9583659726580184,0.9140127092011235,0.9427535141470494,0.9565156003080855,0.9254299737618119,0.9480484882813053,0.9494852003609651,0.9597098794881318,0.9241221722037015,0.9294946656008566,0.9089853040651567,0.9317929566469426,0.8906400073268538,0.9424810754693869,0.9474181592042222,0.9548299645667125,0.8832708742441181,0.9336331944057522,0.9126966101564054
158136,0.8803959392879871,0.9642551286997195,0.9361867618187606,0.9306719105547366,0.8936301211676274,0.9158552436995298,0.9182449378391381,0.9456786609292147,0.9323573428277524,0.9267731595143224,0.9273897223592757,0.902973580652717,0.9511302100666591,0.9262807183796005,0.8772351260732603,0.9302394924641478,0.9362515669139347,0.9315311690957054,0.9671780008597034,0.9215627795593139,0.9329249223479126,0.9254380741188054,0.9274404681868107,0.9405799807196324,0.9460186805079729,0.9685926530163301,0.924916605979604,0.9303839042650492,0.8444179305405028,0.9359319611712587,0.8755670016794705,0.9282439343706345,0.9301496483353432,0.9340069641075144,0.8215544873663883,0.945065420113994,0.9092762693184404
158338,0.9055496612554131,0.9602787479165267,0.8676088074589879,0.953902213819805,0.9285409596206584,0.9253649902193302,0.9050186451255563,0.9358658374715974,0.9502598778055704,0.9207779773950907,0.94008278681669,0.9435322360824905,0.9420443566161857,0.951448867179163,0.87820059676599,0.933105821474503,0.9480785768623047,0.9468097497448693,0.9560170762974275,0.9243437826448523,0.9470767431739919,0.9382108446794656,0.9166402858352681,0.942477247795402,0.9432769389499971,0.9567713899884961,0.9302726474610714,0.9225176846854939,0.8649679243897086,0.9207378966342037,0.9038945711919469,0.9359631461384231,0.9406529686614334,0.9344387745964982,0.8741091397600347,0.9013556801950482,0.9182509807109963
158540,0.8758403427815387,0.9684959661124504,0.8710890946470333,0.9329804819390963,0.9026242417183913,0.9108372090548996,0.8989933555971177,0.9253413027238026,0.9054543485296692,0.8760371985953638,0.8853751770269708,0.9019828549223815,0.9485435264481745,0.9158099057712318,0.8538759471944728,0.9292136660547701,0.9567383257893614,0.925466890618292,0.9543429876455222,0.8858487782947824,0.9125568646396718,0.9508417344063882,0.9291409846069847,0.9525704487057399,0.9384902504228276,0.9480221512863568,0.8990721963062523,0.9102786384454682,0.8286739355720024,0.9248793898770491,0.9200570219510246,0.9487490319864453,0.9171796601577464,0.9265001746837512,0.8645811046517639,0.9296820682049839,0.9399049502703369
158843,0.918810527878263,0.9629218263068791,0.9270045047262795,0.9624712220768467,0.9304013761210309,0.938247412583936,0.9206704413791486,0.9490397119495936,0.9528495352520061,0.8938387629033503,0.904481098684517,0.931736494268249,0.9463016284891843,0.9350413406075452,0.9004540390266075,0.9452167406100421,0.9484830726047415,0.9527472672512355,0.961929278057532,0.8964794907228871,0.9536130568862328,0.9503212063886627,0.936139099732997,0.955508135636208,0.9478263135419678,0.9591758441689905,0.9138974939282198,0.948168134896089,0.8716183658948975,0.9269921722860203,0.8950194890574417,0.9465984941727403,0.9516786326808332,0.9455934947450442,0.8981670517594948,0.9431491001515442,0.926480845351723
159138,0.882599914958305,0.9567380045343353,0.9109335580804934,0.9533652082902657,0.9104133937166914,0.9305158480606419,0.8869277326531168,0.9339566679183492,0.9359235004002385,0.9045886795978145,0.9206339525711844,0.916795746028323,0.9403135009966411,0.9551116380081044,0.8633940612867872,0.9275798050362607,0.9240583157676773,0.9432791257251759,0.9497707716317927,0.9126237599558555,0.9358377838352259,0.9473903025513996,0.9222856238627466,0.9207511666007266,0.9292133692327659,0.9388009788319951,0.9118895409099922,0.9170663615364866,0.816168248484323,0.9221860687284099,0.8767666461466148,0.9181742491761571,0.946765301206738,0.9399001890058024,0.8667006662892428,0.8812628459138572,0.9341630191764126
159239,0.8939229015756794,0.9560239613236416,0.8902933445268478,0.9476002285506593,0.9084552844860334,0.8702455701651066,0.8994880379484289,0.9204611255120582,0.9341465715099888,0.9227127777917397,0.9162813586104013,0.9316199943949366,0.9348780586469715,0.9368841389858886,0.9027844941360915,0.8981226551878058,0.9301108647814306,0.9436244465197403,0.9535229530175169,0.912627124042444,0.9305479727519048,0.9558052658589918,0.8937964949759769,0.9403958062574677,0.9495684470195224,0.9560527362456587,0.9230569893316775,0.9147755658289086,0.8520445912405634,0.9339266574395138,0.8489954009469374,0.8931253184424802,0.9165280601004656,0.9278062831685169,0.8237259858729362,0.9087132437368142,0.9058368691300498
159340,0.9083478144449106,0.9577540928424871,0.9444635888398124,0.9428555198399988,0.9302690674008682,0.9193580780240354,0.8918526228084425,0.9416456240254395,0.9295075540526806,0.916900982125554,0.9168406589171934,0.9067955138046222,0.9506690768450283,0.9312950793925904,0.8693579263780381,0.9334559452353414,0.9544004085242404,0.9387441697521944,0.963637672081197,0.9122094603285754,0.9284649789655653,0.9371648258935382,0.9256867697020644,0.9529854869445735,0.9481927981075327,0.9620089079100808,0.9264648213349973,0.9329002328613419,0.8907976642340462,0.9431185415325303,0.9018706374636276,0.9374695631532365,0.9322201502069043,0.9378601234033784,0.8745281776115873,0.9429167813970235,0.9269312264113384
159441,0.914996900576292,0.9624333887449456,0.9039735144671042,0.9448440641694494,0.9342728385442925,0.922330539772886,0.8988446257146291,0.9259697071098439,0.9409111062316761,0.9194917278570411,0.9323143701608901,0.9217769279162468,0.9473363635550482,0.9368396016199873,0.8605868248598811,0.9273018152962318,0.9360046796775942,0.9481318813260686,0.9670515935034933,0.9180264033314647,0.9413926000948639,0.9315731785963574,0.9143422723924566,0.935977325716904,0.94989378992639,0.9688421024814664,0.9305494868526499,0.9300557234287296,0.8716135676605823,0.9243993095201581,0.859062691234911,0.933083256479137,0.925781773850401,0.9344256583108366,0.8880686086702257,0.8822980535145174,0.920984203850823
159744,0.9161024325050657,0.9620215659902507,0.8858023292314807,0.9420719125202461,0.9286388907106959,0.9289802956600081,0.9064029396171283,0.9367880523557313,0.9320172182228292,0.9417397731633919,0.9359566715838171,0.9252477034312993,0.9476973538181889,0.9288959897196148,0.8565512002191389,0.9333338201391078,0.940178126932589,0.9489953264631634,0.9558400988597153,0.940889463480715,0.9366029708541,0.9434275112241921,0.9223029642301857,0.9426948788145931,0.9468378546318114,0.95412547965533,0.9396864862850668,0.9204554320019857,0.8404640820935062,0.907730404993791,0.8792276509008385,0.9461671844539068,0.9390174335959439,0.9401413921331149,0.8792790882240554,0.9211022931380414,0.9232383879755663
160123,0.8850527307145308,0.9597736845764924,0.9194677046366265,0.9431520711403465,0.9098909095841808,0.9320201422061166,0.9107266561612997,0.9399444734247495,0.9425898925935734,0.9212058497295916,0.9215657334828219,0.9171030863305939,0.9359677307845936,0.9343426550424614,0.8679161818159397,0.9422139446515418,0.9512640483514174,0.9408870183560908,0.9632885961708962,0.9281031195126652,0.944847579483872,0.9503257490875374,0.9368274325521745,0.9571104046073736,0.9521159938184859,0.9638024942984663,0.9321473626704156,0.9344283456254211,0.8747133018821894,0.9165841065308091,0.9350878369060474,0.9281689704946468,0.9514848885202275,0.9383424012720721,0.8492873644622454,0.9338402954586924,0.934814895904969
160729,0.9133226353091397,0.9507079252639932,0.9254104096145503,0.9437062733586564,0.9286834246567197,0.9193892559911744,0.9016674383847967,0.9368292032069707,0.9346383059751319,0.9351812422053839,0.9285954579380284,0.9164601408519503,0.9507874148054725,0.9417113800900622,0.8745432153556074,0.9250285488743063,0.9369147327972964,0.9477017200491349,0.9680261644798092,0.9344035381783433,0.9353793001552303,0.937891891229262,0.9135572995165291,0.9387542119419459,0.9589272279524002,0.9672948740904259,0.9400711250537676,0.925319613404817,0.8631644237691303,0.9183917142244581,0.8756833489372335,0.9319360936321749,0.9372825810879689,0.9392107758338817,0.8577772026040528,0.9330454283991073,0.9166118073692208
161327,0.894044265482165,0.951623560159369,0.9160635074515274,0.9449943745314203,0.9122295168495078,0.9033661690164655,0.8933616939598852,0.8994177348713112,0.9304565196370818,0.8957465480196478,0.8882789592675041,0.9134901828686975,0.9235966214176674,0.922837690749856,0.8664709043723712,0.9128025157921285,0.933444029403387,0.9415291721587374,0.9618275477530749,0.8757287186937686,0.929847823244635,0.9236152127369859,0.9077444205935002,0.9347473822291904,0.9441514386783377,0.9630689359997832,0.8875143831924293,0.9160740644420173,0.8500476876712919,0.9039224069124214,0.9086808505459807,0.9252776583721449,0.941454830989579,0.9276898790880913,0.8822588357742727,0.8757378669002336,0.9427111287202338
161630,0.9183360182311745,0.9651740214997006,0.9126142083788109,0.949189431787765,0.941630141809152,0.9409843893810625,0.9148291376480794,0.9429698759176809,0.9353331280969444,0.9389918024583396,0.9347555528601988,0.9448463704359847,0.9388592941961902,0.9243166178846789,0.8955955962830593,0.943372488097487,0.9529741769445006,0.9426267944820328,0.960189560809201,0.9417545792995458,0.9364055081672132,0.9614096260658482,0.9324510645915942,0.9568638604340687,0.9452023452438503,0.9623360218092947,0.9359893474578763,0.933031104198643,0.858146862083415,0.9408815089203738,0.9075195941975146,0.9318712394947806,0.9333741258243995,0.9391845964066006,0.8684865081086953,0.9272639565401758,0.9258863022856043
161731,0.8974066774301123,0.9597805699669066,0.9065867304680479,0.946325080492285,0.9295994711443197,0.9193490479220278,0.9016899143368647,0.9504789759635665,0.9455862061505972,0.9024524540578268,0.9338263660247846,0.9474233429851665,0.9463605268276059,0.9347441737535765,0.8830749269153307,0.936237146006001,0.9348652948063518,0.9463811263374977,0.9596359355950743,0.9243335638117746,0.944779152554826,0.9375222481193185,0.9298968992052785,0.938085887099386,0.948178016976627,0.9586409259521491,0.9302458118838535,0.9415143541936338,0.8233421966861801,0.9114085179013399,0.9283533481138038,0.9339170221926458,0.954654948391342,0.9465381292963077,0.8724700970295687,0.9394668307202308,0.9132927068663118
161832,0.8553629328217109,0.9585738567321442,0.9090717485794181,0.957265749070605,0.8890442121487775,0.9211281940920943,0.8767183201611587,0.9322741175298662,0.9507444906443338,0.9264028078488171,0.9302848686681838,0.9166887588445517,0.9408363689979795,0.9601925888814372,0.8433544388210416,0.9329155189173192,0.9416773220259305,0.9523289176088174,0.9666664309164302,0.9165762221740644,0.950725787627566,0.9216338712935997,0.9242304799571366,0.9424025867121848,0.9444183804952765,0.9588881330088189,0.9218897719971958,0.9371828396873263,0.8276439665436197,0.9031874487113597,0.9168743674161143,0.9377654821405891,0.9426137551737124,0.9337876823112232,0.8465623178985207,0.9130282898161589,0.9320802946058716
162026,0.9117602696269583,0.9535733705384997,0.9044770897246172,0.9514535157247405,0.9350945390542974,0.9461200064250225,0.8919160075887378,0.9269717435761855,0.9531119636469522,0.9245085494467545,0.9335234439934648,0.9443349664959158,0.9502706424119322,0.9253976035867338,0.8638712540308148,0.9449090866569597,0.9413916056650395,0.9529039773943591,0.9575174468139055,0.9135317868736835,0.9531574468917201,0.9177529203473598,0.93434556768721,0.9432144346058721,0.9491950838626729,0.96192911296016,0.9255415762604491,0.9321048491563068,0.8838848435645794,0.9283048804867081,0.937297758044673,0.9358266337940208,0.9522513418029802,0.9421697726393641,0.8896915426906685,0.9042792678602194,0.9264967596609617
162228,0.9043423146043982,0.9713008652343454,0.8871902189511472,0.9561481080810182,0.9308165704944273,0.9394088663707892,0.9174342787984303,0.9413717912852947,0.9503127220719394,0.9266501855137392,0.9418480628578815,0.9398909518906337,0.9407090601132935,0.9475031391261295,0.8962643391304204,0.9531902203941862,0.958259410940182,0.9483446809857083,0.9595227127388665,0.9293483388398873,0.949849364791097,0.9484556539240186,0.9424517892923978,0.9630502253926144,0.9457820673223817,0.9583379027751633,0.9351706402182778,0.9353636830012211,0.8550445210872563,0.9184521544281855,0.9289989127351249,0.9571953480931265,0.9371604451874873,0.9496231498622488,0.8883812426790322,0.9232887429843203,0.9313683865856791
162329,0.8857041315510782,0.9493634188462684,0.9216072097458482,0.9523156771019078,0.9041600831552814,0.9039367080141825,0.9151061712469022,0.932674731480277,0.9512625654690129,0.9116216445817982,0.924623817055885,0.9012566341793253,0.9268081540794412,0.9241874990769898,0.9052033795062431,0.9294810029460642,0.9484304532905429,0.9499408280245166,0.9606751581724625,0.9003924597679068,0.9509761080324308,0.9452629581005734,0.9241028257746828,0.9527554801510546,0.9526544851856584,0.9606876503083991,0.9020324434059053,0.9409404767379191,0.863800560058526,0.9409619003946843,0.9120095779328242,0.9443329844035239,0.9489588234347713,0.9426174554305634,0.8446641928598917,0.9330745466874394,0.9248559179552408
162733,0.8888792308707403,0.961768244931796,0.8907273447211994,0.9477043256770467,0.925243622448126,0.9280901191585862,0.92300833519674,0.9467760370530383,0.9376122068762148,0.941359384017446,0.9368692710337858,0.928777862674994,0.9340148819611354,0.9418704618673089,0.8897970909383748,0.9296160723967939,0.9409568358912425,0.9456235989712063,0.9583166338540103,0.9443161557799082,0.9352666160788404,0.9386736401642938,0.9230898186957945,0.9330649039175803,0.9467466776861053,0.9611171496709489,0.9381668739265916,0.930366195531497,0.8484581855021611,0.9090631531333446,0.9075015012080602,0.9419341563662994,0.945703186762523,0.9514759269507524,0.8707491712029033,0.9397752182926106,0.9190021860523137
162935,0.9004219314266175,0.9668490685591843,0.9132799946944633,0.9551394362621181,0.9295838182683708,0.9365050341997337,0.9213941550136152,0.944878372968166,0.9454874419660292,0.9433984422579971,0.9295321933413462,0.9277275235796291,0.9447304789423342,0.9356700826231844,0.8868306747514967,0.9440058061789484,0.939606119892099,0.9498790158446737,0.9644131378466722,0.9503093792735814,0.9460744073777458,0.9438627986562911,0.9383834140119414,0.9466260163630061,0.9539631290238593,0.9654392530012696,0.9518418117198593,0.9363385819796782,0.8737219154755168,0.932803662012724,0.9052962522420606,0.9351587196563086,0.9490028365740768,0.9431951814040312,0.8861412262361196,0.9245050028679975,0.927642393817636
163129,0.9261327617866255,0.9563318524137171,0.9278529038626947,0.9520210126329102,0.924223748841811,0.9348710996848933,0.911549619962981,0.9436446155707039,0.9361696216548852,0.9207204762781215,0.9305640133941727,0.9233710452594772,0.940461995422221,0.9357813187176934,0.8793501914369974,0.938601723545635,0.9537569492348938,0.9535123745493965,0.964139612898021,0.9183598491547154,0.9342918035690663,0.9381283581391445,0.933137689115895,0.9495264680764838,0.9501936798776501,0.9606259443248885,0.9255447665978359,0.9296054712164399,0.8971962328350079,0.9165011568329375,0.8912780687043204,0.9440544251535511,0.9453437643527655,0.9433137391597401,0.8720207100911366,0.9513353856525905,0.9208366126073632
163331,0.8855955947643048,0.9379967761310704,0.9033588221434101,0.9398586548350112,0.9097236564630592,0.9290848882546148,0.9065250535306588,0.9095169978690818,0.9376836989453587,0.9227631717886094,0.9120083524147324,0.9117637631898744,0.933537794778766,0.9500713159324372,0.8557529836945577,0.9218481446459779,0.9273912244667654,0.9444354647085634,0.9605594198219424,0.9126454640229992,0.9380340976825567,0.9295234542805932,0.9148882140563787,0.9378668225255353,0.94463674493088,0.9509046384048184,0.9160773193720856,0.9319789338346398,0.8655959629926756,0.905915305362002,0.8728031704669328,0.93377639320565,0.9452958530612873,0.9330089410957609,0.8811457156386887,0.8864151824839509,0.9455749764656507
163432,0.9072605337394648,0.9566072939370347,0.9042651407479434,0.9566935981924082,0.9294505546839334,0.9327038754479555,0.905728282864929,0.9337513732089312,0.9369274084495116,0.9184331573383008,0.9295378713025558,0.922514428345713,0.9447944566006955,0.9433231963210251,0.9007369992977085,0.9349718257326144,0.9170457635852624,0.9523280755910409,0.9662191308619945,0.9264322808315805,0.9379598244136292,0.9489939508618289,0.9287701976586044,0.9260958372434946,0.945796655652824,0.9626288576245398,0.9333780290210572,0.9189065118756211,0.8298611584863572,0.8964587330037145,0.8884218696900499,0.9296794255816633,0.9473086883996906,0.9437041150448301,0.8842152183462942,0.9480674298290396,0.9094803628249867
163836,0.8886536074190337,0.9631702827389227,0.8856421988712243,0.9490751824804812,0.9007096373523712,0.9041718638508031,0.9014942074812231,0.9322948291135082,0.9291006259606281,0.919724945932746,0.9196220448546067,0.9124786527045273,0.9436538784326044,0.9163638486889176,0.8608052637963427,0.921733391732779,0.9128759441310337,0.9481798768199006,0.9564198630787624,0.9247379535578543,0.9280017946817942,0.9256679688371919,0.9172417438521913,0.9178788434785535,0.9468212933110011,0.9512595505537497,0.9209322934143334,0.922889023197093,0.8327874216511159,0.9168769301405612,0.8793541780082706,0.8959908774579504,0.9241276734593139,0.938248890677861,0.8561709324303511,0.8967364666903638,0.9406350404557573
164030,0.9122631718324095,0.9590856197129722,0.9065857218648482,0.9590145139760144,0.9128529513048863,0.9276759060448109,0.9284921727740411,0.9313121285716519,0.9636160364429289,0.9310402481250026,0.9356042270784457,0.9294596612031751,0.9367447045926455,0.9281771981631195,0.8995597951677851,0.9360008862693757,0.9345770236141197,0.9572098526717294,0.9648873584878612,0.9259570506446566,0.9626851992224587,0.944658460654956,0.9233851838092532,0.9386193204720803,0.9537426822561845,0.9640085934716244,0.930733779579051,0.9512643070538025,0.8423065158812406,0.9337778859844091,0.9150846953372513,0.9246366133932973,0.9524738733559207,0.9494777489564507,0.8531150502972438,0.9305001817730797,0.9317662625372781
164131,0.8933682674736758,0.9505820209420286,0.9310904820002472,0.9529776169916091,0.9065565941566441,0.9238874060511897,0.9136401364434217,0.9479808384961766,0.9450285972384456,0.9062595008207505,0.9286373706612454,0.9014853364702181,0.9378358424929443,0.9267049295789141,0.8771543438785078,0.920996238297237,0.9486536281472427,0.9453187916183617,0.954163519441067,0.8991305053958157,0.9475023573618507,0.9393053326669096,0.9126116982770879,0.9391744497209126,0.945839098352467,0.9513400674342406,0.9127072283669574,0.9330053921521796,0.8731014816254299,0.9219350977530101,0.8830609933419754,0.9408038959178717,0.9361660173056601,0.9308479556944662,0.8819541544562669,0.9398955475359526,0.9165058491078785
164636,0.907947652578888,0.9654007493317768,0.9264564757781855,0.9500318609781961,0.931697952966202,0.9319187182652616,0.9273899387869347,0.9462285805722151,0.9450468726301327,0.9112526471179985,0.9157298142333495,0.9389667934569459,0.9421515135172914,0.9400546643993821,0.8745371914082176,0.9379202830682994,0.936803130726174,0.9510798053577072,0.9355369886652096,0.9141354952893463,0.9440778074952328,0.9532649259576578,0.9287990634345532,0.928116341570994,0.9391031644548105,0.9429407095220351,0.9313729272737908,0.9394561265734797,0.8504575166785939,0.9169572704597428,0.9123230610812043,0.9253936314618721,0.9368701635607075,0.939030706651548,0.8666579100545926,0.9470623917578539,0.9186933212663241
164939,0.9127222802508123,0.9562535517412935,0.9010635038246203,0.9385310730007311,0.9406887041662522,0.9000246384086772,0.9114632291424061,0.9488772248882287,0.9346269851743927,0.9139751725458003,0.9136104565489755,0.9409782828509847,0.9515783361225821,0.9320183615038323,0.9205910821299974,0.9118774142312933,0.9411866854507429,0.9407827762447474,0.9475743294248351,0.9201606601930836,0.9334819497901947,0.9324158844623852,0.89877286818398,0.9394856405049847,0.9503887643394192,0.9514710601999712,0.9292108745733053,0.9280597248210531,0.8669937615941911,0.940905432092821,0.87805233768879,0.9311081880389862,0.9377556446678539,0.9348729217061328,0.8573850794455871,0.9410804942166028,0.9042232593212598
165032,0.9194790220377321,0.963866854191633,0.9329085872979221,0.9284452378217445,0.9322370562529233,0.926019647902806,0.9042455690350886,0.9421964003219696,0.9355667473595182,0.921968608731907,0.9307555296083866,0.9178036012705357,0.9404074099533188,0.9388424562551617,0.8574590381354166,0.9261117667795123,0.9309606523403654,0.9396320863133383,0.9566280984088589,0.9315399221288865,0.935807642417073,0.9417583632232113,0.9256475177526915,0.9384807623545198,0.9468112919773203,0.9551747127990337,0.938027576231069,0.9245058357913941,0.8594037269826452,0.9314379259755751,0.9097732101765432,0.903850335841856,0.934241404482452,0.9483470063139517,0.874990430091094,0.8961373577945578,0.9138328416130301
165436,0.8722464165756789,0.9541105547326695,0.9187516911902662,0.951979311184152,0.89072860038158,0.9248149911449848,0.9160241378782777,0.9511950208368944,0.9385208495855657,0.9266506422744101,0.9340294328110004,0.9342044896919417,0.9228270974724787,0.9506977559843379,0.8914480368201815,0.9362974919547553,0.9433601916921037,0.9555294141003992,0.9605992295980388,0.9172726603925053,0.9394227484109373,0.930928718020549,0.9334940085357342,0.9456047017598774,0.9576739338487035,0.9629614490750783,0.9205334541476757,0.9380968412506812,0.8750406866162829,0.9164620917447319,0.9109688578731663,0.9439665256597927,0.941955865170648,0.9461925247032709,0.8521675823262375,0.9423597293621174,0.9241505242169484
165638,0.9180963237310962,0.9575352530035988,0.9089505365223743,0.948211856828769,0.9391016949699161,0.9384000220518204,0.9194962494121998,0.9424788098173179,0.9474772613921253,0.9098264882076282,0.9431080229456593,0.9315000846668554,0.956531671793268,0.9266427323550427,0.8796907428968531,0.9381056546700259,0.9543828431264747,0.9410048237183243,0.9690589303280507,0.9211729076459572,0.9468624550560583,0.9467540777395357,0.9309575157050143,0.9577178431607877,0.9484386542122814,0.966914131338815,0.9305520080527008,0.9436046267437443,0.8972875231526131,0.9304675747073651,0.9327366422638594,0.935142563607926,0.9401579679227944,0.9524293224441628,0.893126370006027,0.9296955400583055,0.9278509122972532
165840,0.9127888724435649,0.9653242941912804,0.9226993473640424,0.9438088604818079,0.936962425373138,0.9390802806777099,0.9162381047467532,0.9399783413347086,0.9424292213423253,0.9429731368839546,0.9227900522542368,0.9266118714716024,0.9438118147275643,0.9479037372423336,0.877216651599819,0.9466323283761815,0.9418450816363829,0.9382484465683858,0.9665717208333128,0.9397466102808978,0.9460998514240736,0.9467085542776135,0.942525207857422,0.9373486884654615,0.9489176641479367,0.9654266153024716,0.9422113244004676,0.9289514415130533,0.8203473581333054,0.9234903308331102,0.9063925018068519,0.9438592344217362,0.95198952624082,0.9425242057096249,0.8927296516260947,0.9423636481172412,0.9298781826937346
165941,0.9121058137667953,0.9571862061822556,0.9068187968588176,0.9581717922151113,0.9328731341333426,0.9313589909632575,0.9190556026622931,0.949129652581485,0.9412672296872052,0.9324012014128409,0.9467851890038419,0.9427820808257675,0.943654058414482,0.9463523326824748,0.9025648944243827,0.9435453254726559,0.9398339471375169,0.9549178079665647,0.9641860294167656,0.9441086076581755,0.9428847336038199,0.9506215252515539,0.9296220334267468,0.9514820754293918,0.9520917970599378,0.9650683761234606,0.9456886677844584,0.9333728648140233,0.8638060047520281,0.9166787366937974,0.9180487612844348,0.9440729666443124,0.9534138342935865,0.9409234999034666,0.8631454212352055,0.9376358515943513,0.9316799707536371
166438,0.9017898964672433,0.9474636579752065,0.9232333104002047,0.9494196866116434,0.9341293907923685,0.9422239585871969,0.9104909193009454,0.9473736111883287,0.9452044475020108,0.9336634315934973,0.9151475885695523,0.9341413863024741,0.9367005610853235,0.9424631478135943,0.8779421637655586,0.9280856795622081,0.945661299698444,0.9422742571232805,0.9588296487724354,0.933910097395296,0.946854502283805,0.9470356694816471,0.9144377626134341,0.9445941730067243,0.9389013261573603,0.9577141352575397,0.9345523214819572,0.9372185571337495,0.8586957827858173,0.9303351801372658,0.8963580961912787,0.9340728659205739,0.9344447349239519,0.9353087683478992,0.8413834336120053,0.9363687840797195,0.9245203453972326
166640,0.8682064106070582,0.9628133084002561,0.9278214077305099,0.9586486058567888,0.9231149521970814,0.9156163436128135,0.9045338356346635,0.9314107996967602,0.9459746349731685,0.9166860948176847,0.9465524917803763,0.9358083662579201,0.940091106375792,0.9280427923815927,0.8679945650286,0.9214269934404874,0.9353608185586167,0.9523684933760665,0.9583316248111206,0.9218707877332118,0.9465006922420997,0.9109060329080089,0.9199491845328719,0.9446243753600629,0.9494902455504822,0.9615149861345758,0.9272308887235039,0.9454148251691828,0.8355136826003979,0.9004549806091057,0.9226385282567768,0.920224844076589,0.9630071823974834,0.9401764034004808,0.8938046543434138,0.9276073145696393,0.948352724751091
167036,0.9093217807515168,0.9591380409021825,0.9327925218709197,0.9421682932333294,0.9283355589190228,0.9064551116852094,0.9306580532326773,0.9504982647163581,0.9522672620265984,0.9155855618875055,0.9178238063739244,0.9249228784857859,0.9433576000853124,0.9431904580115538,0.9013121563317482,0.9339844607853138,0.922867937436083,0.9433447788744329,0.966515452730207,0.9268994313186583,0.9539869547134648,0.9503981915555401,0.9202188287356838,0.9450387471346733,0.9463926717668283,0.9637626512577134,0.9235470665952967,0.9525308700963719,0.844034348628906,0.9460179762898482,0.922188436329334,0.9267882609993622,0.9470004349407717,0.9408028126715117,0.8736611866600903,0.9505930428889103,0.9151128584519826
167238,0.8999833134809214,0.9627849843461971,0.9050115380213831,0.9541520371924574,0.9138333413460524,0.921434159152635,0.9021157784562288,0.9232571718759123,0.9357665167927061,0.9292898419667603,0.9243015080951144,0.9295383369956871,0.9453210052951408,0.9369813275596077,0.8693795630513966,0.9376893517966727,0.9385621087864294,0.9538353093649243,0.9623057036194143,0.9268403454662328,0.9335394603091268,0.9243335612558043,0.9260570044398893,0.944020018861478,0.954535501566053,0.9600159636260728,0.9274002031969526,0.9266450400139228,0.840802554089721,0.9158805777298598,0.8988232608069744,0.9333330886731553,0.9367930145101867,0.9362852176209856,0.8735130623704632,0.9285237110699434,0.9266842952471429
167440,0.9024404556603806,0.9607707299512935,0.9133096635641212,0.9448708591692005,0.9249255369299911,0.9145876921770698,0.911842756506497,0.9469285205914406,0.9597107229547248,0.8845505185196626,0.9050801719038437,0.9314238649093004,0.9475681222621583,0.9270375606733514,0.8640583595696596,0.9351375478548136,0.9390275289085261,0.9499580424124688,0.9454129165358032,0.9000802042283018,0.9579810188654585,0.9395057092810873,0.920485740740155,0.938955954149119,0.9543964333018642,0.9538536912640756,0.9151230162389582,0.9452019933889142,0.8614534891227259,0.9081235023700486,0.8758811603920406,0.9374020696539656,0.9351260713024071,0.9160241051131202,0.8856576550702481,0.9443459282967752,0.9125388498351948
167743,0.9248726512825344,0.9602758095568644,0.9117809210257167,0.9403119579740457,0.9450552447986797,0.9191698699863975,0.895366396558762,0.9418687899411307,0.9408730209859085,0.9267453881027353,0.9324207855981097,0.9315035276283805,0.9415524946941549,0.9305436152685952,0.8694103735958537,0.9309605261399746,0.9236863256644898,0.9415230829327917,0.9551396178802862,0.9265902589726793,0.9404183159315819,0.9301283241822846,0.9174355894860143,0.9339288239661772,0.9493309376905636,0.9537629225423703,0.9333255316034291,0.9301194509404144,0.8422580345821242,0.9139617409253978,0.9003434828215714,0.9244049042034255,0.9292515175075443,0.9420757514812947,0.8890858975908078,0.9309987260309587,0.93438016682771
168139,0.871809416866015,0.9224187163649717,0.9056536166706317,0.9454463114776328,0.9096206179876274,0.9167731902205554,0.8456296644510957,0.9281310035903313,0.9374433796894784,0.9253954047372784,0.9318446269680356,0.9288108615796657,0.940544090298842,0.9370212746566797,0.8259088885077568,0.9113811323783169,0.9423829495456542,0.9328273222074603,0.9589757348647774,0.9213561423713669,0.9423203391375882,0.8272867523000829,0.9006496236386006,0.9450870661579429,0.9397595767947517,0.952663751638338,0.9250537130356009,0.9272311416722898,0.8767221202985621,0.8795915341362387,0.9170370157950363,0.9154844720490191,0.9294897235280979,0.9270283732396484,0.8395318676674572,0.8890175365665172,0.9389291589222247
168240,0.9155920649075522,0.9537594985601708,0.9110478637845442,0.9381608385870034,0.9306199023526147,0.9075592386232331,0.9072396336339626,0.9548105449706452,0.9391724412193526,0.9171958777916529,0.9242697428696872,0.9271450674563656,0.9401992866778192,0.9465240538768485,0.866283263409927,0.91912539396751,0.9390786108078959,0.9388310635419265,0.9591680514137711,0.9187036272655259,0.9435280538684329,0.9301656305437923,0.9105748105274144,0.9418971811638575,0.9490377258752971,0.9639181139120268,0.927484045352891,0.9400528415461274,0.8521730018796143,0.934710363320149,0.887655627454108,0.9223854126023038,0.9415779033216045,0.9343669243757333,0.8656842094829122,0.9369040209015724,0.9243922449228898
168341,0.922330868658116,0.9534951547049018,0.9086103103436838,0.9455902684695936,0.9384681496084871,0.9216336452440791,0.9047767726266376,0.9457063755410167,0.9281902476979319,0.9252112998753899,0.9172526041960632,0.9363486341361846,0.9486003247672923,0.9353762125460245,0.8694061041571618,0.9198019539547285,0.933886173997781,0.9414014955573783,0.9663117738374792,0.9268153542004715,0.9277032603125309,0.9069110994714433,0.9025305417278103,0.9482422708628943,0.9459236820984075,0.9588371047021059,0.9306789531774341,0.9186571953832079,0.8453273352979404,0.921569138806776,0.8702711386450791,0.9403372932868724,0.9260790652730966,0.9430870759269419,0.8499215362078385,0.9088521657422481,0.915091043802105
168745,0.9023849291577631,0.9649311152487667,0.9257624287282974,0.9383657091916963,0.9277961517145696,0.936504969991668,0.8929252142611659,0.9183828466890702,0.9350316609338086,0.9290213944600428,0.9284480842131977,0.949444585712726,0.9422639422843764,0.9390756151660403,0.8839462786609255,0.9435839112516966,0.956637494377686,0.9306470727636098,0.9677559732137928,0.9405937699159402,0.9336304190777857,0.9227636345707235,0.9297856219279368,0.9447104660133927,0.9410594269603025,0.9671828968531327,0.9449692725796563,0.9285636527110035,0.8589830314411799,0.9171711196196252,0.9301841946390618,0.9422178026826443,0.9355954415623903,0.9475439325006075,0.8898097567832718,0.8981246244309818,0.9206571561148023
168947,0.893371297317737,0.9628960903183589,0.9157933169141264,0.9552001735659014,0.9148782587064603,0.9496019312794824,0.9272921960152221,0.9432854257542219,0.9499825087735292,0.9242835624298636,0.9349176112463891,0.9306142995313168,0.9449879756988686,0.9465528437634021,0.9109690088148792,0.949518285887051,0.9517092128566205,0.9520211225552568,0.9641869287334573,0.9281625494408703,0.9527456392455388,0.9580914824042567,0.942355562698046,0.9514653587380763,0.9544086270824756,0.9619804109371167,0.9310843509248043,0.9410296740736239,0.8751418426912932,0.9289733442051633,0.9281369210835598,0.9394369050576795,0.9418671191805058,0.9464992762879832,0.8668058741870609,0.9312720698165667,0.9240537453837462
169040,0.9036231619874087,0.9594952533815977,0.9108765097840504,0.9457546844314412,0.9295947036086938,0.9178993837198411,0.8992090219696988,0.9489327338427891,0.9311714075769636,0.909187278528013,0.8945499974184261,0.9267750807201857,0.9462154124659083,0.929353532379924,0.8710560915341963,0.9303523450426482,0.9482095120599974,0.93835714037131,0.9502512273537114,0.9118319808749715,0.9323795857832027,0.9175780901340184,0.9193232550377741,0.9460750970020259,0.9395005682234863,0.9532342368006383,0.9222261938363951,0.9281447691124755,0.8394887016257513,0.8927575072321663,0.880410336958281,0.9311144374551225,0.931860502109872,0.9267555181362298,0.8589919592102402,0.9507198352607831,0.9170334983817412
169444,0.9174248221336102,0.9489212469982742,0.9234806668734805,0.9510876201497452,0.9232825572046591,0.9205402084591341,0.8989258198510286,0.9331224488971862,0.9425294827601527,0.9135129907365823,0.9074452631692179,0.9296119039609944,0.9393242388964936,0.9397588537787177,0.8620404552568,0.9261031772272894,0.9353288743418662,0.9487286268472914,0.9499625055285589,0.9243422573973183,0.9416590531832073,0.9378367075165124,0.9100697471540878,0.9436111070690631,0.9456207580212209,0.9517521820113205,0.9254874837765167,0.9319420931701978,0.8534276362077114,0.9502495049607571,0.8720408164998414,0.927737589051801,0.9490500427658636,0.9184561752346526,0.8479413814667843,0.9406579776029113,0.9031634575666867
169545,0.9199593514446405,0.9656213166553339,0.9076383142231923,0.9532703464740283,0.9388552646218431,0.9194181937376424,0.9155737031101211,0.9323257302249425,0.9397334767557721,0.9441721820296761,0.9344389538989162,0.9422137074243705,0.9462253584628058,0.9218962127105107,0.8987738475331812,0.9351695011269298,0.9415952606546739,0.9427839447104698,0.9647320091042915,0.9276382743420943,0.9407282705318735,0.9523834795818779,0.9217541500749644,0.9373911464055439,0.9473087035518313,0.9586338772261151,0.9287591230429394,0.9305769940233124,0.8648319776865329,0.9118296098238996,0.8921968104761491,0.930450851532213,0.9405896484575735,0.9470468452997076,0.872660932917356,0.9332720866097474,0.9245321627524823
169949,0.9087940786606348,0.9685286064054527,0.9343292753841101,0.9508007662737946,0.9201931396300893,0.9372449543543914,0.9200640349381423,0.9318154322927376,0.9289567800054143,0.9325125244603718,0.9288754028374148,0.9276768962905028,0.9346649684153311,0.9247560388102102,0.9117752100564244,0.9477963042871156,0.955426194186743,0.9527805379922921,0.9670100988774031,0.919441459058122,0.9323562264989524,0.9593572752032449,0.9393886108387205,0.9574239676582242,0.9490829038541762,0.9625645295404336,0.9363843421278826,0.917579970742579,0.8622875378441105,0.9187338811812346,0.9004837063990848,0.9412874425411094,0.9525160357687346,0.9520366951722299,0.8814603797546957,0.9448585884727618,0.9136298753272348
170631,0.906091306066355,0.9633232780031349,0.921397808898746,0.9588846012527747,0.9294933722353075,0.9319239108103271,0.9068426429010065,0.9431936718881693,0.9454882247369493,0.9285398210119103,0.9324889527253261,0.9156262398895114,0.9501881477893626,0.943617292109899,0.8961116015498223,0.9353501084956006,0.9359941980266783,0.9527690887788609,0.9679323382462288,0.9340023830339236,0.9459675848739312,0.9460569334271568,0.9321900172164991,0.9428343933444475,0.9409890740389876,0.9658232085099181,0.9358659440055694,0.9360064242883224,0.8663258208275378,0.9368021240182576,0.9284113539776628,0.9046990473288908,0.9515776999887305,0.9618875484101409,0.8675922308499308,0.930129567505275,0.9240189842318131
171330,0.9172747959144212,0.9566594719394222,0.9137285033941567,0.9515101024574254,0.9402979045791335,0.9418500626315068,0.9196786365740899,0.9506089559348492,0.9518816834496621,0.9245859256019373,0.929942299727189,0.9265361264087287,0.917186482808749,0.9493184872964417,0.8896999401648944,0.9340861300950125,0.9483112285249513,0.944048972970676,0.9503398654354045,0.9062371654695919,0.9502816118884807,0.9413009397166032,0.9195289934616104,0.9433014731603687,0.9318284200712035,0.9464713002419549,0.9152183095018551,0.9357289663519774,0.8801904331718706,0.921346383518661,0.84943525094025,0.9560074034202508,0.9380719765034045,0.9374526378371514,0.8828250123999543,0.9117658469775659,0.9091508173856652
171532,0.9001710401991422,0.9531546524221298,0.8911399508030216,0.947336849032658,0.9137709347732222,0.930543720821274,0.9055687393624153,0.9392019646135713,0.921387681307201,0.9117267306293556,0.9085082159229122,0.9193756028224013,0.9341090640469556,0.9394979727500024,0.8695539788791475,0.9272631915910325,0.9387329563023247,0.9508423746486253,0.9518902448660905,0.8970615046141898,0.9224844157532354,0.9256170165843662,0.9131413939132076,0.9336334100520791,0.9454177517497143,0.9434451761747921,0.9016690998398441,0.9220398533078157,0.8110437026540722,0.9026902398492184,0.8906837906935137,0.9178339029367457,0.9500285423318745,0.9449770650454821,0.8814262456575477,0.9203568904949135,0.9292330233575651
172130,0.9201037999040341,0.9584614378939661,0.9068572311167127,0.9553680572097579,0.9274568073020082,0.9414984617574527,0.911912479388299,0.9559852312765995,0.9403675981208736,0.9273010808635547,0.9358285456653368,0.9288670598095965,0.9426689673563191,0.9482867942598414,0.8784864536833814,0.9307485409040013,0.9400994413051332,0.9538029720374472,0.9532702091678672,0.9223300161255996,0.9390899792672556,0.9419399233904641,0.92411323703215,0.9457100168358235,0.9588295458936937,0.9599711611823695,0.9315775137248052,0.9396273340813843,0.8835149947963302,0.9175108427193986,0.8754916571195569,0.9265847650611014,0.9591209284546282,0.9507255784315719,0.8616517641026545,0.9308354143758907,0.9211705407085714
172332,0.9269038236621406,0.9637145406315835,0.9002763507794262,0.959995079122272,0.9312961457466018,0.9316561861954705,0.914282853532398,0.947040924989784,0.9219010073407601,0.9254158212606345,0.9271489470847274,0.9153153880863908,0.922437024805175,0.9318680113635839,0.8952388232227094,0.9359221521019511,0.9444883938851497,0.954264665919416,0.9565572087916531,0.9260569740817287,0.919816814499695,0.9405050984086618,0.9294330760386386,0.9503367749733418,0.9449067594003673,0.9620442079357786,0.9355204092524607,0.9141835226068997,0.8928914932452703,0.9220562288618063,0.8279307327280433,0.931059872433265,0.9413340311310033,0.9379090337313478,0.8900523002213331,0.922986197756087,0.9222531849179344
172433,0.8893791646667438,0.9575317912172805,0.9118044817460987,0.9526965870491579,0.9076517121318407,0.9482999752342667,0.9183324290774926,0.9365265883049195,0.9512911041449515,0.9140327582128444,0.9345044326953534,0.9305170319994499,0.9474190432617879,0.9512293080643844,0.8780487088189461,0.937975948146161,0.9479364883451972,0.9491585414443021,0.9580335305652704,0.9059462637603359,0.9495362461001535,0.9377404303158597,0.9279366214784696,0.9450870925801061,0.9440040892961398,0.9613012835967303,0.9169318783578911,0.9416300651722914,0.8697087241137157,0.9044219664288418,0.9157987037273062,0.9508567184413328,0.9565928776490779,0.9526389671321859,0.8839105906653342,0.9325496888980642,0.9168283957931624
172534,0.8853336966516534,0.958894960760555,0.9119398344118325,0.9574152081721578,0.9155142866125088,0.9307440078352237,0.87031096462103,0.93501508904694,0.9318708338217485,0.9239542775221264,0.9213354107363867,0.9268024587750131,0.9443357505235243,0.9300233357565395,0.8224177363022608,0.9288534155115599,0.9331434458534446,0.9517198121107034,0.9555603718583846,0.9197374401880175,0.9360770154695073,0.9108093351082488,0.9189533350800664,0.9418706562267565,0.9447837881415148,0.958591333608222,0.9257711631632335,0.9182108062336242,0.8601436890154688,0.9365003637363056,0.8952313999277121,0.9298635912617934,0.9492072818847881,0.9224990575496997,0.8493157873548084,0.9519736153184479,0.9178859443587698
172938,0.8899953200332187,0.9528546800286571,0.9343304957211862,0.9491813968406405,0.9119723474735261,0.926593745680114,0.9214836067508708,0.948436399901352,0.93143769207248,0.8997239374613099,0.9124238838240644,0.9236587280159044,0.928379491291221,0.9429382835021789,0.8977659697253186,0.9197251036130487,0.9286865504209186,0.9466958272628618,0.9473343020519359,0.9017127765864619,0.9291548846069165,0.9480718610483022,0.8991248965774583,0.9421888339366254,0.9451479884903691,0.9539529786146487,0.9225591382400402,0.9252643330185207,0.8746649764468546,0.9204578974527489,0.8953951127720502,0.9253807077454522,0.9362138081737131,0.9313639707754726,0.8633389096919311,0.9467533107472591,0.9242130922399017
173334,0.9271974245070824,0.9521971481604705,0.909495509097355,0.9520398531184712,0.9356438683093085,0.9216928636432091,0.9188434061003303,0.9320985439699065,0.9504596378483915,0.9241476380662942,0.9314447927692141,0.9323593652033979,0.9542520777400354,0.9498974119805019,0.9033344966890321,0.9289481348191104,0.9484026871473202,0.9503067600666791,0.9620521425556658,0.9248934475073478,0.9497620002710834,0.9568933629731113,0.9254199484308696,0.9521815223174314,0.9486936575228585,0.9586693120878502,0.9328956733768085,0.9340004655631774,0.861365098436775,0.93817301296918,0.9010645542328364,0.9376008100591978,0.9311313692733473,0.9379774937365091,0.8618585905869244,0.916971917518951,0.9165299850877455
173435,0.9067307284508699,0.9536392907952613,0.896639079183382,0.9574206726144753,0.9307044850482148,0.9247922884322762,0.9177952032430502,0.9493447125083069,0.9524365727734266,0.9028777483434794,0.9260304522962524,0.9143798415886172,0.9270767206261881,0.9394397997745357,0.8622795257746793,0.9294414645007838,0.9300771666794785,0.9518454840530883,0.9574387320753704,0.9080566205955477,0.951987119794023,0.9436007602568983,0.9197342571438847,0.9278244138315138,0.941966254426579,0.9586701615581757,0.924506123779866,0.9407104654349451,0.8683286853753481,0.9089892403122761,0.8528212130257031,0.9300083204458204,0.9364846851131745,0.936052648959175,0.8870045005379451,0.9289185002875768,0.9118644394173738
173536,0.9239011899769771,0.947673907786362,0.895106270082232,0.9538395299443981,0.9378198297368983,0.9264487459643603,0.9273566546596801,0.9429345006494482,0.9509750195695152,0.921052740338449,0.9162021033737138,0.9353439546547173,0.9323921878400899,0.9388486546345153,0.8576927384591573,0.924105100095902,0.9402510532050097,0.9483283771356389,0.9569911831464987,0.9012486302927062,0.9500301479483679,0.9342286535854043,0.9213953871457077,0.941702987360981,0.9471040914807064,0.9509932479967119,0.9157638962294178,0.9429596952528361,0.8004519104514537,0.8892843553167991,0.8833424818149079,0.9306881251628581,0.9384012507737188,0.9406689646257045,0.8870757836385319,0.9292988814237969,0.9150287648700328
173637,0.9200837950676821,0.9561461459092192,0.9103544855269042,0.9521408121401017,0.9343196350279397,0.931863645341339,0.9134064230039342,0.9441544668480548,0.9317774924723234,0.9313065193634812,0.9171142269195056,0.922523487020907,0.93473301337032,0.9392906538264513,0.8870159397923665,0.9407553241420098,0.925274603632085,0.9507850941496548,0.9562799760863819,0.9288423236787617,0.9296081954913417,0.9487912022544313,0.9226232362757394,0.9423939614580705,0.9460169015779116,0.9556551330212005,0.9317912999748468,0.9235871265790024,0.8122964562988392,0.9407653386977712,0.8742681509376475,0.9251092633906104,0.9425926028183566,0.9174392392541024,0.8827035473632181,0.9318628594878338,0.9194248405912467
173738,0.9027481851502578,0.9598009137852014,0.9046441680381542,0.9426663489708198,0.9238149304788138,0.9367405663008929,0.8992666084498095,0.9413732440083361,0.9433336433844787,0.931706355542058,0.9314574382571753,0.9345870202674977,0.9370889038745553,0.9331308392973205,0.8677835714731706,0.9418085693768612,0.9337689643908919,0.951035916520025,0.9503883995521669,0.928073848259828,0.9425112933938871,0.923003703897745,0.9329856373008824,0.9459243143368018,0.9448881811015382,0.9561057323054493,0.9309494514603691,0.933572381926805,0.85548688091885,0.9047051449243225,0.8645900827482788,0.9274052422267719,0.9502903028887171,0.93561922220129,0.8709340682372471,0.9328028977174919,0.9108648464716231
173940,0.9018073808531317,0.9600088427088946,0.9235129073020628,0.9591776197418522,0.9251357068483161,0.9352349396833716,0.9054628863186308,0.9371945370334589,0.9408048053281792,0.9273111581954868,0.932845973436113,0.9314863128012556,0.9398154461668037,0.9443456574510649,0.911955157124825,0.9337102719371974,0.9478315000012891,0.9527934422641288,0.9642085354200557,0.9301524481922908,0.9409763647219778,0.93979742886683,0.9241377453483903,0.9421737374481011,0.9526769983798425,0.9647598161857275,0.9316070842704982,0.9379856358101143,0.8720933324756377,0.9093437700786404,0.8838583005313531,0.9405634383145208,0.9545656443587706,0.9428449443594362,0.8523639560678511,0.9332740955820696,0.9118764686047861
174437,0.9269443830926749,0.9457279026333888,0.8865525235559102,0.9534726428389753,0.9357839473492745,0.9338051474958762,0.8899615069649679,0.9424331795082367,0.9403366868463648,0.9068324410302305,0.927477060437811,0.913710727518586,0.9255969915053266,0.9225851996935217,0.8695797529139879,0.9353825922263663,0.9522886471489922,0.9519415865034561,0.9479235852321051,0.9115039802648487,0.9406703066636594,0.937703291370538,0.9284127178068178,0.9537535638511013,0.9514882642651774,0.9490144150665198,0.9209623695771851,0.9279188787402831,0.8556321793091052,0.9558829066008695,0.8724129742956367,0.9231474614859377,0.9329640877084694,0.9183268929021942,0.8394066166563647,0.9355639622674423,0.9172734323178635
174841,0.9223163208680676,0.9622419540596451,0.8856131909926278,0.9538142341146798,0.9412973453827581,0.9332221814324871,0.9240031701320705,0.943400232771262,0.9450457993741728,0.9282607628516325,0.9400478409774352,0.9363606613788396,0.9577399377678864,0.9342436895884131,0.8953085207895529,0.9240374495493615,0.9425951936087229,0.9492518458137879,0.9488823850149531,0.9344422327832561,0.9457878278497487,0.9469075254685391,0.9197660055355321,0.9445000501847871,0.9501070211810424,0.954461233004041,0.9405305241092629,0.9366624162213487,0.9016489061354094,0.92649442720427,0.897821137597507,0.937069599285304,0.9398299113090712,0.9384652982802945,0.8523303965243078,0.9335670157663534,0.9159820653662986
175035,0.9020216261429264,0.9601852254459321,0.9161154471737744,0.9458154381911033,0.9363663914593491,0.9380157646076891,0.8987708172528349,0.928858478557456,0.9391503089017286,0.9228811673384931,0.9196701718053293,0.9318295102303321,0.9518139978797617,0.9317524716476978,0.862005057677788,0.9423355294135664,0.9426445517557965,0.9419314856897999,0.9639207908374189,0.9253031705057674,0.9421007969620737,0.9156691648365068,0.9398582395243221,0.9451881588503208,0.9469458044564076,0.9663848392975269,0.9274245329843879,0.9339433526104225,0.8546368645245145,0.9434469765319016,0.9024000018988997,0.9376159647912241,0.9267840251577348,0.9265188043041346,0.8925469639892432,0.933726886179804,0.9160335021336943
175136,0.8836884143321985,0.9624244830747297,0.905752677683468,0.9559945259585263,0.9210043005125995,0.935281360520217,0.9036013504847192,0.9404197063262828,0.934732408724754,0.9216414595340425,0.9240668179083615,0.9291886990016772,0.9459245825653897,0.9395151552072797,0.8837366682756609,0.9456468517224687,0.9403484701687935,0.9511341487136193,0.9653203687928502,0.9272013700379,0.935557904222755,0.9264916551036592,0.9384213835964684,0.9474120672409843,0.9551269227008738,0.9633356444612092,0.9194454632707362,0.9309648616833504,0.8909757478749843,0.904740209066867,0.8529319145742217,0.9329378368881428,0.9424486828742914,0.9380728928709345,0.8938495861941,0.9405500398838117,0.9115129931029159
175237,0.9162683631350292,0.9655136768059925,0.9274036392720677,0.9415430426320138,0.9460307590278904,0.9427411613176632,0.9218576347616665,0.9378231432071193,0.9488884299704168,0.9196508784020458,0.9331390430498283,0.9487858868825966,0.9553941588891277,0.9213065716631118,0.906801108148419,0.9400175452152928,0.9559631872049469,0.9411078190957124,0.9447404110631762,0.9310911786156504,0.9509841125125338,0.9498234156287546,0.9297695501190858,0.9592076800677731,0.9457749819273448,0.9534291457428483,0.9356845690443815,0.9416780402488383,0.8616598211166693,0.937429151234134,0.8872820117170076,0.9419021120175352,0.944331916858422,0.9375055814023084,0.8856029636810191,0.9416711139358155,0.923868723395538
175338,0.9270994758767871,0.9642671232383596,0.9227263476060958,0.9472356636344178,0.9412479253361645,0.9473833007999282,0.9191192079303143,0.9476469713910639,0.9306062617786721,0.9317158484445074,0.937391268655059,0.9394518999108413,0.9375752747914375,0.9504399990251343,0.889622243804682,0.9522475029581531,0.946585747293633,0.9476384816000473,0.9615632006195495,0.9322532742058242,0.9342510603066917,0.9499319927524865,0.938957185272484,0.9530635998351398,0.9434191848936666,0.9551483401476787,0.9386965435778634,0.9332650902277603,0.8385563614954212,0.9168168596218055,0.9194467654504519,0.9430861195173298,0.9398096533440081,0.9392053065582262,0.8601803808470763,0.9309292430037626,0.9245517184784745
175439,0.8969299252704662,0.9547938447182451,0.9064352849424159,0.960178072012611,0.9065018928137699,0.9351024155323445,0.9065077451469267,0.9378896500773105,0.9344237134614268,0.9119644980748584,0.9147488306722025,0.9430751786536732,0.9386300997801289,0.9242354087834279,0.8859855374678096,0.9342947944326889,0.9414738356745403,0.9537952171324495,0.9630791726598282,0.9181825392322592,0.9346378765767965,0.9373246987893687,0.9288358893032944,0.9387551406118663,0.9517764538069182,0.9585599791387126,0.9208478616675118,0.925657587448473,0.9078417971789384,0.8849793941856241,0.8660734046419053,0.9315668808360544,0.9486720523273213,0.9455979387007741,0.8596059432381082,0.9063272550138192,0.9330652819333901
175540,0.9165127486231507,0.9549497109201361,0.9044407724419165,0.9597650704742301,0.9281644609722743,0.9411441495594717,0.9069364792182092,0.9343490271205673,0.9300803949168831,0.9163591178327323,0.9041313024093418,0.9234836855524209,0.9439422014322605,0.9379087673352201,0.8798263433341981,0.9404595791831055,0.9432360123217804,0.9619943144396245,0.9656033304066352,0.9221313501767139,0.9315355232475777,0.9408724503341381,0.928220853018051,0.9463320619007949,0.9441345205698684,0.9544743059144133,0.9269965149421523,0.9244582425178353,0.8911274814823803,0.9434419085751741,0.9068409624296732,0.9383171550492293,0.9443132254302179,0.9410018368094166,0.8892665183611611,0.9144780358726979,0.927866637852415
175742,0.9002443302900284,0.9455597650319156,0.9054106465459333,0.9479610716765537,0.9262659022518669,0.9066022642834611,0.9188561351952871,0.9417025382777579,0.9496895926407526,0.918945526334694,0.928994402118926,0.931820401425731,0.9360713191079303,0.9200801483134095,0.9101709098982009,0.9184152540707005,0.9490918209265787,0.9507936202515824,0.9569030442469292,0.9305701794078789,0.9506323197503362,0.9479608351782909,0.9112786777407746,0.953338843884216,0.9511892670089568,0.959024200942667,0.9313936278795482,0.9414360624795591,0.9022587741587383,0.9022630498792098,0.8847858658178614,0.9372164904737966,0.9470642591669745,0.9255628957426795,0.8882086417767259,0.9453448430693525,0.9189068578141283
176037,0.8969342598859696,0.9630807613820398,0.8965646265165953,0.956726921621135,0.918813257816861,0.9227667297053899,0.9011227734895433,0.9473177516286541,0.9381258116840868,0.9207199169199076,0.9259259324387173,0.9381646465152613,0.9552181067983947,0.9163695838552277,0.8654457630971476,0.9346896106859522,0.9234475987280862,0.9529090806747645,0.9671559834106545,0.9395793989330739,0.9391143604092511,0.9389239116888078,0.9323022183197416,0.9332440604074241,0.9539481695150674,0.9658912939832848,0.9384099645877135,0.9288960379909204,0.8834742205746274,0.9399782213423706,0.9329236164791676,0.9154570630593015,0.9435552276106871,0.9249471174538759,0.8830752600757563,0.9381653937182324,0.9276850190491917
176239,0.9081453302608622,0.938921754902681,0.9028026060794975,0.9345650892697289,0.93218478255513,0.9275821957492493,0.8927960363551598,0.9392111505123588,0.9370434999606877,0.9235987301606234,0.9304024787985019,0.9330337117334863,0.950541933289401,0.9353840740652417,0.856631432277688,0.9301654464326037,0.9379537986827472,0.9286809147611641,0.9544376297301793,0.9294361646281661,0.9364705228917025,0.9227303776902327,0.9194603483547407,0.9391063320076306,0.9326505760163326,0.9530259370558842,0.9312376708457093,0.9349381888134289,0.8975395171082517,0.9244964603960445,0.9231360908962786,0.9240513766306907,0.9334324506804228,0.9428649841429589,0.8728356814245983,0.89078788951465,0.9373484077419983
176441,0.8989947359758078,0.9599522308906896,0.9027418027240434,0.9363035362074719,0.9229194270648279,0.9226147379129113,0.9108539252502731,0.9411060872368355,0.9269602559479285,0.9144732796666478,0.9317970696529239,0.9349053940868268,0.9445306207920665,0.933185860419905,0.8942087701977744,0.9326968772142572,0.9453205087326945,0.9311104476973256,0.9469109689637863,0.9287255239402263,0.9280114888190794,0.9469096780952733,0.9229935682117761,0.9499737974203556,0.9443022653305462,0.9521675946757898,0.927681424538563,0.9267830023546021,0.8627960928689032,0.9121060396656919,0.9216980054030322,0.9361441832644686,0.9364819036565186,0.9269384148792105,0.8380623868636413,0.9026532166928077,0.9276810714407451
176542,0.9220116791237206,0.9667493854513771,0.9185682373838683,0.9560382488250517,0.9345097657307071,0.9321751383918327,0.9147822329128377,0.9517449342250244,0.945678863527239,0.9195801371973059,0.9278450887714067,0.9306756975286722,0.942315185867474,0.9270966775797053,0.8796417298953818,0.9457807762977121,0.9622100362646641,0.953398420596127,0.9644817301383254,0.934018219940548,0.9449002833619038,0.9327097777032871,0.9391631642996232,0.9617930643884108,0.9548609322019225,0.9671256013606141,0.9315448245975854,0.9468284441132431,0.8843825444664442,0.9363163130369768,0.9159043525632578,0.954292880497735,0.9469387935810609,0.9484564950162674,0.8826733807744132,0.9446583813207832,0.9132034452681661
176744,0.8958262637081842,0.9628208626388141,0.8908863579851986,0.9407334614265929,0.9272588693743222,0.8918595768542085,0.9217745055469412,0.9290301062446525,0.9567784418039601,0.9325763432812667,0.9407888792605861,0.9281613317874822,0.9502218689487633,0.9447022778592791,0.8911167527980824,0.9250414107854211,0.9429817502589289,0.9416826438767576,0.9625717094900011,0.9232316983616524,0.956000589712667,0.9485211426486019,0.9213970564098978,0.9416090567936323,0.9458613118814861,0.963436731666151,0.9302804272563426,0.9461696360144575,0.8607246297163684,0.9416631533580971,0.8833820212746821,0.9402253464602873,0.9385801622612218,0.9516825799160359,0.8704792337370628,0.9317144845914527,0.9214434325830517
176845,0.8637787710564108,0.9606431752686138,0.8995165502737121,0.945048365524149,0.9348424938585933,0.9392488477409366,0.9149492103136733,0.9426175127250219,0.9469779163546193,0.9154177626642823,0.9291889640263851,0.9410332032787793,0.9378039442798701,0.9445134429093935,0.89352635616823,0.9418272134167871,0.9483630933098569,0.939759129278899,0.9457088094724425,0.9238323077713597,0.9470701991706941,0.9544504627527565,0.9366360560434406,0.9507477549634424,0.9439245159477683,0.953198808397655,0.9287769809456158,0.9403344769483357,0.8839134915465877,0.9312997631537425,0.8961014257465659,0.9414746334851929,0.946357886807068,0.9224748318692708,0.842446523812016,0.9345585891847749,0.9182518697073448
177140,0.9171870736470201,0.9640266470545877,0.931089787173255,0.9468670404018954,0.9295887805453373,0.9433110702557046,0.9237314436763383,0.9485123100054453,0.9607169941978337,0.9167648264670756,0.9327733798160346,0.9203727155465778,0.9487440633109208,0.9434541558814843,0.8826986022716811,0.939794195837985,0.9533621693926664,0.9441165962904208,0.9593808176769313,0.9151934829762163,0.9619438992605256,0.952457803199757,0.938838331255973,0.9568443602076134,0.948537845913992,0.9621921943554833,0.9152945200294461,0.9476971521991115,0.8804816023591964,0.9577156103065785,0.9226820898660023,0.942315232805921,0.9474873976589491,0.9448839839213626,0.8946175897270942,0.9562285218832199,0.913633479887531
177241,0.9016376680608279,0.9671647583496581,0.922702483556555,0.931367341572113,0.9278982487010478,0.9244290800241984,0.9200890443551076,0.950168411757897,0.9551618965919824,0.9277619796748527,0.9430479642368399,0.9320828646015707,0.9475734463785958,0.9214065528121289,0.8730455369564754,0.9354063859898957,0.9544838825779005,0.9389536820185098,0.9594052222964282,0.9242342392447406,0.9535858298931243,0.9479271157522401,0.926599481764587,0.9541807474399806,0.9422013660425456,0.9562022257230377,0.9381499494798285,0.948093183021843,0.861670718924564,0.9393180818714635,0.926514919171292,0.9383596609277897,0.9406391578313736,0.9428674893396376,0.881650299847975,0.9151910280877922,0.9322065455373288
177645,0.8896966191476616,0.9456106181328578,0.9213832558619287,0.954349132476682,0.9215220459926499,0.9363734047708401,0.9069019293845564,0.9236909999203765,0.9526381360997902,0.9306760366269635,0.9314376354236709,0.921682822861851,0.9291954702317106,0.9426670446488034,0.865162675428429,0.9319177542675273,0.9359996514116298,0.9528759154327536,0.9669539278321391,0.9315658780480408,0.9526156823969391,0.9277393697994878,0.9246086446658087,0.9335653652755029,0.933439431077123,0.9468177867023211,0.9277308911073509,0.9319378133393046,0.8216870507341804,0.8829693094702675,0.8561130039906175,0.9257806772959979,0.9443625575769796,0.9455515258168764,0.8775490364998966,0.9431118801605981,0.9194172037107443
177746,0.886856762531773,0.9424184009478145,0.8765464702009292,0.9518424626129469,0.9353395385605101,0.919844070471461,0.910885440971447,0.929442793495118,0.9146458110529181,0.9320305024128137,0.9285891343493343,0.9348314998429772,0.9530654464499984,0.9296609372331631,0.8580108524773237,0.9260809048066693,0.9560791093395064,0.9486255964960044,0.9600674269225881,0.9379234192286732,0.9172611289550898,0.9453123835104068,0.918906331076932,0.9506754988921188,0.957791323759917,0.9631622523983698,0.9408832905315895,0.9263015578297605,0.8119822052347292,0.9141530405569571,0.8836689091462266,0.9452212772768538,0.9478614355940298,0.9341510752235099,0.8863389107348848,0.9198124265570748,0.9046978390363393
178142,0.9108903301088709,0.950970790478589,0.8910218726502287,0.9507657142572565,0.9259008651687841,0.916965120555147,0.9162311717582736,0.9585388376810641,0.937384659736737,0.9297520722169936,0.9212523314893025,0.9411463040058476,0.9388414074984616,0.9331451017843825,0.893975042635798,0.92539468924164,0.923832789122074,0.9483618270971585,0.9618025932975424,0.930484734470374,0.9349286628097387,0.9191997048786541,0.9130205170059771,0.9402714287890781,0.948587536221639,0.9593722767512799,0.9341054939407851,0.9304193917735013,0.8642376541964241,0.9254726923929245,0.8637925415333048,0.9369717268462378,0.94429856339493,0.9397460658435178,0.8686958715163703,0.9323836168649826,0.9109535774982374
178243,0.9081272658637518,0.9576129296765002,0.8989755083855953,0.9477417412982303,0.9427829929311835,0.9322057521709155,0.9124114298499647,0.9502779902440012,0.9331647436102092,0.9219640270318219,0.9266114421550252,0.9505735194992865,0.9456115514866801,0.9279221163583538,0.8494354218391524,0.9349943862400242,0.9513179567935905,0.953017510897218,0.934980628415693,0.9333958194039758,0.9354175053788368,0.9347342281488128,0.9203409228851732,0.9582310201848698,0.9560125545318057,0.9447800323148247,0.9346094120277021,0.9234078674989662,0.8301838111187678,0.9422047288977775,0.9119277611729772,0.9353161158578275,0.9478827999675439,0.9350290299292975,0.8896995134810174,0.943602674752284,0.9329808837039227
178647,0.9054785097646172,0.9563867688732315,0.9316903116642281,0.9553374395063872,0.9251489274570276,0.9281156685632371,0.916851163133015,0.9252841905004922,0.9444759704247677,0.9158237637213927,0.9311761794657505,0.9292267459689867,0.9378553008582574,0.9348514376688274,0.8893609902323597,0.9367135289919895,0.933738661227997,0.9526096657115732,0.9688632324440412,0.9180463334046184,0.9427231832590017,0.9358494562620318,0.9308396932866638,0.9423224521482506,0.955548014495693,0.9649881867493468,0.933384140083593,0.9354466824401144,0.8066283408378052,0.898604256584504,0.913848829314836,0.940544733259725,0.9465466694337964,0.9351910782086346,0.8836575524350502,0.9483766455534617,0.9335110690029794
178748,0.914109847188126,0.9625501458727351,0.9195172958694071,0.9468537947533391,0.9409433080737267,0.9242997756358899,0.9055249998587764,0.9400704017945627,0.946480306346974,0.9305707931559625,0.9310071660193736,0.941502343541824,0.9522104039332464,0.9409963814962621,0.8921962900762522,0.9426331376963798,0.923433627439046,0.941420471631632,0.9659751646185843,0.9356468395200214,0.9449566256716945,0.9248805501887071,0.9315702550867473,0.9388650336378693,0.9440500795298699,0.9635119724108446,0.9377607298350388,0.9328840829059112,0.8544523283600605,0.8870872956876772,0.9173068387872918,0.941801127431171,0.9457902027724563,0.9397870775174477,0.8845930938607837,0.934982529176754,0.9199045935877276
178849,0.8602971326615723,0.948507902455831,0.9247745591621757,0.9342772450976717,0.9286340797984282,0.9110025843312092,0.9236922292703296,0.9420838321516707,0.9392642172144395,0.9307978382583976,0.9477260670354933,0.9326920663662892,0.9494207613648594,0.9311343728364132,0.8454722991090811,0.9157054518594498,0.9552750937170179,0.9276226605424455,0.9648279910828602,0.9387289523504677,0.9413184885431612,0.9433989424095703,0.9096031512485913,0.9563546832971743,0.9437414156835134,0.964043081361167,0.9448695883532655,0.9328597386654942,0.8229355505113928,0.9060531269629599,0.8941558988507083,0.9424600943711485,0.9192816285859162,0.9429053391386861,0.8766006114221769,0.9428951614846656,0.9260931041165544
178950,0.9159807709828418,0.9711519787445192,0.9005186175967774,0.9352598394234047,0.9443940338828226,0.9091586026755993,0.9177823352395689,0.9326285969881546,0.934705212162436,0.8948767370048616,0.923008860355258,0.9516884444878063,0.9360295995830977,0.9116015808585126,0.8752827887532766,0.9428863890128063,0.9496618541008001,0.9299184587342985,0.9529184036066255,0.909588297717413,0.9354992827385286,0.9435942101726227,0.9393213163320716,0.9539851265795095,0.9389183551446874,0.9537101817753513,0.9285827439698628,0.9339705202279802,0.8393416381896367,0.9132077225386541,0.913126512180329,0.9472717572432295,0.9408482918581639,0.9425512421600826,0.8333608075778428,0.9214231876649612,0.9213850968026168
179245,0.9184535155118401,0.9648271716202876,0.9106415009874015,0.9402779177219904,0.9417209038180797,0.9028146553727331,0.9156217590149314,0.9496279029227775,0.9335949988930367,0.9251389042582203,0.9110057015952705,0.9315068495464132,0.9507983200275855,0.9192350459294859,0.8863757232132027,0.9357268935560142,0.9325298546310717,0.9381773422315082,0.9644852877799571,0.9333632677394892,0.9337552720170194,0.9274291021477571,0.9338783337466013,0.9293345604313253,0.9442395426774464,0.9636034348264035,0.9419775542505562,0.9278667881197671,0.8876666211385336,0.8889385935070868,0.8596502511925005,0.9267137657399905,0.933768104509282,0.9426876544437426,0.866120372755025,0.9341424288831275,0.9174480580821897
179346,0.8715315574824272,0.962417103993219,0.9176450478615991,0.9643517470721198,0.89171766597181,0.9350414518994957,0.9050824564363253,0.9450384901416519,0.9438284415026812,0.9123155785233317,0.9196948885056913,0.9139516852226572,0.9358270288410425,0.9442635502876379,0.8849675284410137,0.9394527054922304,0.946948792313456,0.9600110432383336,0.9591901405776334,0.9100776039934079,0.9444891007419507,0.9387571939356664,0.9325638904303988,0.9549600839518584,0.9510071599547836,0.9608607364030659,0.9226079739184178,0.9382141503165028,0.8839658097482095,0.9325017281206986,0.916145791831881,0.9410363889248988,0.9474179743013194,0.940645222610392,0.829388471858537,0.946937153648151,0.9270613855790274
180129,0.919417560681953,0.9688806120715544,0.9092884668357599,0.944306421090396,0.939354088738558,0.9322093431886712,0.9068374522555603,0.9499808385899224,0.9407019609592437,0.9267275194603355,0.928689092686026,0.926536961565685,0.9613335266636431,0.9301644864893641,0.892683780604242,0.9420883080030038,0.9654402003262369,0.9414632641462816,0.9583685481499892,0.9352963883657424,0.941798686350245,0.9312671533715632,0.9364605521981252,0.9581688320275061,0.942758974369144,0.9576036769905141,0.931826876422872,0.9429458482345179,0.9095823161890355,0.9092293633784881,0.9332822907306583,0.9477630505381496,0.9391006890928159,0.9332050778556866,0.8941895213605756,0.9231718034246837,0.9430471554648514
180230,0.9167229649804576,0.9609290782565487,0.9166895806047949,0.9526787668328265,0.9242568153621197,0.9369154896039792,0.928441460306976,0.948107895824908,0.9442092821119297,0.9220566613905659,0.9308269049615516,0.925123687580089,0.9365233377162955,0.9410246951123357,0.8851818571850263,0.9360768759625628,0.9396990235020592,0.9518167218996518,0.9629930345450034,0.9194400291363175,0.9468006982336181,0.9621727229503788,0.9285983623512056,0.9426901137260962,0.9490730178374047,0.9571443796716976,0.9195121269059924,0.9437941434643392,0.873522568029143,0.9513957289056652,0.8841232100908724,0.943201444670097,0.9483836333403476,0.9379029413734282,0.8783440781523366,0.9371276862703367,0.9166116992266163
180432,0.9112513446386374,0.9630880081211953,0.9151754391641663,0.9517200414001054,0.932967482863013,0.9315818032738641,0.9116391120302606,0.9433135850747991,0.9398355853304802,0.9235644530027475,0.9440298245085611,0.941984589623616,0.9458695314047507,0.9386889109871034,0.8698976289417808,0.9436975251309889,0.9550962698636435,0.9503775878827428,0.9692343458432421,0.9313985679742558,0.9392307814436295,0.953908823222156,0.9430851636929196,0.9609889933309685,0.9514916131256305,0.9691747953186366,0.9338489434800635,0.9398301407904035,0.843303558294774,0.9409059376999692,0.9275348127569327,0.9399611682361048,0.9432914711003261,0.9395914800891931,0.8660833466115706,0.9314141693486575,0.9257518256158515
180533,0.9120548176340373,0.9643873148174131,0.9267114106790187,0.9500338726344337,0.9399161838108665,0.9424232147377496,0.8905531315784456,0.9345600153538983,0.941255218433978,0.9207363234960333,0.9272425685239062,0.9359030697033093,0.9452398642483212,0.9443016679876126,0.8675629190106833,0.9403223614105659,0.9265104879087557,0.9454850276198864,0.9530973664572235,0.9301884668663593,0.9395640803489036,0.9455148938454921,0.93076317655309,0.9338869628736849,0.948824509001204,0.9554187249844345,0.9375908127249305,0.927611970449346,0.8271195198827253,0.9118229629759641,0.9077477573552,0.9285615480340073,0.9446630698868395,0.9232015038938288,0.8521959397522156,0.8824830305252899,0.9284300619300732
180735,0.9089242717353084,0.9462147600099552,0.8949440785669369,0.9431355974672908,0.9240793658870575,0.9197932889136091,0.9209613917152397,0.9365655805449032,0.9431818062872016,0.9100893717252773,0.9275535270861386,0.9293044026989172,0.9478832214554882,0.9052502559333057,0.9210152300112183,0.925324301644966,0.9146042110655394,0.9471083263727135,0.9439944584549238,0.918705643578574,0.9423167919001527,0.9473159292257838,0.9216915994750642,0.9336426599254984,0.9570821567560078,0.9551587024151844,0.9358318428520872,0.9279684528061511,0.8722016617445593,0.9242031881759533,0.8729795909595491,0.9228729173679999,0.9439404504554871,0.9248933754351656,0.8738500498465045,0.9061896627313666,0.915157137561717
180836,0.9049856646493437,0.9658134821529872,0.9050736455240861,0.946389151120092,0.929524805650013,0.9398085768096991,0.9044704708341337,0.9423103510265085,0.9474375547141202,0.9120892615997404,0.925365362375132,0.9402193634724348,0.942734630275652,0.9386790878261545,0.8458491690995509,0.938566428622245,0.9355134884785583,0.9357948191000159,0.9465173787978457,0.9175582904372261,0.9476902145541938,0.93554799119256,0.9312988866148022,0.9349482180139406,0.9402554683928133,0.9494444804334553,0.9180549035563603,0.9270867592983559,0.886469238134323,0.9122404412532593,0.9328991858915273,0.931903386453569,0.9404729832444889,0.9309890875910078,0.8705286535440747,0.9232085497923931,0.9119317933829859
180937,0.8798977396245116,0.9643401448021556,0.9197736399761347,0.9437082493302996,0.9228875383912324,0.9325292992444582,0.9157346127862757,0.9386382427386494,0.9410314454487259,0.9182284574920884,0.8988578590024624,0.9240326726246254,0.9360289470412779,0.949131526204062,0.9033871906760511,0.9357637446624562,0.9393432808916511,0.9451335437238924,0.9613975834981595,0.9024190645133565,0.9389037266571603,0.9487378396389384,0.9270180476298376,0.9404761365584589,0.9400468615640284,0.9579482154731533,0.92186906008256,0.9357702339334484,0.8407699858558777,0.9304958165211195,0.8667614831049423,0.9278907637699404,0.9305662598714378,0.9365119795839093,0.8670149451104774,0.9326788995500659,0.9125674749145474
181131,0.9133147212204181,0.956379502352983,0.9235100324205257,0.950505114639075,0.9258898494567914,0.943857961073546,0.9104294398926347,0.9576528861926676,0.9424994475195696,0.9101653006413736,0.912214883458244,0.9153073048804057,0.9536813432892212,0.9450905443920824,0.8936017754006677,0.9468220530872294,0.9357579796018279,0.9524246563024938,0.9679876560432552,0.9158487398139716,0.9443793342655658,0.9328334993501943,0.9392749368079025,0.9418754912842681,0.9495218878849403,0.965637914953084,0.9179684902950118,0.943669734584592,0.9137400680282182,0.9507852733702167,0.9366959070657036,0.9324725058335048,0.9232570345267814,0.9420351449304282,0.8754391933916363,0.9446432990767416,0.9241163168356273
181232,0.9109073035501007,0.9454348265625898,0.8905885943770805,0.9467411301465206,0.9249622055288129,0.9073063825986959,0.9080135237557247,0.9361421492807105,0.9509987420805148,0.9228554155873676,0.9153708243962742,0.9175298422631418,0.9418441020486966,0.9050116236540867,0.9017140313564839,0.9084713170695996,0.9439440508811483,0.9447588727354846,0.9513109762107737,0.9282327563766124,0.951560702318752,0.9413599802161277,0.9027891556949225,0.9452182421772248,0.944603348904998,0.955063241848835,0.9341072825852398,0.9376136317600345,0.8819258327302906,0.9138650409013496,0.8535920606106638,0.9263025491369231,0.9387153887034898,0.9019174543462938,0.8606181084069282,0.9291658513667622,0.9202974031162732
181636,0.8975023091944127,0.9671194791861749,0.8711426719255254,0.9441928729341457,0.9122961346681523,0.9217226332448442,0.8979395469250412,0.9194305999252339,0.9349009758598995,0.9159307002979248,0.9324622287423131,0.9232877990516243,0.9317679718331286,0.9097716366688605,0.8811307657270091,0.9348500621679297,0.9460573178999578,0.940048035772954,0.9616001961939958,0.9217457825604788,0.9334800754151393,0.9257250128474995,0.9283063543668405,0.9459016122971301,0.9429181160793461,0.9613652344278517,0.9262287479877693,0.9250588219314319,0.8562519527823272,0.9250737294602861,0.9081251857903372,0.9333746935881457,0.9292614993621716,0.9367659689197111,0.8628537435213237,0.8606473729233308,0.9419147402678326
182436,0.9139025775921613,0.9478571737527204,0.8932248121968566,0.9401019580900986,0.9269179577029367,0.9233624544267445,0.887767994277651,0.9195242585696499,0.9385141275210637,0.911242250848693,0.9204655525846613,0.932686926460695,0.9218316568681635,0.9176365104945502,0.8510285725611942,0.9247147681210093,0.9311781705686005,0.9456886191749613,0.9541178906628788,0.9077830286717332,0.9293444109909105,0.9244656810932782,0.9215523525609677,0.9367795174288431,0.9519300772121906,0.9590836584579473,0.9227537515848643,0.9184015297276769,0.7874252885090807,0.9103039127537339,0.8704192961694374,0.9259120013066405,0.9411946784053958,0.9310375380878575,0.8747614614646718,0.882239235183391,0.931952048226301
182739,0.9035440365188784,0.9551853104068204,0.9125913383878366,0.9333031863067811,0.9309958606854934,0.8978649711787181,0.9077803651662785,0.9384383668341407,0.9360463936525967,0.838745688147931,0.9037376456817159,0.9271987841144369,0.9495220336018994,0.9253923641471062,0.8759688003045772,0.9207102700246936,0.9401828652119596,0.9445091188514325,0.9524557797682003,0.9245664365797968,0.9338300325237251,0.936710711184069,0.925268970978873,0.947042029410459,0.946298347637791,0.9566766091367245,0.9241643562221734,0.9244518901256765,0.845743275070175,0.9146761190240664,0.9068889973438585,0.9109279385370214,0.949859974478618,0.9200182568510092,0.8425867966490027,0.9269463029525792,0.9124034516412055
182840,0.9070569443496718,0.958525587400647,0.8765683721319489,0.9555921355789916,0.9222332684448719,0.9332561533079874,0.9115798173034719,0.9453716421385701,0.9422262548759466,0.9187034268527143,0.9240981975322222,0.9242149147264018,0.9384800096941551,0.9284785206518752,0.8702714490478953,0.9404955030604022,0.9483887383675804,0.9557751360028452,0.9552413457513899,0.9129453716737065,0.9391434580798752,0.9335323154026657,0.930958191564729,0.9446365681619145,0.9516983871031723,0.9579690035046415,0.9133455549843715,0.9294816664374309,0.8406128111095081,0.946084969359716,0.8663320950511887,0.9444589589309391,0.9532252182450582,0.9480705482594416,0.8729859888874517,0.9329441166608962,0.9180505806040673
183034,0.9113584168410799,0.9596474844607973,0.910168979713304,0.9471249314123593,0.9361791491211933,0.935759563241175,0.9196028237326576,0.9378788367934723,0.9578393490541195,0.9233527485919407,0.9374358569305117,0.9233092507368164,0.9435882293842089,0.939709964367529,0.8825975733431068,0.9343808459006833,0.9471569090816983,0.9498390156967691,0.9496440457021427,0.9266364250517903,0.9579917605229031,0.9406125681264982,0.927646564408441,0.952900329705037,0.9536902587750277,0.9568182639937222,0.9319989592167567,0.9455106906113041,0.8811930045353688,0.9135990363949447,0.8926304154975868,0.9448701408471702,0.9366550237489002,0.9265962870131341,0.8879063936355728,0.9190488350587679,0.9331234353372043
194645,0.9201187447255433,0.9711688124344215,0.9165953467581488,0.9613508280017183,0.9339028830995248,0.9336870272723008,0.9167370497006747,0.9415083809908388,0.9484472999622056,0.9374102729975092,0.9358250481607695,0.9478426241723632,0.951987063899059,0.955113962904729,0.8683384187617239,0.9470470962099216,0.9510772793296659,0.9523280702655881,0.9725931687821802,0.9365678720455938,0.9488204389742566,0.9481312965199725,0.9409125681203784,0.9492928159426961,0.9452342663649187,0.9576701349280179,0.9393799701291632,0.9285159988473183,0.8598790193184576,0.9356285339152539,0.9021537716775995,0.9359804116091679,0.943243546347989,0.9502904702253244,0.8616211971180101,0.9401233684211184,0.930437120485973
194746,0.9235344092441398,0.9509058418340908,0.9127598407378472,0.9352975905388422,0.933671548079433,0.9355912961494957,0.903776308017621,0.9359974362136604,0.9466764138570323,0.9080721964613961,0.9072971888712018,0.9295013574269038,0.9449271015579187,0.9303437287922149,0.8810847375299578,0.9392381794275695,0.9252928562385835,0.9432717124265934,0.9420181836744538,0.9203133019045611,0.9452000941339375,0.9258587158463049,0.9234036613310075,0.928825480551838,0.9524989463347132,0.9476806557867394,0.9297143231708024,0.9354012624630687,0.8284909764751435,0.9056413228140233,0.9180285578374718,0.9317066855897462,0.9418754765081863,0.9234696666720951,0.8851965370778072,0.9219524077012012,0.9246460697983518
194847,0.9062059901737991,0.970596026713934,0.9209034591835531,0.9573445127855452,0.9255098923731956,0.942676274535578,0.9155820107128497,0.9516414353859997,0.9567609919943755,0.9253957587040119,0.9346825174293933,0.9352767762441616,0.9400005976622403,0.9394424811107485,0.838160181783979,0.9465375551142861,0.9520969527292229,0.9526371979072042,0.9578458141742919,0.919439528615717,0.9556214720088744,0.9442643970838654,0.9373849275545596,0.9499819761639341,0.9554053167197661,0.9608365698514165,0.9338203995288479,0.9483270015801263,0.865751632452482,0.941878209706323,0.9161761961252695,0.9295644264706993,0.9474063295812536,0.9375157993739722,0.8841975388563807,0.9527166534939164,0.9268399876642303
195041,0.8856979960608719,0.958078200644904,0.9180252477305719,0.9558408487358201,0.9204808922791231,0.9444329575955567,0.9074662723580733,0.9437176310951316,0.9492278227627947,0.9017008527969179,0.9102458686621197,0.9370994588166529,0.9351621971944806,0.9392814704761495,0.9017040004563471,0.9415389550482355,0.92666939589372,0.9568341529138628,0.9526256627243921,0.9143979882920816,0.9487750947277815,0.9510997921863538,0.9262995202357144,0.9396110162581744,0.9548759794645152,0.9556425886206107,0.9232612824009429,0.9394904505914978,0.8523009476527336,0.9343801806419592,0.8899584360403812,0.9383060159499845,0.9524067942077437,0.9400812421866084,0.8685153766876849,0.9401494896182986,0.9258391989795673
195445,0.9088113086182832,0.9671942225664967,0.9162021931117257,0.9551237612772401,0.9314562402689386,0.9301448277053573,0.9140309043536793,0.9321981269470481,0.9454798451903376,0.9322333048036237,0.9481483659938588,0.9204475306326215,0.9495820182382326,0.9451789882016542,0.8753565492126193,0.9223653934065642,0.9447077804761304,0.9442731679171542,0.970425064197208,0.929723947053698,0.942303866282232,0.9487340117505122,0.9210061134972197,0.9548083508541275,0.9534713020523881,0.9699321013925164,0.9293207653674465,0.9326473121320534,0.8441100686706251,0.9337898043711451,0.8804758436401345,0.9155162560383238,0.9364460339874429,0.953917954511162,0.857035081735871,0.9227062826828878,0.9218846073406317
195647,0.9049153529753144,0.9634651353450225,0.9009608539541081,0.9495302606893924,0.9315008586128171,0.9287533423642123,0.9276639361452426,0.9464727777493589,0.9419989300049904,0.9308225926885824,0.9429282707246628,0.9432026048588285,0.9507386718206154,0.939528823040532,0.9114335869857856,0.941332685484646,0.9473078393790726,0.9396899893607007,0.9653443187081088,0.9316324272662622,0.9420237441202409,0.9565116847293953,0.9289611115829011,0.9489284022518214,0.9465613958375345,0.9655427899137816,0.9336927018028087,0.9430127832499868,0.8758300354585776,0.9194588560703784,0.9092392394166743,0.9230111724844011,0.9378305628179584,0.9436340991747203,0.8755101334217332,0.9238822504676335,0.9209844541201966
195849,0.9239594633577147,0.9569134682217508,0.911426564703315,0.9237903452504406,0.9360377167080747,0.8730491080452255,0.9227234879565764,0.9444302097704323,0.9498785337424577,0.9104867692198587,0.9070236932482919,0.9327230657155338,0.9463147973142174,0.9434461240380229,0.903292524625936,0.9007699121732904,0.9301885017909631,0.9244904820244705,0.9572860336280383,0.912856775327884,0.9501101062858587,0.9448936438803481,0.9012467410163612,0.9242363989306842,0.9363603554475046,0.9589213654693642,0.9217863986508088,0.9474033210062542,0.8499217712123968,0.9493417675648209,0.8890342227941758,0.9150609946547107,0.9132267673058223,0.9239228532764946,0.8484674889265438,0.9168622716136279,0.92724364376202
195950,0.9242824438678835,0.9603698177171586,0.9103773130352117,0.9463850324550015,0.9340306882029112,0.9298647463765352,0.9101460496078722,0.9412691971763192,0.9519518335901662,0.9201918149271694,0.9248819680713398,0.9309681452533521,0.9431702348047121,0.9354525238218939,0.9046345070519235,0.9438446180288151,0.9433502664697974,0.9457446568273474,0.96555789335882,0.9231856181490904,0.9514043847317393,0.9603689927212732,0.9355500662888332,0.9433930528964313,0.9517528538304714,0.9640775726073649,0.9226167686258641,0.9239745412461327,0.8875895008934515,0.921148448093471,0.9226552783477824,0.9312459419535115,0.9325105592054489,0.9485359845953044,0.8881015402878568,0.9147376279410706,0.923645275258233
196144,0.9137165587448438,0.9563024470265398,0.9135180335314597,0.954875643968527,0.9268803985343484,0.9319604488933884,0.9274549632512186,0.9553765381942187,0.9490103992752682,0.9387681840094836,0.9251192187327458,0.9340212855411435,0.944824565389269,0.9343735432484256,0.8789699735286989,0.9384886453167129,0.950972943261312,0.9544650980587758,0.9597783951463638,0.9370632430401388,0.9482771792298055,0.9455196560738688,0.9358138686105624,0.9537033190361838,0.9589656319435488,0.9643451941897596,0.9392095956736425,0.9487854204307724,0.8913186422500765,0.9310500414729598,0.9318658778460045,0.9387002173050752,0.9510553860109615,0.9419507674010552,0.8513574962478557,0.9421590205489261,0.9219655285083798
196346,0.8127706021917395,0.9214141615969579,0.832422374246845,0.888816117593402,0.8575169276853105,0.8736674005235985,0.8472099312182981,0.8717507583304485,0.8757437503419899,0.8462782254561821,0.8651236845095994,0.8885178889802984,0.8854560973772224,0.892231369960211,0.8326794010806785,0.8967422600972669,0.8737879096565787,0.888866450672245,0.9191673846841956,0.8541902702564094,0.8743253030760006,0.8941057958056947,0.869299748173709,0.8811575267959205,0.8915890227751757,0.9137033824442776,0.8730029194608916,0.8728216138443988,0.7055092276912903,0.863450697978455,0.8418417993675926,0.8636342435764898,0.8972049885333648,0.8892295705913302,0.7374742668719823,0.8675441474659313,0.9541912263469741
196750,0.8202939959404063,0.9406969797507841,0.8668687791669067,0.9125797625894866,0.8764619237095461,0.8892566627605003,0.8581193080557304,0.8945905410640315,0.9009833535953874,0.8446457537141949,0.8757268415867284,0.8746476341524474,0.8924020801100098,0.8913941692557755,0.8265283875427335,0.904670359823229,0.8887498437518094,0.9183661465241326,0.9235355909928982,0.8389733410533772,0.8995224699233234,0.8741794638984868,0.8748783729972347,0.8968943841713826,0.9181930372715971,0.9350577320874505,0.870994468504661,0.8998190094314356,0.7879721721200899,0.8756436757973837,0.8705235435968208,0.8744225115035188,0.892363455805304,0.8791647580439114,0.7841439433912815,0.8841001300192145,0.9510600885955431
197348,0.8650771143617063,0.9467238699377606,0.8692221808920491,0.9376094971663431,0.8839702524243421,0.911851599810749,0.8856075899206418,0.9231795751057964,0.9365082995358694,0.8936058116271441,0.9075127237197128,0.9091733804253567,0.9360931840007288,0.9148717071272763,0.8063853343488707,0.9132953397302551,0.924898427658321,0.9370937726563557,0.9520310927904673,0.8894943364381287,0.9378959418545509,0.8974513718963673,0.9083789050841694,0.933224149275997,0.936218898164661,0.9506814226200077,0.9007108275545198,0.9272187251333379,0.8274081953136221,0.9138308306416074,0.9191588533454931,0.9363539792914503,0.9358286556556481,0.9114095845349383,0.8336267326833576,0.8743029633786031,0.941418291043397
197550,0.9077016082073774,0.9647254357806208,0.9235769634735086,0.9440696428184868,0.9321311557922501,0.9417055910705923,0.9283677139906569,0.9483947018072834,0.9460923475146126,0.9327377813574136,0.9449640660343579,0.9456183637235849,0.9560640997110919,0.9391541747567421,0.8865086361319072,0.9406634167834216,0.9419267774732537,0.9432918807668023,0.965960285874313,0.9392831735651315,0.9454580313740604,0.9351578476227104,0.9280755275795134,0.9424369045724668,0.9489163793813296,0.9641828398665557,0.941634284311294,0.9376523125900966,0.8581387433400227,0.9248665171555801,0.9163101156247347,0.936345291756932,0.9517486160343197,0.9371731686306326,0.8701696742574171,0.9238399455076468,0.9298043655349756
198047,0.9023741914633393,0.9475475228270609,0.9069632804870332,0.9464941234755722,0.930385298024648,0.9215418565504446,0.9092132660252964,0.9569067669880461,0.937244767036154,0.9109231958212571,0.9114689851009387,0.9154174404920726,0.9477513770229204,0.9319833934942789,0.8951421722811768,0.9232148247901449,0.9398981715009931,0.9478254388434386,0.9606896827376677,0.9248054374127088,0.9378610148924019,0.9561700532574959,0.9191087540203946,0.9354148301361823,0.9493974317162075,0.958070075899047,0.9259875082637268,0.9385414545071509,0.9246144021770795,0.9195577378605766,0.8547896615712932,0.9328573828880407,0.9419193363050232,0.9373701356542481,0.8785653484083441,0.9302117078943558,0.9239305777620518
198249,0.8744836583007568,0.9590108088180378,0.9052411229684312,0.9532318152607067,0.9099420539165215,0.9329294238215665,0.9196809359517861,0.9079073861647355,0.9534512362324468,0.9130205510864147,0.918004060634915,0.9317178220291062,0.9495492514721141,0.9396159280153673,0.855653739333572,0.9331202324728652,0.953109692543446,0.9519194387366601,0.9537658767674909,0.9056944134837325,0.9523917419499603,0.9332865377941636,0.9212740304866724,0.9450631875503434,0.94272850555014,0.9516593839467761,0.9154320780487162,0.9467572290271314,0.8258913697712561,0.9148630544910594,0.9142231556072884,0.9402618188384788,0.955142695603374,0.9301595733672634,0.8451208120581972,0.9161644133148384,0.9391585668463616
198350,0.9320503847764093,0.956776291627071,0.9047396311666357,0.9546167424256086,0.944117971252308,0.9338195064369306,0.9220727963509552,0.9480807351010446,0.9456030114731417,0.9192886932957006,0.9240140274277847,0.9366148640143493,0.9486357222345748,0.9242267030991705,0.8854050607429352,0.926257374566076,0.9414565618317808,0.9470066658733087,0.9638810264290502,0.9110180605971543,0.9469648074371798,0.942427988164316,0.9173614460404091,0.9361393660422495,0.9455459120437965,0.96085091255864,0.9277907807119798,0.9438552409781645,0.8582543986456299,0.9117910872916195,0.8673372165189646,0.9364963312425539,0.938639338130602,0.9432365988454497,0.9075856183736682,0.9398107003021854,0.9215169944652286
198451,0.912983082054329,0.9702740523235395,0.9249510021865079,0.9519626832599888,0.9410266465017093,0.928119278280156,0.9201049482864267,0.9424931298732782,0.9439731948825009,0.9253343260417115,0.9355656576813699,0.9388166109749558,0.942552356709784,0.9273942680944397,0.8930843938083847,0.9330194784471219,0.9447241655107655,0.9516973172307326,0.9624797693944686,0.922972844638607,0.9457284125132674,0.9564569981083189,0.9241869338126443,0.945689684153671,0.944993562670378,0.9570524311938631,0.9345225448378509,0.9333263092150684,0.9008583702529871,0.9589091012744874,0.8947445043369451,0.940850944520887,0.9354490489077869,0.9345094768161251,0.8932248990919042,0.9319915803102198,0.92470884804893
198653,0.9138673261976682,0.9650203921272583,0.9125623405846348,0.9530084814139761,0.9455378241513858,0.9208144238367063,0.911786384467656,0.9423055557372784,0.9398434116719494,0.9335048771775285,0.9287138210976885,0.9267922789917994,0.942570394575108,0.945885098595942,0.9033714219522001,0.9345648141312454,0.9428135601059756,0.9538296853107937,0.9616412237549856,0.9301420909142367,0.9381895658359656,0.9320234920481346,0.9294219711286354,0.9414278386304987,0.9601599064438747,0.9659290471528951,0.9334210564054628,0.937330120875171,0.8905197756003481,0.8956531654995429,0.9202581204060737,0.9336481844369208,0.942025121290942,0.9471078613332145,0.886953169321869,0.9344710070694605,0.9258767333653606
198855,0.8966611222775427,0.9623889312124264,0.9212990202779769,0.9354391185447463,0.941630724052099,0.9461670497391407,0.9107900639788243,0.9499473179158827,0.9388057378176273,0.9308940479913665,0.9372136389304387,0.9428619235989301,0.9458628032049197,0.9385941890763146,0.8657208246600724,0.9407865693296031,0.9536215613264435,0.9422831982514542,0.9639089724067956,0.9351657334997139,0.9366239504975046,0.9305848157507417,0.9328026336398089,0.9459038100401178,0.9479276883551202,0.9647819384435445,0.9440857319282916,0.9388816549944662,0.8571206949889852,0.9327647763138591,0.890234938689413,0.9454633982206357,0.9408523589347864,0.937373465842924,0.8974798429630874,0.9363856796711543,0.9235072158165828
199150,0.8927938784040216,0.9560060612068546,0.9043987810051607,0.9375962283817005,0.9117179278144117,0.9213686189360907,0.9009641238295918,0.9306214827377844,0.932539659542382,0.9135065689007403,0.9164600204971245,0.9171183568940379,0.9293398596502841,0.9219796498170814,0.8927586787418486,0.9283292584100871,0.9420304774316635,0.9278409840403283,0.9553026939123601,0.9184419166121621,0.9295055351775972,0.9478257830524165,0.9272719481170068,0.9433344395659237,0.9320124623411685,0.9522771542409478,0.9222182763546521,0.9240774844494235,0.9069243841804491,0.9443417985094793,0.911876104085633,0.9424030345798623,0.9400300984800615,0.9372368666420124,0.8508433849586845,0.9147640588261107,0.9396624395436061
199352,0.8996450157606203,0.9641400334730101,0.9283460937805056,0.9389619376243702,0.9259523776808429,0.9180317207536753,0.9067499410648625,0.9411165495531679,0.9462217157666715,0.909961596014325,0.9274123951554052,0.9296770490822636,0.9441126004418411,0.9342430020127803,0.8802112707430771,0.9365631673762623,0.94592045356889,0.9310526913263277,0.9534896426687174,0.9338281794101412,0.9472933450576864,0.9336082634913189,0.9249680473422358,0.9495033507131903,0.9365770236437291,0.9553108939114667,0.9327555670571275,0.9409704036218023,0.8515030258743048,0.9246249913758626,0.9267057112963795,0.9423093567987484,0.943685042583826,0.9347307507681646,0.8909556089565853,0.9222121738402652,0.9227576029293661
199453,0.8882892994881751,0.9598952747967454,0.8978163013835098,0.9471983111105696,0.9093935340633097,0.8957858508791325,0.9061482024660247,0.9595679970362249,0.9384944563638957,0.9287922461507471,0.9211895122254234,0.9165037532583789,0.9506973793290902,0.9155348708113883,0.8676621894023682,0.9139954405680081,0.9123032723264484,0.9363564719719002,0.9676449507170797,0.9308717039950891,0.9382041105084955,0.9097508911734884,0.9112268514794096,0.9236869617236675,0.9480801295523166,0.9666973878933094,0.9343292284255429,0.9354090854767543,0.9129769050790534,0.925130093135192,0.9062673719491151,0.9024849144057069,0.929939989229272,0.9422058933827538,0.8208508898936057,0.9429007371387363,0.9298967415407483
199655,0.9212331694114321,0.9626698707965243,0.8991863595184069,0.9386973804064075,0.9357647735575871,0.933598546299903,0.913803416376204,0.9523408444233937,0.9339495803327578,0.9265070178632919,0.9167693418915505,0.9456529955469085,0.9330134153821555,0.9474576512399546,0.9004254636608637,0.9400769306011526,0.9465528981888921,0.9408060520817066,0.9568665430357797,0.9147751980996883,0.9345289112260653,0.9431948942965299,0.9312244039714963,0.9349810101861947,0.9388673394245567,0.9559487810406845,0.9201177457594185,0.9329198301894914,0.9122416273361806,0.90921558297688,0.8964698458143799,0.9330614220411959,0.945031036986066,0.9365420219222487,0.8523001442221908,0.9344732474756243,0.9105401873745357
199958,0.9408063916898698,0.9486029115191994,0.9285074101467207,0.9221380747622421,0.9486845245445951,0.9053209945773015,0.9021209825657144,0.9447399151658631,0.9331767847424411,0.9287645226978402,0.9242638280972426,0.9457385899758827,0.9544155688881618,0.8824110326091674,0.8769951187049223,0.9119785368339377,0.9257576499273683,0.9208255338414467,0.9553557837873957,0.9172739642181604,0.9323055374471418,0.952351655242221,0.8993292191186631,0.9296334357296051,0.9404197309615806,0.9610020087217482,0.9384430600557204,0.9330624677851433,0.8596210140762134,0.9418796308331885,0.8721426244201338,0.9200905965249163,0.9244324513870177,0.9341213462733263,0.868782881700552,0.8959130462894078,0.912797795176343
200008,0.9213104218648496,0.970465315087576,0.8895086832088753,0.9509690568554282,0.9314776258286166,0.9367039188629457,0.9263438581785693,0.9547441545365897,0.9482621023518712,0.941341324775513,0.9447939344104873,0.9439457500770221,0.9429570895760949,0.9502944586271227,0.8911122503751201,0.9437150702135636,0.9546603762672285,0.9414295328597448,0.9663240927857069,0.9325493900312063,0.9485858503487156,0.9470910140854368,0.9390044087110128,0.9586984123981611,0.9356592059396711,0.9602164967331458,0.9377169399017133,0.940098010077709,0.894232660241267,0.9289879005066841,0.9300624545553502,0.9428249902359704,0.9258224360168187,0.9390270344868178,0.8755524907796417,0.9354930667637033,0.9151050658815556
200109,0.9099452752938795,0.9580658218067771,0.8962530692272529,0.9622808853196266,0.9312671534923798,0.9180073620528938,0.9224032935700464,0.9492447255924561,0.9478117967098134,0.9074250586885789,0.9157837958426948,0.9312966296213234,0.9458028736279402,0.9483135627153704,0.8535939232818734,0.9302602713456661,0.9359454478280406,0.9594250017114003,0.9672922419700057,0.9261467527867028,0.9493131219987511,0.9416859051997718,0.9260695868813411,0.9396220007760887,0.9548993763648315,0.9641103566084714,0.9257610117625207,0.9416507380661705,0.8321730524539204,0.9300291952612184,0.8804846955794883,0.928259961272761,0.9476162735173609,0.9454124541050107,0.8694217179589737,0.8913015265355906,0.926948968690819
200311,0.9113964259390248,0.9664963281995439,0.9241336613090946,0.9517691590435727,0.9417485032036873,0.9248411030381712,0.9120925983587961,0.9440512162032937,0.93632878244643,0.9070108254914024,0.9260330790985829,0.9188361440808389,0.9487995636747181,0.9489491011619574,0.8986634455578965,0.9381713228857864,0.9433171579717238,0.948444584281241,0.9511373176874854,0.9226048463852569,0.9370679324717289,0.9273466810463135,0.9151399657106433,0.94499951695362,0.95201214673605,0.9617380571874553,0.9289603494411771,0.9330587608860689,0.8987595700401099,0.9071217645711184,0.8915825651737896,0.9421437716575977,0.9373000288947926,0.9429647731792223,0.8926575551282886,0.9426776978195248,0.9168039659432474
200513,0.9071037987226491,0.9665225156910352,0.8987616464820258,0.9612241589964952,0.9406782704363126,0.9345457125177274,0.8948893658716965,0.9269617812112484,0.9305326942716944,0.936018141666977,0.9281512244779734,0.9316268556821833,0.9409645960570103,0.9325796781697169,0.8777013621651224,0.9464775367972545,0.960546834416266,0.9532569494691409,0.9530030342546693,0.9343417302911482,0.9263997048748073,0.9283160265266243,0.9331844258641558,0.9599552397662775,0.9570033162900878,0.9581523498347249,0.9387140724471521,0.9132372574728376,0.8914547923826891,0.9137932422168985,0.9147450413058866,0.9460501782371972,0.9484407549921794,0.9440995558780639,0.8848359364368572,0.9017095251352661,0.927747862260673
200614,0.9155482820865344,0.9612344955232913,0.9283965278858257,0.9513723874453153,0.928084829980616,0.9294686197196073,0.904725675585274,0.9471512182496143,0.9397232476592879,0.9282794831522607,0.9329841675001059,0.9299904755428005,0.9520132348258861,0.939982595636728,0.8930716981224754,0.9341257079832034,0.9508018316312657,0.9502101464692861,0.954191375900191,0.9338190467244456,0.9387133832645096,0.9520157706397487,0.9255130536694353,0.9521519899242269,0.9484725420491527,0.9540834987773864,0.9387130545495476,0.9151138836897131,0.8924347642812388,0.9303471093690531,0.9190709884735764,0.9498653032361385,0.9462742043783058,0.9421218313213541,0.8778922315967852,0.9258908168346556,0.914720299643733
201111,0.8827600324529349,0.9593244164816707,0.9362195999402454,0.9443492794284086,0.9136992983219114,0.9260005060853631,0.919733749892809,0.9397136851456509,0.9445258991533282,0.922370544388676,0.906705855805657,0.936432250433087,0.9349288635276172,0.9131817060048276,0.8980318314709055,0.937642970785084,0.9272644231264827,0.9402935257716097,0.9588839366912192,0.9258802420026515,0.9439670504923046,0.9391390970473003,0.9221567379339366,0.933187965798011,0.9435665287508929,0.9549625674205214,0.9258662150643363,0.9317932085923722,0.8252855865797347,0.903789383974332,0.8937053179293936,0.9099582708995337,0.9277924710305558,0.9309721410141321,0.8639167080103163,0.9336515128608952,0.925202920355
201414,0.9218189686004274,0.9720897512671515,0.9166317933549621,0.9418339327457605,0.9319957206178856,0.939916960862967,0.9104555926271984,0.9384806362516944,0.9414920050881229,0.9025687915518473,0.9109908176353287,0.9390356130817834,0.9476668069412725,0.9298434674885373,0.861254965431008,0.9528022297817322,0.9467863340313348,0.9435061054708335,0.9612232342100407,0.9217312593988056,0.9414556802380363,0.9644522910879628,0.9389425666626511,0.9505008639162305,0.9417226568279439,0.961097165420224,0.9272106467469312,0.9232013225026202,0.867677538745622,0.9402040761955163,0.899367809775561,0.9420653207025103,0.9326541303422089,0.9250032596319149,0.8637059251791649,0.9030761007504668,0.9162458731030442
201515,0.8802075058160219,0.9592220399190773,0.9101735762332129,0.9681601262850994,0.8877714551728312,0.9563390301317167,0.9226826492378455,0.9453480324537638,0.9505280524302506,0.9054497359120046,0.9226185443308819,0.9242055935620701,0.9464203223882369,0.9467504821448068,0.8835042301374021,0.9442596960352113,0.9459656592523903,0.964987217071656,0.9654393344737479,0.9138088019479289,0.9501892340889931,0.9391235719286789,0.9356428923370524,0.9410215934434222,0.9581143523754397,0.9611596968844198,0.9144913752978989,0.9390742673438843,0.8545581255890031,0.9106739928335095,0.8929648982188076,0.9491178036986989,0.9574602451170576,0.9452690128346143,0.8744052734981639,0.918562281186642,0.9276768653271242
201818,0.920583044142187,0.9566623159597447,0.9071570732443434,0.9552440388429647,0.9187026009221044,0.9397454379533782,0.9101920497327934,0.9411474504445834,0.9514158487733011,0.9024524587225635,0.9125656703583653,0.9321731816445453,0.9489624030093748,0.9471666025876689,0.882015866635318,0.9289143942702817,0.9304198069358054,0.9451001872902068,0.9574518743637623,0.8994118438776922,0.9492384427264148,0.9529944638728485,0.9197337796305667,0.9348695272788139,0.9445239779730296,0.9551075330011856,0.8994220915447626,0.9430335493499172,0.8745963170027748,0.9378761335317048,0.8636236196268943,0.9368857894376279,0.9526291510650037,0.9453889612236369,0.827860190938127,0.9210251447023683,0.8850657878744145
202113,0.9077649107896004,0.9652784811047901,0.9325910551811272,0.9432381741355075,0.9318338220206158,0.9361294589605098,0.9044034759616413,0.9399906668293999,0.9341564932188797,0.8842364877188149,0.9362321097384199,0.9315802158969647,0.9367222349133603,0.9211357805642413,0.8916867485487531,0.9348446575164696,0.9507380575288368,0.941140504572275,0.9554596192014052,0.9006532476315844,0.9359405090155345,0.9407134812557999,0.9300076535279261,0.9505246186241846,0.9470011821536711,0.9618543576210532,0.9140375190793076,0.930414124229693,0.8906234661243191,0.8900444049175658,0.9291336839476998,0.9359825858744931,0.9467867363614044,0.9422392665459368,0.8515636938217575,0.9357113534074077,0.9111464543675096
202719,0.8984767205353095,0.9532047912788417,0.9032385627280577,0.9482073715726974,0.9249563696778337,0.92523073241606,0.9110590054042739,0.935718539961684,0.950587169317317,0.9292387512445422,0.9382107279987744,0.9327504016312279,0.9647237508498703,0.9428255227775395,0.9065127509379443,0.9279662244374639,0.9325867923468717,0.9534399930935511,0.9635291393920355,0.9347579033177575,0.9437283223365309,0.9456830298000691,0.9257966834791325,0.9425878337904996,0.9507161799525081,0.9640950006098769,0.9366823899122935,0.9299226916286205,0.8712329100083074,0.9169983329169102,0.8868709311221675,0.9294187278760566,0.9368005117806288,0.9391964208522189,0.8780127644306704,0.9211091556437608,0.9138303828344322
203418,0.923376390689593,0.952261274576582,0.8909013270946035,0.9332610543680873,0.9452220352549592,0.9084079379410702,0.9104950044019587,0.9330027432188767,0.9327127479452174,0.9263989493710464,0.9248019681754835,0.9411241006695191,0.9493013678968664,0.9291091191266947,0.886164265647915,0.9220148070191294,0.948133085385071,0.9355324579757811,0.9554345122927469,0.9370773083679994,0.9321976258500275,0.9431701772525237,0.9195713615647028,0.9508434713322296,0.9374635215023025,0.955825716071539,0.937848593201624,0.9294471371589884,0.8475624624644014,0.8911559660449507,0.8874061908177345,0.9116657064819258,0.9354906596655854,0.9334688426320517,0.8612066849552603,0.9395100664378474,0.9141128491901402
203923,0.9163669760441904,0.9619130108658605,0.9193898945615502,0.9607525674151843,0.930960747891617,0.9386724559493338,0.883098822346153,0.9432251919499097,0.9397607123820342,0.9073373063670075,0.9315716057090152,0.9283669436630638,0.9484796648679513,0.9263041321195202,0.8454034698254036,0.9454646100912678,0.9605696625860127,0.9589907477916947,0.9625034540363367,0.9086167357287036,0.939809202230542,0.9292131089081034,0.9331360908235253,0.9601446022838541,0.9511121326518068,0.9604521659600118,0.920068606640252,0.9325192852404407,0.8367211481163593,0.9325155149146113,0.8773561338021998,0.9417275655740345,0.9562212653596432,0.9429233075420714,0.8668659280403727,0.9413474370714331,0.9140104549747076
204016,0.8903478390648248,0.9657978236815917,0.9027940823054394,0.9537519682509914,0.9010470777229989,0.9115755771053504,0.9268561123887267,0.9445911110717303,0.9381133269981408,0.932350731405567,0.9361105813347591,0.9429752173934275,0.9350022725379774,0.9470525363295614,0.8905835371981742,0.9343859022951834,0.9471442602036841,0.9534423996018392,0.9630359679686066,0.9341512763030904,0.9371786588070521,0.9618075158091853,0.9330121060778634,0.9478311091202596,0.9530128941901942,0.9622394668353312,0.9324214339555897,0.9387302384714411,0.8793546262505957,0.92792139059002,0.9020394024246371,0.9461766656757862,0.935720340008081,0.9493931270454531,0.847093326018339,0.9477779891595559,0.9275957869114538
204218,0.8993809103096796,0.9589484774714904,0.9176589857152672,0.944239026657251,0.9317472457959572,0.919192797208794,0.9043331051226818,0.9317978340417353,0.9252426324914271,0.913154319531062,0.9116214026871217,0.9427252425344648,0.9416720922853137,0.9319636358711425,0.8737003091683291,0.9286239318515174,0.9297172775283913,0.9373412613443389,0.9615487733828918,0.903948988820095,0.9247869431378433,0.942435439161756,0.9195277791081826,0.9264508971310143,0.9379991107665241,0.960500474070446,0.9221010819534833,0.9218215001929517,0.8672797091676024,0.9283263930465891,0.877012569228788,0.9230666617010226,0.9388437055898133,0.9399694906024043,0.8710696208982285,0.9267526475912944,0.918670053552214
204319,0.9090720663130862,0.9527438730772132,0.9181696242876346,0.9542384083451093,0.9110347593363526,0.9239871321916693,0.9109658165498702,0.9365792259132267,0.9304332837085053,0.9246166203762252,0.921605102378165,0.9489829735478291,0.9434686065085066,0.9421200589617222,0.9089316458511866,0.9333917374811781,0.9474032659444579,0.9491662100326734,0.9600166376422369,0.9244958285870619,0.9312992024572162,0.9551107931081527,0.919544554547525,0.953116030399487,0.9497259032026739,0.9577568911504614,0.9329419524396317,0.9241484410667185,0.8642040116974229,0.9279529266480917,0.8849929863851703,0.9464433709587629,0.9412518554562938,0.9235922732420428,0.8579870441058891,0.9183524086157747,0.9214203579754088
204420,0.8932633852808148,0.9550543899310284,0.9132851232771625,0.9387981168989018,0.9119182984496972,0.9230617735020491,0.9042026020756853,0.9416921673732889,0.9416544677781311,0.913146335960632,0.9274476729612031,0.9245190605520139,0.9276640333027661,0.9368865348431351,0.8809654791759802,0.9299886640646022,0.9378752466542561,0.9362102950820205,0.9518205409749961,0.9105498873027666,0.941243920295181,0.9460672786343749,0.9214780007797686,0.9483432178122652,0.9422604111077897,0.9559603293765602,0.9171630391115891,0.927691252870494,0.8844879265422478,0.9404305509659103,0.8734220431825521,0.9395750618980258,0.9541727825034138,0.9258721250062502,0.8241132418885959,0.9370397806213585,0.9062683168939843
204521,0.8612928010011547,0.9565220441787898,0.9095769648063683,0.9543379302890891,0.8982033373425543,0.9428974654020136,0.9051823017690714,0.9487453379596487,0.9489700136260046,0.8978232079324208,0.9151204038100756,0.9259076544379098,0.9370095642353198,0.9371399086333639,0.8717793978444385,0.9448026801916958,0.9353020923795389,0.9534090027763393,0.9573706715815398,0.9091659789273332,0.9481021531286248,0.9412586171232155,0.9341828539750424,0.9490237280751945,0.9485362943693708,0.9596129378966987,0.9184100483013383,0.9326291185047115,0.8340498082813702,0.9375883061692564,0.9052631553945596,0.9348473086375166,0.942773808238942,0.9420276233119733,0.8535739084907414,0.9225511067734846,0.9332772129827983
204622,0.926015483567239,0.970427845948709,0.9061690240090157,0.9504375607332235,0.9456723941336247,0.9443453008257396,0.9299466938923754,0.9411027000526214,0.9476682755322235,0.9436353997307438,0.9428790236229115,0.9323839967004969,0.9475192322874355,0.9491868124685476,0.9078179769935952,0.9489331923141515,0.9466061975740606,0.9470621881202559,0.968564188131031,0.9477510407780212,0.9470368088689842,0.9654088742687563,0.9346555259722696,0.9460128488445647,0.9518608235601685,0.9665250906604758,0.9459910976830791,0.9334606916313102,0.8767616493175229,0.9468057864373258,0.8882857797685094,0.9299943195387431,0.9322653391668412,0.9419171199136798,0.8994860523234983,0.9376870163422087,0.9153198936947938
205119,0.9159659645479203,0.9469961998257447,0.8992113903983816,0.9452278182067785,0.9295553038389025,0.9302719519006177,0.9046231821104714,0.9412764914118087,0.9223597161765003,0.9300944095580945,0.9253524620627408,0.9416212562418441,0.9451551504214899,0.9293849115995946,0.879595536083416,0.9307566676237877,0.9289167291335083,0.9446138413765041,0.9622260792459709,0.9411852425458088,0.9221497233070377,0.9527505634109558,0.92001857731722,0.9359585954698822,0.9487559813600258,0.958606497417457,0.9401186561254035,0.9102617068659387,0.8451540912640946,0.945256609655606,0.877073850112633,0.9317081842434031,0.9481432461990685,0.9544343050263531,0.8776646710739865,0.9056887769384991,0.9212748253520328
205220,0.8977948720288714,0.9529112684413878,0.892712732792879,0.9335818753834251,0.9082034548285494,0.891528397685563,0.9033811376859254,0.9363171604683433,0.9359356595348409,0.8748803740528565,0.8893529640002328,0.8872497262197904,0.91738449357528,0.9237260473215754,0.8824510416178879,0.9117630141737876,0.9406214458560559,0.9341603899200839,0.9605359613874704,0.8690664652995481,0.9364342824398807,0.9369044243948382,0.9117910625052686,0.9480394667370765,0.9351794870737776,0.9562565681018445,0.872606062022233,0.9350113940907289,0.8515065916241689,0.9100518068392881,0.9039071367926336,0.9306174503416815,0.9368334510820087,0.9332246540268562,0.8338807506343946,0.9366385080362709,0.9308997996197665
205725,0.9128346059067377,0.9611030905926784,0.9077492060437851,0.9461659264243547,0.923288095315501,0.9370069181473449,0.9258636603225661,0.9510739422917718,0.9526351584619368,0.9250002653792898,0.9229374326566326,0.9420077772723405,0.9505487389883192,0.9337907357606752,0.9059376180236934,0.9428589253976729,0.9465736543218061,0.943273578754646,0.9590581296552496,0.9326378099928464,0.9511345807845217,0.9551398340768786,0.9244569333034053,0.9468060840649555,0.9468188544202234,0.957945304069612,0.9374830003774972,0.9458400656396665,0.8519834661585352,0.9466218374958042,0.9133914061392872,0.9345888928228528,0.9299986822971374,0.934555749294625,0.8431388412304957,0.9078800564924927,0.922796520849576
205826,0.9160497076037043,0.9620677094059988,0.9104591513732206,0.9451783351388058,0.9356903747462435,0.9330779591927781,0.8917655904084962,0.9231675200472887,0.9388101636363962,0.932543362530624,0.944763014704601,0.945918917100035,0.946350593419818,0.9415277799910116,0.8642342732201405,0.938415869851227,0.9406830728736615,0.9440599200737418,0.9516166217693983,0.9423704867641703,0.9328644601162474,0.9431634684836538,0.9244128712906308,0.936162406711749,0.9420300365527849,0.9538362550793067,0.944440264781861,0.916249608632793,0.8176652975839018,0.8895145390739435,0.8976923232279431,0.937672987892429,0.9418854335621271,0.9342787660345775,0.8544083840444328,0.8490805804582767,0.9150769982646146
206727,0.8656260246511239,0.9480145983110516,0.914338472651989,0.9531498227367206,0.9038902802927979,0.8767236775336344,0.9186502886508304,0.9469762120817196,0.947431471708749,0.8994413513085608,0.9216404022924264,0.9112177379861003,0.9475573318017235,0.9279599216565959,0.9164836629478829,0.923589721861961,0.9437406859124426,0.9616518014524185,0.9691611346207881,0.9071471461943734,0.9448511464634307,0.9546444136406866,0.9098744440327659,0.9450697343600515,0.9573949146564273,0.9695808875335934,0.9259761983381872,0.9445287762016965,0.9114748128223709,0.9412547638652099,0.9034172232458376,0.9513097901676275,0.9512756965285393,0.9311638734192242,0.8492000367870232,0.932875841274758,0.9243851451676809
206828,0.90083877348775,0.9620913569520634,0.9288737305932423,0.9462292972837932,0.9248318446632404,0.9281088099708957,0.9243331950479727,0.9522228543959351,0.9401512255011418,0.9376302750336669,0.9259615928629745,0.932686206481615,0.949532444618768,0.9372358086121576,0.8837074721602096,0.9319915794213357,0.9512602529195169,0.9422180431181498,0.9654808657720041,0.937152490673064,0.9436629857150632,0.9491762213984086,0.9214048168956126,0.9520311695051483,0.9520864158869852,0.967754970478645,0.9363218784295371,0.9454880604114668,0.8841313460507444,0.9393558438790873,0.9238307373992539,0.9329726250711489,0.940432167630205,0.9450538838734486,0.8827769868284567,0.9525779050445659,0.9180523540985842
206929,0.9131652536128417,0.9569209878453016,0.9017863593660793,0.9542069726491572,0.9403953677428208,0.907678367222416,0.9121582275881209,0.951778479131799,0.9425845384040283,0.9279365750258771,0.936713503525512,0.9410197882723367,0.9459711338769032,0.9304551621634124,0.8757073468228627,0.9141192029981442,0.9375288590096744,0.9475997443265887,0.9518100597986194,0.9226363427733708,0.9450663679148338,0.9550940604459299,0.8981983152321784,0.9362316118692535,0.9447713670317812,0.9495612084640224,0.9242075437427484,0.9246962612767486,0.8726108061490234,0.9226944453929431,0.8749638152204448,0.9355233623184974,0.9380689400816989,0.9315399963612253,0.8643445542414542,0.922953393354259,0.9212101556444817
207123,0.858282952261905,0.9576727955050209,0.9086847204875277,0.9543911793651083,0.9162817618543658,0.9252144684711674,0.8924615536830339,0.9357210911610804,0.931653748346288,0.9161331910672631,0.9183334444900183,0.9342390228461462,0.936355669194684,0.9324272465370466,0.8819412113195181,0.9371543862978143,0.9367646708211378,0.9525618168135276,0.9620715190159229,0.9148442720181613,0.9322190434248517,0.9161090001967678,0.9259770575231125,0.9364132511222495,0.9472289308154584,0.9579895391348856,0.9241434987809826,0.9212898971857604,0.8757178863625203,0.914878043618221,0.9123921357041606,0.940869386726973,0.9441034726245308,0.9315077600992174,0.8615780268081737,0.8952643789075923,0.9437472132657398
207426,0.8945609145930875,0.9605050214276151,0.8990202307123693,0.9425923181974315,0.9237586199551379,0.9254263515728977,0.9173038918206846,0.923101744979155,0.9486414066217029,0.9169816786662219,0.9259863097605049,0.9502987138513913,0.9562962615895898,0.9194325723753727,0.8532514358509466,0.933823015172636,0.9343454644702772,0.9369205156436851,0.9637332971940463,0.9077021808624715,0.949393593508953,0.9236723128752691,0.932136406647682,0.934901623282667,0.939111751188418,0.963180252529108,0.9220310086247043,0.9428837888936726,0.8681837033488456,0.8965988575572296,0.9236018283340696,0.9250063101642327,0.9351536859915163,0.9434061518749592,0.8590669348719976,0.9283856164388288,0.9462952209374725
208024,0.8996855415908097,0.9613685355608503,0.9244203879922711,0.9461525724230871,0.9155175186706386,0.9429806598081854,0.9122382407557565,0.9352738188247526,0.9413385617239016,0.9060078009497846,0.9246173084010268,0.9358254300049677,0.939631828460772,0.9371555859633768,0.8764210318417031,0.944408381611151,0.9475032416415538,0.9475824943944495,0.9642521042978709,0.9222634447332635,0.9402997737038206,0.9468370246022438,0.935913810958312,0.9499495418076003,0.9550669349499793,0.9599084365468448,0.9251332063946676,0.930320872293912,0.8802064737601699,0.9423494689258773,0.9173894728043404,0.944273889322351,0.9475612684940026,0.936150369233885,0.8538175234088353,0.9195217266100035,0.9251911124203375
208125,0.9059616682173164,0.9622716939499489,0.9222752760582968,0.9419174880239614,0.9343427385808878,0.9087033889609121,0.9070449419265163,0.9298602220562546,0.9450188143965572,0.9229968565399809,0.9225070309074314,0.9215184253017977,0.9449796091152405,0.9228814772050822,0.9078615491677753,0.9177860483031421,0.9309308933923659,0.9369811330348916,0.9558644445828832,0.9340841435948156,0.9448371490240206,0.9515887184281171,0.911589124727226,0.9360741685065668,0.9424017798062269,0.9574742520997696,0.9329048096175502,0.9302651461889058,0.8495779446119789,0.9285950476428643,0.9071559023546739,0.920227307555511,0.9419296352456065,0.9339129042732679,0.8686788676297164,0.9117214655219599,0.9184263743619101
208226,0.9017906512876781,0.9538672591709625,0.8992097901869428,0.9379339447865969,0.931854292111911,0.9201774940729254,0.9078654899747448,0.9485697589204193,0.9351295618759469,0.919131239903677,0.9418830976227142,0.9490586919973178,0.9444300878506319,0.9374550298840407,0.8662377457818261,0.9230115380861356,0.9489074071254288,0.9344848960816372,0.9637759940815093,0.9322067567136918,0.9355870719744178,0.9397380437450169,0.9162787845602619,0.9540965640091433,0.9449010763333483,0.9608572430628979,0.9365582346316438,0.9281043079545894,0.8550623234825535,0.8949624515883826,0.9165595238979865,0.9423062312288115,0.9185672153935687,0.9328935344761992,0.8506467628139668,0.9418647027391422,0.9218986491114539
208327,0.9275501265973596,0.9633978003325466,0.9013407434593774,0.9579666808150935,0.9514902881020876,0.9314733018843959,0.9179079637072557,0.9456069366985489,0.937211104855012,0.9233963138123117,0.925893695550462,0.9305279077951635,0.9397675800308287,0.9316230813360901,0.8786616868866565,0.9427264676058142,0.9333338673896238,0.9530023715349989,0.9579031500862443,0.9263848009840522,0.9350285472103456,0.9595352296940617,0.9301313955641317,0.9417607834724888,0.9572732426352216,0.9596319577861293,0.9322104391227302,0.9299480773653046,0.8506903756710589,0.9442397577812736,0.9222088500260665,0.928816417323929,0.9392948469232956,0.9319448456474826,0.9049489909974585,0.9164461710006955,0.9298311927410391
208630,0.8135155819130465,0.9317551924586285,0.8408012670039201,0.8928109760565016,0.8492018791767777,0.8598722563227761,0.8534690909324225,0.8896509730788561,0.8988570370094989,0.8707217146033425,0.8869813243144404,0.8906146888702755,0.8835868645143093,0.8713475500736864,0.860818540892624,0.8854339251860948,0.8940558093733962,0.9029595624002187,0.9269522086361818,0.8623114046944016,0.8987223983492094,0.9007514457837181,0.8750883595770448,0.9028476579857223,0.9033974313882805,0.923706580986783,0.8751929394799344,0.9003312083332937,0.7527032232720969,0.8945861986720627,0.8495123555989312,0.8607809865281406,0.8934758571289892,0.8831271434730088,0.7459887003542839,0.8898398582384518,0.9512804893169579
209127,0.8048209937830154,0.9230710879838211,0.8174323663538757,0.905957416927365,0.8278507269408474,0.858624931225306,0.858752676355385,0.8818582959154329,0.8630348816067542,0.8218006488919789,0.8546453654997477,0.8840838265704267,0.8672744191178676,0.8589283101477091,0.8208843001352594,0.8795158658496837,0.9092706292001576,0.9139650505228418,0.9131119006524545,0.8181064609119126,0.8666439323168532,0.9105981014929894,0.8788354671410235,0.9133270016778011,0.9138418788004347,0.9072431653669517,0.8276599679832977,0.8620132654420563,0.6694603395012821,0.8705485242935821,0.8077041224174599,0.8975866783733871,0.910020289537185,0.88669507603557,0.735413982438578,0.8652481980373234,0.9470643002772862
209228,0.9076975038681652,0.9615136362299064,0.9143242079209299,0.9575848512760289,0.9299668351591253,0.9090964420372483,0.9191218775855505,0.9481451444938699,0.9325816760351122,0.9326274926938729,0.9246027774188386,0.9188964472963785,0.944739334619295,0.927029048754497,0.8762066197187104,0.9233901559586356,0.9478073156789881,0.9610700584817831,0.9630123756099234,0.9335652913074827,0.9315209416443356,0.9486759081511225,0.9155546063747666,0.9475110631269263,0.9558134281955681,0.9656054450075402,0.9342481516900542,0.93160919345952,0.8041294666941601,0.9371600776927389,0.912064378043539,0.9325888171974237,0.9440628291300684,0.9461492870134923,0.8544419198177948,0.9403411434538421,0.9170109326276935
209329,0.9177383691632408,0.938512290253675,0.8902737399082946,0.9377010886985617,0.9299640615870908,0.9187938421713747,0.8948817646249398,0.9333597773256068,0.9377056460342795,0.9251475713339131,0.9223599932570349,0.92881872281,0.9474077011090872,0.9436664823592228,0.8654981787780288,0.9071002849822833,0.9160623655522876,0.9320279027570002,0.966154505936544,0.9379552862598516,0.9345479757733022,0.9372008625468303,0.9000660333427764,0.9334817898071577,0.9416372146098301,0.9654590742732652,0.9359225688701275,0.9196311970525902,0.8356426477130323,0.9072116655403462,0.8868958631342012,0.9204538280196917,0.9312894293181861,0.9379852286449695,0.8584236739406715,0.9029272346544552,0.9089435212380338
209935,0.9050212404240504,0.9537069739608887,0.9156350302092422,0.9582233373473467,0.930518588022247,0.9183232176952316,0.9051858724983098,0.9482576647577943,0.9514029455326642,0.9339949683649708,0.9319248963598712,0.9281567280305107,0.9353535676960819,0.9486724391254515,0.8547965780232489,0.9298062651597474,0.918880454831773,0.9520740066082275,0.9677057763532926,0.9361642546365796,0.9508775545575752,0.9240274594205878,0.9255141155369636,0.9354373026659533,0.9542350761067292,0.963963980719002,0.9327343121014215,0.9370472636772484,0.8790184058587669,0.915685879342458,0.8980819053200976,0.9355694222882975,0.9509773418940753,0.9474743668566766,0.8658023010216701,0.9205054643876531,0.9132864546159803
210011,0.9188615867318853,0.9451410068052554,0.9155217096601499,0.9569539943675752,0.9234489256316397,0.9080421552381247,0.9098235501429242,0.9517913371826795,0.9476244307702506,0.9247317341679289,0.913056552697097,0.9379661541754326,0.9458206758987923,0.9382504621836366,0.8960271926111409,0.9165028612759551,0.9364738257251127,0.94814652374671,0.9597091164907522,0.9247147674923843,0.9467589087539658,0.9150377346664662,0.9105956863441773,0.9417995682118524,0.9463006264281448,0.9601229187182059,0.9291277900942765,0.9384137541527665,0.8746444491331463,0.9120241081570024,0.8919125183533435,0.9312594347559295,0.9498074469724876,0.9452306602288151,0.8501884055270942,0.9299375275186129,0.9222795958952763
210112,0.9315742526871362,0.9569826113483163,0.9066170198623121,0.9545497757296152,0.9424636501685535,0.9488814398881604,0.9188587345403099,0.9395586978882539,0.9492737660662626,0.906220313960709,0.9199538214948132,0.9257221292246887,0.9268708619743373,0.9376970086312946,0.8840346818058736,0.9393488526175758,0.9325718717316442,0.9539502700438076,0.9641236792636747,0.9201192385373127,0.9468926132431482,0.940743763196597,0.9355604909245349,0.943468653735559,0.9505431064019079,0.9567787073384066,0.920285573127958,0.9383120084215422,0.8409303655784144,0.9143683833486821,0.9009569785800167,0.9457647689594573,0.9526143764476941,0.9437530338222921,0.8767594804813253,0.923871484460534,0.9253606290530136
210415,0.9108446632742615,0.9564120546562304,0.8634755547997419,0.9379969678782342,0.908578269808617,0.9269697274294483,0.9052667053487922,0.9450566696301452,0.9238073246866092,0.9014520966919727,0.9283369837694472,0.9303731633530592,0.9039672092351305,0.9357382996718122,0.8908001161547033,0.9339611388403151,0.9425818851283438,0.9396594612376683,0.9294177431614657,0.8753058116917708,0.9241332969458994,0.9357017274976221,0.9283233035933814,0.9461587040971676,0.9422775650122367,0.9246716345050155,0.8873722949526524,0.9267573890982655,0.8745929921836261,0.9103672115793782,0.8558493460853375,0.9327558371989354,0.9514210199370488,0.9214907200689967,0.8505371302509553,0.9268535245600152,0.910385847925972
210617,0.9265076729455572,0.9591736018464512,0.9271911201702937,0.9474583719401514,0.9368555757984304,0.9302637447418005,0.9117662359753704,0.9384257738506837,0.9332351791394661,0.9207120144185137,0.9408623518854609,0.9329527431864443,0.9402819296568884,0.9353879575505846,0.8958614075000874,0.9357815365659087,0.9265723673238195,0.9414755987598376,0.9603384987128473,0.9246727646991094,0.9347132456073678,0.9427380991073613,0.9180252875892242,0.9348578271622233,0.9492325380899728,0.9617502699234118,0.9275068078508468,0.932127117509273,0.8230370981289101,0.9283854995578534,0.8527156094152232,0.9286181490755722,0.9403671109801918,0.9288998452790048,0.8766445683444668,0.9335054724776011,0.9073559712362022
211114,0.909721189196568,0.9582623506091918,0.9286092565597664,0.960340956486742,0.9353115569483016,0.9300147630334871,0.9240023132445552,0.9448103414600806,0.9534455322750955,0.9329344759372262,0.9422371364483008,0.9306906156748992,0.9450487850582681,0.9325031811025551,0.8846363844811326,0.9389630672754004,0.9542975132072746,0.9560856063918742,0.9652118061732887,0.9245591283260005,0.9532197866729457,0.9554641194433899,0.933813874536049,0.9544565102518585,0.9560871080491719,0.9619814385473932,0.9299575562401461,0.9490246470014516,0.8706896353098221,0.9331022918162326,0.9005747697011992,0.9459065211675616,0.942138352585825,0.9411271604692353,0.8802846869470997,0.9218761431698821,0.9300429090842933
211215,0.9141757597259601,0.9671871314166932,0.9225718216321963,0.9593414667950412,0.9238068431316718,0.9282492097633889,0.9185282065526903,0.9459626628279676,0.9480490982227406,0.9199324924688866,0.9211862660146267,0.9092565314036086,0.9411613827453704,0.9397138584295965,0.8861705812191583,0.944835337102609,0.9592896655861074,0.9544874737801369,0.9660755478100392,0.9130295189088438,0.9487445079472552,0.9369107261719366,0.9359930767052096,0.9588344392167111,0.9470562330045409,0.9640484442484619,0.9269310370221842,0.9404138737835142,0.8792577250498622,0.9500947221813806,0.9055543731837378,0.9428265174484368,0.9372183294883195,0.9466642413791669,0.8853466711574206,0.9480765946734615,0.9279549357254773
211316,0.9183224536481017,0.9489974990107691,0.8905483700956557,0.9514530659736258,0.9334137342798403,0.9184008427308787,0.9170139161762958,0.9536473915583996,0.9509143194863254,0.918565040035684,0.9327073314519876,0.9310088174266559,0.9527513872687072,0.9206467474577085,0.8758436242735349,0.9210979301327695,0.9402574062892561,0.9486905592749398,0.9551324208382281,0.929136163963242,0.9533458944907259,0.9287755110526972,0.9198663507672282,0.9430995663590758,0.94644756155897,0.9543351977887093,0.9312456412481249,0.9493487478975139,0.8831190981678618,0.9102473425650619,0.9123496878602081,0.9216284351903442,0.9492370190427006,0.9323586959193484,0.8714853993871359,0.9456061993776612,0.9282690682811396
211417,0.8801578408708196,0.9592376663082137,0.9101210494862854,0.9362925447119171,0.9179132255720608,0.9384368092155718,0.9224514989607495,0.9473314740989768,0.9404178857440599,0.8859669869060092,0.9357359759324335,0.9384710259755362,0.9553687323840897,0.9446839938784637,0.8904833173632895,0.93944679761691,0.9514441277649368,0.9378799276578949,0.9630457304029122,0.9291109113999553,0.9376138427897952,0.9451564290508245,0.9295470978061299,0.9447326163319808,0.941027002526443,0.9584997445825683,0.9291670293658698,0.9370647241165926,0.8616362421896869,0.9198456268716926,0.9048349280133986,0.9341346670137409,0.9410553355967886,0.9500515736007765,0.8490273730481817,0.9356562138488431,0.9207411502835754
211619,0.8944841987893702,0.950098849751675,0.9307256553209621,0.9417232468760789,0.9348543758994485,0.9286147901515017,0.923567615262572,0.9465614775064521,0.9492029655774451,0.9069996111246441,0.9243570940788065,0.9322008874491482,0.9410365677905163,0.9549986516816681,0.8913729654090389,0.9245825106527525,0.9385806402206804,0.9411608629195312,0.9616192758304065,0.9084208439977255,0.9501087618427785,0.9310875816172324,0.9161542140459918,0.941158289419902,0.9493650430872913,0.963485738947843,0.9211357237085541,0.9464368787992989,0.8914615667422412,0.9415549785863346,0.894831077596688,0.9281031761161536,0.9404876663357935,0.9384938721247365,0.8843296873881922,0.9355032472579101,0.9317594599337795
211720,0.9122370399817287,0.9578985809680074,0.9143718101433183,0.9182652007537448,0.9304205845230957,0.9083112448231195,0.9093474002772618,0.9522235490361408,0.9366427392688301,0.9281836588064435,0.9149903456547707,0.9399933383565681,0.9531454939787395,0.9125814748822529,0.8573193078839495,0.9260343613467633,0.9215467540575362,0.9079944484250648,0.9440315897284518,0.9306382896877304,0.9385190172868108,0.9531324238085164,0.9270835134664589,0.9237807225366504,0.9204150880046309,0.9411060008223125,0.9369160518461803,0.9417678273265022,0.8716271736731548,0.9557023453894717,0.9071939806484494,0.9174505094543923,0.9241676634693163,0.934049433368569,0.8397312204714781,0.9117166988997302,0.9137488125148933
211821,0.924293537243714,0.9446398580626304,0.8730581311953329,0.9473819657718855,0.9255751689043324,0.9183685828117103,0.9082342169287818,0.934208926143379,0.9343491910203494,0.92409865326071,0.9301813237882446,0.9245064935841063,0.9376889946599567,0.9439495173340605,0.8672104651512493,0.9198096260532457,0.9304292697679061,0.9541312465946695,0.9558265875561252,0.9359166069019701,0.9331603527465843,0.9343614803163547,0.9097402121242865,0.9396395325962457,0.9514075623226744,0.9521845927625686,0.9336687562255493,0.9199838104485648,0.8393777488109433,0.9210201942544399,0.8586884462567083,0.9136353477777492,0.9455166128236095,0.9385597995413071,0.8685936716690696,0.9264427002071886,0.9135990299850187
211922,0.9149181273625824,0.9506683584495351,0.9148984928590903,0.9440528754909534,0.9288624205511316,0.910674222834364,0.8976960486877098,0.9475421804428025,0.9340348469935634,0.9349185749698147,0.9182657056498389,0.9219555319916978,0.9421219428234135,0.9196974059486182,0.8451470633506817,0.9069905772657837,0.9155685653761639,0.9414597637348571,0.9628173110294506,0.936173722821231,0.934824914690392,0.9306910474408637,0.9028710222994474,0.9359282876639784,0.9443939941038151,0.9605441649801353,0.9311341657911729,0.9285681824844404,0.8929815823303269,0.9395073588609869,0.8781255423495051,0.9302073058983185,0.9383639847366999,0.9438924616667361,0.8868231719808355,0.9399845392425037,0.923573216864201
212015,0.9315183613043451,0.9625753806559698,0.919499327991865,0.9500875798588294,0.9453707755245384,0.9329464808218862,0.8920869207124714,0.935558577653685,0.9338994982425628,0.9240990321826018,0.9166080219203723,0.9361772336631229,0.9517030064453458,0.9237898759839678,0.8574686081122465,0.9481106168424774,0.9445059214597576,0.943466223326751,0.9635342754573465,0.9313044970049248,0.9335041390786293,0.9442310366411245,0.9452211408129744,0.9507728645190098,0.9455052698890771,0.9605363711169026,0.9313336261965113,0.9124337678242723,0.8142695610899099,0.9440814757841656,0.921552209550154,0.946536362199847,0.9445652505251586,0.9349943920131789,0.8749454084794972,0.9327112326077209,0.9183665367912742
212217,0.8806507142348399,0.9603380957163116,0.911737263775009,0.9532927212652863,0.9208010274169054,0.9476231193968917,0.9025938670771548,0.9334267081241208,0.926718175193842,0.9235196203438726,0.9356729430098832,0.9437955832936571,0.944136666796755,0.9414170994468878,0.8871269888842427,0.9466201875088819,0.9527081327557088,0.9453709501325434,0.9591143178035952,0.9363826434329195,0.9217350058520836,0.9297930144968314,0.9378585454007202,0.9465167458957113,0.9408362208946086,0.9576424163973724,0.9377490295793062,0.9230896027923976,0.8519307759912106,0.9440115456707296,0.9005836178538825,0.9398228179125762,0.9474574664495283,0.9402598184774771,0.8610297503385718,0.8613714752322228,0.9389493773621841
212318,0.9269950690672741,0.9597458213729819,0.9029362388701478,0.9307810890099366,0.9350494153767099,0.9151896899050471,0.8977679762295889,0.9365559339124515,0.9322985293785309,0.9020800093667701,0.9301042803418432,0.9351299178843708,0.9428985085978054,0.9110815942508562,0.9004034509325681,0.9337262144605146,0.9359423795370101,0.9264559385738246,0.9439048731633116,0.9169403474702221,0.932515028886417,0.9465070209054165,0.9247471368289374,0.9408581823179452,0.9419277054974989,0.9519626655693987,0.9247357205706239,0.9220136133504462,0.8698891072314863,0.9201073578481647,0.8730316238167947,0.9373096082256515,0.927643057727229,0.9367590028699255,0.834959822595138,0.9332133311858921,0.9125766320746158
212419,0.9070509004395478,0.9567540119696282,0.9193862422224792,0.9494329282835441,0.9279068597856229,0.9297899752207526,0.9093685083971091,0.9368173738050174,0.9495309240960814,0.9179384802326543,0.9178803119364101,0.9198695600479089,0.9482118200440396,0.9398070226163514,0.8662927124684545,0.9371402702105668,0.9409627334273691,0.948787722855635,0.9614424633596627,0.9077932323560115,0.9512257051571154,0.948056181611569,0.931619421174344,0.9531292396602385,0.9534163396314939,0.95837748769919,0.9172305642808597,0.9280056487161,0.8480833613239922,0.9064223821763592,0.90326810742288,0.9388005936644573,0.9338652764103832,0.9409940954380477,0.8704934515738185,0.9521833325137017,0.9197330260758101
212823,0.905185114142017,0.9652944500199822,0.9128707130029237,0.9566658297960309,0.9357345627303089,0.9418588828690115,0.9113621180995483,0.9527082177718075,0.9427082300379197,0.9215090126975846,0.9312875493736226,0.9311981202425008,0.9423775911873356,0.9265328989346747,0.8737116710532712,0.9368954461855923,0.9348971078649017,0.9542138522412965,0.9585783008719984,0.9197060897315863,0.9431675440759695,0.9212149435716406,0.9192857100256983,0.9360171855043975,0.9588783822873408,0.9652746128114895,0.9338621211121142,0.9373302432032896,0.8884970180041457,0.9169262212095034,0.8994034554336536,0.9333704603532393,0.935955143252582,0.9326709658560227,0.8908916148234511,0.9434666770794139,0.919651664471806
213017,0.9003564655442925,0.9568018717822185,0.8824587594475591,0.932235806572,0.9271445791929199,0.9105750295882454,0.9097119559928606,0.9444262089566196,0.9332573063349363,0.911583794429665,0.9148433137583446,0.9299394183575519,0.9411960731164637,0.9483069875381721,0.8658703433132034,0.9262887270001009,0.9295231179866567,0.9386618318809224,0.9613671121333976,0.9106710762988683,0.9322209507301312,0.9308862726692585,0.9214920357495298,0.9425679896929453,0.9472700422235066,0.956812875458966,0.920169537898724,0.9266251429602685,0.8707828652939543,0.9004024756944121,0.8598678478603375,0.929726786693884,0.9455222297770509,0.9371961970551967,0.8252791202917578,0.9389596091510174,0.9104086338042023
213421,0.8825715451344682,0.9561993153161314,0.9276696700961842,0.9468223971858551,0.9168069491751164,0.9228220060049847,0.9236450238185443,0.9385642027696846,0.955585583786487,0.9184486641992794,0.9324977751159539,0.9132029893753882,0.940689156477586,0.9489066372364664,0.8640925747754661,0.9326237443178373,0.948212298123972,0.9408821563185008,0.9576572440419355,0.9156868307708477,0.9559023558516025,0.9415082033405346,0.9235112926337229,0.9543564355362917,0.9506334974178708,0.9606129892617584,0.9245706060297947,0.9361997974824179,0.8435063021066387,0.9419898757258922,0.8816326609927657,0.943503338577449,0.9401102545000833,0.9309497034650526,0.8901658331104394,0.9374763891977227,0.9286981227468657
213522,0.9244256718985749,0.9603941257226456,0.9009144422198133,0.9326115689647563,0.953097395499513,0.9287096192686835,0.9138760966840261,0.9443711125126607,0.9405269128500112,0.9388698354130404,0.9351482645599353,0.9405496175192982,0.9423449832553717,0.9440593537323623,0.8974999465467328,0.9215312621284141,0.9529089448309768,0.9248283245819507,0.9523356356056746,0.9507763645396197,0.9417275377132369,0.9346008757085007,0.9221489198532646,0.957189121930994,0.9374905461327124,0.9585986187909712,0.9498213925204203,0.9382882468602814,0.895868115779565,0.9031372526304152,0.9183184461244209,0.9366615718606114,0.9119988486555962,0.9160661700659135,0.8629562818079258,0.9269775995960268,0.9249895356165078
214019,0.9093173059962487,0.9561650697525709,0.9130772529228117,0.950737602495669,0.9252429400966167,0.928600251943991,0.9049016848813792,0.9482937036995726,0.9496960884982084,0.9214065331088637,0.9278748180876379,0.9454498471792896,0.9454536038034389,0.9466497114001916,0.8772505793809465,0.9283692716225028,0.9484806669467075,0.9576591553259922,0.9577375165841719,0.9342296307069491,0.9466333949080639,0.9343102871472851,0.9145912720919699,0.9453077629477359,0.9563028612176233,0.9623292479917949,0.9341719886777501,0.9393341502885981,0.8979414693784182,0.9410252329584242,0.8753189244219675,0.934135462294652,0.9507015563366318,0.942867975943789,0.8337637297422703,0.9187201217459929,0.9010801025481606
214221,0.8839289750721412,0.9607246657143059,0.9176748463214749,0.9448749533225652,0.9285437883148779,0.9315857933502291,0.8973632495052495,0.9377349033037363,0.9283394838299851,0.9040677794641097,0.921222103371595,0.931755283189964,0.9374560010905411,0.9346807135998408,0.8665126547620031,0.9461043049859114,0.9411844299138615,0.9399765977007913,0.9530137450321268,0.927967647241756,0.9297141106554441,0.9381792409375678,0.9375374556442264,0.9320961885742598,0.9431840896833853,0.9558673296054095,0.9269258752633166,0.9257736619682956,0.8600386672313071,0.9560971696180902,0.8823206700068161,0.9493722319230539,0.9506332214584254,0.9452507202854793,0.8513030600613856,0.9267764005336331,0.9226252563486702
214423,0.8428667369872656,0.9527357273275353,0.9207087783690864,0.9487715049753144,0.9087020366953661,0.9250645117227314,0.8958113157648618,0.9206135881431119,0.9429926069669623,0.9317068709094439,0.9312339488560578,0.9224050397617441,0.9507663450043564,0.9071374473342795,0.8463649858177719,0.9344981714010732,0.9502558820542738,0.937894347478998,0.9503712989594553,0.9263018757930086,0.9417081260525386,0.9230086549389189,0.9267738309587971,0.9481023891903825,0.9423332104884992,0.9534532114467636,0.9280866740888025,0.9268454295499194,0.8213171318460913,0.9517954350265467,0.9007315869453785,0.9480285949670011,0.9432800476668733,0.9297370099361303,0.8451042895247611,0.916508061197101,0.9217574733400036
214524,0.9122240470764573,0.9624122880284821,0.8960276885386385,0.9460346324671677,0.9471857347812561,0.9276550652433996,0.9241384230955898,0.9501723312917112,0.9453913584751548,0.9402499286289224,0.9315331521987722,0.9353851223574067,0.9529530164886016,0.944079799915615,0.8715325390955047,0.9316269970249639,0.9444708753160129,0.944355257730522,0.9589648370142684,0.9385192051333903,0.9445785028501102,0.959633747664062,0.9262138885761185,0.9388486127462056,0.9393669003816603,0.963168307505977,0.9441858711199606,0.9377731807284728,0.8679382609348778,0.9334212839550056,0.8790916369985657,0.9433622330316423,0.9309112121954884,0.9311722927707968,0.8749265425091334,0.9365361532988365,0.9208175587454701
214625,0.9021247294871386,0.9603936878470954,0.931682623471642,0.9533673730405829,0.918385425187764,0.9432049835177868,0.917236005789796,0.9421409645455736,0.9474408813894144,0.9171376912705673,0.9272493090664335,0.9282185783421593,0.9382088830849867,0.937581948920441,0.9060120433202342,0.938678244862733,0.9453433662920713,0.9454547479347772,0.9619563781357923,0.9140498264724517,0.9447783280250394,0.9539905380742217,0.936607475255945,0.9427439921326137,0.9493783222563814,0.9586895315112484,0.9259395166703466,0.9380728040869082,0.8776620632035141,0.9493602507038761,0.9257583468185064,0.9330571331627814,0.9439391862185897,0.950543696031064,0.8386387645248486,0.943616784742541,0.9165103416840433
214726,0.9168472644274667,0.9517203579624601,0.9163449495920035,0.9502810418522745,0.9251043598687279,0.8981365441519353,0.9274517417797322,0.9430404392064857,0.958354277404051,0.9252069262693118,0.9220243435332428,0.9164482167020238,0.9490160797717822,0.9640456923090843,0.8819147544590806,0.900346640356539,0.925830010167606,0.9460986002867147,0.9733026104806131,0.922303617887615,0.9580612568210473,0.9360750467368206,0.8973157758057311,0.9282469544074586,0.9531678528018598,0.9703000810032688,0.9396966972649105,0.9441201450855814,0.8771766084443474,0.9152272773449521,0.8663829589360191,0.9194277423700219,0.9459369446983228,0.940904382058829,0.8827506188042037,0.9285424513011303,0.914872741033419
217126,0.9225641290747323,0.9594281008760083,0.9377658836289001,0.9613113834332281,0.9390849602762399,0.9024073357823901,0.9074380883185486,0.9435130227329058,0.9524465599805616,0.9295731157546231,0.9211024606720635,0.9355586038707504,0.9451018015058574,0.9342805985057228,0.8624596880391601,0.9211055056376373,0.9155087256288512,0.9521487913437525,0.9709030356848242,0.9290538442018328,0.9541577109173228,0.924614882077346,0.9221134634975399,0.9379082345583228,0.9525269894585366,0.9683878092075598,0.930483543356959,0.9458477624419129,0.814215380056691,0.9167449948919412,0.8959928412487322,0.9160660223116911,0.9328155104971796,0.9506263698003208,0.8945541275824825,0.948430666855939,0.9248918103961182
217429,0.9093909501894459,0.9602877523041262,0.9215298081559627,0.9563338722644731,0.9315944930040583,0.9317909046337712,0.9172825573816136,0.944154205818028,0.9518535625664463,0.9421022734428521,0.9421456850946889,0.9407693150142081,0.951864106716581,0.9320652999705237,0.900810910015082,0.9390375861774704,0.9549665483922902,0.9456543083855286,0.9619775508818611,0.9402754618533775,0.9543515638672743,0.9383678281820002,0.9335035878380771,0.9541508135151116,0.9500664446468797,0.96099985929877,0.9375477029889372,0.9288467316656454,0.87461129032525,0.9067893624872402,0.9209347323718627,0.949274880876452,0.9396364826501615,0.9378857598476592,0.8812216899904739,0.9338678129197994,0.9165047096796447
219231,0.883655023871197,0.964168719685883,0.9370783323766574,0.9538503303840867,0.9201704617686113,0.9240505898356632,0.911511217629613,0.9267381695961159,0.9453438530436347,0.9211311997283212,0.9203782496568609,0.9139885056498076,0.9529890950622093,0.9404383047897286,0.8745444354270121,0.9374494138165678,0.9464979026891988,0.9454548336925845,0.9630662276447269,0.9099248895690255,0.9470454664674302,0.9363890700235312,0.9249228908572602,0.9476991960615783,0.9448212907961585,0.9620388949308322,0.9202545687424525,0.9305589418221989,0.8442469410618793,0.9423513359433762,0.8958039694427764,0.9357012039892457,0.946825843774816,0.9535091483074474,0.8550603235707178,0.9105326320021117,0.9151238168314985
220721,0.9311395172100039,0.9472913592002351,0.8978217086570899,0.9536413197823289,0.9453380922634488,0.9201869917323238,0.9008480171414628,0.9409604945313759,0.9388460817311145,0.9118828480234165,0.9058895840748868,0.9336255227615353,0.9476638349451635,0.9426495381420001,0.8586528297060781,0.9049680177646542,0.9581738183343304,0.9512190356783805,0.9569586106083705,0.9145518845580844,0.9376587242657608,0.936571729899763,0.908070555304704,0.9565322625358745,0.9460671981870651,0.9560138223826171,0.9279811094378784,0.9270497397187144,0.8660054076700628,0.8913188615272664,0.9020624582112803,0.9527511958698581,0.9471982718393565,0.9225279070886939,0.865190941685363,0.9229055669001587,0.9162134363432848
221319,0.8942729563606652,0.9556792518515953,0.8910378833909915,0.9486044181375878,0.9210474064388232,0.925476411682582,0.8923706403155784,0.926089791133603,0.9302568627322797,0.9303701140461561,0.9310981955314603,0.9179221765349533,0.9355775466617975,0.9377041207051372,0.8862097866199353,0.9297289205191621,0.9429289348923013,0.9442838602674619,0.960751772162869,0.9267372658707079,0.9301661392539962,0.9307726298836179,0.9205787954399995,0.9476142157052104,0.9463053217910881,0.9585209945414681,0.930647912277924,0.9212885055798157,0.8532077090188551,0.9089618595154947,0.9205255457611047,0.9372206010744825,0.9534502180270201,0.9434440859565253,0.880342492901455,0.8830658061332916,0.9405115096832842
223929,0.8944970395413001,0.9587656507883717,0.9017706598780834,0.9352091979171835,0.9047277479789694,0.9333110172923696,0.8957395409977954,0.9263876644057284,0.9424103412658857,0.9142916681532514,0.9131319020967045,0.9255430932983051,0.9348594135477725,0.9384577242166909,0.8836814545543618,0.939638714391647,0.941908589192553,0.946910070940862,0.9555070575139811,0.9254684832623713,0.9411049360441135,0.9320708452982733,0.9332657858502164,0.9401309613481483,0.9405839039989805,0.9531723321089945,0.9309224267395769,0.9297393274912281,0.7969237663157245,0.892584214086561,0.8922591621031009,0.9259528554807885,0.933490187613264,0.9329679657322782,0.8678057111130402,0.8970112391234856,0.9492581092422242
224022,0.8869549954882098,0.9559304277283482,0.9275560419368591,0.9510754253451064,0.9039707686340626,0.9162659365592684,0.8906668144021082,0.9187680753884738,0.9372291521396066,0.9068044410169156,0.9073219160236047,0.9051107751294248,0.9282163261187723,0.9351247000128508,0.8550378700990863,0.9317578716444468,0.9184619750577226,0.9452064508263479,0.9578871053015512,0.9083781684073694,0.9363626147828609,0.937291393891763,0.9268938620772751,0.9243809369974063,0.9436400098319766,0.9540996149943258,0.9093523424316466,0.9165957227210366,0.8370230220877058,0.9341968957560952,0.8957836417215699,0.9163334820357157,0.9506725320263594,0.9483343274596161,0.8643441613792028,0.9260135008565866,0.932762351133168
227432,0.9225271410840206,0.9643612069502485,0.914473496335044,0.9487250377251844,0.9341768917664104,0.9129365501223557,0.8976250112325767,0.9478113648443978,0.921403675199184,0.9201108319327033,0.9316938378632468,0.9102766614719783,0.9353575963971659,0.9326090222156466,0.8429682087102838,0.927340720005366,0.9377234005544762,0.9426359547688392,0.9654831648328027,0.9283926330316722,0.9216380339077948,0.9272795282269946,0.9186112245250346,0.9414248682238486,0.9497723740252886,0.9655060619115725,0.934779477583626,0.9232850815127294,0.8195531549460527,0.8882019937447102,0.9145474349153803,0.9315860387224509,0.9348662835712508,0.9377128828120878,0.8594326268354864,0.9464945597790552,0.9290292059768253
227533,0.9032963622825408,0.9684855294494921,0.8911815425444128,0.9535286914466132,0.925427634516344,0.9340305643534565,0.9212836637224814,0.9386446631097075,0.9373058731242908,0.9322014729233074,0.9226567878447626,0.9276870823678369,0.9346011815199815,0.935701439699031,0.8855603862014818,0.944434693123061,0.9457716461582604,0.9427087632361278,0.9604095377505851,0.9204782588801759,0.9404176919904165,0.9497742369050877,0.9414350368797131,0.9457102074023426,0.940033602013904,0.9553548397813431,0.9278723477951611,0.9382926338142359,0.8515959568651515,0.9190951063495698,0.9033800155666429,0.9435469122772491,0.9354082820337245,0.934857885692816,0.8762996464544544,0.9337989102743787,0.918031529849604
228434,0.9096178336476246,0.9597393521619453,0.9279020503617993,0.9455693288154489,0.9275357467545459,0.9195210907913827,0.9171742649900763,0.9196761018009102,0.9510370074542686,0.9001020190296614,0.9100040147203646,0.9339131230755989,0.9432199977283673,0.9328569288407155,0.875436536264044,0.9346739291326325,0.9401429755388054,0.9428088486752022,0.9631464947810486,0.9118896818744955,0.9507046595602722,0.9563438756418827,0.9207065255256296,0.9403567707146566,0.943829838410049,0.9619395566270369,0.924661160119927,0.9412260898896084,0.824437280880899,0.9477593742894089,0.848029252480131,0.9303594983158198,0.9345364598767256,0.9344784731322586,0.8515144524241234,0.8979118914045772,0.9167678311035311
231928,0.8968989728017723,0.9599323414510341,0.9310727213653296,0.9503968642277473,0.9173563533740992,0.922448781622186,0.9293836102888385,0.9461358521900832,0.9501446078443683,0.9238340998143691,0.9317774045257491,0.9362504314042106,0.9453785418060198,0.9324783384926926,0.9170768019291315,0.935220847586463,0.9453996725269443,0.9433467605414652,0.9550409216507342,0.9101776892596153,0.9514326058735472,0.9446015848465944,0.9304068567496389,0.9503282754616587,0.9500098598885388,0.9571382360477644,0.9207517777605846,0.9509311302534807,0.8611077103258057,0.9194443809152536,0.9169258100218765,0.9505718925998663,0.9494153850757183,0.9302682779785163,0.876932865899472,0.9472003206361087,0.9198720657296493
233326,0.9163250781379717,0.9532390440748284,0.9081662410472678,0.9543854939238624,0.9379106902708254,0.9270772149893991,0.9133643857026466,0.9402666751097544,0.9398674575104161,0.9336993569226208,0.9281348868067558,0.9346968020224896,0.9463367817373257,0.9101725203919615,0.875626388564665,0.9270614045102351,0.9342520221247071,0.9473379326423368,0.9604172864051832,0.9268877278293868,0.9409378521428977,0.9386517912384095,0.9268030464752143,0.9399545378296894,0.9489446055739909,0.9606708898269908,0.9318701715456088,0.9238286783617071,0.8668928096350598,0.9387069444951576,0.9044824307211841,0.9415872605095938,0.9423542781557562,0.9304444632355562,0.8714397859261067,0.9381284415350817,0.9236658575752118
237334,0.9085872999897581,0.9636463536182742,0.9020023249689431,0.9315150787704204,0.9327892123251451,0.9094216559661953,0.9250759670319313,0.9352823379688388,0.947254211809587,0.9242215914418548,0.9371359452031237,0.9222707972211884,0.9415043395536085,0.9347581759222426,0.8628085070234441,0.9260354840805334,0.9403825698144226,0.9397611689211653,0.9492053322561614,0.9344792559517017,0.9480058056439932,0.9283406470573117,0.9220049771370166,0.9449982689557909,0.9476628142433244,0.9544974969833528,0.930149715706676,0.9382711254027687,0.8608468379700082,0.896589793033021,0.9186373137388741,0.91823546167417,0.9462983092214002,0.9337768729809618,0.8822248717388438,0.9238931878602826,0.9218363658072165
238033,0.903486199445724,0.9567230827382665,0.9392218533871673,0.945591326617763,0.9158606826662686,0.9396822463840165,0.9020588677374517,0.9373798355107449,0.9434936083189168,0.9071206436566123,0.9090422935651467,0.9334753201282291,0.9499090571242547,0.9326715728048368,0.8585827745557356,0.9399183260019001,0.9352500226505721,0.9356194243130922,0.9464875630874756,0.9080284357131331,0.9413115632312897,0.9370325449772933,0.9293226133322116,0.9350342766519204,0.9460567287016771,0.9552156093010539,0.9136408823838366,0.9383087004615782,0.8336309435223916,0.9318272292167217,0.9030844179869103,0.9386687272208476,0.9572934152478436,0.9423422026547593,0.8744102229772183,0.9444141783753021,0.90780314118967
239944,0.8702406017672283,0.9570858813987503,0.9047210737537054,0.9549735135691206,0.887689926159666,0.925625933050339,0.9045673604477011,0.9429522882280572,0.9415770392452187,0.9118999198176412,0.9183764473429276,0.9109253024962158,0.9305916472301674,0.9347434040984335,0.8886374059115522,0.9182052336744345,0.9183236909893967,0.95539149917881,0.9635748081730567,0.9025789631386673,0.9438356417856093,0.9574808404747275,0.9110095294765174,0.9469601394759756,0.9533980594740767,0.9642201961257388,0.9162015788571989,0.9286644498234358,0.840468417750417,0.9247410945944435,0.8249538856473,0.9239918570022323,0.9518218173643029,0.9428582603194162,0.8635414071512161,0.9337316090659112,0.8978008588176729
245333,0.8904417447078956,0.9460579318046215,0.9115620271520566,0.9373641496976123,0.9203542800219179,0.9195798759374862,0.9188001369763537,0.9471514993495195,0.9471993325076382,0.9087013869779056,0.9210402584104579,0.9288842092050481,0.928300444989363,0.9394317883235744,0.8697927996868889,0.9257492721315536,0.9391776921685926,0.9447073218787331,0.9501423797300598,0.9066968327665412,0.9522888956947374,0.9362102283225542,0.9206551606635888,0.9441819912949166,0.9440476887982807,0.949190852167577,0.9102982477830738,0.9447894403921042,0.8756954494340103,0.9213670365034852,0.9121168577069559,0.9158764294672525,0.9323511278804765,0.9338133945474161,0.8738831101244844,0.9401714828063975,0.9091713629595207
246133,0.9245504701726516,0.9671608408804094,0.9115457125566544,0.953138060476884,0.9452424211539363,0.9344309344306987,0.9080274370221539,0.9519831005445986,0.9364402178903463,0.927275697552815,0.9144015239633806,0.9360040594293306,0.9308202375753596,0.9379033229944996,0.849867114218448,0.9507856968210301,0.946602219745132,0.9562164858377323,0.9641940685135147,0.9344241355618557,0.9368764526214034,0.9051989722503828,0.9344514544273413,0.9423313093816384,0.9572901851886134,0.9629694448664062,0.93615622191964,0.940153518075706,0.8473607663531072,0.9036240211646014,0.9015872348369902,0.9359117940537179,0.936574858920747,0.938414873205722,0.905062070969629,0.9451728823462742,0.9082702155239137
248339,0.9061437411007668,0.9621635556306068,0.9258191749008173,0.9406410446495499,0.9201767712067898,0.9098534254285137,0.9024086597183425,0.9393570096058388,0.9322345734626075,0.9130861577358794,0.927551883098133,0.913253828731691,0.9349964716267092,0.934641313875823,0.9090425430302079,0.9351295169888049,0.9269708560879548,0.943845183479914,0.9645630712455268,0.9285256061787849,0.9328980538688134,0.9585323908558779,0.9248553277956052,0.9293229468384306,0.9508098580897256,0.9600375270919504,0.9245896200526688,0.9164541327513794,0.8725685163801813,0.9438279857424912,0.8746206775950841,0.9187385295254695,0.9433833917305852,0.9528883848353529,0.8323381405172149,0.932839884615654,0.9210538246272523
249947,0.9004644034802257,0.9716109733139404,0.8915349309434011,0.9444668842437021,0.9182848994014184,0.9274285034986552,0.9012838643947214,0.922967307362544,0.9273552590030014,0.918573216933475,0.9235873648554118,0.9201590315536494,0.9450895394469105,0.9365846028882554,0.8774012874422947,0.943109273938128,0.9328744647877444,0.9460739890044452,0.9626357837141484,0.9082902212414699,0.9251835399791809,0.95186101234596,0.9350688090928687,0.9353369713163043,0.9511821917028727,0.9670743128189373,0.9250106934806555,0.9055475773303986,0.8406830682241339,0.9290025029468952,0.9113401380504159,0.9366340417857034,0.9302628692935203,0.9137316573073068,0.8478089811775198,0.9155301056756819,0.9094663670176192
250427,0.9127128937470353,0.954029074540422,0.9062800682105545,0.9435262137427859,0.9226166600101721,0.924804743081609,0.9087899112409883,0.9557215834346852,0.9491699686787509,0.9137893211548501,0.9157516356560762,0.9336035688389493,0.9467836970140638,0.9139884673666029,0.8904195877681307,0.9266041962973626,0.9505062222980315,0.9367938210523479,0.9637396587274778,0.9149107256959662,0.9507749856187864,0.9418361809339446,0.9179758840740184,0.9508766894157493,0.9457603287785439,0.9618714924876614,0.9192240708283912,0.9482631371369371,0.9082549917677488,0.9194751738789596,0.9374875571311838,0.9445701461625975,0.9417068389304594,0.9375425340527355,0.870658476203216,0.913524580030871,0.9353835402335827
250932,0.9217855964245478,0.959310928922374,0.8958149316981302,0.9508092176190472,0.9373851245194313,0.9226442923419933,0.9166808193104671,0.9399141145112767,0.9441866152775092,0.9267949880332546,0.9351487719974968,0.9418456701523084,0.9485514777768098,0.9255969121285764,0.8827344884963622,0.9352853674081988,0.9378837594332986,0.9462844577996196,0.9574391027660555,0.9291002682536426,0.9422393493288684,0.9510966889004218,0.9302783722436069,0.9494653449662889,0.9493862177431869,0.9588604381478896,0.9370911875111416,0.9377182821355329,0.8610964516215738,0.9222686573029683,0.8891863972979331,0.9442988426183779,0.9470460536234468,0.9467448105448446,0.8345632736908434,0.9382090992888399,0.9117799803661377
251833,0.9138524202681252,0.9619746572658361,0.9308005683118183,0.9147971893000985,0.9317136721750505,0.9394380396393425,0.9105856134181121,0.9469602167719804,0.9400136922591864,0.9121054479937162,0.9188240343802219,0.9332794579708039,0.9431740793779692,0.9200815346663525,0.8558219014565702,0.9393833561457645,0.9594474145052614,0.9181092054933165,0.9452494139189843,0.9084872600118626,0.9412247529591983,0.9444811869100219,0.9310817532200216,0.9548409438412157,0.9334387000073928,0.9514892981088443,0.9192267721064118,0.9340164442719129,0.8490462241089489,0.9090267932348248,0.9075831478255273,0.9442951027492119,0.9062742895870773,0.9287090690657296,0.87029735630513,0.9270936214707688,0.9246407148734275
255639,0.9140356434907201,0.9574548308736239,0.9225526202309575,0.9396478401442241,0.9237517765252017,0.9192481236587273,0.9052243044486319,0.9495545351901236,0.9299867602292424,0.9070588617957539,0.9079097776699732,0.9174243581151605,0.9322465942857354,0.9377563980639814,0.8812512842659417,0.9287674575613345,0.9411613804887009,0.9406860313094536,0.9481897166242853,0.9055372322316518,0.9251766751455509,0.9362388604675473,0.9253417021984701,0.9432069601248249,0.9451427447632004,0.9513639160832538,0.9046937457472308,0.9280766902052514,0.8979654136124603,0.9430210407264825,0.9026698830992109,0.9353200404661786,0.9422401724537232,0.9407937992217021,0.8608528166453394,0.9204710575886524,0.9174588286591873
255740,0.9200360617274614,0.9640731973133522,0.9109796685611902,0.9319643296589308,0.9336587944509129,0.9100115945594593,0.9028865625798483,0.9372214866412163,0.9319064121294559,0.9181598954090066,0.9185485543846643,0.9211538035888723,0.9394246346392642,0.9173837268091741,0.894503816125083,0.9345753600815999,0.9455392809602456,0.9411653546010005,0.9577031043710247,0.927362029944053,0.931380610365133,0.9295156674736383,0.9392947174498357,0.9461695639868088,0.9461570163281932,0.9622696643403319,0.9373051110782974,0.9222968197471665,0.8770916924848834,0.8961148000707598,0.8981137560672462,0.9210142019034,0.9384791808889974,0.9452075578378211,0.8394046748019003,0.9224870007725368,0.9243916983877831
256540,0.9025642370264857,0.9583951256103622,0.9242155090104731,0.9613708756905746,0.9222839850552629,0.9499710455559647,0.9060740749547403,0.9511826466611122,0.9459301506076924,0.922813922143246,0.9289625722816601,0.911274337409819,0.9468265170197603,0.9480255213068988,0.8752393133577201,0.934129324731463,0.9552480925464492,0.9588108657499692,0.952524677963527,0.9205940389713358,0.9481865500980736,0.9230987055752674,0.9262463052560246,0.9552321295481767,0.9554438692870317,0.9519014969335322,0.9265872235595418,0.9387546232387323,0.8789079926565095,0.9368740419578461,0.9018666333928884,0.9487312889670549,0.9586209233681209,0.9538389928004454,0.8712673098203183,0.9464277864576438,0.9214693068530858
257542,0.9201856241989944,0.9544430205451256,0.9072622903938897,0.9230784352969975,0.9338762582683312,0.9137623518487957,0.9221982359146382,0.9429959732092602,0.9494832522887711,0.9001455647803344,0.8842391469073133,0.9335055708464304,0.9549362261567501,0.9099909857993804,0.9010414946048866,0.9271109949450933,0.9416773669708527,0.9234063678284434,0.9372221541121166,0.9130810245027403,0.9495548072266712,0.9477565607487909,0.927444191001555,0.9528345105350976,0.9403781686988588,0.9481352458111777,0.922708108836049,0.9454770074132705,0.8981701166332817,0.9367443519720857,0.8983868137854393,0.9429118343672116,0.9075829764616845,0.8986013661830288,0.8479754082701251,0.9366147214769339,0.9151024191722774
257845,0.9256220751318099,0.9746300186123308,0.8966872366755622,0.93796565370259,0.9360792002533843,0.9072177429625989,0.9153530030864697,0.940308581398427,0.9488996184861727,0.9134394623970198,0.9105875469943325,0.9385139030773686,0.9396899598464978,0.9312937620358817,0.9045488319238056,0.9442612860017495,0.9339355611288441,0.9403136860063298,0.9407250283002555,0.9085071048151233,0.947439182256756,0.9478620454883859,0.9399072883916514,0.9350439733447923,0.9442398632625003,0.9485002808207359,0.9289033355208702,0.9373572787657012,0.8983188147914197,0.9319445104723129,0.8932173280050908,0.9270340728381807,0.9343918717141195,0.9239549102748779,0.8783441917941036,0.9268399712125024,0.9130376251865608
257946,0.9293754861528165,0.9625941642842543,0.9004459132108374,0.9572455413566108,0.9442802155235095,0.928424538471243,0.8953146616349822,0.9466330985653335,0.943774588245392,0.9237686234708833,0.9477929419316994,0.940985031221081,0.9452174485839513,0.9254105825320581,0.851394072467734,0.9370831550381863,0.9485069735119316,0.9558448162557012,0.9609809829986068,0.9264495342050932,0.9434320122791234,0.9317177578266502,0.9307878067499838,0.9537341044886111,0.9505472571303345,0.9606846819836614,0.9256411237477182,0.9394231260216274,0.8505592577763262,0.9240148008686826,0.9002095995307583,0.9234823970715528,0.9545098108993808,0.9353546158592263,0.8887564982146642,0.9309781259300385,0.9308874222991768
263436,0.868910196679598,0.9533751848623722,0.920363690582736,0.9424067507711236,0.9244860296969283,0.9336178912711665,0.8999073222104771,0.9380031810010351,0.9251916835880137,0.9214308834786422,0.9041033601955003,0.9050926432763061,0.9364969439788681,0.9371211147885917,0.8706717280281676,0.9320989391092226,0.947400864623578,0.9413796000490199,0.954616351684844,0.9171238465244773,0.9237223285111809,0.9461028203619822,0.9222387489032415,0.9550432205026081,0.9430881446955828,0.9639995488775833,0.9224208509021693,0.9260531857196913,0.8520550565771764,0.9224039436306325,0.8151891287829892,0.9509056155285949,0.9349473819078756,0.9483573340283615,0.8732089473236005,0.9316288206399111,0.9019326439189951
268749,0.920882060486317,0.9632656954923492,0.8918223987240346,0.9555631889371079,0.9379097239487201,0.9064220816741796,0.9112417738265675,0.9495344443268117,0.9432398661448567,0.9284108361538935,0.9172392893253527,0.9409177967543602,0.9502562648132048,0.9235855582549845,0.8519224315540427,0.9211647096965928,0.9357164345200703,0.9464182590431183,0.9604735768597756,0.9162952261937907,0.9420895093162645,0.9194656205576481,0.9135717682786304,0.9326823500688657,0.9479405019644656,0.9658278540402664,0.9264710095548585,0.935229232295323,0.8447576971068715,0.8772459420573988,0.91373039498994,0.9271597477311558,0.9383943173108478,0.9310658582491576,0.8807052214567181,0.9348278996386656,0.9256237937050572
268850,0.8693788121692674,0.9664305294963106,0.9290922224260668,0.947222831076791,0.9074989151669083,0.934243075722941,0.9324357468158606,0.9449119853434038,0.9477106330263391,0.9135428760535522,0.9340875988280161,0.9265654002591076,0.9276006739620667,0.9112377899958528,0.9098707185042121,0.9436968207971119,0.9550369613479697,0.9437781496898847,0.9504218552930277,0.9190623835869365,0.9511565960236206,0.9683684027055711,0.9409851187530377,0.9565458593893307,0.9456545669501896,0.953209643577471,0.9168575012287599,0.9417394019359758,0.8671329619611524,0.9320115233162963,0.9298509555564936,0.940923081334233,0.9437611564060948,0.9356435406162475,0.8535894177816534,0.9429859116340932,0.925797392950577
270332,0.8977641913095155,0.9445131597125201,0.8877420118838134,0.9496384709816751,0.9329135252441809,0.9323912350023872,0.9119287700661028,0.9436155541425783,0.9422224982281167,0.9364338228929461,0.9130566935093145,0.9280739722714871,0.9478785769688781,0.9435844368099148,0.8798214599489453,0.9262488063454586,0.9300960478664065,0.9486255067518191,0.9565169454909356,0.9290227467234516,0.940641070379581,0.9393957910767818,0.9154208605425468,0.9369246715878581,0.9506031899559391,0.9594730714654389,0.9306304094359283,0.9272208678507788,0.8564850171574002,0.9275614753727047,0.9033634078054195,0.9313360049443913,0.9314209303612911,0.9374437936533099,0.8989258959036502,0.9257201222044229,0.9260334312490245
274542,0.9118767338065328,0.9558612023541024,0.9123868936176422,0.951957259706632,0.9287371125526394,0.9248061193774852,0.9120811813927066,0.9501919410093774,0.9482350450888126,0.9380876820074869,0.9364161291684593,0.9149069632682254,0.9500192101100479,0.9206222896899402,0.8685075794573472,0.9250562338402315,0.9400695503140736,0.9463634248569139,0.9694571378859165,0.9385153431444128,0.9479451249281412,0.9442470372264951,0.920232312504128,0.9456013027322605,0.9472995786904392,0.9673430833191081,0.9389675110232278,0.9460456914369423,0.857175151259736,0.927544909724701,0.9220953562164806,0.9456079000611131,0.9417289679920505,0.9504474853025047,0.8500001206570936,0.9427868598538092,0.9210113389371289
275645,0.8832854549677633,0.9672990285564991,0.9265145754978797,0.932443941751937,0.9201796518513862,0.9094045463804413,0.8982491723275802,0.9357778312562951,0.9409848113253149,0.8987861889082219,0.9145144368923146,0.9372966268572348,0.9414114542837169,0.9207156380973859,0.8902912180427777,0.9422440089176556,0.9507643302368222,0.9324069391328722,0.9426008555091212,0.9294418446914304,0.9423304546362672,0.935503247899098,0.9357626275333492,0.9533281812029043,0.9445772605025805,0.949010507004497,0.9250250325493943,0.930707558996337,0.8578086498684313,0.9110552189970605,0.9317256835008848,0.9354515720899913,0.9469301509609491,0.9363186622357574,0.8572294379210063,0.9296590808185707,0.9082237085617237
280739,0.9027347128120502,0.9560445574886928,0.9195278131364796,0.951941236155371,0.9195999735402468,0.9316405062577378,0.9075602284719158,0.9422061064059816,0.939461293744372,0.9165597187751214,0.9155145704492577,0.9243926700923039,0.9358535339049415,0.9403205013170756,0.8879933637901115,0.9395247550273684,0.9347758201747594,0.9570474182321851,0.9538631981243639,0.9219270560815355,0.9404434764153767,0.9593997227371114,0.9313110679588216,0.9430470340270892,0.9548189716735658,0.9581412259713025,0.9281510059509388,0.9328526449049237,0.8695270683951151,0.9287853838410561,0.9089828554871583,0.9240991768744367,0.9508255619897457,0.9228011713365178,0.8805392361554922,0.9416863746052629,0.9237833447689207
280941,0.9232866537378677,0.9584225683267762,0.8912756482148765,0.9429472801188044,0.9347878159142066,0.92559198546832,0.9124822120233189,0.9466228464009266,0.9347269935866711,0.9165929438708658,0.9311380617568689,0.9306513323381702,0.9504527233369088,0.9194685537680405,0.8718439400757658,0.9352304703697518,0.9518859783078158,0.9436082537653299,0.9620536897619275,0.928172096359236,0.9348123382170119,0.9503203199386188,0.9298065595613224,0.952492611619771,0.9525645480784595,0.9628595864368573,0.930623220540738,0.9310699240187382,0.8645357570444806,0.9543277100290454,0.9319373738365098,0.9404284952478406,0.9278478941200192,0.9338347122221836,0.8863482482943512,0.9129724339117821,0.9310239400229424
281135,0.9100270920721878,0.9662269826642338,0.9032099470138356,0.9533277101511745,0.9269762118681458,0.9320186063558256,0.8989402453567275,0.9350499117722058,0.9399871331836678,0.9150074777080254,0.933806478510555,0.9276591359527928,0.9283454454995582,0.9276280917060974,0.8769776972325477,0.9436060760223735,0.9383929370039169,0.9443240910270471,0.9529242685967224,0.9206241005214247,0.937220521877654,0.9403532451783562,0.937268548338985,0.9420494752755592,0.9342611414396018,0.9488925504590408,0.926118939668432,0.9155011125030913,0.8515236360072014,0.9010936982954966,0.9316180892517144,0.9402378630240973,0.9404038907722196,0.9345183770526293,0.8413073422582081,0.9030645224850615,0.9192410593092981
283543,0.9319878214864397,0.9662200017609875,0.9378288846073273,0.9400708883284968,0.9359321734826185,0.9282563806454588,0.9234159745916363,0.9555082513663283,0.9553371877259244,0.9301841854093253,0.9227558510401246,0.9276669922043974,0.9471873295103197,0.9201699162758986,0.8866520840594804,0.9385755698920626,0.9463165314243782,0.9443355319176833,0.9612676073005089,0.9402429876893961,0.9567332334846064,0.9455894419834744,0.9305948734228675,0.9433976697794634,0.95188555733555,0.9654731484949375,0.9384067665976825,0.9433169321004382,0.8990728466202367,0.9375321566450788,0.8772548611023729,0.9426414482114348,0.9360243088094995,0.9383583299815889,0.8804695641278243,0.907713111895651,0.9183340033423926
285345,0.8917173532209045,0.9528832354866442,0.9130045422899833,0.9442697444577266,0.911717661785669,0.9342798691209881,0.9157099921251921,0.9369395300419807,0.947490003681684,0.9059197191619803,0.9265285765660355,0.9178573190095685,0.9362738082730008,0.9418872857783095,0.8691025827763257,0.9354837966390459,0.9387806569773188,0.9469583596802539,0.9427380152240694,0.9243810479346409,0.9447834857913309,0.9517933563528975,0.9340766748575728,0.9435932722044392,0.9503705278371738,0.9445388057472098,0.9205692701101121,0.9354140663261216,0.8676975166628961,0.9392992695332897,0.8573023420215019,0.9233157342632472,0.9452078574590728,0.9300629805501431,0.8096463029063766,0.9448981406226925,0.9089844482817969
285446,0.9033472891085215,0.9694934200980124,0.9066538494655334,0.9570074682894746,0.9148696736852913,0.9418684001328739,0.9020067049825938,0.9458121520367344,0.9542618262127045,0.9136859274437176,0.9115675908708826,0.9140838551798752,0.948645751636814,0.933273807641994,0.8550645685766844,0.944987781462559,0.9552960290403217,0.9608054820229672,0.9491063014327467,0.9271495411124339,0.9554094371465398,0.9347148209521283,0.9401833636783317,0.9566834153585762,0.9572627841837824,0.9511366913037028,0.922396149052071,0.9420906347565954,0.8966896101406779,0.9168140561022246,0.916224256579373,0.9412674932165385,0.9434864841829562,0.9373900457615287,0.8690755730233135,0.9313409177225582,0.9338834287852895
286347,0.9009099788122242,0.9634453834644792,0.8963657071216573,0.9493101545684047,0.931686568731944,0.9289861351192185,0.9260134753532034,0.9484349838948961,0.9517224620742469,0.9269062997794084,0.9456486213559704,0.9351168039100471,0.9339964310845257,0.9394516051261285,0.8916539413733825,0.9447939539879071,0.9397092483900916,0.9434731325375637,0.9649250300396501,0.9315088688230667,0.9515332156417432,0.9375430118574885,0.93678639902641,0.9457193481359196,0.9470171650508074,0.9635721319196172,0.9337366232968883,0.9425418624160914,0.8411473831544414,0.9299618010771316,0.9426157314696304,0.9308894223050506,0.9507799760550663,0.9463000151884946,0.8681005422666105,0.9243404001440587,0.9315994563777278
286650,0.9179951968649724,0.9570568094071161,0.9220239614710698,0.9516833869010828,0.932087749581648,0.922088215298205,0.9128859768240902,0.9512998153303109,0.9540437616125129,0.9236971987980531,0.9274394785530939,0.939498837148621,0.9446481781777544,0.9272139586036959,0.8580285978681127,0.9269592284208197,0.9347813914106445,0.9478403814316038,0.9713011400864474,0.9292995569219382,0.9542253742112344,0.9082603182815109,0.9233293205371343,0.9389414345919217,0.9525508279955621,0.9648208696717859,0.9425706392452631,0.9319395402523617,0.8672262196525387,0.8755744724635395,0.8934247935393053,0.9239260458650456,0.9449449902611058,0.9407271587328643,0.8682343483247524,0.9522082666007236,0.9271872890854822
287248,0.9176040319772417,0.9630568205413925,0.8994354037297849,0.9461814321050939,0.9338704658790283,0.923961916008016,0.900637539434141,0.9345506054656063,0.9346547445050675,0.9272423799795719,0.9131157590737127,0.9418809346512237,0.9550758809645545,0.9277445442584747,0.8838213470974949,0.9277001343347802,0.9302410057818133,0.9412238042336526,0.9585532737297923,0.9212346271064106,0.9339677862906404,0.955893196985186,0.9288360561486184,0.9364388111571889,0.948333206080723,0.9618162115833316,0.9300665341718289,0.9202021158070671,0.8533631159333289,0.9342152952344418,0.9016002758202396,0.909160205175754,0.9334367395810936,0.9217565254334443,0.8550889622097357,0.9174759183426568,0.9128150349009173
289555,0.9099799749715879,0.9605066261205519,0.8916047967613188,0.9278322502571991,0.9264123312240423,0.9399592592414845,0.9053806489239254,0.9428117683664449,0.9533739601659597,0.8965118902487822,0.9128479713104993,0.9361307579050193,0.9243888114500327,0.9172975073077334,0.849233674048767,0.9406966024628197,0.9415385712777317,0.9376924246387789,0.9503451165194647,0.9248253399952223,0.9515426705539428,0.9238968273650209,0.9324031988446603,0.9427195025378012,0.9345236283389348,0.9483943526741728,0.9241619507538371,0.9393110832397823,0.9092694393962221,0.9269129467126215,0.9125312733521266,0.9308342241807754,0.9383853358777768,0.9458936194160358,0.8730763971769345,0.9326395074712149,0.9237717144308408
290136,0.9277214887033777,0.9599880435526852,0.914443650115083,0.9418431910432027,0.9405124277834516,0.9257071088317685,0.9063206289089379,0.9470399083288955,0.9357711673011164,0.9150909929251251,0.9176330596327019,0.9437971718273434,0.9437189627925765,0.9384486965757802,0.8880426346621675,0.9350021654660945,0.9488621735630043,0.9379905260867204,0.953555244614188,0.9323655581267228,0.9391745868798305,0.9441674715701992,0.9232528830169869,0.9437196398487648,0.9442834770835692,0.9585628634958172,0.9379460774848509,0.9304873719438583,0.8681588172231356,0.9270979383199541,0.9127458536509722,0.9391022290877556,0.9343072413383586,0.926467090654967,0.8766248132559321,0.934616681341255,0.931372695163942
293748,0.9033172866957206,0.9532503062700713,0.9028374742801752,0.9370775575631299,0.9184566666132383,0.8994749028173481,0.8987684895961371,0.9451156286797561,0.9315786359304878,0.8647001646897388,0.9138324036656473,0.9113547863955948,0.9467150284260558,0.9052053488319992,0.8498573870831871,0.91045044637918,0.9073963829468829,0.9365196128398354,0.9466352893707006,0.9091002848730195,0.930513817046975,0.9245190007794907,0.8972937514504776,0.9206954409689492,0.9447439344699111,0.9496613855403228,0.9163360439085987,0.9216175847024287,0.8441693917383731,0.9529166026021259,0.8544997559585263,0.8934425697772439,0.9375187077654379,0.9295462146237115,0.8312850143251075,0.9104533238434112,0.9063778784526756
295146,0.9074025776246964,0.9572515478858914,0.9085207427955566,0.9531923925423192,0.9190873904373114,0.9350081811635887,0.9012718081243325,0.9370618400968472,0.929865840429547,0.9106730747931044,0.9210540257181654,0.9143618733767003,0.9306779361540525,0.9449426633888752,0.8938777117670975,0.9350341110469258,0.9248917140058274,0.948133989359995,0.9549105546363912,0.9230880733992849,0.9297670968532653,0.9391713493226929,0.9293353434898111,0.9329496923647348,0.9511360321283548,0.9524975470618352,0.9239892338116691,0.9233292506564648,0.8809376217300425,0.9385098464083991,0.9019461239329837,0.9284175242748324,0.9341041084037087,0.9421352215525881,0.8570409855605532,0.8874993258302619,0.9395771959563585
297655,0.9232831684301497,0.9522627714526638,0.9025448925799905,0.9529751973772373,0.9276891947921944,0.9001851132837465,0.9016339117903672,0.949984085838865,0.9272556940174532,0.9220725039456971,0.9193242983634606,0.9121490374409043,0.9427803399886703,0.9339968802981251,0.8757551282024899,0.9218762455518223,0.9292259944992904,0.9494263348345583,0.9551874761004817,0.9165700912781685,0.9243541359499716,0.9301608252424343,0.9151245679699471,0.933982286967454,0.9465407457413051,0.9532815606995965,0.9166252569850176,0.9175706008555873,0.8556601521710251,0.8727963123414112,0.8927876216348347,0.9011330314583736,0.9449219764343305,0.9310451455394041,0.835428219009701,0.922935409896508,0.9113842114960862
298051,0.8808628563479973,0.9455989555763025,0.9172849128507734,0.9552936790582275,0.9276965855207279,0.9116151901020885,0.9247603044940623,0.9429668955123423,0.9347792708477933,0.9198118016206126,0.9251859633581356,0.9157550059131723,0.9464293687923016,0.936965157097556,0.9056353715618468,0.9099808302790282,0.926575115982196,0.9551984676243033,0.9723548302208739,0.9185430002011964,0.9345817386587708,0.9461186266580478,0.8992205529244806,0.9394140189054206,0.9557520537064886,0.969182699867369,0.9219943776874738,0.9263414499754479,0.8658316519654431,0.919572970377551,0.8404523735698172,0.9265735141731056,0.9429689196614763,0.9391145472617402,0.8717923284838357,0.9386185485503464,0.9099624705523894
298455,0.9093824061864922,0.950063757626874,0.9176645729109826,0.9518262738068829,0.9212586978826894,0.923249936359142,0.9043615230942248,0.9532473652069254,0.9429444651553535,0.9268401945774095,0.9157944917803558,0.9271871524716986,0.9462354860588083,0.937613726687303,0.8741729927658176,0.9316642419863529,0.9204522257711257,0.9503544228510964,0.9576676800886798,0.9196155273039874,0.943863135806424,0.946008455233412,0.9191043630965711,0.9288653187211726,0.9576798937839563,0.963972136374005,0.9295846212532647,0.9383294600203017,0.8809554675721392,0.948900664562036,0.8971318022693014,0.9297814429075075,0.9393930502451556,0.9363988428461434,0.890104208916621,0.9165411098536971,0.9259597339887233
299154,0.9225195281334141,0.9645409094220018,0.9335268797537679,0.9564868570562383,0.9328627628868557,0.9160559233169283,0.9020355069082081,0.9370969397294394,0.9356296594319181,0.9288542175310066,0.9223539181329323,0.9346561560360319,0.9375699438620891,0.9425696145349943,0.8748239681627826,0.9253764609686971,0.9378769248948724,0.9500202579652374,0.9597868057916518,0.9296644839420001,0.9352542083776162,0.9494436057674931,0.9252624661069542,0.9415225742011697,0.9405232038506637,0.9540677575029574,0.926491617041653,0.9223783881677472,0.8802650585482468,0.9407375333841812,0.9130776902227851,0.9257039250880522,0.9497388360650091,0.9416808821461472,0.876055384434921,0.9267859650793108,0.9155181445682126
299760,0.9131690963690449,0.9405771452954416,0.923270865591398,0.9466454314667894,0.9116321593039396,0.9274098504331955,0.902835379052565,0.9328778545945808,0.9421906063634621,0.9027153262069452,0.9243906808342257,0.9319057824789388,0.9541707215097127,0.9319378688652894,0.8764622102344796,0.9255065657286707,0.9249359751263225,0.947928813087412,0.9568528321229373,0.8838132314709385,0.9425045619778067,0.9178921152465244,0.9110090184405277,0.9305108257948168,0.951717226650775,0.9621769250284047,0.9094453272339136,0.9352416929515281,0.817948499216387,0.9462257288105506,0.9303696152106469,0.9265616885259896,0.9469113752128328,0.9330660109864688,0.8391796799735032,0.9236642109578866,0.9190983243605253
300618,0.9225344711445016,0.958772072620365,0.9313156373920606,0.947207794757744,0.9271898819769827,0.9291290465116908,0.9184275199513146,0.9439087962924393,0.9452119824891011,0.934131434007375,0.9428806435628315,0.924368391540567,0.9419789845680848,0.94425271176076,0.8729547883487238,0.9441088252773188,0.9376251525133473,0.9441720156987483,0.9605204180675899,0.926362077601882,0.942816700366957,0.9651556690125231,0.9358662771302163,0.9490790942128432,0.9497223837883731,0.962631639119453,0.9255291750512354,0.9307852111257555,0.8610943796397037,0.9424563189765169,0.9228542510245172,0.9474292588400133,0.9510399686236499,0.9447836361328461,0.8658080023113737,0.9399730772634055,0.9212436381996028
300719,0.9000845700566177,0.9560034894772627,0.9256324107625102,0.9512413938019741,0.9401985625173186,0.9211170483699831,0.9284529637442277,0.9414909591933162,0.9501437701324748,0.9375720075749231,0.9337279999404996,0.947612832962382,0.9404199429154867,0.9211066300123029,0.8835724146768326,0.9309002750252644,0.9356170292242514,0.947850719844012,0.966610237079517,0.9369225210518615,0.9518456555627334,0.9540534685930595,0.9264626262680086,0.9315210678748634,0.9437691770354967,0.9618712740067866,0.9377144183978926,0.9525121362929297,0.841667289394539,0.9281277374485244,0.9111588098742043,0.9174802698717046,0.937942207801897,0.9358561594789849,0.8649966791789665,0.938169825687654,0.9260477273427159
303119,0.9034167414902236,0.9659892170825479,0.9119312320494464,0.9485465287357899,0.925490056436311,0.9384831196466401,0.9040306590766687,0.9368827637206881,0.9276927954934856,0.9205722399961804,0.9258625498353575,0.9354630631790433,0.937303504321435,0.9350145841898346,0.8737788035216905,0.9479975598163342,0.9422736764339708,0.9519011962862841,0.954923080884201,0.9118308910731993,0.9253771916126998,0.9316413854965447,0.9336487524595803,0.9481141960061843,0.953278931706092,0.961133260542606,0.9186153594768143,0.9189290032733909,0.859658303934763,0.9426675650923316,0.8707174753013877,0.9310472380911853,0.9563040680342467,0.9465216065459552,0.8456284808572273,0.919001966159323,0.9245500494585777
303624,0.9234047157591421,0.9606374032941998,0.9311597608865751,0.9587434712891106,0.9411822568563205,0.9249267082716492,0.92685780287072,0.947352164400064,0.9429177753946,0.936898311133744,0.9422468432968196,0.9284662232367578,0.9537136565493205,0.9491271896760914,0.8945642865541364,0.9277846417040537,0.9489634868857912,0.9519682420005848,0.9682986634870434,0.9315084110495974,0.9432095314908648,0.962276941828008,0.9236348512780984,0.9427452999542275,0.9532520740779793,0.9675818163725004,0.9357144376172069,0.9344348024271711,0.884312797814763,0.9345744245215595,0.865466264578463,0.9363510750387876,0.940418018856311,0.9260319696378587,0.8942306588132387,0.9367185682758193,0.9163186323419568
304020,0.9145857790147972,0.9582586418175881,0.9169878509804222,0.9383434295235932,0.9481307287722578,0.9290258428023831,0.9104752260713378,0.9405168834101466,0.9312386069295738,0.9087021715137669,0.9226644286066304,0.9368971272550136,0.9444533272204049,0.9271020566937596,0.8679540287743759,0.9348346710250222,0.9379104896019705,0.9386144940180042,0.9601021865977425,0.9169726664229623,0.9302435667465582,0.9287530315958887,0.9103946801353684,0.9423580134483184,0.943782979857481,0.9606591390019148,0.9336182529555472,0.9325700768257239,0.9017249443735182,0.9203680154668001,0.8927024348625099,0.9256230372691452,0.9263664702315793,0.9245331036955635,0.8934378316952406,0.9357917310380665,0.9279993672992854
304727,0.8935825933281091,0.9692285572900374,0.9091150195439778,0.9554902333391524,0.9110399400248828,0.9146418132690987,0.9157660261360329,0.9323757697034459,0.9351744009791273,0.9152765516790374,0.9234179977238304,0.9259692919852163,0.9522407031156583,0.9248691203348214,0.8937711538138712,0.9270629682304106,0.9472675516937539,0.9539285640415607,0.9577540537042762,0.9272861483263711,0.9341901547511885,0.9491832271195922,0.9311673760905758,0.9448004196937017,0.958689519182269,0.9661451220337807,0.9423673966454679,0.9279347059462518,0.8042446431659841,0.9143958137439371,0.9130837915707628,0.9220662318172752,0.9344685989671538,0.9298691268057072,0.8722435955370824,0.9255129685960326,0.9266888522814515
305830,0.9071843189143302,0.9572715202893188,0.9030188297645951,0.9551948817725044,0.9315303232707511,0.9432628696100093,0.9132561804804307,0.9414100848777956,0.9410917958786875,0.9295724796726902,0.9323357822206616,0.9322665837705955,0.938461512492304,0.9379250641491863,0.8924050211007694,0.9344928969888352,0.9519829277444006,0.9560336465938831,0.9676704592294572,0.9387803571518649,0.9435714117345638,0.9489370503998854,0.9284048438205389,0.9589381874994914,0.9551791944634714,0.9655777279773764,0.936188014578631,0.9401329359006422,0.8643733333489297,0.9341418915550334,0.8961065634779534,0.9573028496084601,0.9507870220713839,0.9493068094252578,0.8938728649235506,0.9461188281022846,0.9252743114280565
307127,0.887572119131548,0.9656585778719421,0.9043045563706428,0.9469352976857345,0.9356737475816185,0.9284435989763031,0.9047850807999024,0.9292598715110296,0.9455338445126955,0.9217691603177439,0.9279649988135794,0.9409050573184965,0.9367472937408211,0.9374330991533499,0.8548083874032015,0.9325447875485332,0.9501965779341693,0.9480874221462906,0.9486480299620709,0.924229958659457,0.9437697392715803,0.9193609177555867,0.923417979843062,0.9436041633179026,0.9344472790464607,0.955183446776916,0.9320832916931663,0.9381380330032242,0.8641937177648821,0.9226673459486548,0.8856583294633525,0.9403101991328644,0.9338490584947969,0.923992615265147,0.8910909701643882,0.9293058125391812,0.9119514364624953
308129,0.8990323943086264,0.964076257170763,0.9039489142213917,0.9514794538913897,0.9503958365799965,0.9338225982064048,0.881720189174795,0.9258328745450888,0.9110560331408742,0.9216271503844377,0.9320020619523752,0.955054682029292,0.936168050247003,0.9228707152672024,0.8480082924139593,0.9452624211802976,0.9627341014969464,0.9464537272188756,0.9566819761580815,0.9350714406508754,0.9113175532585241,0.88041538681933,0.9299381817211523,0.9573703114694011,0.9399116835740059,0.959667677140091,0.9391236764630392,0.9131750002022408,0.871506672746578,0.9132545272653314,0.8875315464667762,0.9437683222141526,0.9503738031609661,0.9352153110142982,0.8868374838514856,0.91908244519246,0.9169376638602962
308331,0.901596237590574,0.9604806192678657,0.9324942704701941,0.9390521637443668,0.9221687250805715,0.9477252400150291,0.91395702964744,0.9244503818838513,0.9151825460856214,0.9135573094986738,0.9050076132088802,0.8976821922508696,0.9332897982385548,0.9435824765797395,0.8417167389351453,0.9424130600459323,0.9475391483576467,0.9381256160984176,0.962537925265199,0.9133530208407884,0.9163600305526223,0.941481397941616,0.9382810058975221,0.9494949735707355,0.9364827469029714,0.9609440767973342,0.9137338542366147,0.9174104063081203,0.8192801960973539,0.9248458493240818,0.9189647295923058,0.9349026307499014,0.9388305631748509,0.9412042213791463,0.8405462687771827,0.9252268547571595,0.9236612314889098
309636,0.9005949159508472,0.955357859875238,0.8949256243896546,0.9565975969754907,0.9199026037625978,0.9274535499558492,0.8942433678253258,0.9429334051861649,0.9454294800174733,0.9199693253659254,0.9287376255351761,0.9429797493365061,0.9446936714001974,0.9413129618361298,0.8408930377579564,0.9387908109126892,0.955066807180061,0.9472298117569603,0.960785536000873,0.9247505041955247,0.945163906775789,0.9479499291698554,0.9328789685267687,0.956667432188401,0.9491420407051278,0.9602041901415778,0.931081799611663,0.9364313157158859,0.8621372794085973,0.9128396419436517,0.905064890478758,0.9440694859544873,0.9437750688558803,0.946019925497145,0.8660007035300143,0.919135021029111,0.9231170149040787
310621,0.8802146491033304,0.9601300370080788,0.916118182571303,0.9469296655875348,0.8972382809771356,0.9110342258846759,0.9074203951833051,0.9366799950233036,0.9168154944913656,0.9105933509367319,0.9332360884264118,0.9317129415264512,0.945742246128239,0.9369151184329195,0.8812497541271037,0.9159639384437229,0.9434829537241928,0.9355843448183166,0.957236616222782,0.9040283981036412,0.9185380072654484,0.9538182142620265,0.9081659554532745,0.9487564976075478,0.9337500209912677,0.951970206966877,0.9110953938869065,0.9203888370332557,0.8621918692855618,0.9579883196265837,0.8985483642199721,0.9294993540044526,0.947981517081956,0.9384778427149183,0.8603379251980511,0.9035653272644517,0.921548674545961
311320,0.909765394454044,0.9526368522294136,0.912368638766407,0.9571845479390352,0.930103605885665,0.9167885405626268,0.9102095297168357,0.9294459537214306,0.9287498332527722,0.9252096832235656,0.9246892541219098,0.9149703593574833,0.9458460965328781,0.9307223690631751,0.8498562788099767,0.916486661824054,0.9447057548817119,0.9508859280107871,0.9692655048562151,0.9204904394800673,0.9280206014628782,0.9293819832146915,0.9121522266996012,0.9462957497576853,0.9397360934292186,0.9611437134153248,0.927684541250155,0.9133861420226168,0.8650512704115316,0.8726497335289103,0.8907444527984308,0.9228105265410388,0.9530183985989124,0.9487483680374199,0.8800944481435289,0.9049027725017847,0.9444849065167699
314225,0.9023942429099114,0.959172308921945,0.915374670826375,0.9464713153810844,0.9168633745084395,0.9283205564420249,0.9333795732311614,0.9389116757213773,0.9503418042143573,0.9296820862816003,0.924287246265267,0.9257668471523817,0.9438840982592321,0.9407709508799542,0.85980419781766,0.9250354740753269,0.9374919647077242,0.941669345017875,0.9632171074040987,0.9392093853007533,0.9530221167602178,0.9490143447737076,0.9202892355737676,0.9343591506265481,0.9441193211014149,0.9609486165794503,0.937744476228261,0.945416869879343,0.8187823209714917,0.9263018597101347,0.9039512120095702,0.9350372188648263,0.9421517496222465,0.9315789068285141,0.8671125385448678,0.9517635713833044,0.9272870701320455
316633,0.9185246353791131,0.959611784938913,0.9189973595795097,0.9300453581430957,0.9345616604260987,0.9110906826556566,0.9066840695260648,0.9440291663102949,0.9351155202363262,0.8923363825905015,0.8887890983529555,0.9135413650111109,0.9470336347150266,0.9331204905305246,0.8851402093896055,0.926395061281085,0.9467338238713568,0.9350069975064338,0.9599877636441169,0.9003481146465494,0.9373484665303269,0.948579381652112,0.9239998144885444,0.9429777938042501,0.9443373062441384,0.9625798979044968,0.905613582368407,0.9337181091214831,0.8647714371456403,0.936866757056105,0.9063093801435926,0.9354184921548688,0.9357451506235391,0.9294958111032993,0.8708097927031577,0.9304939653560006,0.9091634338970569
316835,0.904346564688567,0.9630807575446184,0.9160985505925905,0.9470355688917872,0.9260983362280084,0.9205114698825718,0.9100235202624846,0.9376454582516047,0.9366952631808438,0.9068216427617548,0.9187969364238714,0.9283882900758931,0.9435722266104893,0.9318029298317722,0.8931527304931223,0.9433436338717158,0.9498360542573621,0.9540845635773872,0.9665395032570196,0.9184156911237437,0.936625300451339,0.9407625434512518,0.939153398224998,0.9504286878601743,0.955558441366965,0.9698432665488339,0.9262550343283175,0.9320902695074377,0.8964128314733827,0.9528996091673686,0.9376785188127266,0.9449535201749484,0.9530059616958336,0.9476641008665432,0.8731916701279183,0.9415269019375085,0.9232161452825057
318637,0.9037282371286727,0.952964758615048,0.9011057480334373,0.9540369440847887,0.9287403148739618,0.9247962772293313,0.9143444725766371,0.9431649287949869,0.9505702133004057,0.931332882298542,0.9455094782839369,0.9409118267763538,0.947390783177313,0.9383666103817527,0.8668751471035674,0.9342672472919447,0.9427310985917647,0.9496919808113432,0.9703821307505731,0.9380986706582662,0.9481707893181591,0.938532438413417,0.9321934538653159,0.9433944577952371,0.9577449942392677,0.9668547767354162,0.9443228430849384,0.9290038020664351,0.8267905383195921,0.9186558372010185,0.9259125893508021,0.930815745776974,0.9403679124943,0.9368744217798605,0.8957096266029128,0.9493164241252348,0.9378627270754462
320826,0.9212965382959938,0.9655140345472808,0.9096523415746561,0.953212837484618,0.9162574337999921,0.919644984083744,0.9156403944606251,0.9328504263666122,0.9402550540390218,0.9046453391313185,0.921698685449171,0.904591019331172,0.9383229479537339,0.9252447255926782,0.9127998184128187,0.9343614865059771,0.9411695198660753,0.9467396894664669,0.9623283474344676,0.9111243952073614,0.9387420885199829,0.9615534662517763,0.9342590204070241,0.9465921152156801,0.9428193879216936,0.9621885877163977,0.9193423535179743,0.9319625619649237,0.8506656355701785,0.948633516624535,0.8941465205372191,0.9356240902529458,0.9483241029139211,0.9486083900207873,0.8459701754122153,0.9466862425433716,0.9237897825100764
321323,0.9220821091857913,0.9635814288534179,0.9185994091526906,0.9284714590690781,0.9388601819079306,0.9301464927283708,0.9164031822679103,0.9492368767809236,0.9438408921230861,0.9097450139456641,0.9398489543517254,0.9367142016886163,0.9467163028349129,0.938766435359755,0.8730070871220882,0.9316323756338175,0.9203074786879217,0.9381105367341996,0.9591387959335084,0.9355149055391393,0.9446572607470493,0.950125592090526,0.9214229576704377,0.9375789548683733,0.942941575823179,0.9623108184863359,0.9377673460577165,0.9314610018988585,0.8531162391674335,0.941152259651758,0.8814032882961894,0.940127767941063,0.9463132872773502,0.945042099167895,0.8740085493675839,0.941690770062386,0.924153350938993
322224,0.9228460207881256,0.9580726022204884,0.90106240730145,0.9459572324618989,0.9481465065048523,0.9174371534243694,0.9076852088754439,0.9480555422556581,0.9261789628268483,0.9144865269131454,0.9210756029355497,0.9355302904182614,0.9293933299177022,0.9469355224132823,0.8605294123336431,0.92796460030047,0.9425664915404905,0.9395556684282359,0.9496817170097187,0.9298918324168435,0.9257192079100964,0.9208218737446932,0.9111256702769995,0.9413593544548609,0.9421246957434553,0.9510125733572048,0.9283312271223215,0.9266076440769028,0.8623088520164519,0.8845347838223004,0.8538209527126436,0.9161822088071067,0.9398910421102259,0.9311883627396557,0.84668936884393,0.9358414061946997,0.9078328822033701
325129,0.9125336652041147,0.9539066851911121,0.8876274016617699,0.9546290582536573,0.936377569797893,0.9221978265652686,0.9055639484451489,0.9366432318352841,0.9275566295813764,0.9057136086969949,0.910313641960148,0.922454474157537,0.9484350355374888,0.9468873251538039,0.8684488748641929,0.9256585023176449,0.9296063523702783,0.9538328018916152,0.9589717892998784,0.9031492136988845,0.9217997303775621,0.9392558440135592,0.91759562606549,0.9437338580723018,0.9481127674301306,0.9593701959167411,0.9217763583131455,0.9214197553965475,0.8321871237340467,0.9214547182661085,0.8977109964230379,0.9091163234527738,0.9332435175040728,0.9300535137070567,0.8930465135171206,0.9078670284702457,0.9314763513943883
329440,0.9088592745843466,0.9588963045678229,0.9081281803438805,0.9438428868042468,0.9333491161877873,0.93593621538578,0.9045523598094154,0.9315192515208485,0.9330189490907271,0.9020312702618938,0.9389318008593283,0.9428947526861137,0.9552121869549848,0.9490068987512903,0.8943997645671572,0.9367809860102064,0.9224821089712899,0.9429297439610536,0.9550877595425292,0.9240525837456747,0.932080018836232,0.9478899772366971,0.9298492911998202,0.9237458122867425,0.95129014812398,0.9591365998965337,0.9287854166662891,0.9123721808925505,0.8453378197151359,0.9180740265230736,0.8909041456278485,0.9104335654044129,0.945035941749808,0.9403386676965256,0.8485311775264364,0.9034923328943286,0.9153059561271398
329844,0.8783869596653612,0.9472401922631573,0.9048775172604948,0.9500271499173213,0.9099920250175488,0.9308787523109157,0.9015992180643605,0.9377754101171109,0.9362011653137603,0.9267221079086355,0.9276006257503108,0.9245736928286208,0.9379288496773884,0.9484081761409676,0.8964857519071676,0.9290512254451657,0.918226039271496,0.947515249975698,0.9619575820345655,0.9213921001564463,0.9383074207767754,0.9388040693568173,0.9062267997004774,0.9183096057989782,0.9473031781185969,0.9615746433657959,0.9264405427145823,0.926809453581778,0.8728555942060934,0.9159117932172052,0.8269737319323901,0.9116528721908559,0.9349264136981597,0.9346188448747725,0.8512182064529765,0.9351868386002823,0.9039554678088442
330324,0.9055888315042834,0.9568786112693302,0.9159246964802067,0.9419385118709717,0.9372677532156826,0.9364387544071646,0.9069680566460521,0.9373060933686057,0.9295230380716047,0.9068639227038136,0.9334946846010046,0.950362861774498,0.9470452441460591,0.9296266954147774,0.9153425632671809,0.9320783316061582,0.9436447298197513,0.9408980064877547,0.9458854564370992,0.935958156984693,0.9295150974728974,0.9363120075537323,0.9247367238921524,0.9456693677268668,0.9477163807853342,0.9538853919031118,0.9362069650587542,0.9218220812908821,0.895258884905684,0.9014659865828845,0.8872973827893204,0.9450164559901725,0.9456123066113393,0.9275819403967555,0.8525563274715555,0.931476194316335,0.9083048775592115
333330,0.897226569440884,0.9630918338416211,0.9259142771055211,0.9499274090763553,0.9286551943070958,0.9230213887216155,0.8858045023502011,0.9516449070958394,0.9532230990962796,0.9204881316972771,0.9130982061438927,0.9353649893834766,0.9468275674746063,0.9396913489661373,0.8557630973319242,0.9427908575509626,0.9456186059095105,0.9482297623602531,0.9565440602229182,0.9262685523669326,0.9522939949582709,0.9346169341893533,0.9360389850749331,0.9585240296325556,0.9479110627293981,0.9549080501003565,0.9296253923107926,0.9403024002819071,0.8515401191746328,0.9235242974279753,0.8957567151116264,0.9473751281610931,0.942286276760192,0.9399860542678985,0.891026688330927,0.9398590245635623,0.9155483637626036
334635,0.8896929484793343,0.9612456455480829,0.9276656840377656,0.9587975689684233,0.9123264381913602,0.9357260680647369,0.9142510810526678,0.9412728882070823,0.9491073881174911,0.9277242893225949,0.9293256162890451,0.9275936824524929,0.9509045394036998,0.945587771541426,0.8713671647370974,0.9398472412274513,0.9519330584679748,0.9514636797859384,0.9703705316520274,0.9317130519337719,0.9489817707625103,0.9505747954064988,0.935893505184129,0.95802487921791,0.9600684543499515,0.970085847156527,0.9330414562934135,0.9457776650670108,0.8745960339285064,0.9373212862032321,0.9220241847247753,0.9490392703052551,0.9481881745511922,0.9462121830074253,0.8778906251301128,0.9453767145458246,0.9231694779510713
336841,0.9339796024988203,0.9653402373732516,0.9195876181095476,0.9571299850996234,0.939308493586843,0.9373354169211375,0.9115047978550236,0.9411228582921481,0.940199878064823,0.9271918436822609,0.9306109669414104,0.9387946786172688,0.9375386023643676,0.9481225154340926,0.8740124816709465,0.941951094174936,0.9450587856839807,0.9490173447644275,0.963977616505189,0.9350356265727313,0.9385747697484601,0.9405710579244474,0.9298640965950105,0.9472560194292384,0.9477595852057294,0.9595301038100292,0.9280505974454529,0.9285491630725176,0.8291160261707818,0.9429402387623146,0.8941939936530786,0.9516591149660655,0.9439758339833871,0.9431106398528096,0.8730989152941041,0.9144423089940336,0.9199945189257446
339847,0.8923137534980413,0.9558482180900076,0.9207625548541607,0.9613704199954537,0.9097299535371123,0.9297033123479884,0.9244763307262345,0.9369195981589289,0.9589889291176922,0.9338584022748663,0.9408711716614089,0.9344023234487383,0.9312149876193967,0.9417993288026364,0.860833239085413,0.9380215067287234,0.9388163152780077,0.9529966935334622,0.9596737879263855,0.9408969702983497,0.9595781995324477,0.9273392907783472,0.9213657635874969,0.9430016266912127,0.9498629448891934,0.9594321304163571,0.9421398737597847,0.944860047360814,0.8289404201916006,0.8798941345812502,0.8702767387752895,0.9371617289056913,0.9349396657839938,0.9336963571670255,0.8579514831119416,0.9554623357026052,0.9168745644673083
341834,0.9099705240187851,0.967021291550796,0.9001312757195815,0.9543624636159326,0.9372533661935799,0.9403670374160736,0.9110049105926885,0.9397325808020316,0.9490068769071816,0.9164224813587317,0.9427686633052411,0.9461144596550444,0.9518166395330848,0.9402140952033111,0.8751117101425306,0.9469840462092413,0.9568632628555896,0.944217800786243,0.9654952961985934,0.9224551606911688,0.9494012198457584,0.9160831444114752,0.9366672179194007,0.9545026170395132,0.9363560711224276,0.9656455656069524,0.9331825996051021,0.9457187288456285,0.8907665965429318,0.9508271704341189,0.9133640850384458,0.9304959749055778,0.947035994778623,0.9475884751074175,0.859109674866718,0.9321280753504082,0.9268098651234256
342129,0.8986989507587327,0.9609710273135276,0.8999294532403626,0.9339554026096037,0.927592246702829,0.9199371632436028,0.9063866588271838,0.9304507746191515,0.9420451854901729,0.9054919147738594,0.9079697425716122,0.927979645490816,0.9398131445151138,0.9388996523936487,0.8620486064145377,0.9338081047311134,0.9498659295366789,0.9300895471992822,0.9362577338879952,0.9038163644291317,0.940405578519712,0.9444687489593232,0.9311845338131809,0.9524539001023766,0.9439521195274185,0.9522620565225827,0.9239593082245119,0.9283389321214525,0.8462096691903864,0.907197868763812,0.9117792094392926,0.9412816880996316,0.9229557094385016,0.9238596101881016,0.8441170662069586,0.9064264896883764,0.9214330800016314
346137,0.892119831923393,0.967562355620477,0.9245680934303964,0.9442965604449509,0.9165983450025144,0.9360446204116833,0.8908230074004644,0.917350102620413,0.9496785773213346,0.8883255885448584,0.9251179520407211,0.9292033557856344,0.9475872162931934,0.9133323978779526,0.8428624050443473,0.9426328218556744,0.9341108234884073,0.9387793396188366,0.9473430566621558,0.9023296306940572,0.9499957198985367,0.8726600311815413,0.9352085404021027,0.9352310063783223,0.9337885319353091,0.9540185673468475,0.9087927856332203,0.9426249941974661,0.8865863681203724,0.9309617182483371,0.9225740098472448,0.9222086629020347,0.9384861044813417,0.9242190055233145,0.8760841227693484,0.9199039917476126,0.9412553713155852
346945,0.9001806332956682,0.9610315240625357,0.9066334416327584,0.9538967831616973,0.9165040400226854,0.9411459055856837,0.926358241710257,0.934555324472194,0.9424839193473491,0.9158327589659193,0.9103434958373854,0.9092404539345389,0.9509983644098019,0.9554838551606728,0.8942277084282073,0.945126128039417,0.9485568473541248,0.9485142804140282,0.9543969604919589,0.9205694304800384,0.9448737589389928,0.9578559371391484,0.9355722767105333,0.9456916605092465,0.951351470906696,0.9586109650159057,0.9264212517915894,0.9456534547519537,0.85748711063953,0.9549613676903494,0.9170070676297933,0.9479245192695018,0.954206901884719,0.9199252478085278,0.8939948096574238,0.9209756174830543,0.9163050600889816
348545,0.8655622810055611,0.9490161738410177,0.9153129177523587,0.9449229720990612,0.9050992828113549,0.91550243627022,0.9127503242309507,0.9380593171839295,0.9424585245081539,0.9284104540955254,0.9309374717777128,0.9245859258687023,0.9418728469075653,0.9328923436945578,0.878502453016535,0.9278154249845905,0.9288681130176426,0.9417974778200499,0.9548526519972073,0.9410434198786717,0.9425717626450495,0.9361141828015835,0.9120656247481052,0.9286263054910033,0.9479067498002545,0.9549963885372469,0.9434820171408872,0.9353023471229739,0.8254201918644017,0.9447857964195574,0.9177158845192547,0.9318760270036252,0.9366844882267732,0.9367104976833033,0.8790938784295946,0.9353548126490125,0.9398812585705779
349244,0.9157975165890807,0.9544248306478477,0.9308101058886902,0.9339950079337633,0.9421900591543937,0.9358524510974126,0.9241410924409319,0.9379896260291313,0.9422924835260847,0.9327579220684228,0.9228562888412966,0.9320894313218101,0.9493363515316406,0.9412289970998199,0.8770247867582031,0.9399876971287571,0.9276642819198773,0.9305701348867024,0.9645773606235134,0.9389609486456721,0.9455681714680289,0.9477354737667989,0.9252904782699716,0.9359261969189406,0.9430371125762022,0.9607353142559324,0.9396166342396688,0.9305711309361608,0.8122204595985439,0.8948865579040842,0.8954725918500038,0.9293327798313697,0.9199975180720378,0.9268360853056106,0.8875850953832014,0.9316160790845177,0.9194411323888783
350330,0.9187388272099872,0.952274535977113,0.9020982443505612,0.9486246322366624,0.9384393384109014,0.9478626693014024,0.9028290735230136,0.9411906192178571,0.937262193488857,0.9118093672077083,0.9312007631420294,0.940666332682758,0.9331681117586982,0.9241838855078384,0.8800134317139009,0.9434513574409735,0.9540596758655654,0.9454201862100906,0.9373371132883463,0.9204349371264765,0.9351932662067676,0.9380888611000424,0.9346480460925709,0.9588493381890603,0.9449837999426219,0.9450142283212092,0.9229102233702883,0.9258293276606668,0.8620725945529811,0.9169506016150748,0.9077408824495792,0.9329136106688233,0.9460814626667778,0.9168529287356256,0.8482909354775318,0.9332963680494718,0.9155521588352727
352132,0.9251113231380587,0.951530790987078,0.9069501023402483,0.9535268560573092,0.9368770990640273,0.9390960648446934,0.9201687649279737,0.9504493589778205,0.9518933842548659,0.934696441506323,0.9435954216923048,0.9352488661192142,0.9578163792787905,0.9374867087841766,0.8937668652656711,0.9381252521810615,0.9355360870223013,0.9535148058133822,0.968816157497818,0.9391154942591731,0.9518252664785388,0.9439497425031362,0.9338313215197623,0.9376872964663345,0.9547746377599357,0.969969895069059,0.943107696544755,0.9423599874853927,0.858260350784558,0.9383112297417945,0.9159323715580459,0.928843061368535,0.9458077460235493,0.9377907192097708,0.8741575503762038,0.9423385626489504,0.9261033721662643
352738,0.9355816119697071,0.9617564464539693,0.9273792737367225,0.953316229809001,0.9387151146556275,0.9376866585451519,0.9130132323420179,0.9426329436188509,0.9421192654400975,0.9302098807400536,0.9250298878688221,0.9389737222365797,0.9439115555868035,0.8998337816914985,0.8526704931308108,0.9390059794770905,0.951943239975749,0.9562527582760453,0.9536469351879693,0.9161371881024398,0.9381099186030766,0.9244710266853421,0.9252351029935576,0.9526703277570757,0.95038446914517,0.9545423701458584,0.928161288660133,0.9175023519291454,0.85736064267744,0.9397047227644802,0.8997899231146146,0.9369069578050336,0.9375326021952676,0.9298143074972463,0.8747246090098251,0.9223131614395756,0.9247385785755644
353740,0.9029258864565629,0.9677355643774168,0.9247147668129625,0.9492510284762052,0.922263139204568,0.9195870961466518,0.9181686305215331,0.9544405165544267,0.9460915690130637,0.9271012243450998,0.9399839918279497,0.9518661405552837,0.946820998798499,0.9343573221665582,0.8857188540242253,0.9346049958414957,0.9551991203508161,0.9478193771661383,0.9621832998029157,0.9316296462862105,0.9452930353105554,0.9438632965318944,0.9259742059143405,0.9487479952631354,0.949853719566222,0.965962172033725,0.9374139510949214,0.9421512303992816,0.8767059889235342,0.9087711896917757,0.9294385506857119,0.950575603776383,0.9369250828160304,0.9426826405970431,0.8904852691857427,0.9338538647123138,0.9367980110843735
356948,0.8963014031116323,0.9550032543113524,0.915049898851162,0.9529196724492024,0.9266820218017381,0.9390407837301115,0.9034059536314065,0.9440747895514133,0.9348082388373294,0.9307156075111812,0.944863717440766,0.9390772133690496,0.9494744054337233,0.9569693890905101,0.8610944981103531,0.9324634344475463,0.9620342894184513,0.9545334068136168,0.964168321954011,0.9344537143014919,0.9351183745667047,0.9170302904023875,0.9199447273548442,0.963407270145316,0.9584821072175284,0.9659710154401132,0.9410948225020772,0.9330439607775544,0.8463484870012584,0.9376360927766083,0.9113605488789173,0.9454335009683874,0.9225204161542176,0.9478250334052243,0.8955397181346417,0.9282022177802743,0.928306542978232
358144,0.9130171119113216,0.958197152376042,0.8894762487347266,0.9516829823211577,0.9306409999275606,0.9064392380338311,0.9012508118537061,0.9378026910181815,0.942326317375224,0.9278740649828723,0.9264657459157966,0.934413497434741,0.9438700926070769,0.9245112679562969,0.8876875937707672,0.9254583246921856,0.9435886890101439,0.9473163428760002,0.9687894442239543,0.9164584733950569,0.9429044765769863,0.9474337564977622,0.9231856173535026,0.9465952815001173,0.9502412747086872,0.9669837222005115,0.9377868592146106,0.9285475207239874,0.8606422050476219,0.9179852001107344,0.8990884916389106,0.9356133501665485,0.9318514639239699,0.9300784009560306,0.8719579454261932,0.9445769822473964,0.9257147288632529
360030,0.8528149437245485,0.9613234709030856,0.9359776435027375,0.9526895554164744,0.9136100920077641,0.92427465053343,0.9217489776135243,0.9353502495902405,0.9654515870683198,0.9159939736332273,0.9465539114946828,0.9371439941224393,0.9355661839586605,0.9357924226335071,0.9089993929051544,0.9376947904463473,0.9332051655497245,0.9452013125462837,0.9562308489690377,0.934483498109396,0.9651436096161958,0.9554775840625316,0.9354080916540174,0.9297095007376315,0.9487854379016348,0.962944648431796,0.9293995409513931,0.9500126826114338,0.8807764936093775,0.9531081395622171,0.8857799815536381,0.9280435962528195,0.9372877072075283,0.9484872895195895,0.8695945601238704,0.9482892417851717,0.9209006356410524
361234,0.8934903213746525,0.9518278963156924,0.9073582835528214,0.9330093191643074,0.9268256580682753,0.9139423019076146,0.9213505188583024,0.9483996029638943,0.9533154313226381,0.9137104774434269,0.9279571710230825,0.9355262822443021,0.946135280014847,0.9212548336798059,0.856214532049581,0.9219361918683676,0.9365916279450083,0.9401368988274716,0.9571850048784238,0.9254844351958796,0.95318699913864,0.951805723525432,0.9164449869139389,0.9419901855864931,0.9429562619240446,0.9578303117795018,0.9291030051053316,0.9400723572586354,0.820609274686638,0.9046423828389738,0.8874337809561779,0.9291507260924856,0.9355106773213908,0.9275372449076369,0.8597093362660262,0.9519654048028793,0.9234308984500396
361941,0.8894287840478424,0.9667376997086008,0.9133331520381102,0.9503424284430556,0.9201338772137622,0.9353956694320347,0.9169162363382048,0.9307502698167233,0.944240967601491,0.9293736957622543,0.9524582029328206,0.9484242828732068,0.9572633733200229,0.953807212094952,0.8731584334572919,0.9420530416168081,0.9423179002164277,0.9461625738759454,0.9657072790389958,0.9254020568068938,0.9434027534374821,0.9568298459448432,0.9288763323527414,0.9437814356607961,0.9511959905284323,0.9649641675314059,0.938066088360898,0.9366509419289142,0.8026583307416602,0.9361870098628251,0.9171844064871069,0.9213861081560549,0.9204357594129059,0.9372582272577867,0.869563680449753,0.8799810596448705,0.9184803238182139
365343,0.8756627817068423,0.9374996096777427,0.8980988874796504,0.9395259265206487,0.9252361394198642,0.9259502654946672,0.9053753361080964,0.9374674134774968,0.942825030393616,0.9185235513400615,0.935681143094094,0.9281959627995918,0.9431349308750709,0.929225213933504,0.8884136711177656,0.9345010505963692,0.9492830853480648,0.9445181920467913,0.954632679700988,0.9254771049708534,0.9419012790764705,0.9491415798933406,0.9320653028710132,0.9547459430321233,0.9448923907409541,0.9558035202888902,0.9259388724269151,0.9380880963797577,0.8529566780154414,0.9553986669375399,0.9241548198166334,0.9375519438984369,0.9317923186891803,0.9467492426993193,0.8331397099374884,0.920712701297521,0.929694548902818
366042,0.9300910530759937,0.9623346376592564,0.9115991097233629,0.9608514362457367,0.9361030675546493,0.9286630754879368,0.9090394626708244,0.9417341553805882,0.9544977971920763,0.9053192153105165,0.9102150807173607,0.9297659213095562,0.945034382081459,0.9262835594006154,0.8676853598176039,0.9334639367192752,0.9511144464025176,0.958488585697645,0.9585671927191264,0.9034057779856689,0.954222881866618,0.9268192116563903,0.9177884421312281,0.9599950483993888,0.9516458147289952,0.9586231046796088,0.91332297571484,0.9472311107857971,0.8689716818470795,0.9517484315800225,0.9334275834301828,0.9280143680024472,0.9345944778143068,0.9335546213306848,0.8737365104166699,0.9404076390675028,0.9294515876298928
366446,0.8935225651584915,0.9487143965181489,0.8979509436707841,0.9485780701703326,0.921984133084537,0.89127189159974,0.908472807357371,0.9257824642724066,0.9442770019940614,0.9193470526009219,0.8983241088638235,0.9203198168944514,0.9335883374579378,0.9335351915578941,0.8658739610671844,0.9094829979875425,0.9349554496485546,0.9434312871394116,0.9582178273110945,0.9292220813633905,0.9436559721035628,0.9252311980804792,0.9070060085156739,0.9402463463126466,0.933611142262911,0.9468054515941207,0.9231371245660991,0.9270596034035608,0.7965556591027293,0.9090622066723321,0.8671880569102891,0.9243112984431009,0.9381349338649198,0.9477282977623014,0.890121041054111,0.8908259078954723,0.9387565971260654
368551,0.9154351586423254,0.9532641513496392,0.9157373396450592,0.9485784803001628,0.9332682984043508,0.9446799405193307,0.9047563078859318,0.9423195445474708,0.9338380976154338,0.8942780276840708,0.9127862570835509,0.9084980709369753,0.9392229539968252,0.9504415426240407,0.9027318807994454,0.932952979728106,0.9423048763984506,0.9491931163384203,0.9580962996565211,0.9072940226773569,0.9340210834337553,0.9493805071006062,0.9149557049823273,0.9470412020713022,0.93894724452569,0.9523475442301577,0.9254737485814855,0.9199071270998245,0.829232242415126,0.9201409907711942,0.8891698915478558,0.9466419115943183,0.9248050460670498,0.9310555071873089,0.8598610809882361,0.9264506019573155,0.9076056729224206
368753,0.8915588351922116,0.9532268058778194,0.9103438665353575,0.9471009648491784,0.9286592861020274,0.925926068153949,0.9139788946499943,0.9550878002237754,0.9463361910526875,0.9191453208113199,0.9165616884522301,0.9298207695425221,0.9333772828140164,0.9335631258851563,0.8861074225006159,0.9289635284193289,0.9229797807796553,0.9497495833149032,0.9576478859828081,0.9323810530651279,0.946492621854409,0.9392526860083413,0.9165493897925063,0.9370704716761704,0.9478961796037982,0.956644659631907,0.9303612358181758,0.9439137209517258,0.8664884141529512,0.9047310443585721,0.8590112890133487,0.9340391329326013,0.94458036814657,0.9337432081614587,0.8419355188785939,0.9410125706262735,0.899631564903095
371843,0.883422759784651,0.9632641157487459,0.8981238242233703,0.947830649896936,0.9135192255760335,0.9354223407821656,0.9171962803245735,0.9532141983979389,0.9460472966434736,0.9149974296091093,0.9361044023573032,0.9304805682933381,0.9286023583064286,0.9396528137973534,0.8784420230810681,0.9447052689508236,0.9576289080770496,0.9490265356857763,0.9596900705230575,0.9252014313084775,0.9452215785567604,0.9095303858720732,0.9348799413055523,0.9557056154291778,0.9464231216015204,0.9618902179378435,0.9215930963246782,0.9455774541982185,0.841826968019056,0.8964045069470974,0.8897156072559134,0.9430032063707356,0.9500941491429628,0.9449030873338607,0.8681160785318116,0.9507319128384478,0.9101362396530642
376247,0.9132597150575275,0.9557933386869885,0.9051034338486528,0.9526399867761572,0.9079324627832069,0.9362218637462527,0.9031461493301267,0.9424782355855809,0.9270152487804459,0.8985705058429645,0.9182051561484083,0.9146833836634536,0.9516589381853142,0.9331024932744503,0.8496138699527616,0.9327187138603473,0.9467080451600478,0.9527541160531808,0.9591299583662137,0.8983721221668673,0.927253565836998,0.9229077421339904,0.9217214038954228,0.9546958679174213,0.9591628504732613,0.9655680726904017,0.9086655789843483,0.9271015927704459,0.8830214989718743,0.916076242580852,0.8956916630643159,0.9480961633882492,0.9483448748411536,0.9486688514476199,0.8730177510672438,0.942029284898955,0.9245609947485673
377451,0.90966672434744,0.96627297509553,0.9119011881407445,0.9542866179551682,0.9258258385519685,0.9564563537279531,0.9190942745585988,0.9397965468459607,0.9530610223663288,0.919205533466098,0.9450241773565043,0.9277885395185165,0.944570254894252,0.9412275675065712,0.9229530305908368,0.9504934165426243,0.9525042071955332,0.9536393138743054,0.9664628575708797,0.9334914096220175,0.9520640468561343,0.9586980068641776,0.9423268381073493,0.9526950426227975,0.9523856993731666,0.9660989794995793,0.9360190502044616,0.9411891301139566,0.888132409306177,0.9569728341344519,0.915253829834132,0.9410516771681412,0.9387249571955726,0.933023430997884,0.8918976805749705,0.9167582324872147,0.9279922014296983
378756,0.8803258588163088,0.9631514616469433,0.8695923386140395,0.9338129090721813,0.8996705063422162,0.8890513326939686,0.9168755557542392,0.9384272274394613,0.9508362909749325,0.8915480576241939,0.9169270072472574,0.9189298498937252,0.9355197683328917,0.9390713407471621,0.8895246838494213,0.9233132879177061,0.9402798906539479,0.9308305818670161,0.946441434167983,0.8919514910137117,0.9507811431839618,0.9496200725589719,0.9242664233465032,0.9355890685623798,0.9373167563448499,0.9474861964647433,0.9044579095664754,0.9377994855847429,0.8715058076570741,0.8787232245659596,0.8983779863816818,0.9364354338129213,0.9345868709904156,0.9340988683020589,0.8747207417369465,0.8969864262274335,0.9374229945541217
378857,0.8979168846294894,0.9468925028238557,0.9130783193693899,0.9532631864791762,0.9160646879602344,0.9041981432444117,0.9032873680697511,0.9324877288892571,0.9408057687154825,0.921925699069024,0.9188647867296517,0.9036909843219008,0.9516590032911755,0.9090071020818049,0.8674927204499878,0.9125283055304627,0.9502349602567303,0.9445733879541881,0.9617912225286633,0.9111922455292373,0.9424044420758164,0.9320543353171052,0.9034771659754637,0.9470397811910719,0.949411655140582,0.9640431033246569,0.9209196196054613,0.9380035837066127,0.831348444595855,0.9208188289222683,0.9021321080874636,0.936276021338473,0.9290593893001242,0.9276475897209896,0.8803359514771881,0.9179659438903791,0.9299613807740776
379657,0.8624888578130977,0.9645821994579917,0.8984831740101281,0.9417677860446477,0.9074323986479509,0.9381151067548882,0.9110048513910043,0.9516603361204241,0.9458532060059429,0.9229567153411442,0.9343815814921317,0.9292686828658678,0.9333567635784271,0.9231645302082121,0.8971697965858296,0.949670856864512,0.9482768732868058,0.9430884168156833,0.9383614016893996,0.9280233250116336,0.9431142498015345,0.9206019659577286,0.9392748863725077,0.9473727468173988,0.9471904648866196,0.9385174723626624,0.9232888532560629,0.9386091953477922,0.8832887884042081,0.9189124611350526,0.9281335127007747,0.9442792986390929,0.9404697099113865,0.9407124186037176,0.8614616768569259,0.9460159984380542,0.9240006060441247
380036,0.8948796289745246,0.9612447461657562,0.9194305794504802,0.9444595160197989,0.9137181186890343,0.9462385276048754,0.9142317810930264,0.9357670456815592,0.9505160949389084,0.9383425999537848,0.9241377521998576,0.932607887286699,0.9410882981135403,0.9395626206121617,0.8868397995470128,0.9500104742580111,0.9528790209001508,0.9457846055017506,0.9647499244889503,0.9291283343574774,0.9458785716528422,0.9597835407332099,0.9392729272852521,0.9590372345695647,0.9482579944658857,0.9663994219485684,0.9314764267071413,0.9240179062407028,0.8606476818284469,0.9376749444009925,0.9206088860052832,0.9413746632641127,0.9287566675974513,0.945716003028974,0.8747093031667926,0.934783817386233,0.9239865032053152
381038,0.9129724107661734,0.958498317756976,0.9137750708670295,0.9537683426614768,0.9192445219518072,0.930325599483945,0.9105319905399974,0.9387892030776154,0.9417963779673199,0.9211289431176772,0.9229517778515136,0.9143071092439403,0.9480837599792997,0.9618349132568542,0.8399347947217496,0.929661070887483,0.9491647287151337,0.9542572449817591,0.9685005278559075,0.926754826257648,0.9440013603890925,0.934043025710274,0.9232173166576255,0.9443111438859816,0.9604734908884053,0.9719818709298752,0.9312538472300967,0.9299860006601152,0.8599754597360002,0.9131392171813285,0.920360301561435,0.946207840584362,0.9477413671164804,0.9384435273078237,0.8523000445413529,0.9435716382032469,0.9217254019315193
381543,0.9036054239687095,0.959052828124355,0.9023894070638484,0.9549841686575388,0.9251747900419877,0.9327149067794198,0.9065407254697502,0.940414502189399,0.9341888895208722,0.9197392320471208,0.9283888317822481,0.9332517372745839,0.9317510683778184,0.9470544307464497,0.8813301874169374,0.9368919856999474,0.944721164714298,0.9544663209543482,0.9558186562082984,0.9101596036400329,0.935310817363379,0.9524352169180934,0.9310314903284655,0.9530781668753694,0.9481000830346623,0.9577312380504049,0.9211412687288367,0.9331412711771055,0.8604857016373922,0.9589769352660603,0.8685030400276774,0.9436322922673641,0.9487301802428103,0.9365987895148539,0.8383204192918157,0.9378188186718561,0.9002078322034627
382242,0.8590632457009747,0.9523692314949493,0.9114907461905727,0.9144910338130102,0.8859944707882293,0.9127918026210379,0.8861405570344737,0.9009455841686485,0.9381794159863275,0.9102197965852487,0.9093649758617656,0.9200523661032152,0.9144998780479041,0.9442700744009829,0.8881264193991214,0.9241167774647376,0.9235296408279846,0.9189940555892758,0.9503234789295695,0.9116785070180569,0.9370840979618614,0.9433089020827744,0.9178137861629416,0.9281641294789617,0.926870829564878,0.947234546797387,0.9131083431900873,0.9172768630891963,0.8719235598202795,0.9253867139781149,0.88160992187227,0.916720224676714,0.9317621870969077,0.9234545423029478,0.8534293507213093,0.9073041337094682,0.9368034959295544
385046,0.8714345615541551,0.942355262650461,0.9199651636603114,0.9373207146686593,0.925728114438282,0.9290120206730328,0.896345161549294,0.9097980573997337,0.9385474715142378,0.8952840977538516,0.9018931022705838,0.9167509591101828,0.9427331385882604,0.9302678160230752,0.8831836814306104,0.9287730444805204,0.9344284096409603,0.9321054063975569,0.9579710909595476,0.9009343950989408,0.9365580839795343,0.9228633413281804,0.9224381145283119,0.9345597465601395,0.9499060551252763,0.9620668820344686,0.9003423506621331,0.9259952397588046,0.8520080726935793,0.9341245420471558,0.9307087385071903,0.9155600713127434,0.9450612535833681,0.9420895584755332,0.8796919635813478,0.9123450893808166,0.92429761668487
385450,0.9195909266249946,0.9545853650873038,0.9209480947764352,0.9354056477734101,0.9280199406643875,0.927943155751786,0.9080223416555974,0.945301499770366,0.9319342490657885,0.9292285860138703,0.9306827185841333,0.9366172339646541,0.9439307690989911,0.9206045140890458,0.8820780236363924,0.9358245117663068,0.9386526393289107,0.9379180683764446,0.9592109477198526,0.9243842706168166,0.9304699514055949,0.9273684008437819,0.9212115016404959,0.9422499299792371,0.9486349403487789,0.9587510310157716,0.929864380507846,0.9319868013356176,0.8741436148076458,0.9441089031674413,0.9101685766086436,0.9327946064898052,0.9264190548565011,0.9449172197483972,0.8616980160986351,0.9224944556852098,0.9219732176228379
389357,0.9129345718554299,0.9568821770426088,0.9193099329482541,0.9589754284081913,0.9228282881729005,0.9394099009128652,0.9189244918720156,0.9392568477956885,0.9323909772290009,0.9341586279664952,0.9313195870869817,0.9189361830474367,0.9503996382695953,0.9450931827899292,0.8804774581147351,0.9411870119997795,0.9390811962886552,0.9557698105496962,0.9669508668413722,0.9160149330142181,0.9349383935242632,0.9399176991145769,0.9341724061298472,0.9474550884770402,0.9539453659288212,0.9667099287650713,0.9281297711092114,0.9311834844714997,0.8461385525632182,0.9343375143043656,0.9141914315133595,0.9303082347020118,0.9492508178699244,0.948675771168298,0.890752671147203,0.940094513142845,0.929751158273923
390645,0.8881664001529089,0.9582397719194153,0.8904328849362827,0.9456671662144607,0.9297627587632059,0.9015146504379116,0.8818277869846864,0.9299443951157631,0.9162315511647177,0.9341411278143459,0.9380722852779932,0.9352363294564859,0.9222258560832102,0.9319833971051431,0.868153517665536,0.9324778184493024,0.9444643101367898,0.9485498218842459,0.9572684649858911,0.927639332033953,0.9216138791443785,0.9373142781909821,0.9304269030758444,0.9514636839539073,0.9528095516494659,0.9601803743491705,0.9313601349599925,0.8950694028726389,0.8427692715266517,0.9036174226128698,0.8868681558042295,0.9396274284182189,0.9418174165767521,0.9305372368774706,0.8818991553667995,0.9258330595432617,0.9272193674606292
391748,0.9232260926331901,0.9539787436614587,0.9175453816076949,0.9453549657264796,0.9433694137365596,0.9182086883485637,0.896539326729452,0.9386660649020369,0.9373559763706059,0.9323519943550472,0.9348972522322047,0.9337270658044868,0.9434731550219778,0.9269160388897664,0.8743612906893224,0.9240548507847504,0.9611262304137405,0.9441721899586141,0.9516230124923419,0.9345298413689154,0.9339278898620118,0.9314485287144016,0.9179614666576903,0.9613200805445754,0.9537128469948759,0.9596197487609206,0.9415568306051032,0.9256502582171647,0.8900230270141052,0.9093476285768064,0.9088822536836859,0.9226504070431238,0.9404420286528454,0.9275552045728302,0.8982514395877387,0.9406090842824159,0.9278074849993548
392750,0.9082929163608555,0.9696626188270991,0.8954078522472066,0.9435008618382962,0.9196900836925779,0.9228647154125055,0.9117612403040424,0.9358866049835696,0.9536431765028076,0.916589174537425,0.9281877465526636,0.9285057756258795,0.9404595391475657,0.9386698433831963,0.8721702210567372,0.93979666539685,0.9375700792036004,0.9405890653156384,0.9495897693340353,0.9262094519655775,0.9534380339139081,0.9505619127209164,0.9370886165499626,0.9255801961494241,0.942388946796875,0.9499446090033183,0.9290519055171138,0.9399006178759276,0.8583436817542868,0.9328140994512143,0.8954958451385826,0.9248512341357397,0.9208132660819369,0.9148517144929067,0.8548000678034816,0.9339236092519435,0.9236111206850991
393550,0.9201667721932048,0.9690230164761384,0.9036074142958219,0.9506807463919527,0.9419040421496722,0.9217384030570939,0.9063848248034289,0.9472756655412106,0.9384127845635846,0.9229707691672829,0.9224584309291917,0.9171303818881256,0.935872400166495,0.9359928365374093,0.8959996421314116,0.9383146237353184,0.9406106744037661,0.9507276206216247,0.960344378927759,0.9199708912040794,0.9376297884966355,0.9412469043388517,0.9248507639254261,0.9394324101491658,0.9394839144312224,0.9496676802002758,0.9253823393401909,0.9277498720778046,0.8598100481477343,0.8905835077025919,0.8856852577065263,0.9316074079895078,0.9218810712599663,0.9320088739901559,0.8904097927484185,0.912142288312149,0.9146924411860098
394956,0.9010874063825969,0.9601130028190709,0.9186468684168738,0.9504273084028133,0.9167345191833131,0.9447342147252933,0.9235810941557308,0.9469355669221471,0.9561497909313813,0.8930134854410652,0.9308867896798235,0.9327966065153427,0.947603517531497,0.9209423134092038,0.9284786427370851,0.9412685242106914,0.9276930888862106,0.9554396556748632,0.96241500023187,0.9089889391811657,0.9570499961595436,0.9636353612044732,0.9333065631733182,0.9422411330471949,0.954489968381129,0.9597434505277803,0.9224287397386661,0.9508354060521326,0.8958986716137304,0.9285014192588474,0.8709031583226178,0.9329388707119822,0.9516669224231773,0.9254414074840099,0.8705063330011797,0.9330044327330933,0.9140879253198742
395251,0.9244379862702528,0.9559915209332301,0.9094924502348678,0.953147046306985,0.9458228474374083,0.9265675806192858,0.90462820067829,0.9500575983014032,0.9261806269221308,0.9130329848444554,0.9277034597183927,0.9369733752714997,0.939324275291747,0.918158025615723,0.8466529811154986,0.9344482537653448,0.922375625706833,0.95643814748448,0.9566244876196816,0.9232388614608853,0.9271108515054443,0.9405546255507574,0.932189699623671,0.9405961163605318,0.955829291473957,0.9605348133868054,0.9330443200414141,0.9230806592402941,0.7990664560425578,0.9320190684761185,0.9142060400542619,0.9158935853101956,0.9405734351657916,0.9359049281575315,0.8934378168156349,0.9326349351115837,0.9261100035751098
395756,0.9088087532581214,0.964662177183169,0.9129756692353149,0.9417103228547428,0.9268170625363118,0.9215351582804377,0.9079122272815707,0.9476660773354181,0.9278270735531282,0.9251014246830132,0.9428629273986453,0.9354082463279534,0.9468443840749147,0.9130465018529624,0.89892556933716,0.9222205353742504,0.9364605378072596,0.9411139622386555,0.9553494747184765,0.9210621765820236,0.9314390284553536,0.9558662588936557,0.907797153744843,0.940444449609386,0.9396989898253064,0.9536614799604165,0.9298139095339671,0.9275259033308347,0.8680272427806027,0.9372391234288371,0.9057529707168326,0.9317638025370794,0.9364573632441464,0.9209760359596104,0.8723907143220163,0.9126319418917221,0.9155018125949346
395958,0.9003351948556287,0.9477281815677007,0.9120368746982469,0.9547831049659058,0.9306914112303075,0.9106216445090516,0.9106306978275394,0.9499148582527713,0.9382562238226071,0.9090651126316265,0.9238112660805385,0.9407917359738999,0.9356301521112635,0.9140779171924801,0.8493647138629068,0.9112859708871355,0.9496367343887562,0.9469814659372302,0.9640038324759699,0.9156215018899114,0.9379117002613389,0.8990862939576103,0.909206755161907,0.9442301233932974,0.946146637689487,0.9566376586557592,0.9161551085486058,0.9377894946673122,0.8296161574593501,0.9250339341701949,0.9159904686845035,0.9322294152500619,0.9315680548427369,0.9432785673517209,0.8838550736220752,0.9274341123216846,0.9430203370190893
397154,0.8957805549997202,0.9556364578529961,0.9129484235361353,0.933528175885045,0.9376128552316435,0.9273799176418595,0.9169412255188734,0.9427498860936004,0.9432006953636575,0.9137137939247391,0.9159722533411546,0.9434479305065004,0.9378967270011679,0.9297460850630286,0.9131838418984958,0.9450098653858037,0.9507620076926608,0.9417072925036543,0.9578711581753298,0.9341025607060841,0.9428604237995669,0.9473619729380086,0.9302181774674375,0.945907207527081,0.9466091587855258,0.9636999787225062,0.9349650797946654,0.9306166204379102,0.8889442314745629,0.9051465423086286,0.8291584128553078,0.9369030969774919,0.9333581203834197,0.9314974153118423,0.8729902503706767,0.9411133125693534,0.9076812294935305
397760,0.9113794708759708,0.9517416718577829,0.909491121992866,0.9532234554886198,0.928803541181898,0.9325577634636482,0.8915260250534054,0.9388802779312035,0.9337747205124606,0.9178209452564448,0.9387709538972188,0.9413894434918231,0.9466869226023118,0.9612673786311315,0.8681495484689732,0.9342753762650244,0.9409965519963759,0.9581065560001968,0.9611383289276789,0.92081301321568,0.9366940613103819,0.9557774143713675,0.9280195110435289,0.9422461228246598,0.948862441348746,0.9559747423354319,0.9269532026312383,0.9065191926006613,0.8714500454358851,0.8869314612676165,0.8499763670358554,0.937598678643016,0.9554407940241479,0.929492184994085,0.8611552126507984,0.9235632607200114,0.9051185939601181
397861,0.8858562389311124,0.9574694977588774,0.911040136894507,0.9499933354886182,0.9243985814363671,0.9170654833516335,0.9103587977043522,0.9285870948137238,0.9359905501774377,0.9355035740762419,0.9336004641982987,0.9250810810581064,0.9393185299196927,0.9320604725873246,0.8402405664123608,0.9212208473775092,0.9452722975794827,0.946006046676454,0.9647635314896058,0.9316263784855706,0.9362178040325148,0.9187469500286702,0.9224120434225299,0.9479048927404388,0.9517598612668323,0.9653945063545522,0.9350487342172535,0.9333109543154189,0.8391628626926413,0.8982576942788715,0.9244848082862871,0.9325613613930778,0.935977837559777,0.9311217398578321,0.887188670907136,0.9045281639528695,0.9479825254096109
401422,0.9175150001140958,0.9629032991955149,0.9087459631091307,0.9436355804156044,0.9446639601512441,0.9406702294861182,0.9063692031654921,0.9530803681531755,0.938905085153229,0.9131898950149265,0.9312811522982485,0.946710657383131,0.9472097612952547,0.9458996289495805,0.8585002768258132,0.9442033948335476,0.9512281185708389,0.9471557291781099,0.9574174726484747,0.9183197279570039,0.9396232351871605,0.9216491130683877,0.9412692147314344,0.9581266243799468,0.9448752016554173,0.9569134606189279,0.9197284234623465,0.9369470589483914,0.8983695961964018,0.9449361727714841,0.8993736619252961,0.9410659732313251,0.9433110050669027,0.9353180350297983,0.8776504632629831,0.9475145879823246,0.9106485434441379
406432,0.9311907848130077,0.9601056860462126,0.9272831485611552,0.9522084677972403,0.9425935004438971,0.9296598997208054,0.9243706319177,0.9362231508626923,0.9433941424274992,0.9310210262566468,0.9322020433451161,0.9457024111774678,0.9294572310555458,0.9477227703957035,0.879181933762688,0.9416600063506247,0.933774575166866,0.9476991651598191,0.9642635295720511,0.9338612996042973,0.9434387515906578,0.9504634761285962,0.9294211028981073,0.9311298268354573,0.9398710224100638,0.9582131345546565,0.930959418682495,0.9334379425295563,0.8357348026159143,0.9356571671173693,0.8971987924987053,0.9284751662800833,0.9396297018994906,0.9491779673157544,0.8736488212418995,0.9167410825024644,0.927729430247469
406836,0.8667791481867754,0.9641464770489429,0.9246699643203165,0.9365668417599456,0.9213162994477139,0.9172235262486883,0.9209752805879494,0.9561998609859402,0.9500770845447079,0.9214863324775945,0.929832505023853,0.9411596161453818,0.9333623752124942,0.9041528995799888,0.8775962856843363,0.9381291569569751,0.9483058718726031,0.9382971183868596,0.9622390791047247,0.9251993909795563,0.9502318043813339,0.940389805729729,0.9303015321663812,0.9412992738892075,0.9422403907632863,0.9648645605433711,0.9321368612926009,0.9426143103524018,0.8587544324364679,0.9084417694830024,0.8905096589413829,0.9473314549878159,0.9149971437695625,0.9459080291000593,0.8493749052183105,0.9436337842497236,0.9204317312235587
412528,0.9158335651161961,0.9645173173848394,0.9232464417787298,0.9552857400867075,0.939247065920692,0.950607037502536,0.9128006132135944,0.9573943420517412,0.955650455327547,0.9191016067187462,0.9147724770703165,0.9290447376862757,0.9451551837451521,0.9366089436204476,0.8875058326817039,0.9499337015381516,0.9498847440547948,0.9520671864723306,0.9563960352954431,0.9322874417494912,0.9561109602253555,0.9285498535151404,0.9400243355914794,0.952434088177312,0.9554551455243607,0.9543553006887279,0.9325071740014103,0.9527204015706277,0.9207575332929847,0.9340726246110418,0.9147599128737938,0.9135899454324795,0.923914349549807,0.9298654517495697,0.8994733033801914,0.9565134753749338,0.9260010671515936
413934,0.914396344911925,0.968818326205288,0.9234576836371319,0.955184866782629,0.9280290527663114,0.9405209837651588,0.9232338670538051,0.9418664977220053,0.9400835341431312,0.9167894419718473,0.9381007657406276,0.9353177965664269,0.9389672762193367,0.9367570328265649,0.8894280592052163,0.9510407949236355,0.95075080724402,0.9524199698682225,0.9595341777021095,0.919397297047025,0.9417790218611274,0.9491827813238105,0.941550625182465,0.9501446590800274,0.9534073922176395,0.9621989855806866,0.9306930546411556,0.9347961522572834,0.8195615625710384,0.9124978092291637,0.9336508470117009,0.9426879616059972,0.9393773167595113,0.9333358890942793,0.8508548878655762,0.9360078265490579,0.9295638666794134
414229,0.9123134973091656,0.9577448182089285,0.9274495071152806,0.9239486439860196,0.9269976243020518,0.9385936508230606,0.9164995296437449,0.9397408059395097,0.9512595791890832,0.897502276344383,0.9143748173617074,0.9318291877994865,0.9284249960003441,0.9130783854004503,0.8831874303146989,0.9449408922805818,0.9274284996579053,0.927054805511576,0.9504685342530729,0.9090011483490018,0.9503613874557518,0.9503418055993854,0.9389190173271953,0.9397774854348347,0.9263691033776075,0.9521770953927102,0.9188245609893649,0.940152114677447,0.8935422234946787,0.9329789161696721,0.9249257292710539,0.9352269594137887,0.9321789548262784,0.9262973606363564,0.8693836998832413,0.9327405680106164,0.9227067327240046
415837,0.9189901115649367,0.9650754512606726,0.8936436493923718,0.9473524630951135,0.9313944917523693,0.9360999564608748,0.9009115573733755,0.9344635975560175,0.9396721399262832,0.9320763957717897,0.9257692742784501,0.9353893472009459,0.9566592218490154,0.9515337161102438,0.8752870898491135,0.9492138511915913,0.952257616348685,0.9416040500043896,0.9600823170277872,0.9464054733011871,0.9393917652095799,0.9436657241137569,0.942872859030702,0.9532498032068782,0.9495679040593192,0.9595382373789385,0.9415160596620384,0.9130250499324285,0.9043427705810513,0.9348479377183667,0.901445349931645,0.9459368945218084,0.932301777973865,0.9408128877658142,0.8529468207429246,0.9310999696014535,0.9297201928067407
419239,0.8588614294493653,0.9617638928605003,0.8900172463323011,0.9553155895381219,0.9265235798641623,0.9228324659331713,0.9002306400611041,0.9368425714058353,0.9178108522026233,0.9357812792432442,0.9287716966434755,0.9242210241599947,0.9528695557544613,0.9340573049642569,0.8851848838442747,0.939685334658251,0.9249653912509831,0.9499099351726699,0.9636911532086323,0.9402506518130063,0.9166909519228005,0.946953116295655,0.9327489052323532,0.9215736470541898,0.9492417280828409,0.9619403709373396,0.9421988086835176,0.914560806532164,0.8483381570183176,0.9147805487292897,0.9217809695216292,0.925368650861258,0.9491266943608679,0.9344986882968114,0.8750711970361782,0.9270350362781894,0.9222964310109315
421226,0.9051468460439621,0.9525184283258135,0.9245938882754695,0.9455862218139119,0.9232175268984649,0.9435838881452884,0.9136559527020454,0.9396763033163211,0.9377404062832359,0.9139024154659048,0.9303838499187731,0.9257041222257387,0.9458061386667794,0.9375689608575344,0.8898401338759352,0.9347679033303451,0.9452806723606607,0.9393860262436111,0.953679185834147,0.929330551812189,0.9373982131830654,0.9313042619790389,0.9228026346585576,0.9510591517373357,0.944234529748226,0.9521022330540403,0.9286996516870903,0.9313815037335017,0.8662386094169302,0.920693657328649,0.9211897710666396,0.9447093027591259,0.9362191876800636,0.9332788358188538,0.8232140385645816,0.9264320258934038,0.920895649879518
422632,0.9011184923849832,0.9668711921181266,0.9265809377384817,0.957114168491665,0.9318095912018639,0.9310795855155675,0.8923440572714615,0.9334080150487454,0.9329365702013014,0.9236815928916724,0.9318894764592905,0.9203118672482872,0.9416768379051776,0.9377477324600149,0.8562604251917035,0.9427495648004393,0.9468184940989685,0.9621989871279013,0.9626768953583829,0.9287808743085043,0.9332037107373348,0.9470889496086361,0.9324251586377348,0.944171035949624,0.9583582615511159,0.9597582101421106,0.9299333503579449,0.9016906380765515,0.8008910587127696,0.9183203744531352,0.9306038501991595,0.9326276046371126,0.9581711279346585,0.9422329655969631,0.8647305710269936,0.9299485811068423,0.9142401820225919
424939,0.9217712265549992,0.9578952091375955,0.914076311743494,0.9536384581540194,0.9398274293560945,0.9302965797142673,0.9075914995959814,0.9522076600017476,0.9354961954570756,0.921098980697997,0.9372620996305203,0.9345537961196559,0.9386045744816593,0.9311483294465667,0.8773017072920261,0.9328981000726742,0.924289504435056,0.945301126805383,0.9569109735039496,0.9359720868629137,0.9376550727290925,0.9487519447416528,0.926178389351364,0.9464899890060171,0.9461051353504043,0.9594815991945346,0.9366778403967457,0.9328881156677635,0.8639771230045342,0.9382700868891815,0.8803624831823728,0.9141458560132399,0.9467412519884147,0.9511545496472988,0.8660903559891088,0.9502605381383679,0.9234620085818767
429040,0.8909233358051567,0.9277604066671379,0.9131004348853135,0.9413124797158088,0.9109377234955229,0.9240469244591755,0.9020187237750193,0.940620403050714,0.9471160886695068,0.9214646108206959,0.9221194203485241,0.9223902467094632,0.9475543110294185,0.9369199264026622,0.8794895154523685,0.9162142255082545,0.9312524914400173,0.940752391401989,0.9554556379139453,0.917765511414725,0.9491032699301541,0.9373459095370162,0.9112371560666293,0.9443777457569857,0.9467719585224089,0.9581658804113219,0.9252639242666707,0.9316954908302161,0.8486802473628129,0.9165565526437784,0.8923338571253387,0.9297888822863976,0.9482894058118408,0.919587593787758,0.8465849472730623,0.9548355236910592,0.917997136532636
432332,0.8881614305139215,0.9509047141707441,0.8966552521603663,0.9480814912772164,0.908662254716715,0.9286999780385191,0.8956726025029812,0.9351236952486178,0.9308593434276602,0.9215515874174827,0.922909035143315,0.913577846105804,0.9361786412763949,0.9420415003703807,0.876724415850283,0.9202722332482751,0.9162544723520123,0.9451985810130442,0.9592101223970966,0.9256740928258573,0.9274323401238932,0.9424058111062552,0.9158493726001792,0.9298229117624146,0.9491376977319843,0.9623169447803567,0.9305213563160056,0.9133325229786523,0.8749891259324555,0.932389557127814,0.8889321001349614,0.9237055172015004,0.9517160462014401,0.9453110736729736,0.822405522562617,0.9189902909355366,0.9101095777701464
433839,0.8993060924799064,0.9641992165715197,0.9078827514058028,0.9481018884493297,0.9354801588787532,0.9252144685296299,0.9158039445083725,0.9478640578117575,0.9484928551349618,0.9234148931800654,0.933592831065508,0.9307288256844687,0.9413126474811968,0.9247447639455362,0.8900942402224559,0.9259159470974753,0.9419222316870787,0.9460900347740593,0.9634414804481566,0.917814702219822,0.9482420276921985,0.9642547894394621,0.9268672655108153,0.9396387769447514,0.9508757001786778,0.9634637938823081,0.9218642406270522,0.9422191600785751,0.8560101105261003,0.9563857772146469,0.899110866952751,0.9366614391284113,0.9384243983374724,0.9428125522379166,0.8748920937799327,0.946251370005268,0.9214487115990606
436239,0.8972358405228058,0.9594033153791793,0.9060660394514013,0.94728209363549,0.9353652775813943,0.918379085795401,0.915193029935826,0.9411855181578571,0.9370470082905961,0.9320077453100146,0.9261733939677973,0.9343275978702926,0.9446519041895827,0.9380622803928895,0.8820203314027683,0.9331005972002204,0.9392550113882753,0.9504464515257226,0.96943549580553,0.933717714211095,0.9347056573544602,0.9351469808249985,0.926003051181154,0.9431994070539377,0.9518015453587227,0.9653436023534915,0.9309856564981063,0.9269886307486188,0.9239457325010286,0.9413408506210024,0.9044105698979416,0.9171453756918033,0.9469939267727705,0.9360492958516639,0.8891531121449594,0.9324459025501133,0.9238341824175359
436845,0.9348442796229122,0.9593026715150821,0.9085889543520209,0.9469812837661282,0.9223428235919872,0.9450900685494181,0.9041348200589817,0.94679339818515,0.9243615226818322,0.8968769346911686,0.9064097434988577,0.8846132990278562,0.9143251298885599,0.931873061805616,0.8590776575445238,0.9419237850819953,0.9363660686090121,0.9388043476311547,0.9401769494632493,0.8743977162288433,0.9260368620146697,0.9297539749952695,0.9386287559877258,0.9463943476344415,0.9455935466013342,0.9482494511011331,0.8945570387195003,0.9222753566151614,0.8670930087146883,0.9324757300244462,0.9324085570213649,0.9382743434961953,0.95379161725938,0.9361286183784768,0.8704191477097183,0.9331722911203323,0.9208469240925995
441939,0.8821099647074323,0.9689319335629153,0.8930479597240039,0.9437120609968943,0.9352285666920948,0.9205960610276814,0.9071437992266049,0.9150865624815272,0.9406043419976239,0.9174798371236835,0.9346623211337483,0.916822304972833,0.9439798751369818,0.9498627854724175,0.9075482969467816,0.9363434801965385,0.9411263733044317,0.9464366536644397,0.9566530916011651,0.916914396425901,0.9339177194359042,0.9584063476664308,0.9219738217785249,0.9459525689336824,0.945162932051868,0.9613693195628871,0.9335785307654224,0.9159820618536324,0.8311178525728753,0.9202542576318777,0.829002363015426,0.9411362526937505,0.9325328665607009,0.9348371304547667,0.9019110015266357,0.8690775263266377,0.9176635401506544
445543,0.8910705545057391,0.9627589195310987,0.9286814705572389,0.9493849895908183,0.9128103335926695,0.9191999274769307,0.9276394603554772,0.9521267519154792,0.9366701881932058,0.8981153975125671,0.9139660637597056,0.9296494759447334,0.941569939462982,0.9341501383491484,0.8936871092490611,0.9384232922346523,0.9471794312875451,0.9487102683233735,0.9572712972305679,0.919728638258454,0.938020396236554,0.9447536107788309,0.9313023603891576,0.952800196800962,0.9484941133606553,0.9549423342662874,0.9247942286931203,0.9352837028486712,0.8942609407538786,0.9295512113815759,0.936869377234136,0.9280110957171515,0.9545656069081557,0.9415940895197049,0.8739035824353278,0.9243064070173002,0.9248334018836519
448347,0.8894039129886415,0.9588770811201749,0.9034976436005949,0.9545069116875895,0.9053668246724877,0.9314764160277641,0.9079789445052879,0.9432364052326381,0.9485211560391301,0.9191682843978874,0.9339084145656761,0.9233276184847171,0.9378556312114975,0.9507370085931084,0.9066515306766234,0.9350157589734694,0.9352543991101824,0.9481500291014608,0.9577864828851338,0.9163045539227656,0.9495469387910682,0.9337508256594058,0.9297068466033941,0.9296879873890089,0.9458435657872794,0.958829001114243,0.9233976178883511,0.9450658886704899,0.8773433408241589,0.8873002126743313,0.8812248226771605,0.935065197790154,0.9511305253890974,0.9344957515567469,0.8471580109852886,0.93266110578029,0.9128524709608955
449753,0.941470776003694,0.9715014871402023,0.9180794180337934,0.9442184340750849,0.949596234549817,0.9301861002263766,0.9016143339845243,0.9468265156930654,0.9422338313167365,0.9251317844733544,0.9321047912070527,0.9370907756604936,0.9456899579130447,0.9512992560088528,0.862383295166117,0.9436066113847851,0.947864609469752,0.9485666788905406,0.9567339731454422,0.9306117894242614,0.9420082727673189,0.916878375458298,0.9340569401523281,0.9537234694087929,0.952359861889625,0.9624265743839573,0.9378987293527787,0.9377940375750082,0.8539201494251236,0.9302682762982949,0.9004908397667312,0.948530713229059,0.9483754435364057,0.9287796153766547,0.8752997003209666,0.9345826653596869,0.9239383832044318
453441,0.9243903311270772,0.9571391883288466,0.9410334368527119,0.9460588420780487,0.9454859896407762,0.9335068308850768,0.898428953586599,0.9330723460048407,0.9361285215763674,0.919079232057834,0.9228622482307519,0.9434282067839429,0.940537171841572,0.9286261433484352,0.8775414835665651,0.9339460497084401,0.9419009418240311,0.940635236865894,0.9577059641024218,0.9271154922114621,0.9386255479590428,0.9471562217526,0.9236210946254116,0.9462328227559319,0.9481986698097745,0.9631136989929461,0.9395738387625395,0.9295056605934484,0.8845539476534389,0.9263564195511168,0.8921690924646576,0.9421455711923687,0.9337962889829511,0.9396033333097447,0.8741671579526312,0.916633280397271,0.9193270548604414
453542,0.888034664399451,0.9461808685827509,0.9225851681909791,0.9367823817210587,0.9003866138025324,0.9351726655350449,0.8938832221231995,0.931900129782112,0.9476314827632097,0.8703793820044682,0.8864265813112093,0.9013475902493516,0.9224141946923933,0.9122319987613651,0.8865707315267759,0.9295311701148813,0.9285190095774183,0.9364286077063602,0.9551190991195893,0.8915567765458093,0.9470669890818814,0.9460284730957933,0.9172038726463921,0.9413050645329324,0.9368719292750101,0.9531895557527627,0.8933870735636136,0.9325521836563313,0.8527522061147307,0.9595415703401013,0.8947744090553221,0.9331745330820713,0.9433060362998396,0.929141107144652,0.8425473087680412,0.9153967422088807,0.9388778569543295
454140,0.8890179770512878,0.962425962176922,0.9114281830801979,0.9478921501122344,0.9125410601487213,0.9225120803974749,0.9103972307609045,0.9437088175398469,0.9477608832733503,0.9186922220898179,0.9164283569248646,0.9245233183384802,0.9376107899385505,0.9373996329944384,0.847305933218927,0.9398292652809475,0.9350982011240788,0.9455823602809226,0.953166034162314,0.9294439093025126,0.948276094879706,0.9363313708821346,0.9291193412123773,0.9384115800645949,0.9456744805438423,0.954519529496302,0.9330611135799565,0.9384618967026924,0.8810613664678604,0.9207772776515661,0.9310385929623131,0.9266110937572719,0.9439551430176564,0.9398044774537104,0.8649796195232216,0.9165860440870721,0.9294716970021171
456346,0.8776788196991588,0.9598531297035064,0.916047143869639,0.9517531353485983,0.9288554218124909,0.9285641282257957,0.9114496613169186,0.9435506514107102,0.9535280132055004,0.9348890706997288,0.9279727161457763,0.9113503076056371,0.9532909137628499,0.9368952478971144,0.8879129739562922,0.9398839327192624,0.9475575654147981,0.942609838956751,0.9656808959744894,0.9421183258698304,0.953265846197899,0.9295080513464173,0.9303227359575263,0.9428198808574386,0.9441001817090211,0.9658650555262152,0.9376300776801995,0.9439619638936523,0.885386770868088,0.9145303795328894,0.9311289677996404,0.9436406471288014,0.9429020879318467,0.9467098883973945,0.8844116885667758,0.930786425266009,0.9283507884665613
459453,0.9073214037721006,0.9485918859053342,0.9270340770410403,0.9430321865678583,0.9286855485683585,0.9029967412974854,0.9091975442359834,0.9341700561508911,0.943463072869105,0.9336968535647858,0.9302895654325262,0.9154217127034984,0.9310565628567101,0.9379821424183434,0.8867913631417069,0.9131392998540561,0.9393468382860517,0.9390269403240084,0.955779673833939,0.9233364659963131,0.942836010529954,0.9333898288986159,0.9113610436547724,0.9444040060312924,0.9399582999658566,0.9582854666459028,0.9322932897191419,0.9358251259463524,0.8397409951915616,0.9153963135898769,0.897446144813494,0.9187590993878514,0.9411904108744193,0.9272144119397869,0.8502570537966827,0.9328672595834332,0.9128300467570178
461743,0.8759241215382744,0.964317846100472,0.9099483102950741,0.9572649425670648,0.9280949280152259,0.9363624113904145,0.8976801163825193,0.9241535967942016,0.9448092934662407,0.9247028416009804,0.9173835741910057,0.9368382490064237,0.9384535450451396,0.9120374788811106,0.8437945373783095,0.9470756700457399,0.9473955401669781,0.9502617843085789,0.9633431464556297,0.9203166615729137,0.9459706046050278,0.9245582747836065,0.9253155947847954,0.9471753517313154,0.9501717411890077,0.964378252070592,0.9313845299588978,0.9291984672070097,0.8724161211217037,0.9341068847280443,0.8979358791706704,0.9395951009630655,0.9473468110632354,0.9275084747233351,0.8685769735599446,0.933852927704871,0.9210761104484009
463040,0.8761889782809877,0.9604234427349239,0.9198814099297412,0.9573950841401222,0.9265314199406456,0.9419643980659502,0.923752090070527,0.9376628680520596,0.9318973609634149,0.9201124655964197,0.9364229084456275,0.9334109785105559,0.9453248483518825,0.9329185868560846,0.8575743309528638,0.9441606369852875,0.9485558726119315,0.9593936856650159,0.9690922775735942,0.926599728231491,0.9354779609016325,0.9531484942975915,0.9303272577601138,0.9368733528255836,0.9556061682466522,0.9678314462552575,0.9296591795448438,0.9365946702224027,0.8443303299311816,0.9470732391528552,0.926587539716133,0.94069817084995,0.9533865578107372,0.9370349492358812,0.870568647487838,0.921278977438165,0.922988117625941
465852,0.8933013153480938,0.9518972073547638,0.8883437478972552,0.9395699316337867,0.9182194801951147,0.9295472890066604,0.8763455251697163,0.9397324161928957,0.9465831788148749,0.9147017746510636,0.9186864977185157,0.9159785653193808,0.9141690731314747,0.935644504919537,0.8854910021237667,0.932021502515742,0.9306109103543868,0.930266180323519,0.9564807104855471,0.9145227365015736,0.9439814066917791,0.9333884784115041,0.9271029742484731,0.9235401735000203,0.9302454765250476,0.9502543096870543,0.9178687145041922,0.9325838412730757,0.8773663194358544,0.942300183530039,0.8959928629907391,0.9259289078571542,0.9374282323909878,0.9261839215199371,0.8812349339868825,0.8992486685393308,0.9359373048998235
467351,0.934403137547706,0.9391306208772988,0.921629000962556,0.9524290199408463,0.9429084618219681,0.9425455520687831,0.8984141908584128,0.938394316898227,0.9179641093561527,0.9262933343668919,0.9395421948135192,0.941253732649609,0.9485065209182126,0.9544145104412046,0.8804657479430856,0.9280050170244121,0.957960009487477,0.957198466363825,0.9633331137022128,0.9329508334950295,0.9175992733974635,0.9443366892719421,0.9208132997292819,0.9548936063418981,0.9553206787330967,0.9612625562586591,0.9325769817311863,0.8977798888527216,0.8573359141671103,0.8838151691258764,0.8937785170424185,0.9450713838026542,0.9464990077718283,0.9331410215294248,0.8813126453018307,0.914174958109867,0.9062406377700266
475855,0.9035432003191193,0.9552648430892897,0.9149312640321556,0.9522460691859385,0.9271403974605676,0.9119546220409872,0.9076330658358941,0.949525031204671,0.9379237360721521,0.9215529850553227,0.919681312594935,0.9298512442762191,0.94299873743344,0.9505472740852511,0.8702735644861245,0.9256527998480015,0.9236431345573947,0.9577072541431703,0.9574229496579447,0.9330915657504286,0.9372842037033962,0.9374241331361116,0.9140187871430246,0.9271145703523022,0.9510312318651092,0.9611613237848103,0.9338030466209069,0.9322050630040543,0.8547934977768679,0.9033641839287718,0.8936832203619912,0.9121720673182422,0.9467190133390279,0.931076725176136,0.8317650628221754,0.9503352448488125,0.9338546103149695
479762,0.9199007754552581,0.9609514697468795,0.9025557744831529,0.942888646595915,0.9336760638800125,0.9116503408254778,0.9076088323587396,0.9381889136777871,0.9472397738398356,0.9181953711253269,0.927527476631924,0.929348068342345,0.9338701665327541,0.9350977967441879,0.8947772260371434,0.9241143943175598,0.9392657745576299,0.9397906280819797,0.9463022987338156,0.9161230733907293,0.9468996352725193,0.9498304139448379,0.9183942425219445,0.9483492375686645,0.953789270025088,0.957020916243951,0.9302150870259556,0.9327530637154449,0.8677455166555512,0.9457009375166096,0.9143160813921347,0.9267347920168232,0.9309937722838872,0.9229682453841166,0.8692206358896845,0.9152463191239516,0.9270990861380534
481042,0.918487935976641,0.9646199633359851,0.8865007001928484,0.9551203211186727,0.9312652643072081,0.9240633363641484,0.9309113288726614,0.949059687853192,0.9555769256296709,0.9059173335314463,0.9228631482197736,0.9342509213279713,0.9373646042552011,0.9483841262537315,0.8847092539782059,0.9341297213452141,0.9323903314128926,0.9533746600603024,0.9619314742241819,0.907870300199808,0.9556826364540281,0.9482345694407772,0.9241867082881601,0.9384888417851033,0.9533623998256486,0.9625423788034891,0.9159799383701009,0.9506122246983059,0.8477343990406783,0.8922879145359879,0.9056726325905066,0.9279696660077452,0.9485229749199097,0.9526121401106922,0.858889922334553,0.9445048802769326,0.9171164943814621
481951,0.9384988121866553,0.9584945630643782,0.9178534402588411,0.955091878301716,0.9368504422842772,0.9254762829574238,0.9093562120030249,0.9408252204588996,0.9368323495137426,0.918879247369842,0.9240905880731708,0.9168270550222184,0.9436442519930106,0.949559065850356,0.8788754223902372,0.9282171964297737,0.948947967048662,0.9566715287832697,0.963621351561257,0.9116792778265653,0.9351536077720517,0.9520645538558354,0.9209765935449575,0.9579387189028638,0.95012178861336,0.9644825217740034,0.9234918584411971,0.9301673584561454,0.8529326864030917,0.9303114720603213,0.8705873328150959,0.9253584386227738,0.9448798393594574,0.928316335004309,0.8885029430267485,0.9319048504310586,0.9188675480278108
485757,0.8906043417225,0.9638995645009226,0.8886813330956662,0.956578393881687,0.9164126579554868,0.9214082658001526,0.9066989028828297,0.9402827879095855,0.950589588382659,0.9348331147750316,0.9273780142158927,0.910029389503406,0.9347080318483064,0.9328622790567864,0.8681799402658793,0.9277860424336019,0.940025637501121,0.9528663045109776,0.9616502916174643,0.9263732573096217,0.9516947413867279,0.944757471659138,0.9231906716185238,0.9456290872747165,0.9485085287569243,0.9621052054000659,0.9236389321503699,0.9305252646912492,0.8718280629507885,0.9384911995405648,0.8682304020858777,0.9339457587243055,0.9529423085889092,0.9492418266134266,0.8719854644207886,0.937262794296139,0.9143767387401592
486759,0.9086345319620949,0.96068956326733,0.9139729396459838,0.9515128264042075,0.9358900034306824,0.881733102648032,0.9224348190077573,0.9288717126984475,0.9449403766847059,0.9401823925348862,0.9087364405973646,0.9375752021511428,0.9484183167800945,0.9168296786120314,0.9021123301281359,0.9153510536564478,0.9319071519941169,0.9506656473973707,0.961641698620227,0.9464698494211633,0.9453267486563441,0.9587204954162002,0.9283910663456408,0.9375022158529513,0.9498789535032514,0.9633171516494664,0.9467340520317139,0.936504004922975,0.8497758643783189,0.950307007881544,0.9033405219969922,0.9064106178214645,0.9350740474099363,0.9257153838392596,0.8939199242569097,0.9024256885232539,0.9273583261822659
495255,0.9169672771230651,0.9515991553775566,0.9105068764147546,0.9410876223518144,0.9412185121390284,0.9159216479758154,0.9081285076162998,0.9445803174671545,0.9232552642605857,0.93021107708743,0.9169988248169575,0.9324070169054239,0.9423598850031432,0.9289360879376973,0.8695452290618167,0.9199729082673607,0.9285964679080146,0.936451979033947,0.9628552347250269,0.9260378990407221,0.9217439595375715,0.9440850699340084,0.909003039127385,0.932735334699256,0.9478389977107279,0.9585686410576754,0.9300021338820178,0.9210107448151871,0.8304492339543731,0.9344791355848776,0.9035872756191975,0.9118549544302769,0.9432034875427805,0.9360651730568594,0.896778236055491,0.9397165306873582,0.9213113444609133
497865,0.9241425014455871,0.9540470286100718,0.9196713957533786,0.9541665568347175,0.9176425648467963,0.9301830847437267,0.9052542208621761,0.9485228876328038,0.9368693589715945,0.9204781684288112,0.918779986503659,0.9157599002864271,0.952527442179004,0.9343296916081466,0.8862696385055284,0.9364805396632585,0.9380019366274797,0.9515435112090633,0.9600826614228984,0.9304182384313864,0.9342031271221876,0.9230167212577132,0.929170546921501,0.9376344544872874,0.9494178331628438,0.9587436474841236,0.9316337208054887,0.9371480340752749,0.8592256157846164,0.9277436180416064,0.875718656768916,0.9350492372612521,0.9482281617053723,0.9459708396746109,0.86607498484372,0.9345728919648809,0.9136519682121697
499566,0.9098799865408581,0.9562207201072891,0.893429193192205,0.9600978815953145,0.9234697895281639,0.9401064231600826,0.8884223594148397,0.9314371902621588,0.9341579706990304,0.9220569892001296,0.9262417352342512,0.9330733187096131,0.9487072445942177,0.9491695878531116,0.8652486809070389,0.9449002491413581,0.9487146026690247,0.957399719477889,0.9674612889325236,0.9275267765244078,0.9329197484434536,0.9195376924969373,0.9326846317006777,0.954481392945022,0.9518352789524723,0.965859575495521,0.9288930609751168,0.9148125613841315,0.8760893778720557,0.9379375237035781,0.9104235731825537,0.9533964684930867,0.9579969857735229,0.9425482430143184,0.833605406304465,0.915460367226241,0.9174861740267756
500222,0.9168545989747182,0.9645948384306426,0.926912373758862,0.9582116502780708,0.9225788905295594,0.9206969746124904,0.9318458518598047,0.9411313945400197,0.9589002021583961,0.9083252182088719,0.9213037358540092,0.9213088451373491,0.945590227255784,0.9209422309306501,0.8870539824167234,0.9322653514505379,0.9482534790831093,0.955170039739765,0.963293192022508,0.9073153636665907,0.9590923407233575,0.9534143359437872,0.9226357054021044,0.9394422221418587,0.9496214389981653,0.9625955129028249,0.9171926766271764,0.9496256313961077,0.8572309752884331,0.937537028466409,0.8983719137125031,0.9362385534820195,0.9320823098929416,0.9345774503033594,0.8457132393184063,0.9303571135916346,0.9185639125912982
506234,0.8883547872393704,0.9671767202056123,0.9337335264664612,0.950744814372519,0.915708037064283,0.9144187207727633,0.925187281704072,0.9534133816826256,0.9292079146093912,0.9292775473916962,0.9315365922906661,0.9379805217551872,0.9516542781885444,0.9370337374812314,0.8895976005158407,0.9474182983930628,0.9476821057376036,0.9498093256440822,0.9722743928414924,0.9343211672514214,0.930355588652324,0.9563441250287257,0.9401867439019196,0.9510952558163456,0.9551491085632773,0.9703368217098849,0.9398692502803684,0.9299224358940819,0.8584399373302579,0.9459876183633223,0.8878682192145302,0.9464029418046891,0.9416315739113545,0.9420720172799598,0.88370981912825,0.9416985462707899,0.9251361715802346
510225,0.9079358849955945,0.948408371610484,0.899802082829287,0.9440794103916718,0.9234056814443672,0.9300319967008529,0.8858635484221444,0.928372615956451,0.9272339044749595,0.8958364759577522,0.8874332354396282,0.9294640938190549,0.9230104499142089,0.9236710523071296,0.8492953327803596,0.927583135229279,0.9560131852404461,0.9301109581127862,0.9527091764836668,0.9006992878947503,0.9271156879461365,0.9514530802252619,0.9106201682347072,0.9562617115081415,0.9356261907413991,0.9561420519919848,0.9163711393704036,0.8987663358239909,0.8058589970941641,0.9107560777889608,0.8297377113572548,0.9454862191530559,0.931867665309429,0.9400867584064554,0.8438610293726637,0.9220027033125645,0.902152231453491
510326,0.9043464436310459,0.9616503263453372,0.9079541685400845,0.9402484726943863,0.910537082218785,0.9260315678667399,0.9192138541988647,0.9464323069654952,0.9480762834664695,0.9264179413771803,0.920317572119882,0.9239147444973124,0.9390957866321731,0.9298356508660411,0.9071397907625552,0.9358007445264979,0.9392495756561506,0.9484929239578342,0.9621466859230055,0.9370953017017459,0.9476556282805518,0.958997014398389,0.9303232387509179,0.9457639151390498,0.9487760055157624,0.961016330691229,0.9348963663013202,0.9318690031370073,0.8865362434257245,0.9235521775239677,0.871761802124806,0.9375278926294469,0.9359659284970681,0.9326374645149543,0.835606863592476,0.931599380502628,0.9061437337651017
512835,0.8886656775410788,0.952915216041658,0.899229199220989,0.942327833539068,0.9126122178221415,0.9390820534266825,0.8902714750833476,0.9192502124911711,0.9322345335323983,0.9279753344252847,0.9241246214981476,0.9349423231131819,0.947973017104386,0.919409777485394,0.8635344703736636,0.9331042134043502,0.9462156211578334,0.9355213666723347,0.9629640367025585,0.9194881876278931,0.933621456178372,0.9326739576299851,0.9265168151613298,0.9504914984536161,0.9412231605020356,0.9606268952464025,0.9296635426957572,0.928695531069586,0.8604299709182233,0.9095611512818199,0.9214468010386384,0.930544702398741,0.9177065283562783,0.9312798660472955,0.857445761642172,0.922841771111687,0.945473213583945
513736,0.9182138978191624,0.9531315445081782,0.8917309198887502,0.9522358978055976,0.9390901772531859,0.935081347592488,0.9094575668366232,0.9439036495257428,0.9609010342322155,0.920824228444909,0.921769138242708,0.9392002298746621,0.942073954971927,0.9129835187844019,0.8618463279478797,0.9320689616243729,0.9347916406616564,0.9493671458451837,0.9612637311336867,0.9338188889310365,0.9598814079417621,0.944098502717467,0.9272095119811132,0.9364645115153536,0.952084749469241,0.9611235805791546,0.9331716260330779,0.9463577329069507,0.862379134110109,0.8987186464409715,0.9060454800022839,0.9283645266852677,0.9534937352236489,0.9427799416755211,0.8785672013625291,0.9346479137217991,0.92903453959254
516742,0.9120227020147569,0.962120800081846,0.9259060169568719,0.9617286175344792,0.9145586371708373,0.9362185933559831,0.9327650568526964,0.9410788668575669,0.9478145902039574,0.9403529342376025,0.9353079672472178,0.9221945936497526,0.9100486667060218,0.9317119221093659,0.8948287864018186,0.9378834019732852,0.9356110824619257,0.954908000733517,0.9561027981818851,0.9115557667110322,0.9475843048089881,0.9490365181567926,0.932032118474422,0.9385429013192529,0.9542885119634604,0.9574071976276771,0.9162984242437789,0.9419966289047694,0.8346973792718401,0.9456189453404839,0.8891427111281537,0.9295360264278666,0.943062193931249,0.9459784924439165,0.8523239323870653,0.9409116305047663,0.92319371865483
517239,0.8885277585907365,0.9580119104207997,0.8735913953286782,0.9425117056227194,0.9309099116219914,0.9251450695631985,0.9167323640962636,0.9296581260136562,0.9557169328810516,0.8888567103033909,0.8993931693354349,0.9291848710155003,0.9369387330190267,0.9359822501136201,0.8581398104060148,0.9387115388923263,0.9406639199397032,0.9412241490408939,0.9485373193891962,0.9008693750999602,0.9569100001793277,0.9453321223361967,0.9261027527036964,0.9404730988658325,0.9471505601134689,0.9513983353024376,0.90984942980627,0.9382054212640077,0.8397856629193292,0.9042166122072677,0.8134955793512861,0.9462122381584419,0.942199093704457,0.9336953094623809,0.8857244315170274,0.9210337653445202,0.9082495503713515
518746,0.8996059013201679,0.9694367629694581,0.9051073679226276,0.9360496790857699,0.9297223225389694,0.9229679499284319,0.9246895268461821,0.9511452129041381,0.9487024328907823,0.9053354981499918,0.9169163817558211,0.9431697939380683,0.9567386997888379,0.9336592180514471,0.8998584982394064,0.9402415043337884,0.9604899680412889,0.9328898326092514,0.953291310793755,0.9169454204257439,0.9493170586156936,0.9402211178968762,0.9361118878441096,0.958724684726878,0.9379777940759753,0.958873991795941,0.9298921788843185,0.9533398952061921,0.9055769554253101,0.9124963455229674,0.8954933736183767,0.9383789341530107,0.941106698658646,0.9403654604627542,0.8728462647041982,0.9463140276313929,0.9312309491914964
519647,0.8640349153592278,0.9510344338996931,0.9016303364171765,0.9608021441618232,0.9391785342519452,0.9265776844546822,0.921994334092378,0.931577446149507,0.964465390411733,0.9197393250593866,0.9414416776813916,0.9371451142808226,0.9351292790914948,0.9336564936515176,0.8794471713534139,0.9341412945475033,0.9252201647371688,0.9559489775706826,0.9558544136034749,0.9199065123220999,0.9643014760423139,0.9426361601522122,0.9305892298822762,0.9269266660977062,0.9511148573851085,0.9556496865016633,0.926352509361481,0.9486065466844572,0.8522092306819303,0.9345972481812588,0.88802286254171,0.9254161534899081,0.9466898664911242,0.9115760915931749,0.8725629362332591,0.9322661568821109,0.9261509023148361
519950,0.9216959314114761,0.9636164653252212,0.9263096441274565,0.9591224129979745,0.9389633085284286,0.9433145222662019,0.9213712319522204,0.946940594830274,0.9520421143819323,0.9235548151080782,0.9338481163676221,0.9383421122209803,0.9614029674906222,0.9461861028526561,0.883548447463398,0.9423161447063924,0.9563862988977517,0.9503749411254989,0.9634728635815885,0.9326414275856839,0.9518730898680028,0.9625442215473361,0.9308092985362663,0.961976030348916,0.9477435668207113,0.9627610506906213,0.9366388704508586,0.9412867689549569,0.8619805752791094,0.9379677439197592,0.9029195078874581,0.9521200531540684,0.9399750672185938,0.9494533813186545,0.8917714773284839,0.9304981642777216,0.9183348603259681
520228,0.9133751150508295,0.9576949982865299,0.9395540346403162,0.9563759386186161,0.930369260071076,0.9296870622434726,0.900637081852015,0.9520378213268699,0.9446939019398011,0.8924621432074094,0.9410326669731557,0.9339319625922615,0.9288720176135714,0.9491778942857367,0.8887402288518365,0.9319104101079302,0.9425112714420492,0.950360320455334,0.9482392534282771,0.8807217511841798,0.9491731704336372,0.9468755560617217,0.9270595721596113,0.9433486993943766,0.9458431342221454,0.9542900324931846,0.913752309126018,0.9239875778243583,0.8878350071368023,0.954548450800672,0.9051052565902529,0.9392719874668077,0.9501810065936027,0.937061849724391,0.8827991512484538,0.9318951990327097,0.9238219550634932
522434,0.9154762187703057,0.9658556255886566,0.9085361569555502,0.9506975193392926,0.9370239142220949,0.9466248510013913,0.9102159125434183,0.9415358294499324,0.9525629531080163,0.929596173645269,0.9476249015577658,0.9301947597395334,0.9554013186432619,0.9425665656698248,0.8656322579465835,0.9470103239032334,0.9522465350777171,0.9494314268427998,0.9497986604946904,0.9330697581603248,0.9515217582371087,0.943571306759664,0.9306983318722074,0.9542310564331857,0.9555473842982891,0.9561176705416015,0.9383100884473514,0.935311468103366,0.8251464454339902,0.9299688413069102,0.9200089127917244,0.9425836648365774,0.9435952523322381,0.9180552679503117,0.8420289752725117,0.933539058062526,0.9251373885994201
523032,0.9289378346519106,0.962894205079894,0.9164263400899307,0.9545691063270321,0.9395300667771097,0.9414483804487236,0.9102301866181378,0.9543728814634933,0.9480844323284333,0.9021638649534948,0.9143973519256745,0.9211132867829697,0.9395529512161918,0.9077364664108571,0.888312075721793,0.9456989362732964,0.9575542587253998,0.954798024167167,0.9494293794503446,0.9058815646906537,0.9483237171397144,0.9499920230674196,0.9341754047528179,0.9592272087972448,0.9549100115111597,0.958899137533393,0.9154302221181112,0.9440017489516124,0.9027077494583265,0.9318637913024863,0.9264826674969874,0.9383183510082522,0.9488227741341856,0.9158995260301644,0.880979350757795,0.9471562784090097,0.9331206452187099
524135,0.9191296604848932,0.9495531411714745,0.904844167744695,0.9483297266733344,0.9361019365294931,0.9343592049513868,0.9038900668315284,0.9446435817611566,0.9214631978223294,0.9275178585164083,0.923846981716647,0.9288328942581496,0.9498672770398107,0.9351517344655137,0.8796622792270455,0.9301411455266896,0.9290537351988155,0.9483133448851448,0.9634023466543941,0.932664980001424,0.9225504869203871,0.9492308767764859,0.9193337373729977,0.9322290358212189,0.9512799682829851,0.9609216761125484,0.9310267686845449,0.9232240365165543,0.8423904902976956,0.9222077857631843,0.8677885118667211,0.9342049581770814,0.9453383978227624,0.9412505301412978,0.8803038396037745,0.9111649685371316,0.9158395938574813
525541,0.8924750764547036,0.9608690413721449,0.9229035653381021,0.9502303103885266,0.9149867817013941,0.9440741602159748,0.9143385446790336,0.9452417202213577,0.9467883700555776,0.913821145340792,0.9302482164231862,0.9079321625050104,0.9322969224014622,0.9400351526335827,0.9234443009943784,0.9450278457729191,0.9372783097335792,0.9422024054613328,0.9590164284032121,0.9100804893910921,0.9479738504035169,0.9599743639990421,0.9346274147379362,0.9451230479871926,0.9511800145492568,0.9632624225705074,0.9209422296283077,0.937757423808172,0.8939923246427648,0.9220223373329831,0.8941326286825138,0.9311613710224638,0.9331837856742287,0.9245869787296841,0.8616159071678783,0.941430281657046,0.9113073592574719
529549,0.9059367613246964,0.9607496355369028,0.9245149485869002,0.9638187115157077,0.9309145377399712,0.920664515146371,0.8720173768626912,0.9423027915485466,0.9444434486030151,0.9149688378227325,0.9260502017488398,0.9343388671419773,0.945530022089928,0.9431210148286758,0.7941693464482608,0.9274301906976173,0.943108594028265,0.9607584355191937,0.9681098854522147,0.922296841173849,0.9483643617102567,0.9281403288011232,0.9264427433209209,0.9500774274015462,0.9609253386655688,0.9688917287072826,0.9282686895336963,0.9237225498685337,0.842081891682271,0.8929315680357145,0.9051104484040379,0.9400064767669186,0.9450845997352368,0.9395904117359538,0.8949575509910312,0.9321629014065979,0.9246352836169943
529953,0.9008363145113694,0.9620445902054381,0.887557657737983,0.9532802734222677,0.9285773372345895,0.9233799063075738,0.9009668696800831,0.9336206381840423,0.9219467109462296,0.9369653631759821,0.9206794165490962,0.9259992236506952,0.9524549553083047,0.946686762998935,0.8693717740941089,0.9383210507395319,0.9421939119064247,0.9456927428369086,0.9545003250614461,0.9453679717589109,0.9235946704384567,0.9496832871058062,0.9287946214385352,0.9482142007873139,0.9432789767735967,0.9484384491761672,0.9443212771982589,0.9101698961137727,0.8631831632496547,0.9227321112596365,0.9236414764158163,0.9276882867415092,0.9295277318451293,0.9397956570845203,0.8727378362463647,0.9034108426987871,0.9258079551761568
530635,0.9193111425193313,0.9491611635341616,0.9294052865792801,0.9405619388393045,0.9312154158286201,0.9181802057882076,0.9228587339639374,0.9536257030877603,0.9488198427079086,0.9089003290489921,0.9064513947510687,0.918056262798359,0.9456933905924193,0.9268739314466916,0.8826255165918909,0.9183083433501599,0.9270883622904992,0.9395146674444165,0.9627875003699842,0.9123557320266793,0.9493360030469862,0.961371116421492,0.9103795165208765,0.9281482138490552,0.940543049402203,0.9608934009786291,0.9211065938618432,0.9390193150682054,0.8734427376883406,0.9267858568060398,0.8985626601736872,0.9385644512698758,0.9410874523835642,0.9507807797731076,0.8519805799570304,0.9453877959148097,0.9141347328562811
531536,0.9057431664900698,0.9556755671884493,0.9084882726525098,0.9597756169881148,0.9193251131707285,0.9124931107773318,0.9101361360507884,0.9399711417463928,0.9202031518990967,0.9311369883158679,0.9447064823790563,0.906092698038952,0.9425152740051349,0.9309853155107838,0.8914136793057842,0.9245797337223839,0.9546446008455848,0.9570996227314599,0.9563729978900862,0.9268109813574762,0.9204928007064949,0.9508372540897104,0.9153382210447502,0.9537706764572965,0.9568294509788591,0.9598476511884898,0.932952133878531,0.9146051634645489,0.8588711555966163,0.9476798279919919,0.900790711885851,0.9500309316840484,0.9387427241651245,0.9343241018907832,0.8749080489663231,0.940693625099638,0.9266873204102205
531940,0.9053096365248167,0.9500565650257276,0.9254011037084362,0.938312096929679,0.932022967481321,0.9202731994105185,0.9017206214593213,0.9269860480844697,0.9465206494460172,0.9149806858338679,0.9184618087804615,0.9391117887329806,0.9508242853494708,0.9353206382164271,0.8587338866028501,0.9298807676576928,0.9302142237126512,0.9371550789708372,0.9581472370120547,0.9257640080350775,0.9487742250075007,0.9343226084905585,0.9236670314533869,0.9335559127505251,0.945852998483997,0.9589155780114875,0.9343562242220499,0.9377145356367566,0.8291197445516134,0.9455575889525355,0.8435680544272083,0.9318268156149944,0.935716628293132,0.9459495201309812,0.8665020456608673,0.923831089189735,0.9168970250276216
536647,0.9022443767227262,0.9574544020043457,0.9147050228704818,0.9422353250885716,0.9233434388230415,0.9379932698950363,0.9200014451436527,0.9476151216172822,0.943042802464959,0.9292163750215803,0.9287238892975278,0.9306992566745063,0.9413000648858973,0.9393382261641916,0.9117553856131557,0.9334890864490148,0.9368424727299732,0.93829482578988,0.9639603754343438,0.9272555416922204,0.9456192553077843,0.9536944967380134,0.9349635495249797,0.9299707508611744,0.9479030330830792,0.9631599202445524,0.9288097340507452,0.9446444392588224,0.877459444642638,0.9509970352435809,0.9015732696136787,0.9359965330048137,0.9256082555748252,0.940445217704488,0.8329715424098774,0.9338823412068522,0.9173310339261533
540436,0.904661801002168,0.955405249596985,0.9002088759955379,0.9376172966313678,0.938837728282405,0.9353794749550964,0.9186183640578951,0.9307304548601484,0.9446301116988586,0.9159693919105976,0.9297348037073753,0.9350551278437716,0.9386938013672362,0.9450865673962622,0.8884409464582296,0.9466270338789057,0.9238225163846024,0.9395123133758886,0.9572843441157269,0.9293189842989172,0.9424978738450872,0.9432109048976351,0.9361144715801162,0.9265918260441437,0.9397785472222927,0.9617798973480782,0.9317586953870206,0.9289695235424588,0.8444802288340743,0.9092144312038545,0.8933033900307601,0.9372056227693778,0.9460642792720804,0.9401666694781495,0.8740718198028236,0.9276901934947959,0.9121426309582367
541640,0.9051514536044432,0.958237080384308,0.9184540239840573,0.9509309884109897,0.9387694707964815,0.921812869688433,0.9220668849947271,0.9454080943236386,0.9493310997302477,0.924345530241382,0.9178950300910316,0.9201938094640592,0.9473099044420377,0.9374841814840008,0.8945604086952447,0.9337117914814151,0.9472067569526831,0.9515112016322888,0.9499634256560993,0.9178553014574459,0.9494051432316356,0.9582367652716292,0.9307614561437696,0.9485466871732153,0.9503418477604243,0.958067878556807,0.9276833521823876,0.9452536699550775,0.855965791855027,0.9525996522198151,0.8979860226238009,0.9396480573390994,0.9528317343674001,0.9404150327960661,0.8766786814778614,0.909685726089566,0.9237630393752182
541943,0.9166067131186364,0.9574190871613105,0.9293367967258634,0.9457651243596868,0.9385924925402225,0.9344093549681194,0.9180396463078163,0.9395324091361955,0.9349356446160336,0.9208170396450545,0.9169405214034358,0.9252341300877037,0.9427949489396188,0.9438569124202777,0.8616059465101362,0.9345192865337543,0.9268771273892101,0.9497858671033312,0.9692362699256474,0.9087069932624939,0.9354372870930604,0.9321917815779746,0.9179227534285893,0.9416710781853984,0.9495953628085954,0.9620924548994411,0.9241010754991256,0.9233083425189287,0.8663728749081251,0.9115551837080661,0.8887239371645993,0.9242688615901753,0.9394429438449136,0.9390144034251038,0.8720929200224469,0.9384143681195452,0.9157341136830851
545345,0.8973585444175501,0.9573572101488479,0.9117415666988343,0.9365978162870311,0.9302988317331282,0.9175513361870402,0.9134458800036946,0.9383204034866256,0.9348427221027971,0.9260574921806911,0.9311570223610698,0.9215807855572525,0.948042989636559,0.9440977201011564,0.8631160059169589,0.927165102691611,0.9367146902601036,0.9410304091409606,0.9610469127319393,0.939113770085882,0.9337963261540275,0.9492767376340073,0.923849103550617,0.9339694912389784,0.9362649145129478,0.9547413004042169,0.9397739010094435,0.9346261566867858,0.8416310343980742,0.935578550260882,0.8896006941657603,0.9428433916500095,0.9390353344274124,0.9294296937942382,0.8522718105210205,0.9284353714257025,0.917342806359302
547046,0.9020780158180772,0.9554384605404732,0.9099018424270855,0.9495676115444165,0.915375795343407,0.9259069990475285,0.9049378350511466,0.9367438175704983,0.9408940878220097,0.9207016029261578,0.9297064359298877,0.9177333752647656,0.9349150943961269,0.9499292806158658,0.8814822056087112,0.9202752329700559,0.9416600215185478,0.9478434934289447,0.9616361272425046,0.9253883794156136,0.9414644449062203,0.9473440638675452,0.9188799662956267,0.9455840507980862,0.9491151078751375,0.9580130727885131,0.9243949221798352,0.9362212962015891,0.8704856452560386,0.9292419642143375,0.8496302426147614,0.9433226474422772,0.9403227024650981,0.9350874338846525,0.8578448495465344,0.9243389652148112,0.9090416810357345
548250,0.8847536115471378,0.9467550944339871,0.884427665793525,0.9476910698222919,0.931723906579787,0.9167485759584462,0.9090959183449512,0.9427090076539244,0.9464106083014934,0.9217221655725184,0.9333850441993427,0.9361738878808986,0.9420147316546994,0.9276386044962838,0.8825573203196816,0.9162934146424536,0.9146185221504568,0.9452663349552862,0.9574004335704752,0.9242349666735112,0.9463164041008204,0.9411873236984598,0.9070476848225986,0.9356336776107762,0.9481796035337285,0.958560511406137,0.9285112904472559,0.9337653117207535,0.8626837515055507,0.9397263826517518,0.9107759760745123,0.9458329666005861,0.931118756018575,0.9405365720359898,0.8329769388997331,0.9248281477207966,0.9169179830720218
552241,0.9150157692482281,0.9449812033551499,0.9106027447595423,0.9575045978400547,0.9228732201337935,0.926237723182873,0.913638025291666,0.9471681547305427,0.9500785256931621,0.9204193962318701,0.9254127871549879,0.9241655798369954,0.9318581938906679,0.9326810790692129,0.8640791502645938,0.9212995508018218,0.9272213854283354,0.9524390777476253,0.9639958264368143,0.914236428025129,0.9506636831873772,0.9338599388040455,0.9127199487806289,0.92833355883709,0.9519977829865541,0.9665998649327968,0.9252607713673158,0.935924293364584,0.8405639402237587,0.9105681350058994,0.9046055764517666,0.9235377102978379,0.9388445283690803,0.9454831598100202,0.8942423128813242,0.9450067650779468,0.924469339031862
553344,0.8857305277751386,0.9549418942684178,0.8980281330485795,0.9538598894520948,0.909802138954744,0.9369128024388509,0.9066128523958851,0.9535041872131405,0.932606565503746,0.9330326231815359,0.9295575331436741,0.931799615746463,0.9408427086501385,0.9129137525883035,0.8821870659363917,0.9437627077601475,0.9375434340032239,0.9507246507236137,0.9582542657926809,0.9332872303351061,0.9352583731077303,0.9213554830695374,0.931694973592458,0.9478821827149749,0.9553023482708453,0.9588405420015323,0.9394335274437122,0.9370838944424164,0.8723231566493237,0.9532742114350387,0.8978997788508816,0.9375281260989773,0.9343468326316782,0.9241523903072819,0.8409539313451314,0.9340233710654561,0.9153857325915824
555348,0.8838917704407905,0.9636608937118732,0.9014420617512369,0.9430332151582889,0.9155925189373307,0.9404872322982563,0.8882027320952398,0.9442178758808549,0.9326908260239797,0.9201479577833188,0.9392470509195623,0.9277787256330646,0.9434270336289118,0.9125408000289313,0.8529715520607167,0.9476172822780822,0.9454906117139346,0.9382188935241192,0.9639909128098056,0.9229633936063268,0.9343529840274831,0.923227263528904,0.9359868434064498,0.9453523521176158,0.9441767306725285,0.9628596630119822,0.9270459744010181,0.9297732010490833,0.8545595028199607,0.9067877993234481,0.9203220331073187,0.9343819685089727,0.9522031228897698,0.9430141210437837,0.8791729376680896,0.9479197029378098,0.9380518075527655
555954,0.8811812170646001,0.943641718152634,0.9317927029073173,0.9326575736365913,0.9226076507452932,0.9222129905479429,0.9189853857813505,0.9323961849181922,0.9391290161980633,0.9255513181608145,0.9230482839795922,0.9365527046108724,0.9439993553357654,0.9328741809144446,0.8945482599166424,0.9270384088287812,0.9440385672782378,0.9333749320541743,0.9614169567993515,0.92589560348335,0.9404901132480284,0.9479932391255474,0.9135453009819337,0.9461703036423326,0.9407395614834132,0.958922846858582,0.930300255529611,0.9260900203954475,0.8326666640610325,0.9448909412575247,0.9099703923184205,0.9340800252895723,0.9164418123445678,0.9251138572192372,0.8547775159993939,0.9470348726800036,0.9295299477597859
557857,0.919148275419346,0.942283135622984,0.9085253828211048,0.9533012353124566,0.9309412292626806,0.9428290251422451,0.9072575070198245,0.9392980554857246,0.9478092873271468,0.9345820870604055,0.9329076662438051,0.9096919165725015,0.9355353533266562,0.948248306771523,0.8826343881786087,0.9376378651680409,0.9164501560673939,0.946637649312157,0.9575764190182428,0.9395323129240214,0.9452971568851727,0.9473714696428251,0.9192838143192719,0.9281012038275549,0.9414169352776541,0.9578856687146979,0.94143246839584,0.9313925131281103,0.8843351988693404,0.9225295947338604,0.9204363001890637,0.9377820002703884,0.9475949615049313,0.9428091326171045,0.8785152745399567,0.9317131515658638,0.9282562228966995
558657,0.9076179435171349,0.9621782719904417,0.9000393384129862,0.9561750135053805,0.9194475446176889,0.9363553123677207,0.8941685379883857,0.9569530024328146,0.9249001398382876,0.9239075697102366,0.9304463798480059,0.9180040808343922,0.9364727886001752,0.9272517214306956,0.8654306872837542,0.9401146741561436,0.9444573652600471,0.9456427816488462,0.9601330999523393,0.928329795956885,0.9227612104478499,0.8973338740887643,0.9388258074986149,0.9392641389268127,0.9387242091022487,0.9553229835669735,0.934232635981356,0.9161487440112773,0.884891325398515,0.8875586462402644,0.8706846915013824,0.9369846882220113,0.9341477775465857,0.9447839887654524,0.8715620053571315,0.9497751984952383,0.9162867364584053
558960,0.9165930215478697,0.9652417658645461,0.9203336835723722,0.9520000095616425,0.9359242701604739,0.9174693775490036,0.9101526594809956,0.9296313017778459,0.9471215823481203,0.9278673897696985,0.9455043775844889,0.9445755944934284,0.9564134228932185,0.9591558971337093,0.8499419824839496,0.9352401458737507,0.9297174751898907,0.9559996968253744,0.9646315775853106,0.9302947595135429,0.9481933922063547,0.9392621320866422,0.9286510120023165,0.9333203202373134,0.9549643906054509,0.9680187489761193,0.9391716970493137,0.9351391151344899,0.7884856194055219,0.928536414561452,0.9340734806357492,0.9294882782969995,0.9561582250002084,0.9356634965625454,0.8676073328867692,0.9560408892405985,0.9288773593711473
559053,0.9071994060044105,0.960110896830244,0.9480874938148595,0.9603802269338172,0.9205763457404516,0.9483457249134789,0.9164578636471711,0.947491443071921,0.9439338847339386,0.9248017408208441,0.9221213408649718,0.9411407191485085,0.9533078334340396,0.9307709660310722,0.8808904203478831,0.9463534305270156,0.9477997588715149,0.9607538979923385,0.9700319112763447,0.9359439759402266,0.9441473621752964,0.9539796518993365,0.9354016961771551,0.9555173072577774,0.9563235667886563,0.9626432354773542,0.9351482728913226,0.9308819337827321,0.8691979177398775,0.9175033125740015,0.9184538713498995,0.9397409138582947,0.9486919376018476,0.9378213700363378,0.8816224820158185,0.9354380738767669,0.9259837411472432
559457,0.902526099114158,0.964735384054804,0.891476929771276,0.9366873062275354,0.9307223697729475,0.9365251741573339,0.9249200664278588,0.9453659845038145,0.9293007980520879,0.9009006763299598,0.9084802674674882,0.9371126375096767,0.9338949883777581,0.9393102272516733,0.8730963835871368,0.9414048998620966,0.9433492536719732,0.9272740855072529,0.9545996374866593,0.9024826162641564,0.9310474587497612,0.9368903111194937,0.9317812593799154,0.942897769516465,0.924587688305608,0.9553970562106289,0.9105550200292621,0.9357500236426722,0.8729177306628803,0.909426874532366,0.9147860108439101,0.9378743871095998,0.9335317848179467,0.9336042394239055,0.8572596503483004,0.9254100568903515,0.931105428533055
561242,0.9193096303966368,0.9592060625632162,0.9101030933494518,0.9582978815786104,0.9270403918346043,0.9274234013763617,0.895943516525075,0.9405459853305886,0.9520114162245363,0.9007584494539246,0.9160335128179431,0.9260907107512444,0.9486780671440752,0.9443166779952673,0.8955945237726809,0.934415187258685,0.9359687551721466,0.955240157605781,0.9650539169346114,0.9144703642339606,0.9517442236043888,0.9493956757760077,0.9260067696082179,0.944374187265493,0.9602088158572841,0.9683144591037902,0.910233024626589,0.9389044920090595,0.8707017744826122,0.9400469843116298,0.9123600411910683,0.9300116105616963,0.9565484359413909,0.9264856883105386,0.8821082781514832,0.9245883822241288,0.9242982582896159
561444,0.9111624800943683,0.9557114638340507,0.913677603252393,0.9547146708869396,0.9305585197104466,0.9390205596718325,0.8957314242237657,0.9441865100801508,0.9424029580304968,0.9249189991008956,0.931073723115194,0.9371584277100253,0.9517502151892673,0.9279255530791207,0.8867092061827823,0.9386933347194,0.9468388740440761,0.9530449579118526,0.9505704385954646,0.9300215012352174,0.9426188148105189,0.9293687903993827,0.9339711457755407,0.9557437407058551,0.9490211000235638,0.9529122936054859,0.9356469653927311,0.9308161962122193,0.8740242599813105,0.9068687152138609,0.9181854937858158,0.9454239628219435,0.9506070141947379,0.9157935505917322,0.8639972023898402,0.9359097861905742,0.9179429999421944
561949,0.9170244954715453,0.9587251854515461,0.8925410279791741,0.9559278753056085,0.9227864693155199,0.9165944220765292,0.900329873523453,0.943436104037855,0.9388032964238555,0.937339244210297,0.9272254204341839,0.9390794606711563,0.9463249716989083,0.9408418240461026,0.8883703103626148,0.9305577149714637,0.9424090982758154,0.9527307333196527,0.9648154266822612,0.940002122700485,0.9398312158608039,0.9265717270660803,0.9254129114869719,0.9368231633071105,0.9527436064444998,0.9632352857462856,0.9416322279244604,0.9358993602433238,0.8998446528415447,0.9217567375732241,0.9091481055178932,0.9267778977222404,0.9393607908209416,0.9350385922545824,0.859609738380503,0.9345020373876979,0.9214314629652344
562345,0.8936273885737016,0.9517356559071017,0.8939993159890689,0.9427700141334144,0.9026399312891789,0.9307185023331933,0.908416871381639,0.9379725350003401,0.9374717049184225,0.917756580997035,0.914296772412431,0.9122076707581813,0.9378887123547959,0.9025641180042383,0.872155009131355,0.9330458216503194,0.9485325305741577,0.9386246085709633,0.9620318000219804,0.9217225339476438,0.9365446278091734,0.9126698931937351,0.9282754265341272,0.9445738871724428,0.9422646694563893,0.959278562978786,0.9251019056901902,0.9398154228352019,0.814650441449544,0.8732038348280021,0.9003039421777694,0.9402049337925296,0.9303137692680141,0.9242020329374362,0.8480503193127158,0.9128780216466722,0.9382104524477997
562446,0.891658370448646,0.9448890624489529,0.9077060724128432,0.9505627435047889,0.9067861778547142,0.9470988786549794,0.9156575057144823,0.9406491903239551,0.9556724826899834,0.9257414228117438,0.9358991544992727,0.9260330237811641,0.9448746568079953,0.9515867686872166,0.8686038926117687,0.9322112091675732,0.9161327868718246,0.9441902566376249,0.9678600054573218,0.9201787065535287,0.9550393129239179,0.9077890792763033,0.9205743912934609,0.9210163579986663,0.944974777017921,0.9643601799006718,0.92260937804806,0.9402590900374049,0.8030775740127211,0.8811044068289801,0.8706274001022396,0.9085410527110767,0.9409794917383877,0.9333842422818264,0.8741925460279368,0.9396301841732446,0.90982884613522
565452,0.9030511409210388,0.955515736127067,0.9092625663798732,0.9380159452289335,0.9079176376356706,0.9333094387818345,0.9299352339046021,0.9554796081195914,0.9502102980475924,0.9301328701661862,0.9173755320234671,0.9144688767552859,0.937884771936041,0.9362300863550534,0.8940587005279074,0.9302795709638119,0.9526854255803618,0.9377209274798176,0.9636062515169033,0.9247156754052172,0.9518730462519236,0.9535446520645057,0.9149202058811874,0.9547454772439282,0.9475427906581155,0.9655592139264892,0.9301173512934899,0.9495990173381328,0.8841715155409725,0.9591459662928749,0.8830830778533112,0.9363526483282777,0.9252113633596706,0.9455329714752279,0.8637530569874113,0.9515501407720853,0.9316548688281913
566454,0.9182548072483342,0.9513504666932251,0.8993178696671207,0.9505110492841717,0.9298777924321978,0.9282873374754332,0.9123643914552677,0.9423382963888761,0.9359482469545333,0.9143291641057282,0.9354838793876021,0.9360069536019113,0.9334723299589739,0.9292143428245629,0.8954712798079566,0.9319766690117897,0.9375607127265602,0.9410031970713336,0.9518329939080528,0.9217619480010522,0.9365710940704257,0.9216146876123896,0.9235716039027488,0.9484103535362522,0.9431188616522945,0.9489428278413525,0.9196744446861419,0.9334113963909295,0.8548469343765428,0.903467415184232,0.8906981100833847,0.9452804050815381,0.9441331031403157,0.9384286148229738,0.8327402806348638,0.9250941576521166,0.9182222534013937
567052,0.9290028462640971,0.9633996436036352,0.9172410031524084,0.9544569138565075,0.9373942421597615,0.9341085524746012,0.9250301948069702,0.9583614570872326,0.9428374254422298,0.9318142274824937,0.9173490987234264,0.9233897542475877,0.9429222601987799,0.9438269674713177,0.9036433615079517,0.9391003251365283,0.9476799512241857,0.9524154450910061,0.9611055081135311,0.9312710352491196,0.9419489401704414,0.9557595387280569,0.9183704146587073,0.9458853474593218,0.9498821875389634,0.9600441545323549,0.9341502572292175,0.9409357095502607,0.897250954414213,0.916084879577092,0.8568483110019155,0.9393439696810953,0.9414066322227792,0.9293055804742182,0.8776934206713157,0.9371675531308254,0.9121723789594369
567759,0.8590359755508474,0.9628947235486625,0.9066455522092489,0.946766240040825,0.889414832422455,0.9434900081932074,0.9057190035733402,0.9424420164555054,0.9438389460973083,0.923919881468861,0.9370393023575629,0.937915100007947,0.9493784343217778,0.9513328191487538,0.8678712568293581,0.9466517563987759,0.9561656162415053,0.9424570244613416,0.9640128277947535,0.9259211406218539,0.9410458317583087,0.9225367526671547,0.9362117205156358,0.9539117950534564,0.9498769588779207,0.965209719242897,0.9362460842226413,0.9283769577654104,0.8582892813269964,0.9078556467104935,0.8708121412905091,0.9486581114154106,0.9462283070235661,0.9454946871239595,0.8445302677803795,0.944968302794823,0.9225313971680679
567961,0.9016645891489743,0.9694285645316352,0.9100411143881165,0.9527687889628176,0.927460425731226,0.9212809062813183,0.9086199957473335,0.932942305534914,0.9447633818368877,0.9274617606962361,0.9446946709942042,0.9426006915831292,0.9370205865242983,0.9299230383844093,0.8606046055241108,0.9307096320013593,0.9394647091692445,0.9474401595313958,0.945532538167578,0.9345991456144553,0.9463457827908934,0.9392724593712256,0.9288515246000212,0.9469811744423038,0.9445197413977401,0.9490637460423333,0.9355710373114249,0.930423125568907,0.8417932510689248,0.9362018780103892,0.8824401314225004,0.9446164553803524,0.9488188739953584,0.9213133037467076,0.8778962523777526,0.9281444819396177,0.9220750488041907
568963,0.9214779323444108,0.9640335324531322,0.9113955428315785,0.9506771997940798,0.9339000720966493,0.9336321021617489,0.9002225457670675,0.9390872470511044,0.936236877753902,0.9245172474482475,0.9262111052997375,0.9378949068991795,0.948679246647348,0.9283936642473827,0.8789440564570415,0.9433881192074587,0.9420716421347645,0.9502604326843691,0.9711784721914719,0.9258530737291821,0.9371133058145071,0.9393246721448314,0.9354564482855948,0.9529900296361487,0.9517642255794126,0.9706313294637587,0.9291565019340668,0.9334425684491934,0.889395118128858,0.9457962045734499,0.9374075276632664,0.9344484057287612,0.9506424600296987,0.938615402573536,0.8783947066495075,0.927479488952058,0.9200614554465892
570243,0.9188184201246099,0.952900051037585,0.9306357096901007,0.9572308966935508,0.9376046907509816,0.9245573168519531,0.9210040508727754,0.9285845783056625,0.9495789992637894,0.9338773175964288,0.9297617725362056,0.9135796095592764,0.9492674575395864,0.948893536066428,0.8735663727878061,0.936678710915776,0.9355391286725517,0.9562889149309233,0.9588534308956808,0.9304468074498183,0.9502422848024438,0.953269253118874,0.9284493944883251,0.9429494860787224,0.952676541976671,0.9616470758943322,0.9314688996521239,0.9299998399075867,0.8373162581652105,0.9389728994415762,0.9113503999741789,0.9330517089927426,0.9359823144358856,0.9403075212451238,0.8928948997956978,0.9369048590031945,0.9230123326095425
571144,0.9140979688883545,0.9424484624664881,0.9053819538823742,0.9432957488251442,0.9278024903613469,0.9133288951219919,0.8985623405646743,0.9323315600875878,0.9350448723738651,0.8936141212563319,0.9351859502986567,0.9215937808448575,0.9386852395473304,0.9177588837332307,0.8616142880334321,0.91193610060351,0.9312780796228237,0.9438813404487505,0.9444424273064148,0.9100134890598214,0.9335973924447714,0.9432413530764202,0.9046715171736526,0.9390478869545964,0.9458569708052345,0.9511456333813414,0.9327671557510983,0.9212660607740937,0.8271882621470681,0.8843789376915313,0.8896243064048704,0.9378692756658498,0.9504765089277116,0.9228249748234586,0.8518986355607232,0.9194297583171559,0.9216596080510838
572045,0.8842538324355335,0.9594097055931701,0.9001641256038103,0.9376906325800128,0.9141312019527897,0.9347297304885096,0.9244425663915773,0.9455262158085164,0.9539040617282046,0.9394071118337531,0.9316380925478585,0.9185463183880146,0.9293022123653171,0.935679804805936,0.9098137100300716,0.9393718794033961,0.9423086699475551,0.9454915682844229,0.9695915224332486,0.9399226144739511,0.9524073830363224,0.9580844885231743,0.9331452457098436,0.9492447196588051,0.9490052981420714,0.9672612700646777,0.9450674300878616,0.9454050237982103,0.8572788299790196,0.9479767549514422,0.8780675140080056,0.9354574349906387,0.932358711440901,0.9453920864867611,0.8380517801611249,0.933471314541637,0.9149810773843303
573249,0.9284125691683048,0.9553302481631665,0.906554992434721,0.9509495130838512,0.9343476552935989,0.9130337216012558,0.903553011819356,0.9475688900207965,0.9444540000047863,0.930631050168963,0.9356136052943339,0.9327359490666863,0.9471227754490926,0.9347577762691107,0.8586155505887898,0.9243724207367271,0.9303741291056171,0.9444882596682753,0.9593325680446804,0.9275534760252725,0.9434054925078249,0.9208925067847564,0.9068602311390348,0.9460440954687602,0.9477511159504194,0.9563585473037166,0.9309160807337803,0.9342739839198281,0.9043008175746498,0.9137537458754321,0.9082312828748162,0.9250528515910245,0.9267771421722294,0.9462024711811607,0.8914921773362263,0.9409492864137391,0.9250948726475438
573451,0.9044297020900266,0.9604652247440914,0.8943883633123679,0.9399001980460979,0.9187359932189639,0.9428651184689417,0.9021387246183672,0.9405226144377377,0.9438671029301932,0.8953007519182983,0.9240538381356561,0.9290266984548678,0.9209897540598218,0.9107517036940248,0.8902188752463046,0.9407192982066832,0.944187925344255,0.9410902908988191,0.9273994700797729,0.8998230236685136,0.9431612926481084,0.9558439894400248,0.9366398327002702,0.940086260438804,0.9402308006043504,0.9420696763463975,0.9083881399939954,0.9340071120592741,0.9001872063970864,0.9501764491800285,0.9183178381664291,0.930643532157341,0.944874617589065,0.9201570684916343,0.8658518764820287,0.9158692212790139,0.9291655696349248
576255,0.8784614001423212,0.9519136869934158,0.8803199703599793,0.9439699940086793,0.9044803871974514,0.9326071547267278,0.8900632202225451,0.9327900192255912,0.9350328767148272,0.9073942376749953,0.9242656728282722,0.9115755984338761,0.9218126496692094,0.9382717677381924,0.8741541738369477,0.9322372366982759,0.9474019821873562,0.9516956610352166,0.9600841786229282,0.9106441935825549,0.9336869977473254,0.9310802091336154,0.9269347874284461,0.947866136485025,0.9389530930074373,0.9547169661313142,0.9077271117599962,0.9276009135369537,0.887710412552091,0.9052123680750113,0.9208127826665523,0.939227111677343,0.9535333416702729,0.954723130593037,0.8682522057143761,0.9050347362964223,0.9341274416911649
579665,0.8857367242930653,0.9656868426080804,0.9077743837056442,0.9557238456868052,0.9204818031826688,0.9111415393983144,0.9101584198214855,0.9347030749350407,0.948440537023635,0.9272164048505082,0.9234461005088309,0.9272685988233669,0.9334701188421833,0.9363342590027159,0.8630422124233926,0.9309184172991175,0.9475467271929848,0.9447039755675474,0.9459721408654501,0.9236748316379865,0.9487620043464797,0.9293192479709723,0.9319169124671888,0.94999817762485,0.9496747898958303,0.948673303051558,0.9265162157929514,0.9402816414294147,0.8452305759951952,0.927018031147617,0.9294285460739535,0.9438082421795349,0.9417917741205741,0.9317637915460008,0.8754053685623084,0.9400375499621655,0.9371672390703414
579867,0.9211528259018478,0.9595625641532858,0.8998276088497358,0.9601149367464874,0.9292980418209973,0.9321820633636362,0.9191495838507495,0.9505179184828576,0.9489357500508903,0.8876056666874641,0.9092409960420393,0.8838696382457819,0.9314147952644735,0.9423978244669388,0.891507546822172,0.9249074764844863,0.9308486847548886,0.9610179990916605,0.9586038802458123,0.8982638034873441,0.9504203146411151,0.9514267310125886,0.9161148642005367,0.9392674368943004,0.9586768328979319,0.9622165182722537,0.899653884125842,0.9355273204833224,0.8765125015521513,0.923087241314499,0.8649061172243243,0.9185965261620259,0.9436433582820705,0.9425781953398497,0.8495869499159977,0.9422542693465652,0.9053144767415247
580044,0.9027383379028437,0.9622566187595146,0.9095773961474368,0.9462934769764685,0.9177608928414637,0.947672974267358,0.924840818600329,0.9297356493502494,0.9442939039628793,0.9194071584496554,0.9361015320616792,0.9338396168895424,0.9387050172275149,0.9413263082782969,0.8905252671103536,0.948917541637959,0.9517650955389663,0.9454783490541274,0.9567435057213622,0.9179540089941608,0.947320272201229,0.948289991544187,0.9309389200412642,0.9483268168627702,0.9513567067312105,0.9584314972924036,0.9259694234342526,0.935285205634004,0.8524946283055973,0.9401044459964943,0.9306815514770982,0.9360567278292625,0.9230836285538269,0.9391657767845012,0.8511461393127253,0.9405503429106978,0.9143085847333421
580347,0.8910797989610167,0.9512460423167722,0.8574708301454206,0.9381200731229422,0.9307207111189323,0.8971844850762976,0.9035730593746896,0.9294489234159844,0.9306215640313922,0.9155759726948012,0.9245834329925747,0.9358158442714901,0.9482896803547524,0.9236854510782284,0.8721689860152472,0.921818832324476,0.9407630509738053,0.9395961483294656,0.955179125178364,0.9339270740134843,0.930808100258312,0.9530029366320291,0.9236273422056416,0.9467318683567252,0.9355997017366503,0.9566715459711513,0.9390674265797623,0.9199696440403551,0.8634826677702576,0.9484748313839101,0.8948018770617904,0.9293195750423542,0.9292145265168553,0.9326178526389983,0.8735952399069109,0.9272794439583638,0.9251253965025683
580650,0.9028478488685625,0.9647518145912002,0.8946524698041093,0.9611304585545263,0.9441913161530969,0.9174157506557631,0.8867696393733138,0.9387627960893956,0.933212284836774,0.9234628321727615,0.9301328591258035,0.9302645817397094,0.9404852178883427,0.9418409789344309,0.8555175360503148,0.9347800703411039,0.941387369918772,0.9613192543494739,0.967606482051285,0.9277802217278617,0.9339362683807261,0.9473907237085515,0.9301138654683876,0.949827933382024,0.9588608007165922,0.9661953540789341,0.9293003016834133,0.924004451983631,0.8787292159608552,0.9336163039003542,0.9105051537464687,0.9381117444857026,0.9466967439982917,0.946136035946938,0.8771437288861441,0.9246522983672456,0.9297422637747207
580751,0.924628307205036,0.9509545172610607,0.9167370416292652,0.9275756684268317,0.9441948476955734,0.896410591217047,0.8943849481494067,0.9284637361483631,0.9226526360248385,0.9107217165254405,0.9090505903134923,0.9318737468929067,0.9474282775082454,0.9165775430586003,0.8837039682688864,0.9009527827674678,0.9391684630185058,0.9259595421027921,0.9545863536267186,0.9198370973067573,0.9217209665592263,0.9539645506481171,0.9003192378189018,0.9421651744909774,0.9376040984390174,0.9564779458681739,0.9236483669623409,0.9104621862616331,0.8851788102323073,0.9437450943772273,0.866626329427086,0.9256175929762581,0.9355514759592146,0.9294299070813936,0.8634996685090367,0.911202667263368,0.9153621692609493
581349,0.9001981891451397,0.9331228176331714,0.9010335344824912,0.9361990331648576,0.9338696864004892,0.9181811474299021,0.9040212869143134,0.9448584630727667,0.9485196334533033,0.8866425106196313,0.8952554223084752,0.9276712138796449,0.9545214769449403,0.9133672858701535,0.8925290495685108,0.9119690245695663,0.957546915610222,0.9389806827731654,0.9314172471991646,0.8904615478994922,0.948523284032957,0.9130367997120716,0.9012814447151041,0.9533064601348937,0.9494404030478195,0.9468797948583788,0.9102802003917624,0.9377917272334136,0.8743694937004789,0.905269487835173,0.8362006770990387,0.9464636723931374,0.9502798808214513,0.9165487912379031,0.8668610886553785,0.9487908282217733,0.9036566599561763
581450,0.9200339990132073,0.958257332653992,0.9327263966696122,0.939949614073078,0.9391536934778499,0.9232762972277365,0.9153814835843432,0.9390316302768256,0.9454936766940817,0.9138386315121726,0.9234153855814025,0.9296979625795255,0.9399848297945352,0.9179322061948655,0.8914745692654621,0.9364363823044985,0.9301099428934833,0.9417338987484578,0.9533473608315987,0.9175011429904829,0.9487165954153269,0.9410383720824965,0.931426768947363,0.9310162796211341,0.9455591119906079,0.9583099695966204,0.926508941882601,0.9383354259229159,0.8917983495939357,0.9011778304969413,0.9010872671610207,0.9271574235450895,0.9280556139137965,0.923295314648532,0.8737113143248416,0.9440545316458329,0.9157880324705551
583858,0.908927198468474,0.9480109968830637,0.9058280565765289,0.9385856745806506,0.921818125006669,0.9009192752192512,0.9116573912100446,0.9543548672939337,0.9506228079078218,0.9160879482144174,0.9150187273134144,0.9121956723637135,0.9483587270446017,0.9421580794383082,0.8879800720038598,0.9134097230966535,0.9175782198700339,0.9421375700073245,0.9547599731380129,0.9199235545328706,0.9510547822848838,0.9266925822081046,0.9109445781961747,0.9277738723946098,0.9427072071878713,0.9530862620099648,0.9217580961192836,0.94414359747955,0.8854625984840534,0.9161555326273575,0.882946498553595,0.9343294418108,0.9512351473317944,0.9398512140364793,0.8577656793450726,0.935725464865575,0.9095814326128087
585256,0.9072027407391151,0.9581282661548246,0.8990557256789639,0.9392233949074631,0.9124993694993683,0.9084911360577989,0.9061331700955011,0.932029002858032,0.9239522077057671,0.9217235231080377,0.928626948825166,0.9112765049731669,0.9315705495180839,0.9355458524295761,0.8914488974153265,0.9299299022847156,0.9379726391548442,0.9470654547725152,0.9660923961048244,0.9196904301960701,0.9249578328462239,0.9212675349129468,0.9235027556023928,0.9359490486044512,0.9531832495431772,0.9671850574718459,0.9316485607746208,0.9269727144806664,0.8871769782338416,0.9230953417895461,0.8276964897581643,0.9275547743096689,0.9342720505849545,0.9330407319530027,0.8651360133740067,0.9204903268038938,0.914116444671586
585862,0.9211442700119763,0.9612629031021417,0.9171212213403476,0.950731186789736,0.9278853139883056,0.918377230554127,0.9052831762679017,0.9337275699904469,0.9397430860244114,0.9336887054473163,0.9424254482299098,0.9335037439168222,0.9345723573145942,0.9476420822745788,0.864817602294452,0.9219025643648153,0.9358985338932468,0.9520902922465074,0.9604709783561183,0.92159451134104,0.9398404816028048,0.9381975993776258,0.9140436482070189,0.9441720810134424,0.946583499276179,0.9590171524550299,0.9270657449751843,0.9311320044965753,0.8551290084536014,0.8741702424028536,0.9066710605162309,0.9307865010250853,0.9562939687043057,0.9464289133153275,0.8194104035078063,0.9326316814115443,0.9198680815194449
586460,0.909347091770114,0.9610722545865307,0.9231619334371168,0.9541548133780032,0.9269889889534564,0.93146403345027,0.9300322975432476,0.9490298956010434,0.945335135740608,0.9172960758597383,0.9320235949451712,0.9316180030181198,0.9439168802745647,0.9499579279207602,0.8890329485006259,0.9448443602605802,0.9430510213973646,0.9584308843243565,0.9597048305645943,0.9071511171491228,0.9446429435258648,0.9499583421819671,0.9269397223435795,0.9479457900850045,0.9529857327661426,0.960466724810074,0.9301590460126429,0.94441524202167,0.8457988279707579,0.9379720909810988,0.9201821219438022,0.9348957100756919,0.9450480915130939,0.9416829565682036,0.8739312768200326,0.9543984509819269,0.9290097425648242
587664,0.873021443829422,0.9559408757216957,0.9029361893559332,0.9628513996988574,0.9024585183288256,0.9310592578676536,0.8994752447060469,0.9274734751581459,0.949239824073213,0.9353041480796958,0.9236841793825312,0.917993801765302,0.9352736296597973,0.9425493820443744,0.8233252057750874,0.9339262585540284,0.9488093093186556,0.9598585614832578,0.9703634848695459,0.9244194196258351,0.9487724356204184,0.9129784817840374,0.9199639842259906,0.9466669113648405,0.9565309705388201,0.9666474080562548,0.9245408232505664,0.9257918712313877,0.8191563490672543,0.933312360389194,0.8333443204678948,0.9437736119809422,0.9369563767840859,0.9509931832433158,0.8370088547663479,0.9332019100794902,0.9135182744340026
588565,0.9126900909096984,0.9640016603371276,0.9178987367948626,0.9559429788026798,0.9335695596227751,0.8976397563599543,0.9205981634058775,0.9363256420945641,0.9480464720557439,0.9021730403718279,0.9188021905874992,0.9447862564366535,0.9457013523145983,0.9296696909957275,0.8884618833934994,0.9317734055697258,0.9339033713234242,0.9549338672704759,0.963602123537363,0.9167053553330302,0.9498664127153815,0.9586069047610538,0.9213070883209618,0.9368735154812668,0.9488066628593781,0.9627731485111748,0.9276745688966469,0.943542062904517,0.8592121838190324,0.9395167666746745,0.9257412689405291,0.9226778700529925,0.9468762620003589,0.9455163038265695,0.8717045879925635,0.940719435236664,0.9286418271433305
589567,0.9079041042234934,0.9628567783707821,0.9220270278756321,0.9363753894108612,0.9255494769123752,0.9183973025029708,0.9347820648265789,0.9429961070532212,0.9539689240214726,0.9045362691544304,0.9262037433379287,0.9369459645509539,0.9239208556192109,0.9178516335119825,0.8619420045790264,0.9314806197040628,0.949037197023066,0.9405264594134433,0.9526982700591934,0.9134872953637295,0.9552859758914684,0.9468592883593284,0.9313478742400467,0.9501921894296012,0.9495949491984058,0.9583506910255751,0.9256536140454459,0.9533767286109656,0.8729764435584201,0.9288788252880498,0.9314766384770257,0.9291241557347207,0.9423618510015653,0.9256973315441944,0.8531973987547504,0.9431019981367241,0.9242776510393542
590047,0.8986136524846586,0.967807451866746,0.8990915350259682,0.9485707092868727,0.9256446631828489,0.9093218178988098,0.9118697517879976,0.9442354364131507,0.9439487954209409,0.9217069315783253,0.8951738730892046,0.9113660372412797,0.9321235438557811,0.9208282103395492,0.8814459684723477,0.9389799671278328,0.9309326150151199,0.9390002938448965,0.9527760028542349,0.9234858473226402,0.9448849942139077,0.9557925236986997,0.9343337033900367,0.9397663821681267,0.9483594649720004,0.9589372214089505,0.9333122707030093,0.9316613807857824,0.8873373504766228,0.9315724442075067,0.9023059283741629,0.9218106347610047,0.9360562119801001,0.9543362968433599,0.8908389182093303,0.8949712895268526,0.9341127128370535
592455,0.9014705357412858,0.9596836852890958,0.9085886288177352,0.9485875202069677,0.9340398699275678,0.9217512668476506,0.9157039444322084,0.9394206491245347,0.9470673177848601,0.9304166205433175,0.9348377301877325,0.9352085500650716,0.9439867624142931,0.9353672300386701,0.8750284369547915,0.935677242396368,0.9420376636145952,0.9446266210763571,0.9489233423343517,0.9400832148582047,0.9465551675187395,0.9245672824316293,0.925761378449961,0.9443898215318928,0.9520014366767117,0.9517187385014015,0.937614183302659,0.9358093564752741,0.8827010831147636,0.9240698438558002,0.922860164974356,0.9202311539944057,0.940793455899324,0.9355480730530558,0.8687409060244251,0.9412401276665924,0.937586761604222
594156,0.9216490412043181,0.9666113435421586,0.9228687057336928,0.9529474413591787,0.9206801248382237,0.9272933421672396,0.9250122473270551,0.9356754458439848,0.9404040842652327,0.9265981766571616,0.9313930361614812,0.9362022739812453,0.9400861861758253,0.9527436360823873,0.886863147810673,0.9389716902492956,0.9411522022047408,0.9491325850850612,0.9584850843985301,0.92593504807943,0.9421682852204416,0.9477466309097343,0.931851879926113,0.9468369856964446,0.9484702180074862,0.9613232616093148,0.9329180903722198,0.9294052035113972,0.849921677252912,0.9401838201608229,0.8971302498424519,0.9350135776126967,0.9479498510035844,0.9395075487133293,0.877360569522367,0.935785952493134,0.9263984708239908
597869,0.8861052825165471,0.9650261984663692,0.9418472026286423,0.9338343758896264,0.9158898217874114,0.9370608692735489,0.9213275945417334,0.9380784172203572,0.953087835097985,0.9090208877413583,0.9236134393986422,0.9338564792939245,0.9500040894353642,0.9431908180318124,0.878855785012989,0.9500517599482241,0.929260807858937,0.9275046013179064,0.95391155585223,0.9278021394950123,0.952862706717143,0.9213955286187521,0.9382044568942466,0.9345625302241672,0.9391032231733825,0.9560482143784974,0.9345972726564029,0.9421678086421956,0.8716712483237338,0.919380229999923,0.9084700808945555,0.9350834364557618,0.9320372415256697,0.9293327699877209,0.8744674096279272,0.9245538023506058,0.9283146340361456
598568,0.9234999440557063,0.9525201472196749,0.9020727265369958,0.9585442344457095,0.9319725246352446,0.9369540507964246,0.8819901546998844,0.9435897617299249,0.9386880082011511,0.9308526655081425,0.9367315115953126,0.9309671605143315,0.943283145148531,0.9393579031656872,0.8352361382036273,0.9298120540982707,0.9361384695388183,0.9509658936406499,0.9633052473213902,0.9262819604407422,0.9390164976069107,0.9358493493573798,0.9180777221280749,0.9493087949939887,0.9398190692658693,0.9549027827316373,0.9288225951423463,0.9261628907922868,0.8315434670393453,0.9499882813151846,0.8835958411369733,0.9368233920306789,0.9454131611242363,0.9239855775064184,0.8596784861704563,0.9430431519364632,0.9143402244779094
599065,0.9095200191704315,0.9629754110224373,0.9264336386091306,0.9209846598775753,0.9298065914296204,0.9034511028505655,0.9243025448885102,0.951472139985762,0.9455064273079389,0.9285450987091073,0.9135757259754519,0.938992935258754,0.9449596399707143,0.9270847642240878,0.8979278670178262,0.923622110579771,0.93364905945308,0.9234867466729834,0.9622293292799371,0.9345069267124015,0.9463086549740061,0.9581442257219911,0.9149300329791914,0.9384104625495592,0.9411489877519397,0.9572276376457498,0.9392584431865352,0.9322490803186662,0.9011719885633412,0.9394442006474658,0.861510082172012,0.9296052291513993,0.9032947336518277,0.9309241772846619,0.8824436870214462,0.9527931250046067,0.9175126060305173
599469,0.9368183093985637,0.9591925449249078,0.9021961570904247,0.9516070587902601,0.9390606897510907,0.9376776615054528,0.9191504323256768,0.9414020687941097,0.9463576412607461,0.9030993460015854,0.928728939721113,0.9452872905301924,0.9400613575910669,0.9526903907304448,0.8863620592598633,0.9458148737474404,0.9623834411276718,0.9404305852570358,0.9577611777096632,0.9209579626944394,0.9449857340255637,0.9619522629554985,0.9427070390212727,0.9617463090187234,0.9377723255605761,0.9577296650138742,0.9250714698246828,0.9383773678220476,0.8731048753774139,0.9560818864256795,0.9148751875185603,0.9405922912408002,0.9447599248786573,0.9507056919481187,0.8850042824745389,0.9428284248656945,0.932442434412114
599671,0.8917584146593857,0.9624264079782697,0.9095246471045371,0.9304844362770427,0.919012245831009,0.9170322640129375,0.9000962975196316,0.9438097278527269,0.9287182569011565,0.9232242707627523,0.9325503445072726,0.9488457676239572,0.9375731095791393,0.9387115869700036,0.8830417077148432,0.9311583663449695,0.948779550404266,0.9311952128897232,0.9484063499319219,0.9304202383638589,0.9288873798492404,0.9431729534786025,0.9254230833025263,0.9494805670840026,0.9360354159895806,0.9534804302493703,0.9324495635252836,0.9237611442079735,0.8796823007316164,0.9195843329389962,0.9251810944992422,0.9447087783742184,0.9322189934233184,0.9333526107220663,0.8636930357151357,0.914040385509272,0.9273464459696079
601127,0.8778908695687353,0.9576447624101256,0.8884012774444568,0.92594803727479,0.9194559419354286,0.945340639352499,0.8952927596853926,0.9106853659713829,0.9450583309237321,0.9131948139353647,0.9184049041081994,0.9359969453941951,0.9399471250975673,0.9356259078664904,0.8623556098396613,0.9381068266247465,0.9446120895205005,0.9533846709666774,0.9559201567504076,0.9272819894361574,0.9422231735054326,0.9155261433697691,0.9269907806563733,0.9481767611203081,0.940931474000677,0.9499223005765876,0.9361055208554845,0.9193401443499003,0.8252999995736606,0.9055867154132432,0.9118988073147438,0.9368311030398103,0.941722003892738,0.9365760901320116,0.8707491407945209,0.9118797262670993,0.9304162015488028
604537,0.9014506824142392,0.9591767358912984,0.9319546573082674,0.9467233474391217,0.9240570888507166,0.9268610861894057,0.9095779544080813,0.9537207513658709,0.942054966243119,0.9236337968489907,0.9100390498803165,0.9279118898243914,0.9430894255665051,0.9082698550794455,0.8893578568087422,0.9418266578479377,0.9516731728032949,0.9436715070958425,0.9593533880758099,0.9350299458918818,0.9421535045751568,0.9398370195930513,0.9306275685458478,0.9527185491673765,0.9441346391815331,0.9562381203486356,0.9328646068746509,0.9377030054773067,0.8813317897532595,0.9190403914266336,0.9051732476194799,0.9480835439250452,0.9423845530382181,0.9539420457659457,0.8690008122886921,0.9445536722794945,0.9225480376018886
609143,0.8944743967724726,0.9553654751008233,0.8771528692626107,0.940243654100393,0.9207664881826402,0.888046369143992,0.88819778213508,0.9220729230383184,0.9352797632371351,0.8957192325173181,0.8973691941535592,0.9112147209537506,0.9367887110997261,0.9168594709946767,0.8605282057533582,0.8985699612306605,0.9330955656644315,0.9406966431759565,0.9574759531477691,0.8935519312059195,0.9326041813993678,0.911752911879552,0.8971976481409967,0.9288884760357659,0.9394067585370016,0.9481476122805069,0.8933643803041734,0.9228691568566643,0.8693281956922996,0.9135832155987739,0.8806504010955211,0.8917006040124642,0.9388326375424642,0.9203242114646137,0.8244711020012568,0.8760571963005714,0.935007959111944
611938,0.8765926339217764,0.9635262797761757,0.9206157073733474,0.9508257597707486,0.9359795308238912,0.9245681712577439,0.9160723470132961,0.9483835566199683,0.9331819090656618,0.930744634033461,0.9266316497637468,0.9326601458190428,0.9509671313710297,0.9460549093175177,0.9080530080559249,0.9381608582794582,0.9322554760363286,0.9526138768110655,0.9673041459504287,0.931430243758334,0.9339262211491072,0.9374663013001517,0.9293855900424252,0.9430942691935312,0.9537233410043049,0.9659002045617365,0.936871116945714,0.925021164240332,0.8917359635635688,0.93010218726752,0.8844034315370406,0.9277693199306573,0.9319624494710215,0.9489804725645631,0.8672514494115311,0.9247244234019274,0.9261906131256608
613538,0.9016424996660216,0.9619274628079182,0.9320796345883229,0.9519310524737838,0.9245052137125537,0.9359009034238385,0.9137479441861752,0.9496587495255205,0.9517726343927729,0.9094839956349732,0.929934646373941,0.9335814543310174,0.9455726120952936,0.9419225501154812,0.8728329889973998,0.9355454191443173,0.9387899833563615,0.9469701291948548,0.9638518621743237,0.9189326730449292,0.9511639544250327,0.9487003478235878,0.9238510053639188,0.9494724421902262,0.9439922622459818,0.9580166036120394,0.9193961589642943,0.9463775344264568,0.8851060856977437,0.9469922605285206,0.8947583847371989,0.9436686578962022,0.9497208061299022,0.9409281869851852,0.8760718779564078,0.9556457114536785,0.914288011351572
616645,0.9136251528180579,0.9602939898964409,0.906135873785649,0.958003359182603,0.9229697973368248,0.940329658796635,0.9247607034534079,0.9521259753981438,0.9408497929301047,0.9171674096088169,0.9341572111676791,0.9272216333798501,0.9381371993488299,0.9394250036415004,0.8926088446296632,0.9457916297397422,0.943953937350818,0.9580768900625843,0.9510008793170925,0.9301723811340441,0.9409342890412977,0.9581330664262271,0.941128052730933,0.9455946992797585,0.9453107606913144,0.9512597464525858,0.9357804591501364,0.9388709029949035,0.8698297852086051,0.9446370474140522,0.8823199561481017,0.9383415051947359,0.9420004581750295,0.9366259701587719,0.8356289719627921,0.9255134174031137,0.9149162799573808
617748,0.917238922954056,0.9541725072661317,0.9048868164622119,0.9478758698462018,0.9329693937531924,0.9412367170381822,0.921588960479153,0.9400828122963262,0.9438108715693989,0.9335286848727805,0.9443995878923345,0.9393089666645406,0.9408326324357544,0.9435528858835748,0.9071392527758612,0.9395701327527842,0.9355192692614137,0.9436912666274427,0.9643633847471499,0.9330504079119403,0.9429790206533906,0.9548040490557774,0.9333908896384306,0.9441130685124861,0.9390989452929739,0.9596916683062111,0.9321411922115721,0.935424769093219,0.8696515259753108,0.9552604549931708,0.8540302204004023,0.9195550424097816,0.9295525236457638,0.9188061486911836,0.8079629520587163,0.9359323358404016,0.8999264127201912
618952,0.9134962038599351,0.9744787907839835,0.9150742421767087,0.9503150058673854,0.9245474400807674,0.9376356115464555,0.906221883889449,0.9529941498729204,0.9510271217226038,0.9290631101053212,0.9460748359418631,0.9357810358766946,0.945618264022815,0.9373671566785841,0.844785982490069,0.9467719391813577,0.9460164241983742,0.9400479329982411,0.9507271549153689,0.9385764809939577,0.9515469789045503,0.9251111829688384,0.943952696562446,0.9439603866321021,0.9416194132206824,0.9532090894675662,0.9394488129289454,0.9418886860865295,0.862269997171553,0.9143031923082402,0.9082985404916808,0.9345301193884886,0.9302801238040287,0.9396885458835849,0.875638743654078,0.9432967839389055,0.9292618883649184
620434,0.9081225668656413,0.9635995975837995,0.9060030172060914,0.944276073895327,0.9378423135611872,0.8980152095806654,0.9145133388301973,0.9510103333559491,0.9410585958253443,0.9201958079849566,0.9256953172249582,0.9321281739273637,0.9489846544544693,0.9164801396219141,0.8858298006982325,0.928318211258417,0.9511773280559682,0.9435887245475766,0.9667554027363364,0.9340367105171389,0.9415764475479916,0.9393378125894001,0.9228276459668875,0.9458810932977392,0.9503957284913707,0.9664048551430621,0.9346370105451295,0.9384800232465871,0.8495404911104231,0.9232527136810964,0.9189323758862312,0.9419430735142651,0.9390687282601414,0.942889087848963,0.8849232287761575,0.9183067790864964,0.9309080644240911
622236,0.921041728106868,0.9523812935451961,0.9054971551011531,0.9508832528489083,0.9418274317641661,0.9194633560794275,0.9168047432624673,0.9411283207894353,0.9384872343751725,0.9349783345703622,0.9400217359915499,0.9353900554932777,0.942642971541466,0.9345757154314106,0.874490168459502,0.9310351589262691,0.9384673299918962,0.9446602933269049,0.9579406646424996,0.9359274720185425,0.9419805173823493,0.9491172211729724,0.9291822485908531,0.9425576839839879,0.9527111573578054,0.9627904621002913,0.9363374182124097,0.9392940620266145,0.8098076863481002,0.9117287902853363,0.8943864421623421,0.9324363598709084,0.9558552926150272,0.9350032159275978,0.8640834109960801,0.9413806172681787,0.916649883016418
623844,0.8905828531469923,0.9673519453352769,0.9279755659383623,0.948753787053771,0.9089226974725692,0.938447507914815,0.9090782698010181,0.9520812617222691,0.9474681039049612,0.9262831775025464,0.942111369348578,0.9253541077934168,0.9416835765982785,0.9467302649173099,0.8779522701081066,0.9449304921230075,0.9434469289785502,0.9400904758200906,0.9571950821718851,0.9323392312009497,0.9460118691871187,0.9257133315373992,0.936012106811676,0.9459306925839653,0.9393679563487002,0.9560266501256856,0.9324834799919304,0.9422307180165411,0.8883295299972186,0.9574247910260374,0.8972345859231721,0.9439935689441238,0.9490103105197321,0.9476830635299364,0.8713138426344049,0.939579262701,0.9214477011654901
626648,0.9177083909143667,0.9567105025120788,0.9141242877220742,0.9549435067482167,0.9344845888236775,0.9208822497454292,0.9116287728011219,0.9514317504543273,0.9431104138247327,0.9205198920107079,0.9240822826258915,0.926564663715095,0.9393291609716973,0.9361539795617927,0.8828820134362643,0.9312252888094518,0.9332813140059082,0.9552247509745174,0.9621630536214366,0.9169593290512095,0.946222934160554,0.9540638909584864,0.9216538993689422,0.9376725236575829,0.959004960708008,0.9653147942851021,0.9256109011809482,0.9351058761956341,0.8756151931447246,0.9143562619093352,0.8783225560568555,0.9285690364112805,0.9438807131311195,0.9477593334702229,0.8645065436437838,0.9283733363759167,0.9185691853651335
627549,0.9148829810169329,0.9640592806707424,0.9235912842089429,0.9514028101636708,0.9281784973674169,0.9204770797721065,0.9075853021627359,0.9364854913491097,0.9433913903717245,0.9247120676340862,0.922871396213198,0.9246294488517673,0.9500760931405811,0.9399149984262859,0.8434215644832854,0.9390398330633787,0.9463443535674341,0.9520785257076357,0.9666189017178155,0.9243488080561646,0.9432109229750624,0.933909824423328,0.9324241907401432,0.9477267669447188,0.9491368534586831,0.9694472269674654,0.9333089415023943,0.936132635357926,0.8255593974600002,0.9138115122880659,0.9308844814096816,0.9338088471317285,0.9478879432065814,0.9463825910158963,0.8456681322405751,0.9483010104970362,0.9277015196002891
627852,0.8587175890200394,0.9589905177212762,0.9126504905698196,0.9458148162528583,0.9303843528049419,0.9077630460720505,0.9045224886424502,0.9398585628461746,0.9339736631661717,0.9362315350081902,0.9277326715239773,0.9302703604946466,0.9316596340575346,0.9227993281642053,0.8664255764096243,0.9218613479479815,0.9418684291776714,0.9366318845245363,0.9609033751383096,0.9351454602843102,0.9334799619147237,0.9407394748836191,0.9198842504168943,0.9411818090897304,0.9420519903177758,0.9594048573138314,0.9347804492828953,0.923908698545584,0.8256888878601034,0.9222182266576157,0.8961862779813959,0.9113830738628715,0.9304210278693312,0.9414508343324115,0.8657153774900059,0.9240065253166152,0.9213566542031408
628248,0.8801081220363451,0.9585805752658637,0.9069688465643564,0.9489299649086292,0.9203458299927827,0.9272385023740938,0.9056931779065159,0.9330360990145177,0.9303143062417611,0.9233465966954791,0.9191776175743893,0.9075545283197468,0.9401229864213212,0.9343816350989189,0.8871008813462178,0.9302987298810895,0.9354339370150387,0.9524474498182998,0.970533534296327,0.9284966300295208,0.9278542975943703,0.9363492474637509,0.9215471943420224,0.9393328759044854,0.9567048964591645,0.9696554477905615,0.931897901105693,0.9246774026343885,0.8790540741069255,0.93354250104427,0.884564571673065,0.9345488696497025,0.9460664441319333,0.9394867630640032,0.870860885354059,0.9219116836224137,0.9184692006322602
633847,0.9068628951751591,0.9539367663254957,0.9057349620562881,0.9345470746455036,0.9388162127407759,0.9386353741345412,0.9269482960706813,0.9396321066358856,0.9578356298452168,0.9123099759395391,0.9295515969932611,0.9482430019694666,0.9448275264487196,0.9386028162040188,0.8975868083385665,0.9426965267579873,0.9474254121729023,0.9409610181437714,0.9638067372491019,0.9243925732382176,0.9595713619513896,0.9365686897197084,0.9212166443225054,0.9524925542898086,0.9442737472763072,0.9612608794174963,0.9306735020902525,0.954248466436399,0.8424556831911567,0.9054016385234513,0.902467647850085,0.9340956710997832,0.9489058739002362,0.9356218139398358,0.8935105368176108,0.9420287697809011,0.9221093423329729
634748,0.8648505034644777,0.9496988845905995,0.903359514362749,0.9264694630623027,0.9249233699636003,0.907561465846013,0.888243154678314,0.9317299990014869,0.9415264820955906,0.8986160756438124,0.8993931761404992,0.9334769936062232,0.9497132689528883,0.9239046575287412,0.8409642821115553,0.9106299894503229,0.9399029028466708,0.9351561758654163,0.9586391825051375,0.9081363457017765,0.9380657391304295,0.9324410978272614,0.9098301228192549,0.9373240774516208,0.9367176460143565,0.9589294334121219,0.9171002465307063,0.934975616534654,0.827523561909376,0.9490349761802327,0.8253256041474424,0.9145543793886475,0.939991797219565,0.931764474382733,0.8496441565590507,0.9390235346483298,0.9011889818515838
635245,0.8619231145065379,0.9521933462457073,0.9068296755070497,0.9284619209821945,0.9139546332773246,0.9140268781605435,0.9141393190637765,0.9472346116882419,0.9511991711864203,0.9079438784700329,0.9279131099567707,0.9317558808598397,0.9385722600347428,0.9214651428209103,0.8880218958412175,0.9206254627869919,0.9437502595180516,0.9230989062001229,0.9504720535073552,0.9071042455848197,0.952749352913611,0.9417653450347008,0.9181296549494081,0.93836904916799,0.9369198664833429,0.9529332700650962,0.9115352747080209,0.9453350767166142,0.865225623920966,0.9155354057676669,0.890850282752361,0.9386929304305605,0.9164869167872274,0.9334061864986126,0.8483475434867951,0.9436156204838473,0.9134884385045938
638049,0.9055481218486262,0.9631532367848472,0.9042923050861307,0.9401825197192634,0.9300139722727668,0.9372558943968703,0.9185178651295499,0.9492052514929051,0.9428938595812152,0.933607053516939,0.9259110590895288,0.9266179448176712,0.949821956078909,0.9384431024404742,0.8610265622416076,0.9460255558519101,0.9382563027967988,0.9368237742203631,0.9563071152919561,0.943641007295797,0.9403133820791235,0.9270812913770106,0.9397500784192052,0.937327311114946,0.9473479305840522,0.9589108578398272,0.9412011888200936,0.9376420928782017,0.8455737566217907,0.9213393092293831,0.8860384187849402,0.9291979374538382,0.9254173868765091,0.9394908939175985,0.9008885102855447,0.9444514852691132,0.923080282391771
645450,0.8891095370999818,0.9492643604184345,0.9081240424252656,0.9580000689514435,0.9182275748979986,0.9446157117049955,0.9091365060089049,0.9364403141080645,0.9490221982612306,0.9152656482464109,0.9295609535120588,0.9419755138964664,0.9467148352155649,0.9505354205216104,0.8884187101750318,0.9375414816828853,0.9448509434486592,0.9555483625776143,0.9625710135390882,0.9351061819018928,0.9524436582529225,0.9460820963602374,0.9273706624679212,0.9503820804693501,0.9536144307722568,0.9624789160232422,0.9320128203061894,0.9409551251688715,0.8489785559869442,0.928420374885939,0.8776857664600233,0.9372115558265861,0.9461215686176664,0.939514702874657,0.8738041793496619,0.9250490291914348,0.9156868015474252
645551,0.8757155351800493,0.9531013922948268,0.9066002791977099,0.9511176455532246,0.909358766039124,0.925897036144492,0.9019985260687466,0.9347467847872684,0.9406315222013968,0.9168856054082256,0.9218717102364312,0.9198721931443906,0.9321920323514933,0.9444348049035572,0.8738541672358762,0.9184442878667302,0.9317526900037391,0.9492676548536972,0.9586376377934427,0.9303431751797996,0.9392349203219786,0.9414012405673847,0.9148748446508105,0.9431086221185658,0.9513550087964039,0.9537547463332625,0.931320585149414,0.9375955039396381,0.8570172596941406,0.9473876749044445,0.8887939377306643,0.9248918094197058,0.9520764453820114,0.93277641203139,0.853591596938455,0.929291968601533,0.9037114022717689
654350,0.9081430513340524,0.9564096054892918,0.9199120435106586,0.9413779507367749,0.9336515683356625,0.9316589848754618,0.8974947787233165,0.91741336961057,0.9461187811268478,0.9295091166009768,0.9365825388410458,0.9502714855969496,0.9399965316164857,0.9374894365514626,0.8566924099894235,0.9252452665493126,0.9427322345472486,0.9296808954812307,0.9580581234676533,0.9343205358724926,0.9431749300278085,0.9399040896450596,0.9225703522204419,0.9418807804196605,0.9284680265200735,0.9539631411627256,0.9348375332133703,0.9163767035704219,0.8526062241376832,0.9166412272005326,0.9100449504118042,0.9374872391027606,0.9455462299721378,0.9399492581416097,0.8717713955869473,0.93721217434511,0.9275546568316336
654552,0.9193765622987986,0.9554213800609584,0.9125382836109909,0.9453899263720659,0.9455694421527561,0.9367240997029972,0.906573617969407,0.9416120193873685,0.9381294614699233,0.9203800291611448,0.9342338078102823,0.9334065726413424,0.9355289121888581,0.9253303848382214,0.8680571245188543,0.937205729029453,0.9367863705211484,0.9480359808726503,0.9648734136480001,0.9232804414189715,0.9385564683838055,0.9394686113679909,0.9274369271105806,0.9364929286434267,0.9470036187185904,0.9617422601395313,0.9285408998806196,0.9272979089047977,0.8540863793765832,0.9446915088411594,0.8752872743908515,0.925266803404474,0.9368916226649916,0.9312659307160934,0.8559383633693406,0.9197019575355871,0.904338851909921
654754,0.9257127082434071,0.9515003719076063,0.9028761352942609,0.9489671745069982,0.9313506156512672,0.9398511967552744,0.9105148006199696,0.9558556219386609,0.9489216609509158,0.9271217437029883,0.9014548468535084,0.9199969823502323,0.9462975816636862,0.9374552919212327,0.896781110222129,0.9382192322807552,0.9325959979796331,0.9445175065396781,0.9613521772195895,0.9292576251651119,0.951179918045878,0.9333232127723542,0.9318605830712151,0.9425165527887456,0.94499061436205,0.9608186724305109,0.9328977863326013,0.9399697661707792,0.920781957852126,0.925704395330447,0.8968840870528371,0.9225247868934949,0.9330841525716788,0.9431520696106221,0.9100234611351342,0.9450237124788697,0.9174635318355038
656253,0.8897781345922258,0.9567652262876224,0.908614219775016,0.9444672755501835,0.9269649116623105,0.9171791127973138,0.9071873435381633,0.9302824843575386,0.9412718813097287,0.9218637311803194,0.9390860152216008,0.9429396630422626,0.9454050894420865,0.9394064547230747,0.8743900678787828,0.9196442411124103,0.9436022432546064,0.9460191492423662,0.9550723797543167,0.9263650075610408,0.9395454100641351,0.9209265955327097,0.9107324117799449,0.9467815131538084,0.9512817092925018,0.9596102677826369,0.9408450188329327,0.9305738544548859,0.8443701764955368,0.9311402890043022,0.8775388133643476,0.9225131969886156,0.9312449541668464,0.9370247583386859,0.8733968812354002,0.93406044055233,0.9197563504081963
656657,0.9111316620279437,0.9537142807365369,0.9171109855096667,0.9616327952496752,0.9270417768167413,0.9343740565811199,0.9160210514065215,0.9420226128072453,0.9437944257133362,0.9357200438018882,0.9343041365718712,0.9309290731578479,0.933884279243718,0.951772065110071,0.8731997778936716,0.9375882162534291,0.9343207422879207,0.9491665539323352,0.9647268580418179,0.9112780204902089,0.9449164758384638,0.9436889821260369,0.927167257189278,0.9380384858759444,0.930754519625199,0.9489705761310159,0.9217354630045317,0.9286971380255912,0.8558014375101541,0.9202878168266246,0.8787559051184977,0.9378665230028823,0.9449440800169445,0.9402329080666196,0.8306076592027892,0.9230709052779497,0.915317955912212
657659,0.9227701249011894,0.9753310341196565,0.9269548047273143,0.9516248048618688,0.9351365222608036,0.9330814186153319,0.9049565020126301,0.9354283142788101,0.9470216802929137,0.9092461540911083,0.9330771424520636,0.9421934654647668,0.9453005371954565,0.9371408294983319,0.845934809971611,0.9494906194506961,0.9496650576474444,0.9476847299556962,0.9574888471202957,0.9222761581391578,0.9457887969286055,0.9197019740993101,0.9454888308349922,0.9516107062967236,0.9542616528627952,0.9635026780525022,0.9343678443099799,0.937683311106085,0.8907151724913244,0.9342688613376706,0.9407622139986928,0.9440157853564749,0.9440045234960855,0.9473142554620084,0.8638007597833405,0.9440330015460603,0.9213122020663925
660951,0.9248384696367101,0.9466746726998501,0.9159435310936397,0.9455621777460111,0.944482840990767,0.9013149484195672,0.9097057271022385,0.9409735099678007,0.9288062263108267,0.9271687173529664,0.9185694057183804,0.926613970107586,0.9443001623805702,0.9403147824975432,0.8883962860807918,0.917577834097745,0.919388953251287,0.9328531052678066,0.9614737325240216,0.9281084411066864,0.9271108376550095,0.9583084226325116,0.9208797911130866,0.9215193439210925,0.939402701355519,0.9593538674797801,0.9228489189410163,0.9211678187981036,0.8775257997174628,0.9252595260904666,0.884998468675906,0.9084165273858622,0.9443703183551544,0.9306004153753022,0.8606952727210434,0.9267368897258705,0.9008912438830714
663755,0.9012351503000159,0.9371764277931725,0.9213149743527629,0.9481094507875253,0.9354035575024086,0.9187965010055348,0.8902976021223116,0.9451571267921188,0.9400504010972182,0.923455464232171,0.9182631992426553,0.9249763033723455,0.9363171830959028,0.8735888235639021,0.8657973499870294,0.9162493832215941,0.9322558279191729,0.9452497805772413,0.9574483619532952,0.9148059824584172,0.9403986487501433,0.9096566815530045,0.9034741506835442,0.9412450111774913,0.944222791258821,0.9593903981413228,0.9292275808179649,0.9319145984312112,0.8160252123318893,0.9366539485628975,0.897530703718951,0.9329828115803601,0.9346076769790169,0.9138344374939539,0.8594170305046743,0.9184697520165416,0.9125964031455899
665254,0.8965214298977887,0.9612776738178376,0.8966806679772782,0.9449870433124647,0.9268495247704953,0.911912583612181,0.8818754783468508,0.9092746604469718,0.9456898496623858,0.8891464697168664,0.9383368660644715,0.9261130873838817,0.919566714837707,0.9376080291206608,0.8418767630282028,0.9247124435033844,0.9408622526766668,0.9448327091526582,0.9415729089402459,0.902253504098956,0.9462031202469424,0.9407432754007323,0.9185396422815573,0.9469140059253617,0.9439182813612612,0.9454881833211688,0.90421570817055,0.9183925721640839,0.8566205401644443,0.9456642074679169,0.8678879779217473,0.9424764325697372,0.9521687318735859,0.9329146033070049,0.8437695044845959,0.9115356268431096,0.9103845893657821
667056,0.922716802363399,0.9688342891664176,0.9269408737048525,0.9247402734973195,0.9282263412121061,0.9353157084649346,0.9052065751788341,0.9472051627497419,0.914820577321692,0.9138059297223422,0.9345444273672177,0.9334309932834103,0.9480163526503917,0.9325702937514359,0.8691577105939519,0.9473286118387362,0.9370211894881817,0.9309992223458936,0.9575095926117086,0.9270605901820317,0.915427844359509,0.9493783015717191,0.9454276755705135,0.9482060132316571,0.9416895915635078,0.9623203182151003,0.9308990958275277,0.915426605654021,0.8560032179053586,0.9454203885245767,0.931471861173476,0.920043584871877,0.9360241517086155,0.9400944287927531,0.8839953320589118,0.9206995278582574,0.9168707645597918
668361,0.9064704909443836,0.956030725507289,0.9100701308451741,0.9551836270890658,0.9180963057917141,0.9161939835374918,0.9080696778502265,0.9401400786279704,0.9389891242752842,0.9104680696245774,0.926898625978669,0.9259113228144131,0.9545164923031926,0.9403911384764525,0.8894748859758311,0.9193643213308514,0.9338471276289414,0.9551639505034087,0.9571268880471436,0.907676092030531,0.9442474393639069,0.9331518219523507,0.9178964899370318,0.9317388500357973,0.9521516492179678,0.9544862522897162,0.9167349327813833,0.9394241454256075,0.8682461140525144,0.9425512158754795,0.8828420558628213,0.9287732245754494,0.9419375744738484,0.9381537157080243,0.8654798259206609,0.9168800963275756,0.9048572282150024
671855,0.8835577962426783,0.9587769448685242,0.9099473046368505,0.9457980413882224,0.9099910909114337,0.9211436042040927,0.9207825322021997,0.9412830750759538,0.9402811979335006,0.9170649928217208,0.9256434495379577,0.9285806503647237,0.9393002544160368,0.9448952776234304,0.891240252609499,0.9322771621413067,0.9384686100821171,0.9485959102763373,0.9566859214851388,0.9120316782240779,0.9406056043022938,0.918342015061981,0.9229034209371187,0.9377907426359476,0.9483403501157435,0.9569790511560529,0.9171353468446273,0.941130991195906,0.9021199097138028,0.9091080538993973,0.9167989472511358,0.9360045122127997,0.9557595968698956,0.9383853979188967,0.8690090803441876,0.9365023282347124,0.9345660441755391
672756,0.912534185326504,0.971626204522416,0.897144668079948,0.9515220995358168,0.9373907181259098,0.9208785667400522,0.9290332377259062,0.9541998859206337,0.9475355680217876,0.9283934871918289,0.9314212601409831,0.9414789960713468,0.9435610507488121,0.9184315174670574,0.8803502799372483,0.9380195946900536,0.9572188081336145,0.9490592708756682,0.9660681662903987,0.9290483307990389,0.9471382741944889,0.9507392576697551,0.9345170457226075,0.9612258074408971,0.9505916075859364,0.959016101522194,0.9287948854624403,0.9417137012520209,0.8239732544287108,0.9156846200063334,0.9120465349704024,0.9426510909832161,0.944033977858663,0.9426400040071178,0.8845134441689025,0.9470039740545289,0.9261766174159042
673455,0.9261301568833693,0.9663523973899054,0.9109679599414698,0.9434197054492001,0.9404388455349338,0.9129745835911566,0.9132561148407582,0.946684753744509,0.9412642422566188,0.9154834762518952,0.930430090906568,0.9233215661515523,0.951605805286066,0.9323349161441584,0.9113027470946005,0.9266085579748912,0.9563779846445712,0.9434619767454818,0.9520463172160076,0.9270998718777419,0.9398375007261212,0.9335914665888855,0.9217016538728907,0.9558146908384232,0.9559327365606821,0.9601167126925788,0.931879078158672,0.9357598874678835,0.9307292106677285,0.9318044021089976,0.8976988064565785,0.9358016824376869,0.9305969751855683,0.9313821805398804,0.9064500171181473,0.9134015120927902,0.9259033121066929
675661,0.9252199304541316,0.9701911284985626,0.9265061059025147,0.9419612148455457,0.9299561488856648,0.918839151469826,0.9101565075964589,0.9452874424899422,0.940227503989277,0.9164078805490287,0.8972609061054931,0.9246861926572193,0.934609264132854,0.9358541868765983,0.9086667079489079,0.9401634596775144,0.9498349155526022,0.9465851512789588,0.9539466454324722,0.9227459191935277,0.9393283641781275,0.9601841003732321,0.9308059794651348,0.9546305351663262,0.9516450196446102,0.9606299652925632,0.9245607092450112,0.92518879950505,0.9133556016173849,0.936152777366515,0.9102986447898046,0.9448176491130065,0.938004054589095,0.9385814574262431,0.8918706011208184,0.9306061123574192,0.9289419093377724
677766,0.8799869807653686,0.9588922780876414,0.9227103075142342,0.9402674564727815,0.9219732389839255,0.9394542095946096,0.920391011834349,0.9431159695953915,0.9497858348166246,0.9368920500445134,0.9428606889298508,0.9372331725406757,0.948542595200571,0.9504856570409942,0.8712847934869721,0.944647243469214,0.9381941859299274,0.9426863495091165,0.9697837326533942,0.9364521143307075,0.9509078644897995,0.9542597325166496,0.93204739930034,0.9464760483187963,0.947291758178112,0.9668010301399826,0.939901083704133,0.9455841848373199,0.8680281075973811,0.9337360345760025,0.8836253927226331,0.9138344833330839,0.923592164033383,0.9395936460660717,0.8691295236110053,0.9317633704516687,0.9250607691139843
677968,0.9084586752817553,0.96169882071569,0.9064048731931265,0.9009590742556792,0.9339972659606444,0.9282061912922096,0.9103665640295574,0.932013986926665,0.9419190530184248,0.9051004397011077,0.9213768582959895,0.93832173654846,0.9492475294585976,0.9378489931648926,0.8783284383196215,0.9445876619868314,0.9465884107629802,0.8987161169421117,0.943105035291819,0.9265224615964637,0.9427515815465893,0.9546997205813098,0.9392911694338754,0.9475621665647631,0.9206820134073587,0.9504936561291378,0.9359584066149799,0.9363873894579614,0.83833277341749,0.911334930406102,0.9381742770223105,0.9386345936442936,0.9029072649412836,0.9137619233818475,0.8395893118155283,0.9235945422722814,0.9165214070372734
679568,0.8756064197040341,0.9673497193528174,0.9148240476470426,0.9523993390789014,0.9211120980951055,0.9337934178656548,0.9224209465961513,0.9450258977133591,0.9495257424187452,0.9228415697992776,0.9325657827060739,0.9324904737125732,0.9323886864649509,0.9370767114510332,0.8775132884406851,0.9416847263323351,0.9416923981240273,0.9453733483149617,0.9697439275967985,0.9284693274960526,0.9502520550772825,0.9410315797363582,0.9369107431036877,0.9482765565328913,0.9479582032104625,0.9662755035339192,0.9274814238674156,0.9459198090985912,0.8719024824357248,0.9308076601994191,0.9342012320103833,0.9249075842422525,0.942253891206679,0.9524048961296935,0.8708347307561435,0.9347883792758205,0.9331235823720908
679770,0.8954955920022587,0.9502771777916473,0.9342358524727851,0.9331065423727707,0.9041256634977922,0.9316400568303007,0.9252146821796342,0.9527792502295654,0.9501488694982868,0.9219974214391741,0.9145025409898582,0.9028239744391605,0.9285509328019769,0.9130966669290749,0.8611994585137559,0.9299403133511643,0.9549647407786488,0.932216218648558,0.9555003693432618,0.9204113230490033,0.9481045457570679,0.9374917060191553,0.9156130694269857,0.9530473207588713,0.9415963889986417,0.9580017138079979,0.9261130734036509,0.9438669336100237,0.8594204731588567,0.9201175783599016,0.8895453998439994,0.9506012387565971,0.9236649603463821,0.9367632578355406,0.8758066199586076,0.9296370814727023,0.9288768142072306
680250,0.8478083024596623,0.956833033578265,0.8752854899703725,0.9233066666842569,0.8994675299014186,0.9104595455807326,0.8844214771570993,0.9126968974328402,0.9179592693769107,0.9030193626062729,0.9102115298357621,0.8969433761042549,0.9285920419451307,0.922517879982227,0.8796755898781714,0.9250430742313401,0.9276431075968901,0.929473153243263,0.9539634257733557,0.896249581526113,0.9160822078773749,0.9203973987021712,0.9191652642002678,0.9292309674608781,0.9341483289796462,0.9556016270796375,0.9051562026461317,0.9137927690244595,0.8485094146295051,0.8919053670284922,0.8962558580600624,0.9344960259755887,0.9349133252314158,0.9196941851685146,0.8286364579856981,0.8922275681089377,0.9359594169097044
680452,0.9093811793600877,0.9647977275540146,0.9188247350449248,0.9462840995973055,0.9281438249566936,0.9398635425854486,0.9294941404903683,0.9562132363208367,0.9483008714700704,0.9210398678346216,0.9348734858507644,0.9420863742567671,0.9433262909137279,0.9249425954124482,0.8921644465419638,0.9494644733578785,0.9385657929996265,0.9385611442762785,0.9613157943587171,0.9262590603996647,0.9485509104832895,0.945362988176656,0.9434968133269843,0.944398168514851,0.9481057566856904,0.9598896544826774,0.9288540698447979,0.9490535515819254,0.8756390408621232,0.9303049442251398,0.881716786618682,0.9382921897696277,0.9389568012977024,0.924862267544142,0.8527753713970552,0.9210410857088814,0.9179260720442837
680957,0.8967913790325156,0.956884632452909,0.8658659900369261,0.8368020717483245,0.9274643587902189,0.9333070759086813,0.880754718528639,0.9392181175384202,0.9149209758931829,0.9023684701710586,0.9128039810277342,0.9361408330261973,0.9429690919690605,0.9077838349248843,0.8701046725143907,0.9410039787932273,0.9353550414121002,0.9428571783151006,0.9470198647674107,0.9107361046794955,0.9152447870650303,0.9279283115880799,0.9335267284840508,0.9289758395275516,0.9282371765784034,0.9427600567223511,0.9229262141154259,0.9056697431508978,0.8774424163834912,0.9238578561557009,0.8974156666480313,0.920466851124931,0.9370646649879817,0.9178042639818748,0.8813991186686143,0.9043656701462266,0.9361049134949808
683256,0.9094295857818333,0.9548411042701244,0.9137459498790012,0.9586673555510594,0.9154434594128806,0.9364069562866482,0.9371246743968122,0.9553314882998728,0.9594273155396131,0.9142875004376285,0.9203966463701051,0.9218063676549718,0.9506617440427403,0.9284330339328996,0.8808248763223276,0.9348145638142301,0.9469780986965609,0.957757262111049,0.9705876367788149,0.9020226424138108,0.959667258104371,0.9367042123476849,0.9292537468827717,0.9489527112754017,0.9584249589129828,0.9702422217768626,0.9212254435581194,0.9566169297745298,0.874460217346869,0.9181812382596977,0.9233735255834076,0.9412863954232952,0.9446470092593231,0.955396530711526,0.854299083232617,0.915180593390177,0.9231163049718625
685058,0.9090947272442573,0.9692351120190853,0.9241543024167432,0.9497559572492169,0.9328433233311467,0.9159663170648081,0.9080053760958194,0.95025601750883,0.9382129309521029,0.9261316299970979,0.9319878751524394,0.9330283009185513,0.9464640219712792,0.9169351862080604,0.8836617361163456,0.9387772438353206,0.9558413602159188,0.9429241026348257,0.9626545712092662,0.9273748379058694,0.9369205385367143,0.9520026159534869,0.9371573244650372,0.9605895143531594,0.9490040626974905,0.963687531300636,0.9352150211464056,0.9230883642104529,0.8742118246748266,0.9234745846599595,0.9069780230628266,0.9407848270599052,0.9374728634728722,0.9399799980598994,0.8477238379060762,0.9365145063429633,0.9235597888877664
686969,0.8925603888596748,0.9553997890579506,0.8819559340582794,0.9408694162137048,0.9314529305648843,0.9245323313488566,0.9032610577908388,0.9161061197295787,0.9427194915606152,0.9110860841331412,0.9307581417919998,0.9359274704028414,0.9319928030348995,0.9283642214461073,0.8825472208106682,0.9296585957642859,0.9548023068056046,0.9485892703214506,0.9543186840728228,0.910974712759522,0.9386995391818647,0.9365533844701222,0.9208783677383192,0.954091454506604,0.93446445321161,0.9516501169135959,0.9234418914135899,0.9220669613413882,0.8189065052419668,0.935467900949777,0.8910530462461609,0.946417208626565,0.9282724315938763,0.9129815224662267,0.883966022310865,0.9033863416062462,0.9445509627079941
687163,0.8800658206928511,0.9709363380835927,0.8889591917235583,0.951251204103351,0.9152082485020863,0.9189158070350048,0.9164955922756988,0.9384160378875303,0.942970475205502,0.9273912250513,0.9175954363550832,0.9370812610757713,0.9503869502144696,0.9442597423703878,0.8786389459132175,0.9493852815487263,0.9473050936096522,0.9518284206228167,0.9649741539681912,0.9407013333217102,0.9457049738951898,0.921618869417221,0.9408355654537075,0.9512782638889901,0.9505904278022922,0.9636552750405332,0.9419438109618946,0.9377027910165551,0.8607103222988196,0.9472036064759516,0.9099219501489241,0.9447795541965884,0.941582409015853,0.9359302733740069,0.8298989086310934,0.9257530322645513,0.9289556493870558
690152,0.8842971936898609,0.959806986029308,0.8986563793426278,0.9530469926126026,0.9329986575458075,0.9293474323074067,0.8997528171987298,0.9465857568831972,0.9347852518961639,0.9274814189377538,0.9377707468450984,0.9440626701343233,0.9337405049445158,0.9435999619140354,0.8736299012635229,0.941914603958621,0.9541603448562489,0.9522071399683005,0.9640821447406228,0.9296925739055034,0.9359467001362248,0.9501958967435038,0.9241871560565469,0.951215930261611,0.94618003559834,0.9576486548975338,0.9311562352726519,0.9271787317048222,0.8291875787869604,0.9398508565220012,0.8991527468017843,0.9433536301672723,0.9421616361388936,0.945975196965362,0.8642129573522874,0.9472501630815415,0.9224965970730369
692964,0.9362914283207364,0.9644489474461575,0.9230377799460167,0.9533897968151619,0.9456139730898322,0.9316563908335302,0.9246944994580278,0.9477665827852534,0.9442449543516748,0.9219102950998652,0.903735524266566,0.9239016644761096,0.9343243222968363,0.9147387454469809,0.8895919815709151,0.936971395109074,0.9540668745166456,0.9489980517852206,0.9657368987603767,0.927149731107655,0.9432715380917828,0.9414481506606552,0.9323245772075702,0.9541271430399522,0.9544985815316778,0.9657616573979764,0.9318797756557976,0.9351937467528164,0.8881115731360674,0.9345516442275995,0.8985154716939995,0.9284084169050002,0.9331404499380888,0.9412478370689311,0.8827398371358205,0.9245697618098084,0.9315480363894836
693764,0.9114210646520993,0.9657821421457417,0.9192427736506206,0.9510874007041145,0.9357122800364055,0.916040519945312,0.9154639785320373,0.945087006996974,0.9441391649868863,0.9244016595103917,0.9287626170103979,0.940843676343382,0.9337889941451141,0.9357320359161219,0.8900244849967783,0.9350324816706999,0.9293930302434665,0.9441948194112674,0.9470696079022006,0.9372216410565085,0.9445618622523541,0.9417288323170472,0.9339696186077563,0.9377277803556517,0.9314099325917186,0.9459883321599307,0.9324677393881743,0.9432735950009361,0.8457241364269342,0.9259158665317786,0.9063100247327992,0.8991960892610036,0.9347249106485074,0.9135039671405569,0.8185791693994782,0.9321333376302815,0.9227110894015178
694362,0.8897962030780975,0.9681245276987065,0.9171233528837183,0.958424650816699,0.9061253633278581,0.94715089781837,0.9220569914144705,0.9447782825117693,0.9496589318747606,0.9230135423202301,0.9177162150645182,0.9312594843295618,0.9474595786648572,0.9155408958875217,0.9036961445817554,0.9551579742657184,0.949610428793513,0.9512819609066984,0.9572928587235838,0.9233942284822382,0.9477239529206015,0.9509838901466771,0.945224809728495,0.9515186404328102,0.9507751914015833,0.9598382583422461,0.9272898995502604,0.9435960628942626,0.8875053907996642,0.9522873881844773,0.9247338147970581,0.9501356275443317,0.9355567540392128,0.911071997404852,0.8571142439752004,0.945479206115115,0.917601095189539
698168,0.9222797819799236,0.9686466151501502,0.8710562652594888,0.9463324848920872,0.9349576529605489,0.9294337562192687,0.9137190999092383,0.9367359171527073,0.9473407370892556,0.9274867368771333,0.9186213221526648,0.9344337611673836,0.9253361172954547,0.929599063044943,0.8625264031179273,0.944511900212147,0.9486172110602017,0.9460247615937963,0.9575205951851836,0.9189267686095666,0.9486713480280368,0.9118549077386044,0.9433896376828594,0.9426652389280642,0.9480483869428417,0.9572231757872564,0.9324516034051132,0.9364612072045992,0.8764014305884189,0.8954602782415532,0.8960944238044526,0.9376222836032887,0.9415355584902291,0.9366758795928632,0.8837532702633878,0.9169935021482506,0.9379098021223096
700634,0.9020421383958622,0.9604021378266776,0.9410174699583419,0.9478567142937468,0.9238858036049764,0.9272853015674256,0.9170180251921396,0.9427416703147998,0.9364238012786995,0.9170041626913832,0.9241318198921483,0.9178022339751191,0.9338747949677062,0.950892464991691,0.8701174233684672,0.9432980584808528,0.9350952454733562,0.9448867110494928,0.9663934142291172,0.9203497975001923,0.9365432315391675,0.9325730744668391,0.9288082520647999,0.9447546410779621,0.9480127856271691,0.9652144808535754,0.9213057248059627,0.9275375510621553,0.8769931444488365,0.922102417421886,0.9175027121518035,0.9339524191551083,0.945240402477531,0.9399626893908136,0.8641016148509263,0.9432809663530628,0.923946973102742
704238,0.8918122136504059,0.9602403405346369,0.9054202483222134,0.9554045377477705,0.9238416423150223,0.9352230548036886,0.9216988240876304,0.9411036972691457,0.9568375475440143,0.9143444904652713,0.9227115079933849,0.9145585555267769,0.9515504788381322,0.9265601772578848,0.8786851282681212,0.9432910235611376,0.9535769161176816,0.9548457315285914,0.965448803147641,0.9191657309590161,0.956346994599569,0.9261209909568728,0.9292196132096043,0.9508363155094797,0.9549122821504116,0.9629771669240245,0.9285702554016385,0.9502843510972951,0.8800748117464134,0.9310712541240316,0.9186384798269659,0.9460149258522371,0.9407410115627637,0.942564437113477,0.8668132528046946,0.896195946209537,0.9224505569785509
705341,0.8962973408905003,0.9440588438272707,0.9085035026698812,0.9175669582216672,0.9285885417191868,0.912680683721337,0.9103043705874699,0.9356339482598246,0.9344145579702233,0.9050561196066649,0.9111509687173937,0.9223817121782254,0.9403628912934888,0.9291118224521421,0.8994114137003715,0.9182306308990746,0.9307774504370709,0.9455882726383226,0.9573352608330171,0.9149879341324942,0.9349208516714713,0.9510549655883643,0.9140225382535769,0.9382164804576261,0.94627541026057,0.9598334592206386,0.924510181671815,0.9296735850867274,0.8343517563408488,0.9338678739120728,0.9088645078299016,0.9061923402921533,0.9331387606093586,0.9372039078118906,0.8472611905303441,0.9219274414719236,0.9210963468763755
707749,0.8915991612376319,0.9581331035510348,0.915766052271277,0.9562709929541029,0.909430441432661,0.9201150994119837,0.9133964003453953,0.9498846063596491,0.9437431260782191,0.9121807880163569,0.9219745238695751,0.9261906390432348,0.9488507853138244,0.9423448766965173,0.8720993871027465,0.9356635364368815,0.9421178192792938,0.9502343467738946,0.9704135432306487,0.9140353660696998,0.9441361174212771,0.9466260575420609,0.9254872799221124,0.9412009127868318,0.9453490992002883,0.9641290663073278,0.9197656271567243,0.9373920009003716,0.869301913660071,0.9387313698532109,0.9308460629585812,0.937783306316206,0.9539200412871718,0.9401375377956149,0.8696699684426846,0.8992215034199101,0.9441360113280162
713239,0.8881994407675282,0.946829566625292,0.859739490166489,0.9455238723390232,0.9035535709785419,0.926525503849015,0.8823882985564365,0.9193728619822311,0.9461718833928429,0.8980454616060207,0.9193182150680788,0.9195242582067672,0.9414297908676946,0.9096638569869647,0.8429826017693198,0.9293571571807232,0.9413953686308908,0.946752396091126,0.9546585258183408,0.9167418280547588,0.9420007034106019,0.9052440798357979,0.9277773027494182,0.9407885678143942,0.953329392380242,0.9576295764655341,0.9206763779850652,0.9293355000007396,0.867453542119539,0.8802465624442238,0.8958636092640542,0.9375113146254327,0.9357035933620764,0.9294799776991626,0.8473300295532932,0.8973251594619287,0.9334157531477186
715041,0.8962851655042181,0.9515189569145487,0.9106748835772428,0.9474889807012365,0.9142185157013488,0.9278389464736985,0.9215617960995516,0.946403134159937,0.9486309554272392,0.9185538532408024,0.9292893265444784,0.9295446737360239,0.9203015636612496,0.9395219475981694,0.857811135982127,0.9354511894578366,0.9476067338927108,0.9463214642394057,0.9564480015326609,0.917582637045955,0.950830545553913,0.916100438583465,0.9246606179073944,0.9497278209288053,0.9496310304257517,0.9600544914374642,0.9294068846517548,0.9440634862521879,0.8511206929736796,0.9094320488253956,0.9111832313748233,0.9325659704913557,0.93368531951482,0.9262937129732908,0.8817112171880349,0.9374535597640821,0.9313727319159809
715647,0.9201714178484796,0.9596683336068995,0.8871377754922053,0.9461060982678325,0.9321233864727126,0.902839700327189,0.9258521459305673,0.9456871585415859,0.9427936124785619,0.9287784822291516,0.934641866242426,0.9271963318825123,0.9429707489389932,0.9302639004919524,0.8656567690191804,0.9205841527499601,0.934993262041669,0.9467996313198821,0.962531192134989,0.9268296607125878,0.9416771776362316,0.932733727015447,0.9163546871925372,0.9393932910569595,0.9494171903264703,0.9625073320231081,0.9307456811558639,0.9379893982780161,0.8305264135946403,0.8941587422160954,0.8672206275165832,0.9224618523489054,0.9215761555153649,0.9322207167731813,0.8701739298494632,0.9408121947521136,0.922859523282569
715950,0.9145422685842094,0.9588856054574142,0.9026509861539064,0.9544666805756525,0.9328713956189614,0.9435477773515397,0.9199795343570621,0.9489156806520582,0.9585455072282502,0.9275854004841505,0.9292720900133877,0.9210101796217496,0.940908576446447,0.9309823923085493,0.8833120095972502,0.932376601460261,0.9578030882379586,0.9543057630900069,0.9643478458067075,0.9268351883346263,0.9591017949989347,0.946629445132609,0.923800067568365,0.9558901926289904,0.955812653668097,0.9603431822948023,0.9302438530336263,0.948266854915506,0.8710632710307827,0.9352967834913033,0.8908552099732447,0.9497476140145666,0.9497608958131317,0.9394348684995953,0.8955729667232047,0.9298546959163525,0.9183337356403238
720337,0.909226280073655,0.9658141953916028,0.9258854781535307,0.9334806570857309,0.9447721077372867,0.9132953766500616,0.9117352967944767,0.9348323604163661,0.9448956344612388,0.8939890556741574,0.9343493587926128,0.9363775676230249,0.9459553848726994,0.9360422160538182,0.8656506626426362,0.9251188340354242,0.9238542717123007,0.9312917671137921,0.9610877725030025,0.9198990124703403,0.947317594256953,0.9301447875911654,0.9134896105394064,0.929286122212026,0.9414262812063212,0.9621631256974011,0.9329639874105283,0.932395502973703,0.8331749766904188,0.9204616061188938,0.905746101450261,0.9220337661168073,0.9329885726772442,0.9321619874785741,0.8793924509189226,0.9183539256206387,0.9329037098691912
723141,0.910592900071711,0.9617879379263689,0.8999544234453866,0.9343320114485404,0.92177553671809,0.9079533094287335,0.9112478855609061,0.9427330066163289,0.9484916454450475,0.9192052142766437,0.9208709380921015,0.9135419282597654,0.9443675894594433,0.889680302744423,0.8821904835931601,0.9352181465786226,0.9403415019275747,0.9363126905746831,0.9596992706828831,0.9248981612709752,0.9480225426577511,0.9391010688439607,0.9249069976026755,0.9417584064352679,0.9517962098976475,0.9644868304368148,0.9384305456413247,0.9407748891983834,0.8951364356544329,0.9197198100271509,0.8813441386309468,0.9409523015452176,0.9201000023864372,0.9282589757835178,0.8881956461548,0.9375125585054801,0.9272290176456794
725751,0.9317344248663499,0.9601207174100642,0.9253734340456055,0.9595655679027247,0.9378660541365023,0.9400839944250985,0.9195793243731418,0.9432919059597071,0.9425225537418449,0.9238794012088357,0.9182431769422519,0.9318061321529911,0.944724851950649,0.9414920151542471,0.9138250599309711,0.9408428709592104,0.9263889023842682,0.9584849192509236,0.9524872398112074,0.9093328707884214,0.9418750817455778,0.9430251966538189,0.9214848459472376,0.9341718900829549,0.942787686843791,0.9457362327278396,0.9203651693451957,0.9324705881050634,0.8797762185852702,0.925730061236124,0.9145255156463907,0.9220461841447879,0.9484028772805245,0.938280165297795,0.8660756183662743,0.9202479703178602,0.9109894743140416
727553,0.9301876393720577,0.9644697111102886,0.9067656644673726,0.9552198258597654,0.9528419476178124,0.9257384205017708,0.9094558438604509,0.9394445915365791,0.9368149682069655,0.936207030501431,0.935757402138512,0.9394169253803688,0.9403805441828311,0.9376699534016594,0.888036748505859,0.936287455400588,0.9511038198357461,0.9507515982022469,0.9696037348305755,0.9364879786391858,0.936134918064311,0.9509971408707464,0.9283745557473071,0.953282778124626,0.9493930679725561,0.96299399828688,0.9360555716585575,0.9310609275889061,0.8446573412016815,0.9445576033198357,0.9186641673853926,0.9404514102125225,0.949002113839429,0.9294192267971308,0.8993326896073036,0.9364376176205322,0.922949664548323
727654,0.9174361631589961,0.9599621799951353,0.9409659993292349,0.9177196890248469,0.9299981159996037,0.9100122054126182,0.9150945499864154,0.9386862264421716,0.9436016529906905,0.8990546617934678,0.9133332091085227,0.9254428506997808,0.9536152520673079,0.9343674804146446,0.9185124105195649,0.9288081548643099,0.929947106228776,0.918839845778646,0.9509609745960893,0.9217114252114554,0.9457018757218963,0.93232631768023,0.9307093593431722,0.932153410074119,0.9401116560502553,0.9560677531977275,0.9278491444526316,0.94295181307141,0.879020117211292,0.9334727903190171,0.9208851911962607,0.9275357352347472,0.9335329315279318,0.9460442041524336,0.9066432913124229,0.8914213158193466,0.9235372983164893
728454,0.9204498325867091,0.9639713292281125,0.9100156865056211,0.9474079140803807,0.9233222639217064,0.9360723795408642,0.9058334017151286,0.9353157804666549,0.9402090519337949,0.9161733173092768,0.9237025819422308,0.9235037680992095,0.9324831022292559,0.9476560249396005,0.8927868962294021,0.9523987062920477,0.9569944260761449,0.9540454734683405,0.9521410924837256,0.9108157221272587,0.9401204342321544,0.9565620542863387,0.9467236808318964,0.9515689771638619,0.9389595765442003,0.9531987907668665,0.92115971336195,0.9094478954956782,0.8977168020538113,0.9248005829607813,0.8827551243805772,0.938463791315864,0.9424705800761018,0.9326501868755509,0.8788500001819316,0.9052465210144919,0.9207139415930842
729254,0.9270182027785632,0.9494795237344734,0.9176489491062337,0.9419704978376858,0.9413958063548661,0.9020235936223572,0.9063802668852066,0.9416564166308607,0.9368067540227668,0.9288058021622234,0.9114793147110519,0.9313661477462214,0.9330406539064745,0.938604461134675,0.883979440568328,0.9152104999812117,0.9405598863672122,0.9390924181127137,0.960650222542135,0.9341498428822265,0.9383590230948126,0.9322133626744474,0.9037959503110665,0.9338481491016936,0.9438676443659823,0.9631915159067689,0.9353902272923259,0.930715941142312,0.8493741895950464,0.8941531528832023,0.8751862104776819,0.9283376675176671,0.9274224152304335,0.9283714223063846,0.8665762008198046,0.9385863184669097,0.9096846458505762
729557,0.9157994623338571,0.968331445018963,0.9096735734519288,0.9616550343451203,0.9313884777773563,0.9417793241648621,0.9103485194336215,0.945368387785907,0.9426347535913648,0.9377976296587794,0.9322876714157367,0.9358256672558108,0.9406229491883625,0.9451447510724456,0.8676160622834839,0.9469448698918375,0.9630116737201966,0.9585770553263459,0.9625283088950302,0.9328496335032214,0.9420757250133296,0.9427716937860519,0.9440441032042844,0.9588931656148758,0.9582361752161594,0.9611760165787888,0.9356009311033691,0.9340236489437842,0.8097690267164265,0.9426428011981367,0.9408580854360992,0.9480292813781018,0.9567457036705928,0.949333930772548,0.8771291426799013,0.9325544100150588,0.9292145010960049
731140,0.9166841144066964,0.9672122086035538,0.9053894548965311,0.9533373152025275,0.936992768904242,0.9256362659674796,0.9221986708565981,0.9420407393272962,0.9422024983504812,0.9291040797845769,0.9227187737513346,0.9320216941672532,0.9547066342234869,0.9377113788792351,0.8974604024698162,0.9377265110572363,0.946152231401964,0.9523475733841082,0.9633228482286661,0.9365919657725409,0.9434460899599324,0.9411937320855219,0.9267370846693688,0.9517763069672851,0.9594218362108204,0.9661614942322166,0.9364313434674107,0.9318247306083521,0.8896507365141344,0.9227986577326067,0.9317152356498453,0.9364001459458807,0.945102733858524,0.9342762034427663,0.88833207386345,0.942879368750269,0.9287540980845916
732243,0.8808837837823605,0.9474906858681748,0.9106424272072753,0.933087181051591,0.9229211247128248,0.9165862459049747,0.8880590520371241,0.937827978996264,0.9226169840051148,0.9014253278440165,0.9135913395217201,0.9363264993984872,0.9426446654519599,0.9400802523626309,0.8620612555959795,0.9239958027922679,0.9431923506471843,0.9331582201336838,0.9481612749818745,0.9174644302583441,0.9247645464918355,0.9232762113735132,0.9184432239607531,0.9513138290847348,0.9425449819761312,0.9540692525187402,0.921738234759746,0.9284946792924553,0.8623735217699136,0.9222264177915263,0.9105542779376136,0.9399934612329564,0.928812436148567,0.9352457564992707,0.8595025668365329,0.942442575157398,0.9218605183823996
734045,0.926867800102064,0.9562730585892035,0.9115007574668627,0.9430468014084539,0.9427603070307121,0.9231765859723569,0.9000248298928676,0.9217600118465019,0.9331637237185736,0.931379929647187,0.9372073013241191,0.9339306211576227,0.9454564139313568,0.93552723703393,0.8699285448051646,0.9251100452229062,0.9502959377495475,0.9436942407381569,0.9509947038230161,0.9358207478365409,0.9305043952765568,0.9325009812470569,0.9183461378472103,0.9503510132093212,0.9438290615026536,0.9565076821261057,0.9369691935685504,0.9024235059306939,0.8342251130734812,0.8988417953013002,0.8802552426776418,0.9386718623234124,0.9467436320898032,0.9378870231583901,0.8615933338486836,0.9002135950173218,0.9063498171223533
735148,0.9090350101802572,0.9622080287090838,0.8850611151875825,0.9394090686076095,0.9226693667074093,0.9192132549272297,0.893906456603823,0.9311970551254254,0.9361549250226024,0.9251537918773334,0.9309236115427914,0.9256861957632744,0.9445662714408957,0.9397500534348371,0.8870429555031984,0.9239668333890059,0.9335770904582835,0.9413591996327412,0.9604779673763569,0.922191130703722,0.928010568003291,0.9343696342810869,0.9080289332830629,0.9439088096362672,0.9422132963616558,0.960948600758289,0.9291229072609692,0.9184220801804905,0.8783391135824524,0.9251298766690156,0.8996665783859188,0.9243076441423208,0.9252923906654524,0.9244572466956926,0.8672668277122179,0.8990801081071219,0.9246798108707597
737960,0.8870142780656921,0.9520504577512432,0.8999983719993326,0.9488911801476447,0.9112756720405111,0.9148313229667459,0.8827717066526694,0.9359406771845031,0.9425195452717569,0.90532122670594,0.9169596578659107,0.9334078598362902,0.9518098634077766,0.9303948331414418,0.8866484307343728,0.9284246993066384,0.9281955164671476,0.9485610607167168,0.961895949908837,0.905738088242097,0.9426686690693226,0.9326697631745171,0.9181028938301906,0.927697094085248,0.9450748454546734,0.9577686970922462,0.9173912012348753,0.9255921549211351,0.8213987161178044,0.9168797120725245,0.8771531497222139,0.9148111543404013,0.9324788252709149,0.9250123965379956,0.8221312424228961,0.9041159996170242,0.9104989674226811
742549,0.9119409649266788,0.9614357881659634,0.9219674318606084,0.9442404296579993,0.9213986658728089,0.9204145638971631,0.911846989960896,0.9401651921074272,0.9442053874593305,0.9055237225848456,0.9138401632250226,0.9438070638141856,0.9519368479362557,0.9409515259727773,0.8955315404397584,0.9401753091833485,0.9256568583804247,0.9409579613695529,0.9433074946636446,0.9248522968598197,0.9432718040437152,0.957107417402094,0.9365656658083273,0.9140616873068916,0.9407264606161467,0.9476085073604563,0.9386515367940198,0.929965065233548,0.8631751716750761,0.9339056052165088,0.9026416152133615,0.9292958150758287,0.9333632243411947,0.9337115258402654,0.8504073274260666,0.9208062348025805,0.9121344123071854
744553,0.9172906860533199,0.9567324577163288,0.9002656488925905,0.9423517809200982,0.9288250973609704,0.9307736106265091,0.9150473073228281,0.945333445194687,0.9428312837666352,0.8981745633420015,0.9101782930695773,0.936482827055155,0.9328434160025263,0.9099475504203707,0.8920796932949531,0.9392178881052857,0.9435848273942218,0.9461688073465603,0.9482454168436525,0.9199951310053237,0.9458963762094379,0.9555127128303009,0.9398681831600223,0.9475841822663982,0.9480241950885551,0.9549185634475628,0.9243808999962468,0.9398331873955348,0.8503787391377042,0.9346914349005007,0.9265265981615363,0.942689015373368,0.9477623198131379,0.9276322206017729,0.8504731743656159,0.9458766867294747,0.9254804695432424
748258,0.9178421753824939,0.9549818670610508,0.9058389473387507,0.9473735696035966,0.9235727734206941,0.9323628510153928,0.905694202974716,0.9514236686367366,0.9327140530820274,0.8920889955548799,0.9275252587986247,0.9122556171355958,0.9364862868438362,0.9212555481196485,0.9017996241996233,0.9385494713237604,0.9206580514129326,0.9405215127973875,0.9463129106320582,0.8868535233075634,0.9328468558537228,0.9431630065806872,0.9261233831531934,0.9184830333914314,0.9424549200835507,0.9498209543152825,0.8999323236752618,0.9288934507018887,0.8863020684609033,0.9549469188489745,0.9231309552209476,0.9032728435914126,0.938221171735629,0.9416337066808822,0.8673368609907204,0.9240213468500926,0.9206070193698901
748662,0.8946661913617997,0.9488520059825029,0.8900985863843063,0.9330253222141273,0.8998133028357608,0.9210247563239539,0.9026862530059677,0.9471244322628815,0.9391113372119465,0.9061300435678217,0.9194838456095265,0.9303412326670581,0.9358707667635843,0.9182573743378766,0.8872615338623289,0.9316929635723874,0.9425741315031422,0.9375418336010772,0.9549273466496332,0.9034901125518765,0.9346705038248486,0.9258745326210099,0.9240911977962987,0.9427750872726637,0.9398206887462291,0.9537931960622645,0.9108311824740506,0.9329592055623324,0.8807728988731136,0.9289569202161708,0.8999312325231883,0.9415392843598187,0.9357905392341026,0.9364647073297693,0.8645256873530197,0.9251796304474841,0.9321664519929937
749058,0.872630158475705,0.9618591886774205,0.9000215097625508,0.9437049805703984,0.8983146982374796,0.9270007641287954,0.9036301371560419,0.9365711855271742,0.9325048729531438,0.9088290977750787,0.897541887373714,0.9017110187453263,0.9222705761676495,0.9272223190193799,0.8674944167126167,0.9406996860477903,0.9534344708794077,0.945297111364584,0.9376194733903249,0.905713164913219,0.9331038355039977,0.9486292779582896,0.9367746028693618,0.9454993679376078,0.942376229680612,0.9394745105664724,0.9094387765119414,0.925667045504268,0.8797855608161659,0.9056743081200276,0.8831445472201765,0.9301813971627878,0.9179375874592447,0.9176333734232478,0.8203681348976715,0.9264715908588745,0.9137055323701105
749361,0.8823006727342009,0.961957136406938,0.8873756450655339,0.9448687227229645,0.9005609884343333,0.92854798281318,0.9062965078621914,0.927366854466505,0.9401960805402428,0.9239705678070539,0.9126745214383883,0.9143890496374545,0.9240860182835351,0.9204880884936555,0.8802073707413581,0.9360516033438979,0.9545517802729748,0.9382808448285502,0.9616761907440959,0.9075702402379497,0.9404689600999943,0.9395548314521339,0.9269669532042415,0.956825394977948,0.9457453729295358,0.9600708457111724,0.9095335853571458,0.9246876808717198,0.8323746388246931,0.9408999326952996,0.9017317221559666,0.9418557837514654,0.9405576343221723,0.9398259558073708,0.8638483064578378,0.9400004596911492,0.9318330144268867
751348,0.9171056469486728,0.9652584219959818,0.9235993674064087,0.9476971002034899,0.9348727967659142,0.9119188393256507,0.9326905219184075,0.9376698655894591,0.9515358006262407,0.933599410622088,0.932703736088958,0.9404702520979759,0.9474629102432944,0.9590822709459564,0.8810162588366443,0.9295700394052493,0.9376755326276571,0.9436771081537112,0.9665426497291061,0.9190999703636265,0.9530961596486314,0.9353058868064164,0.9176169257024469,0.9229869970436639,0.948112878150185,0.9609101647662541,0.9361066561811819,0.942852512202642,0.8497265596108396,0.9308143696333264,0.883499626800555,0.9305779893149846,0.9373858660721408,0.94016182361406,0.8765873141375156,0.8916873003414765,0.914076762533056
753150,0.9201112983689723,0.9557440780207407,0.9099986146905631,0.9428503308705282,0.9356042005559491,0.9069980862934182,0.9218778808953652,0.9499854389439014,0.9387581467458703,0.9379377648273092,0.9301336469861415,0.9279677777427443,0.9471150112128996,0.9365617522437728,0.8478314284477809,0.9214046222947302,0.9506984204702547,0.9363888459469393,0.9670305433390352,0.9439340399218186,0.9403210476203598,0.9514142693493557,0.9148467445030504,0.9488544607370837,0.9466966524397619,0.9673058625067755,0.944837201109255,0.9423092040891247,0.8544008772496952,0.917860975527065,0.8996081165235748,0.9456636346819884,0.9339292564171184,0.938981033139216,0.8262554847086688,0.9320468706078635,0.9087868154910174
753251,0.925694800429964,0.9715695898564805,0.9289782964663789,0.9525437567202178,0.9493678342524651,0.9240000599319694,0.925537463543472,0.9442698674721627,0.942193211331476,0.9269472006046939,0.9155478636152934,0.9394914573655487,0.9479780116324285,0.9486489853412182,0.899643339969052,0.9476327258128724,0.9306822170073394,0.9425656597546062,0.9651106067053971,0.9278813190760199,0.9424913120253082,0.9499827747657957,0.9381632501363665,0.9380985320189211,0.9500995434906846,0.9669752956603304,0.9338103466311769,0.9368426596456669,0.8749824196462953,0.9175054513668028,0.8966612446895939,0.9168019089778466,0.9351408053056752,0.9414903989613669,0.8911824200018827,0.9415810081828714,0.9332473614178222
756055,0.9070851770472019,0.9555243966515067,0.9182658995273193,0.9477019263076741,0.916681193871537,0.9304694556447335,0.9103038825293855,0.9431675541942455,0.9411083126771081,0.9265290116244672,0.9380476002207272,0.9332968869498319,0.9460916924209198,0.9451076584780557,0.8909895939475534,0.931389126814777,0.9466018387134367,0.9480161074438197,0.9541387983717344,0.9325012513178478,0.9377960672484861,0.9542606446049883,0.9278175927430341,0.9457486023615763,0.9486873459653421,0.9548447890923705,0.9286433883577294,0.9328859277419045,0.8746998068372595,0.944822410400788,0.8954037683454341,0.9387982871259917,0.9526226740336239,0.9511508808376999,0.852077093567954,0.9385259949303157,0.9144047806984018
757764,0.8509799806852767,0.9517833839307295,0.8982704558871594,0.9457769903051171,0.9100673679312571,0.940176899714331,0.9125026496728145,0.9368310523076594,0.936441996960394,0.9193818092562975,0.9297553346872302,0.9272654522940671,0.9390147445364302,0.9377960658612786,0.9094543145729542,0.9176436915885818,0.9437020830165559,0.953499700868083,0.9587356873431347,0.9250533703783892,0.9360885360523178,0.9439298130321947,0.9040116000756235,0.9505380816056114,0.9533520509227541,0.9663770369971296,0.9342252934131552,0.9294918591377598,0.8782967234200171,0.9581092471157636,0.8446377879948965,0.9419243054871229,0.942519168949717,0.9309965386769691,0.8620818291820924,0.9335260153931043,0.9159926078626678
759869,0.9239136239863163,0.9555177605518864,0.921219242319902,0.9578372250233632,0.9354333038613435,0.9293823119596808,0.9124830428213391,0.9426518146702638,0.9475147994374893,0.917511577505648,0.9176928002607224,0.9397688611981576,0.9430963994085401,0.9411396072811711,0.881467663333699,0.9374833168129205,0.9461738118430588,0.9525502569353003,0.9554742915836039,0.923028010622931,0.9505580273610528,0.9332873186496446,0.9315934086591159,0.9472878723951473,0.9481829136529757,0.9581303421917172,0.9272016934506131,0.9432886464724957,0.857597081282403,0.894639542978534,0.8870017581908219,0.9313438878689374,0.9500054215246393,0.9450103969891757,0.8811566956611532,0.9435244052714333,0.9243220385068792
761957,0.9149096898372394,0.960560056493799,0.9006939263785951,0.9513185491284389,0.9302999449037458,0.9415288072114596,0.909672380617584,0.9445596267437565,0.9482392887728559,0.9012557296365962,0.9143880126831129,0.9197908406912407,0.9327159763623978,0.9446686507684707,0.8575574875209231,0.9462246390792501,0.9380805419210646,0.9521508613057817,0.9617003893925342,0.9087834379806873,0.9487415126917875,0.9426923068932247,0.9322521992873457,0.9425671429646518,0.947807346139572,0.9556986871920679,0.9117664468401583,0.9359773543897655,0.8309382647942043,0.9301329071409669,0.8825228935511261,0.9359593111226695,0.9468486729777694,0.921092900347314,0.8679046534331735,0.9526373359302298,0.909673455851253
763557,0.9141015181417591,0.9411353046879192,0.9244179838636964,0.9416122623224105,0.9358232457579847,0.9200046201761778,0.9238606508432702,0.9477116733951487,0.9452229317881509,0.927372530220428,0.9251535668238549,0.9370792041860165,0.944577502830633,0.9425307865427949,0.8716569348605179,0.9188704654763103,0.9225169109142376,0.9379420752251126,0.9625101042394073,0.9265559965006104,0.9451262504512004,0.9385955318555972,0.9082933355568512,0.9312953706257742,0.9467600499707391,0.9616260353310752,0.9268195231431161,0.9427678344707716,0.8465655283705756,0.9117265088878505,0.915044385191467,0.9250399780707088,0.9278293099436898,0.9415076755819252,0.8629898278333464,0.9322278951427858,0.9170398633945398
765056,0.8816882039256232,0.9562185504103045,0.9191617346382764,0.9551476033740487,0.9185854441539316,0.9357067697066526,0.9004450736900291,0.9376224049612684,0.9147141269582262,0.920923574968713,0.9285244627252436,0.933498361469361,0.9326804740746545,0.9592257685480381,0.8908709157046052,0.9306629290823648,0.9455477506030726,0.9528115284053352,0.9647639398658483,0.9266093574527932,0.9201614320379685,0.953455129639316,0.927623031234072,0.955874288739876,0.9398502044163097,0.9604124762180032,0.924300648340669,0.9136164905265226,0.8708981597330149,0.9294036729426015,0.8950468140421872,0.9376459434179263,0.9472852956197473,0.9358518634588919,0.8636759024431756,0.9120226431306009,0.9247274221021413
765864,0.9054575755713673,0.9556640421517307,0.895470421020946,0.9596659482879959,0.9286632000339258,0.9149310379467503,0.9037620186919362,0.9280881066499955,0.9312457648850186,0.9393949911324018,0.9224227091882335,0.9317361071765391,0.93823215433286,0.9365259935026881,0.8658282246690031,0.9187248570116903,0.9473951050245423,0.9557511645783475,0.9595447844852651,0.9334257299017521,0.928781910402691,0.9314368843830946,0.9042039392947461,0.9462457428159782,0.944541653692659,0.9575209797795091,0.9312101003843009,0.9167276889685814,0.8048758350058732,0.928834114551777,0.8725850054364649,0.9348089904886115,0.9469877318631873,0.9424161761724762,0.8630854136744439,0.918382848459107,0.9110965461052171
767464,0.8887199889479666,0.9575112933415092,0.87791238137854,0.9469431752252297,0.921826335463818,0.9264532092656381,0.9174713710879385,0.9450350173529546,0.9511334044635232,0.9109625419747811,0.9314289337525978,0.9197927042760506,0.9389990654595406,0.933557554270005,0.8823283296208769,0.924498856498035,0.9498008525872722,0.9429676934227427,0.9519713255620924,0.9000600300144055,0.951070251135466,0.9548558215935044,0.9104909475658318,0.9530989577262984,0.9380967118589878,0.9557197273361948,0.9203258158674887,0.9415982292025258,0.8594880760933916,0.935023662751004,0.8477081876453527,0.9390088036404589,0.9359118760494343,0.9251669103343564,0.8726922330994384,0.9254728673617315,0.9029575485333793
769064,0.902866433423539,0.9561669925224414,0.9022408005549651,0.9575391418614831,0.9205988453868507,0.9353082972552964,0.9196702411636604,0.9490786245499963,0.930115903112448,0.9154056911461567,0.9417522814051554,0.928463920948234,0.9408071786452271,0.9408063060335935,0.8788069974359577,0.9266238820107776,0.9296747371006028,0.9572707237643229,0.9626265175469381,0.9178971056209831,0.9282328899963079,0.9358540996757576,0.914874091764637,0.9328494945470318,0.9539657284717493,0.961773018664565,0.9308452973450885,0.9358009736938937,0.8546471827562927,0.8903412227852443,0.850212971416311,0.9356105790738417,0.9500334182846236,0.951853823208461,0.8268251305480052,0.9400736336855542,0.9040568026141648
770352,0.9230071266662613,0.9632464254653346,0.9247541725615326,0.9384427952272674,0.9425774908601572,0.9268550197245241,0.9255102383913416,0.9438363310996878,0.9522587368431356,0.9269082110528357,0.9065412112012113,0.9345850261516322,0.942301011957818,0.9054089807007648,0.9131242060430337,0.9408134594029903,0.9544898609492073,0.9328879673956846,0.9580913853743854,0.9254049989567201,0.9525388274275238,0.9508658890624114,0.938973382311226,0.950738488517769,0.9299780799816206,0.9592254044774005,0.9307129118128081,0.9438914802451376,0.8699036483005562,0.9428146572823524,0.917521936988463,0.9412308188199813,0.92927829012251,0.9362966325764355,0.8987220830850328,0.9385277847195864,0.9234372267331694
771354,0.8940048771113679,0.9557914557283708,0.9210293598371502,0.9470455054258486,0.9271170868541182,0.9246077507903355,0.9232425932102102,0.9436876741693853,0.9384568181713308,0.9285151462270483,0.9313259923990219,0.945727994617835,0.9519593261145662,0.9291584727654382,0.8907334194335548,0.92712393951494,0.9563042363767057,0.9508513342374837,0.9623092403132658,0.9340960692616249,0.9412584368691395,0.9402670001870423,0.9178607847739915,0.959552231953353,0.9440503454391295,0.9580949003644571,0.9340199317351687,0.9358064974180421,0.8391691138930641,0.9089142110588917,0.8988436422783551,0.9395013828570687,0.9452092089025701,0.9285528775836852,0.8780078424347258,0.9496562426779411,0.9191802100776444
773257,0.9278845891747979,0.9596793314483614,0.9057709932487537,0.9502790713884561,0.9254385744404765,0.9301019537230922,0.9034007339735028,0.9277182251569827,0.932127391837531,0.9230210497821286,0.9249091210299268,0.9162503238142096,0.9494672376148411,0.9258486683418037,0.8675347650023599,0.9328030135185813,0.9480639097483339,0.9544355696141196,0.9646926386271751,0.9174169577588895,0.9319956369052569,0.9546032587108406,0.9203852498630584,0.9480492963174043,0.9533448222388518,0.9641203782784108,0.9233690019455212,0.9192117702158201,0.8984626191931775,0.9286090123282824,0.9035431498902822,0.9252584235661313,0.9501898047250171,0.9520160761167148,0.8747494963436572,0.9227633301288367,0.9218235954293538
774663,0.913795385599281,0.9540033360309259,0.9020077657740926,0.9531332724520849,0.9305500629230866,0.9206463025105958,0.9103725336872224,0.9371540298085944,0.9364005272087029,0.9210581277397064,0.9414252860466865,0.9414582220899612,0.9446421231700306,0.9340264532769502,0.8815350874176496,0.9328688547859314,0.9406543313262692,0.9487213024256475,0.9635290266184723,0.9205922348861016,0.9318309155554856,0.9491049518566239,0.927147377372643,0.9409432817856,0.953349497690827,0.9618426357484596,0.9242398058644573,0.9319530888920199,0.8305217592402692,0.9132226195607042,0.8824550120091232,0.9362017458563417,0.9426062682865284,0.9402347856663565,0.882456880840877,0.9282704993716769,0.9198704288536316
779370,0.9057774036933819,0.9665322887118375,0.8935377315167852,0.9431613751516359,0.9171392775651418,0.9200988803786955,0.8922235705851775,0.9075597975180224,0.9267798642398697,0.8946728782835508,0.903737901992296,0.9205348325788033,0.9300116878293946,0.9353205119653744,0.8728861982187163,0.9325517278073523,0.9477915214112995,0.941061284257632,0.9586615322669578,0.9075526381657928,0.9237544887314709,0.9578333807029273,0.9251555659942209,0.9486453101359675,0.934058538237526,0.9535090133383878,0.9090601256998071,0.9125536624477001,0.8580194038290776,0.9308574059758445,0.9080577045575292,0.9338293263538676,0.9479140192952056,0.9315781912710319,0.9082834976467492,0.9092109065086093,0.9417908430198654
782561,0.9061423491550472,0.9474807523240086,0.909521142938116,0.9239442965311103,0.9349400270085756,0.9053275856829233,0.9061206550784389,0.9360147988328611,0.9389256939927556,0.932625953499761,0.9364888559262929,0.9287936200829371,0.9451268331944497,0.8983828205480372,0.8745455241233656,0.9247806063779906,0.9431707655892284,0.9227637250548038,0.9604329476286728,0.933731352512846,0.9394990643899752,0.9353093195389403,0.9182348912075864,0.9559713740334307,0.9433504285602511,0.9640932851040834,0.9390959461056967,0.9330882242502891,0.8468865341586765,0.913104916870894,0.920417174179865,0.9402958492583892,0.9123391167542166,0.9405270383179943,0.8926059807231423,0.93665699266841,0.9323121661341666
783462,0.8933887214714323,0.9602520418387962,0.8940672485804001,0.9399909209683481,0.931353106029875,0.9160147432886572,0.8918958746218226,0.9404410290130556,0.9463475219349187,0.9098607662387433,0.9222445206714229,0.9260003611094493,0.9504936286470838,0.9263981213794144,0.8764702352450944,0.9298965906760174,0.945447998560535,0.9425298508684853,0.9563939806940596,0.9256529763291456,0.9451365128664909,0.9461460758539613,0.9264303487411887,0.9421673610309181,0.9501080776862671,0.9591972691259327,0.9314633277136463,0.9328947891751117,0.8906198159786365,0.9544955899285171,0.9077466472616698,0.9286889010402326,0.9320773401830875,0.9361208228557582,0.8654541198962079,0.940375407394505,0.9179254380854903
784565,0.8842469779393879,0.9679765386318129,0.9127425568145099,0.9563463050006723,0.9217624910362024,0.9521262587311669,0.9224165819106956,0.9484482213933721,0.940973781881042,0.9270503298688122,0.9199265282804693,0.933305366905899,0.9438148675251834,0.9452655050497907,0.8899486414767893,0.956592023208721,0.9483008449001068,0.9500444334967181,0.9596035088785699,0.9345662173356897,0.9396199558455567,0.947664298943281,0.9444892494740558,0.9523800642015874,0.9472920781354758,0.9621006975364852,0.9405734176876972,0.9388535588306698,0.857576255109513,0.9294064476801582,0.9263932581126602,0.9469951334485394,0.944927602608837,0.9422991335412696,0.8495511233477727,0.9286623398428593,0.9264174339300809
788674,0.889287245180585,0.9573119655871748,0.9194687404328289,0.9444345484356952,0.925979716739997,0.9295406698386888,0.9304372808315132,0.9494391534637107,0.947665760048682,0.9231176077440151,0.9214724653659888,0.9357608653956336,0.9478926920239298,0.8919500186495434,0.9089433534543051,0.9345367409485497,0.9504778312472626,0.9470846750310644,0.9562138674605128,0.9295557382025585,0.9497447431919694,0.9400350493736777,0.926308227358568,0.945775753436315,0.9490790704480059,0.9611737475607788,0.9356293431211989,0.9429219647764038,0.8708135566792915,0.939673835201212,0.83001360553906,0.9231042405852097,0.939241190330635,0.9232775636803363,0.8492032301891612,0.9406096114798544,0.8960662436845321
788876,0.9000646690990093,0.9460134417023752,0.9104045558593501,0.9466273969485857,0.92413348402619,0.9190035611669035,0.8926162700020781,0.9417468566472708,0.9323020221845447,0.9056638752693686,0.9259346900047172,0.9339466273688971,0.9334554403353498,0.9195789175125038,0.8779230764681274,0.9088020314760216,0.9051182767514577,0.9402651629564432,0.9643527243765302,0.9320827919321648,0.9327122982539318,0.9398695431829857,0.9059672224145343,0.9340201028517169,0.9397316410103,0.9588380260636162,0.9345798251288968,0.9248432778522141,0.8557491635092224,0.9241999196985349,0.8533134159967333,0.9021156547660274,0.9239853358214565,0.9331741501778291,0.877786224330611,0.9024852382436417,0.930071293344888
789373,0.9322928036723153,0.9576541547534055,0.9296876392486219,0.9463391920495984,0.9478340241309471,0.9319469379163152,0.9015250661004403,0.9197705051216073,0.9256776976589997,0.9191443341364248,0.9274494744807323,0.9296840217630702,0.9333288549818192,0.9430829124199274,0.8619896391943459,0.9398136823814203,0.9416135115419654,0.9499910935021806,0.9563576685998957,0.915648243764077,0.9240136797962927,0.9505353439997757,0.9400934358475718,0.9447423637889095,0.9452181172126936,0.9560067730946562,0.9422826857063549,0.9124844348064333,0.8781228064509596,0.9439128007877544,0.9138883056990905,0.9337663045923609,0.9076255461074612,0.9307925313416606,0.8898107129570734,0.9372302150829014,0.9419209562326083
792564,0.918402366602311,0.9497709808560044,0.9130958209160698,0.951443491641975,0.9391401132074103,0.9402472546182598,0.9091370914590385,0.9414971681870317,0.9402635143238162,0.9332653272707514,0.9463400541230572,0.9213165647911002,0.9418302014152403,0.9263193180213363,0.8753731912596524,0.9331730183591579,0.9539870674569209,0.9486099470977276,0.9593110784778468,0.9327336390033162,0.9409588274634317,0.9556333657749273,0.9316216890353526,0.9533987311762907,0.9488302242256669,0.961134613959688,0.9345601679428821,0.9176933157472899,0.844179649665341,0.9392515296085342,0.8806138039488665,0.9474216348803947,0.9514358583000465,0.9391527561818007,0.8760658938832939,0.9375293538071958,0.914150065380288
792766,0.9053124923638307,0.945730250288521,0.9130303910197085,0.9599409745250609,0.935232367729364,0.9333279563735938,0.9112916023227359,0.9355878122482777,0.9564845772666061,0.9025875369373191,0.9368067798342985,0.9357028144125924,0.9339415814237683,0.9527170642662378,0.8792755365476246,0.9256592130510947,0.9458536100217121,0.9547489650983073,0.9702209122404377,0.9002522800354018,0.9566443171833533,0.921739410241386,0.915696516070793,0.9542827271672877,0.950487601144038,0.9647604537901469,0.9281381139334683,0.9472260071457707,0.8321392194672043,0.879119081976327,0.8791264847261298,0.9371857426888645,0.9406037900294277,0.9437567760482917,0.874962364016406,0.911606637453508,0.9244622870344058
792867,0.9032733574799388,0.9509963099692407,0.887402329318763,0.9468779560726326,0.916422384489073,0.9250238533629991,0.916151884656293,0.9255024726217331,0.9459058450575522,0.915358154100099,0.9167999790745291,0.9102802172425158,0.9428573799671914,0.9357987490945244,0.8580123652734886,0.9348249825419304,0.9440502845805879,0.9494908559222694,0.9603547790655896,0.9116247655707335,0.9439078434406082,0.9438622522797299,0.9312613507119848,0.9397326627771743,0.9444588883221262,0.9526072136271533,0.9238971893814676,0.9363418437059718,0.866400372155802,0.8995927389490513,0.9172723084721344,0.9374453210895707,0.9438806608440912,0.9359310476386306,0.8439941673661997,0.8783487363815038,0.9465022345049062
793465,0.9161224544933848,0.9578582640908873,0.919407117324744,0.9438898087099563,0.9373218111642623,0.9129372784860372,0.9053706625536482,0.9387966066986121,0.9319444983617655,0.9281467276986454,0.9197704252282515,0.9278143451644841,0.9391782307458204,0.9297585126984953,0.8661816427800791,0.9278539074074322,0.9485990319485674,0.9406285467483495,0.9588193205244532,0.9272427907870819,0.933708243888253,0.9370522296229208,0.9256532042508172,0.9475969873538979,0.9457566432735035,0.9606670455076698,0.9333001883139991,0.9290000664267448,0.8429572041568085,0.9196851978740049,0.9057991680467457,0.9338184585248542,0.9199992983076664,0.9389101386345708,0.859011194139754,0.9223105404526839,0.9240112542042269
800941,0.8889193432295137,0.9665195544782492,0.9060206019281603,0.941770013334087,0.922172914035237,0.9156083760118708,0.9146409256091602,0.9381437001791889,0.9341955109548358,0.920610574997394,0.9255516792602337,0.9287662367601628,0.9419827395255908,0.9148627908268339,0.8650514434028844,0.9286857366564574,0.9502105156769939,0.9428886101568102,0.9566531182893963,0.9244380294995743,0.9354685903960888,0.956965792688768,0.9216437631462393,0.9570913001650241,0.9423933497021968,0.957810698449848,0.9304858359198506,0.9305806801039264,0.8486231906595411,0.9271363125145496,0.8939989806826047,0.928556564228692,0.9403973501443638,0.9324718316723437,0.8691513188171661,0.9326475615689652,0.9270174694533545
802844,0.8593121362929262,0.9655519712637869,0.9395181508651962,0.9629650219191805,0.9242517411523248,0.9333667716350998,0.9102997696520531,0.9366366770586984,0.9513520542110612,0.9364611418785008,0.9263712525145585,0.915204195699685,0.9382018628964928,0.9534967321186553,0.8555021752416315,0.9364040914971329,0.9519591922360049,0.953490181991476,0.9559115354217614,0.9326417863794072,0.9478424362241342,0.9344775282725255,0.9289067747537941,0.9498948937929187,0.9510622104370244,0.955758901157715,0.9231774177293012,0.9298727348748675,0.8808714459795189,0.9436843704188338,0.9118708921501488,0.9482231262113049,0.9544275432308664,0.9355476227647458,0.868248996176813,0.9354768262821233,0.9254348624650774
803240,0.9111324326724708,0.963228383136989,0.9144502802530368,0.9438062371257366,0.939908355499816,0.9218291332780706,0.912500868949637,0.9366473796203099,0.9492440715324312,0.924494070062578,0.9420743270715163,0.9326383085579336,0.9477507710466624,0.9441773933875599,0.8956862855533637,0.9323143509668332,0.9440091537052753,0.9422731824012333,0.959114617188321,0.9299146910232138,0.9506231008007451,0.9434901104722299,0.9276981408330162,0.939008583934623,0.9444558546325523,0.9581273995195706,0.9299143409881562,0.9432367445538442,0.8496041913029655,0.9263572473901246,0.9195556613015403,0.9294459505450887,0.9474679211230255,0.9374168656915981,0.8761307020066984,0.916942771525862,0.9199633215988647
809252,0.893047117977431,0.9568058604703505,0.9047208506937501,0.9530252035716379,0.9277665323627577,0.905371318999896,0.9078564633158568,0.9399751119634581,0.9361450618245729,0.9477049036933072,0.9344017732711191,0.9473828704933485,0.9473577308413011,0.949909013492634,0.8754487825838423,0.928969369341003,0.9457565232459301,0.9534870533972816,0.9692448364369689,0.9449170514555837,0.9327951269046186,0.9530501292972928,0.9208497354743019,0.9527905796628854,0.9552762200672053,0.9673817094196324,0.9410939780357341,0.9188354332959974,0.8433227306253532,0.9408548031066704,0.897575514903056,0.93842608539968,0.9388706226198735,0.9479122129633017,0.854213429563874,0.9181007646334991,0.9157987816860705
810843,0.9033370763909455,0.9559842372667576,0.8831041352577704,0.9537143109948993,0.9202843544251502,0.9247443990920996,0.9189535267221043,0.9444613547360342,0.9466963542764726,0.9222779060081133,0.9113791415926156,0.9084293996182531,0.948188967926558,0.9489528845689461,0.8575801208742649,0.9286016927850304,0.9353743184400787,0.956504434009217,0.9721792103962805,0.9199793981949153,0.9452527468641444,0.9329536998127345,0.9152343129402538,0.939859678424089,0.9538947266626475,0.9656274967501768,0.9263494420730585,0.9365167988769734,0.8320577048195554,0.8634984821283667,0.8500445027863093,0.9217101574260292,0.93775266781448,0.9402694156313257,0.8691419035367476,0.911118891979048,0.9193291971329616
812746,0.8930516398568455,0.9582420396795569,0.9113532739002647,0.954165409157442,0.9157105733673128,0.9290371129552977,0.9276702640418728,0.9436030536152938,0.9455687702139415,0.9117862336666048,0.9294431447058414,0.928643235752178,0.9328403299487872,0.9262389719416291,0.8954223545619624,0.9379496115528296,0.9537621802253641,0.9494060083700117,0.9661042673733953,0.927623432635123,0.9457914573880087,0.9465452931092262,0.9353179798244105,0.9579701556985913,0.9474964540811657,0.9630900809853888,0.9261906431690515,0.9436830701184761,0.8896779876788141,0.9153299291848574,0.9368188369147814,0.9421878260826135,0.9528110526531487,0.9530626615041864,0.8305605723289547,0.936746430614482,0.9173385843554472
814548,0.8966944195320966,0.959275769234674,0.9363803339485324,0.9588237420685737,0.91111396907801,0.9439321374875874,0.924646072494693,0.9290045843939974,0.9405035943096893,0.9091373718215862,0.9274002964644081,0.9323261168532271,0.9425377343581975,0.942338583008983,0.9276133752610012,0.9471705237409043,0.9410835728070579,0.9497009997271728,0.9693305695597769,0.9102128007494478,0.9455733072148594,0.9693080531617663,0.9438800662288487,0.9394177615187675,0.9471011797025642,0.9681067756293287,0.913561198743432,0.9387612395800534,0.8921407408347055,0.9535219439179445,0.8962660329811577,0.9429419923678457,0.9417340384974069,0.9297862763414202,0.8820793416738523,0.9439449911663044,0.9177038661793513
814649,0.9102647072838685,0.9600092537099347,0.9089922199934928,0.96448604210788,0.9196422552796302,0.9172646103513217,0.9061946696026094,0.9347636610147076,0.9482388220687082,0.9458273383918019,0.9386560930750478,0.9251953323553589,0.9461930411534545,0.9337520798181729,0.8848407566441733,0.9181180945075642,0.9510293368382949,0.9573625972872523,0.9527242789106495,0.9212205677397629,0.9466283113632089,0.9506857704316664,0.9078896743303648,0.9445251147110238,0.947094345697494,0.9488887874820531,0.9299028936937932,0.9267262539648073,0.8807912732767663,0.9381970045455511,0.8873022369736038,0.9302790968052898,0.9519360305314064,0.936755414361868,0.8720000495881046,0.9427437452058605,0.9151871890110338
815247,0.9163675111642368,0.9480508048473641,0.912756989065972,0.9461730023642018,0.9419082268639267,0.9320867218948878,0.8902765177064895,0.945774148192255,0.9395158597409806,0.9316483534019303,0.9234632453230166,0.937620522408884,0.9466018031243064,0.935829627568522,0.8869080829114832,0.9346305952811644,0.9348558370140136,0.942888725147659,0.9605038269489932,0.9340266337443767,0.9374246318949999,0.9427078833496504,0.9223612802762305,0.9416114440361212,0.941517143535548,0.9603780674421871,0.9326648799056041,0.9189488199815897,0.8571692557701429,0.909573120960914,0.8826961572974769,0.9331721037149117,0.9231154306479651,0.9363778476767087,0.8960381446580751,0.9193332160623814,0.9116040449561684
816653,0.9269117409420211,0.9575398714578901,0.9346124801694109,0.9326329938070681,0.942018172273063,0.9331010865876156,0.9227066831435529,0.9442656576348484,0.9435795613356716,0.914199547795895,0.9465780409418787,0.9371387799730201,0.946959852353013,0.9320827003734204,0.8848668293375624,0.9328895515649602,0.9286460626387585,0.9363565252516245,0.9514063047061785,0.911096698108834,0.9458410809383663,0.9394371236716617,0.9281436427018791,0.9403628197530056,0.9372062241043182,0.9502208901161686,0.9207485125698965,0.9394680987552512,0.8331103115570279,0.9386639863076139,0.9114918457552771,0.9289199459153962,0.937411413692231,0.9278582271457606,0.8837007523828561,0.9497124600223477,0.9245970662659899
818455,0.9121508621853341,0.9543159883164534,0.9024443364661862,0.9477971742472795,0.926410594785392,0.9301032135089403,0.9111711834295028,0.9299680734522778,0.9435395640849725,0.9295064576674875,0.9340621340173421,0.9228416380005358,0.9587881225411398,0.9496563811300025,0.8935743122412886,0.9292489609157736,0.948334687580841,0.9454875133767695,0.9570738769575647,0.9360910212099337,0.944679197192039,0.9291751379433757,0.9172639950900855,0.9458685344524528,0.9512091976842441,0.9570909334082947,0.9336617361876178,0.936486080988051,0.82294294898017,0.9052487413570969,0.889486089284504,0.938784766129398,0.9482418764945867,0.9306022048982954,0.8280739124367336,0.9395955294197094,0.9139137734585805
818859,0.9014995208308282,0.9583069226936012,0.906754199235406,0.9504912138818546,0.9200214696421162,0.9225458544345665,0.923179039227979,0.9441184009786338,0.9469629112097471,0.9061794972005336,0.9210828749622079,0.9175663449065791,0.9524995666118063,0.9301170566572117,0.8718804598801209,0.924400405609308,0.9040147082954426,0.9468578376390072,0.9597276546787353,0.910237587675682,0.9472155394971811,0.9452642422741568,0.9094321764773136,0.9173840661900045,0.9508004180686705,0.9631131710565697,0.9285632697952423,0.9408052229435581,0.8813014640335093,0.9180301494916344,0.8673400558126525,0.9161519017487815,0.9255547450754119,0.9361994228289926,0.8716235366471725,0.9461791687178631,0.9231273086872863
820745,0.9050255530722628,0.9653876347541519,0.9373467355016537,0.957678355842068,0.9315498248065166,0.9131342578220751,0.9338299988484672,0.9533408147187669,0.9614672726795845,0.9180278359447741,0.9374049296158661,0.9422335702975894,0.950292073606179,0.9440402480499631,0.9093206275443199,0.9321372412923987,0.9405610689592026,0.9535203788392758,0.9608549736038535,0.9139945251893877,0.960714487314002,0.9572372108458741,0.9224985305470627,0.945252050066364,0.9537475536963038,0.9653828550321699,0.9255353438228506,0.9523180008387151,0.8917932327991578,0.9461464432433896,0.9220953597491357,0.9380279876007851,0.9524435942161317,0.9397438317871507,0.8712748566249405,0.9516807673174019,0.9302121787088692
825048,0.8958265985283662,0.9471512185693016,0.9285618841034216,0.9592906147740186,0.9185475553473096,0.9398782289276683,0.9198279809879073,0.9469122857904897,0.9547289899441018,0.9312629667639288,0.9326362824827449,0.933769950950083,0.9454244480071643,0.9599715549916293,0.8596224874163938,0.9354031513657793,0.9408691820102636,0.9570606530154054,0.9709407418264361,0.9404183634527337,0.9561790245156536,0.9131598949381312,0.9198481015058377,0.9456414165560036,0.9481725432889845,0.9663040842942986,0.9388767241834678,0.938296058007645,0.8212846608367945,0.9114676571014674,0.8587888613422692,0.9201278266469121,0.9528838695169269,0.9392908297025473,0.855371545253858,0.9578361856645866,0.9091608395577163
825553,0.9185806082350602,0.9581670223179422,0.9214161570145227,0.9410837065292189,0.9429470704113204,0.9226023752402551,0.9082363569682737,0.9384306109876,0.9368712525627113,0.9199751653503783,0.9256574186249171,0.9355473206039859,0.9443858095861125,0.9352835264780793,0.8824096524318293,0.9366043175049635,0.9398991950967476,0.9427134064482954,0.9680831896146712,0.9276190308319218,0.9399339990750307,0.9371980603301002,0.9285182931241295,0.9457330017863265,0.9399908266736001,0.9654895977162934,0.9295437476371398,0.9323313569202331,0.8446222596337521,0.9526940499024558,0.8995123240498739,0.9394879630946341,0.9373899900277013,0.9297026550097789,0.8816792384665469,0.9499055188520383,0.9333769508713625
825654,0.9306202000395553,0.9506781343454257,0.9149413333838221,0.9434299029357536,0.9309389449262383,0.9288033062561356,0.9055194287887495,0.9453698078910745,0.9376169935770983,0.9161333160387134,0.9239352846056442,0.9365742677632524,0.9558572527451268,0.9260567663582497,0.8669658393342137,0.9341774292853566,0.952872775514344,0.9414377294195273,0.9561183951915044,0.9283576002055868,0.937100813659886,0.9285188168612859,0.9280099885998465,0.9521805457316904,0.9498837145362169,0.9580516976412791,0.9235550005971703,0.928195679626287,0.8725727335148918,0.8804951983577267,0.9162734677538891,0.9536659325636432,0.943365655373479,0.9417895145645612,0.8566494745910787,0.9295499522892782,0.92809786147178
826353,0.9164666321414044,0.9460766051945446,0.8949788194494454,0.9560573982222773,0.927650439699999,0.9134467136872357,0.9160882380897752,0.9503470107331827,0.9413120453030938,0.9185363703079413,0.9219707587276618,0.93411664056322,0.9437134021965742,0.937276704832875,0.9071842646579474,0.917351363695721,0.9107742256875326,0.9550048343898259,0.9682778560256008,0.9260555667051698,0.9416454987315109,0.9601947599099374,0.9104846975553771,0.9274634034076161,0.9512918172307884,0.9634489043733696,0.9262637488223557,0.9305505563170606,0.8636511305417414,0.9473672971964964,0.854653061617892,0.9322090144047731,0.9396145379854917,0.9377928500013548,0.857662980185837,0.9283150365941616,0.9160908694322316
826454,0.9102808125491416,0.9507638572585717,0.9255987324028332,0.9570960205465319,0.9223140674243839,0.9405230062529166,0.9076002129202241,0.9421786601064603,0.9528789851481754,0.9177234767181505,0.9354301266931679,0.9421028868755479,0.9392313807342783,0.9456091155560715,0.8807507788551302,0.9294754849555474,0.9251606440028367,0.9603595066042815,0.9580295870848844,0.934135385428409,0.9528254444261368,0.9331560798977054,0.9159378225778124,0.9375714642960643,0.9573299818810351,0.9602759595156047,0.9376889182477506,0.9419345882319898,0.8192207579794609,0.937911384266546,0.8872997889420915,0.9374706502917406,0.9513267698831336,0.9492656542212525,0.8818847054699318,0.925849033592019,0.9173662019087705
827052,0.9019749175078794,0.9672386451704,0.9263797903274076,0.9371480741759236,0.9093976680135887,0.9385178896919493,0.9157833132368587,0.9370567271769835,0.9408429892646558,0.8948704894048738,0.9279203952832105,0.9157402488232432,0.936050885856975,0.9252336097851429,0.8953696504910831,0.9377922409688392,0.9299828962007319,0.937598018875392,0.9203510460154082,0.9049430652807504,0.9412399927587483,0.9568172978078437,0.9278296882746808,0.9462697518182889,0.9374468328215524,0.9362895862839112,0.9151832976071219,0.9358959466779199,0.8819539900989827,0.9358169709283491,0.8938727001246003,0.941521794130633,0.9406763363417516,0.9214840169249856,0.8585175619880422,0.9123356687591142,0.9244462201622736
828862,0.897262670068567,0.9699092450776524,0.9138455462394321,0.9537490261421327,0.9176641511057383,0.942085631457016,0.8979752387316237,0.9390848928110236,0.9330906579236646,0.9211326448003835,0.9447182661517104,0.9322220239240119,0.9422079736603793,0.9441440416352908,0.8596819278990525,0.9437198985495677,0.9477932685022709,0.9533819215252365,0.9513999555035377,0.9259913514483811,0.930918760079005,0.937419376270868,0.933238521483454,0.9601075739749507,0.952393511096291,0.9549115852080827,0.9298645754210517,0.9234409961240936,0.8511289425366962,0.9574717415169748,0.8736435087407051,0.9572612115513036,0.9563988553348634,0.9305446147224277,0.8727860864633796,0.9170801448676958,0.9128230100075408
832651,0.9220361471922479,0.952078201141098,0.9317317631361254,0.9574830932918362,0.9343289641627048,0.9341550815759094,0.9178874683096515,0.9453742016163285,0.9482454773148098,0.9288296378743622,0.9310043953219622,0.9363434265760563,0.9476035490414744,0.9519665339342311,0.8693593718408973,0.9290450380405861,0.9435845479830886,0.951222876882693,0.9552154211679762,0.9318032196255233,0.9496504710385825,0.9322659850961459,0.9222783157569983,0.9483076017447628,0.9502037378154139,0.9581466327601456,0.9366849765013482,0.9441995907280014,0.8647715143867828,0.9306250782676301,0.8619448112817704,0.9287429288661894,0.9426695259663818,0.9283780078834231,0.880409997277979,0.9423409227590274,0.9265905736895196
833148,0.9043807065141412,0.9571148793374009,0.8964090691218701,0.9325151443933334,0.9260499889972101,0.9373063038010195,0.9039978066769296,0.9493360588830316,0.9528680911447192,0.9212626870840578,0.9349021816457693,0.9378670926541978,0.9478870972167664,0.9380463189432643,0.871694811738078,0.9354291052902648,0.9436689142208443,0.9329116836769178,0.9574332093456022,0.9375443112596171,0.9538081185946428,0.9302190556648913,0.9192311427362835,0.9451399939501793,0.9422667432159897,0.9604040927951204,0.9331884057278472,0.9412546082215928,0.8559155847988231,0.9340733581040535,0.9107791432137021,0.934279244513027,0.9330957957140789,0.9399183426288834,0.8815954821784623,0.9412959538579613,0.9232516250068517
833249,0.8321388723971983,0.9404544881525101,0.904563314702772,0.928065438246565,0.8990788284479004,0.9155056153925211,0.8720416701772119,0.929807981195829,0.9224139808523246,0.8904380519803993,0.8942622561894562,0.9254808460469334,0.934281546429415,0.9093130520663858,0.8536969226252863,0.9153972264190118,0.9459600891526708,0.9231550358333752,0.9343210360537987,0.897722471586541,0.9199146144827933,0.9041642791937199,0.9114976264408087,0.951954760204019,0.9369207704584033,0.9431762042966289,0.9069160815106968,0.9162657537854285,0.8856159389490418,0.9190630933239899,0.9057550824533566,0.9325331748630874,0.9356532595578263,0.9233060639880323,0.8663851261461994,0.8761831319765467,0.939175185520341
835657,0.9098898167652607,0.9612696652039919,0.9119138744442516,0.9576189497079528,0.9240941212427133,0.9463521475185659,0.9234770156378893,0.9436083557531636,0.930167763498142,0.9186535431783943,0.9203623541895398,0.9286642618678124,0.9382874239424916,0.9426954693234265,0.8748581593446108,0.9365812972522937,0.9503632084311238,0.9493694192953228,0.9511585055547561,0.9185452271541703,0.9321071148556235,0.9433576772132513,0.9220324805705604,0.9515233926427245,0.9584047048372925,0.9586461168094718,0.9281760657657852,0.9238834824825696,0.8284966768185077,0.9312685823152637,0.8928648342443374,0.9399283521695788,0.9543720376852979,0.9389883081312816,0.897507436829257,0.9478794896347968,0.9233762953860394
837560,0.9221480172795435,0.9499208245756868,0.9001827840192391,0.9243837157559799,0.9394677378052623,0.9202893736580715,0.9002626252314914,0.926960159130914,0.9320105136554082,0.8850430227938741,0.9126963359794426,0.9202418639395505,0.9464557167909915,0.9350621440079158,0.8776077648159628,0.9247841213528433,0.9423158859521811,0.9171505665290852,0.9459940703487304,0.9073635814671841,0.9314196698973722,0.9494642272202067,0.9269566992840399,0.9447148603058644,0.9360617890034454,0.9503886954934295,0.9106591079005804,0.9172207446460391,0.868215622208965,0.9225645189454361,0.9142616883011196,0.9383720363659988,0.9328918374725125,0.9268222179520357,0.8800941411238763,0.9328150978016795,0.9183158318306662
837964,0.8985693801549929,0.958334423338283,0.9087698653500491,0.9430131683210243,0.9012338210062645,0.9045910984340398,0.9043450515464326,0.9156744821025852,0.9201609709114461,0.9042876857331942,0.9182526864183073,0.915278684330361,0.9348299388960888,0.9312724303661505,0.845375542276519,0.9233335359033117,0.9503863144674093,0.9409206929825801,0.9642377795368675,0.9034810767030894,0.9157893345638525,0.9131837851001152,0.9158024611976753,0.9542718733743193,0.9423160168028236,0.9646553088157249,0.9160485044993771,0.9199316946103224,0.8556018810926911,0.9305038388600996,0.8958986317247635,0.9468064735028577,0.9347573524388673,0.9442424915753805,0.8604661659489165,0.8620894017795803,0.9420816448421989
841349,0.9034516637368443,0.9482054014722805,0.8949841483449137,0.9451834598131797,0.9370131146577113,0.9181382186768839,0.9014913172267082,0.9356986318092441,0.9178049810040003,0.9063707648976247,0.9336551333324583,0.9367445272904342,0.9395620260685694,0.9243327928608736,0.8674040957147481,0.9169012525035761,0.9429012891348274,0.946317450215738,0.9516297612311868,0.9320256302573106,0.9178285713321441,0.9448459614892233,0.9138733501396384,0.949468510823683,0.9476296606284965,0.9568901936744252,0.9329796749915205,0.9165853686020893,0.8247051004545924,0.9138171905335023,0.8671385898178381,0.9329461966903927,0.9435828688910627,0.9246574475857451,0.8549847584595816,0.9195178165632883,0.9079374248420369
843151,0.9091427249766875,0.9562680437298032,0.9229608534967741,0.9522041758784373,0.9464897397771361,0.9388686571171081,0.9166448288854043,0.9472738139990556,0.937415992591668,0.9292268381391043,0.9339076964753185,0.9392826828772153,0.9295959179954092,0.9149258289477232,0.878039616565566,0.9343333044375315,0.946161230000141,0.945295109087435,0.9501550973523921,0.9308914430220995,0.9417701994175299,0.9515797114516117,0.9342884115224637,0.9495769455383594,0.9473768083780717,0.9579019785695132,0.93729283208536,0.9431128414628387,0.8546828688073855,0.8959546730695768,0.871553231084689,0.9407651911810307,0.948171517573652,0.9495482493338232,0.8784882880951393,0.9474423957428764,0.9251330922735969
844961,0.9056644991854514,0.9566211066625405,0.9061164362165968,0.9526613255838561,0.9221120853557853,0.9405529386057356,0.8928352886767498,0.9441762752379363,0.9515518525133623,0.9016941060387474,0.9171175537888593,0.9255981496302216,0.9562704212859976,0.9445440651602274,0.873005186131585,0.9436773658543894,0.9313720771421137,0.9533865915258931,0.9638781867027888,0.9149874973342382,0.9505158986967396,0.9378036396915999,0.9290507291558675,0.9352786345445909,0.95451806932094,0.9645896168978163,0.9208310215687683,0.9310414571547102,0.851175966741779,0.9304374415386273,0.9194901050356518,0.9176130391388608,0.9528521199771839,0.9350522321707391,0.8261728784622794,0.9285153687919182,0.9121271473309319
845458,0.9345785628863359,0.952230989362713,0.9255377718949322,0.950226541592864,0.9573791968791394,0.9369849935305629,0.9114915554425633,0.9577286135139361,0.93035203142668,0.911613120366921,0.9327880208081647,0.934710594574158,0.9466853380462673,0.9488992519063086,0.9129130211818672,0.9383534706093533,0.9309245944477307,0.9479738610076555,0.9588024708829682,0.9146672140480826,0.9301049689599825,0.9382172258747689,0.9323178459319251,0.935358092813028,0.9513532989594817,0.9633422775783256,0.9334794470035993,0.9350608041325383,0.9091163647994069,0.922786421316711,0.8998078673573324,0.9280001474317388,0.9398510868204794,0.929008078204796,0.8893367667796627,0.9434093645625681,0.9328807913873994
849264,0.9155220293068365,0.9600595080455894,0.9140115403841503,0.942976737434344,0.9368416577565115,0.9180008606042938,0.9033430162249785,0.950565042615142,0.9286501559489047,0.9235553046988183,0.9251564132524723,0.9241410210520075,0.9589648659673143,0.9263954827715513,0.8943158295873789,0.9394351515030238,0.92636991183021,0.9368924419514624,0.9647933253717559,0.9320677686233024,0.9277177699531501,0.9370016522405482,0.9326924375771789,0.9334805105074769,0.9431222009453203,0.9671125158619314,0.9328494205920638,0.9300004551351575,0.8794111443782602,0.9020106406938398,0.9108671836455455,0.9277657079079861,0.9356421165679604,0.9405403844218115,0.8341176008714437,0.9399643138933133,0.9168660050532735
849971,0.8785779014388768,0.9646320957109478,0.914730113095048,0.9620110959579166,0.9190300113413032,0.94763493545242,0.9121977201328851,0.9495399162592829,0.9381253916236649,0.9153687257353176,0.9202337466578078,0.9325496292982645,0.9437720023812308,0.9503721263205612,0.8895056676543741,0.945933639137658,0.9607215058128696,0.9502703032473891,0.9554505379892664,0.913761413959808,0.9399602568629093,0.9514876942922099,0.9333070127819154,0.9522677367972165,0.9361794611637184,0.9551615697645152,0.9188821759681108,0.9188185625780245,0.9047051740180383,0.9586622545175949,0.9017849438940329,0.9383187591579393,0.951879215017984,0.9389663209379224,0.8812361373957901,0.927726795309467,0.9230523305115726
852455,0.8961321314191039,0.9499547536788335,0.9039776724396307,0.9554565697791636,0.9132279254765903,0.9234420792015114,0.9218386790098064,0.9388820438150928,0.9438902382551854,0.9327802588219166,0.9416563145792795,0.9354730748981495,0.9452177835465576,0.9315248479277018,0.8788206183917554,0.9287293349809745,0.9409424233802204,0.951784762732407,0.9715908546132451,0.9349912904930583,0.9464677707792936,0.9492816123824566,0.9239662890070862,0.9447533660162608,0.9516441424293643,0.9671013488420462,0.9351671010858854,0.9381017630008146,0.8560497139262804,0.94552497933148,0.9141979798003725,0.9320880462360508,0.9322012111469276,0.9367816088219559,0.8707876222413534,0.9496489848645473,0.9100088570940119
856766,0.9076640611134873,0.957915013930385,0.917945511867003,0.9545339553681284,0.9421691406796865,0.9210402643083907,0.8951356414743897,0.9385134765559267,0.9406747183139952,0.9258520976224872,0.919771975037534,0.9194979295272401,0.9353634159768179,0.9342341181816133,0.8851911895215857,0.9167782209691218,0.9207604833961978,0.9562747147402781,0.9415628123018338,0.9161318313003401,0.9419549682802241,0.9398036714815726,0.9116968432631086,0.9293441969245855,0.9309075110942002,0.942248745701712,0.9323955666135704,0.9269562670879532,0.860170707174044,0.933906358908929,0.8723142113287431,0.9253798760861784,0.9465554098920621,0.9244896888706244,0.9213092082330083,0.9366462517180439,0.9100567446774378
856968,0.9114627825735654,0.9618212293394744,0.9019392011480047,0.9422475195475204,0.9301535095847376,0.9109346492682004,0.9060894344885537,0.9439167869999521,0.9456358058244977,0.9189803522369787,0.8829187739345498,0.9286145290058038,0.9514474737101347,0.9198100708334785,0.8703756041309884,0.9356191967511762,0.9129999442200661,0.9403873973885525,0.9573174185552935,0.926959331421674,0.9457115627265065,0.9347171235429396,0.9225919769384237,0.9325896652272941,0.9440838211671347,0.9605605511846466,0.9344247969592235,0.9406931046906781,0.8994560939682769,0.935133620621877,0.8806207860435112,0.9130229805281423,0.9393678018573647,0.9276967170936314,0.8553151343192743,0.9236873047870041,0.92214612756382
857263,0.9159508767606473,0.9491584758704762,0.9128633586692726,0.9420410957731485,0.9346389988519331,0.9039219006349352,0.8964989942409433,0.9276271351508113,0.9390743591384038,0.9146753949494755,0.914278126575353,0.9328728996126204,0.9368336101046639,0.9337213214345936,0.887479963277625,0.9216772186838141,0.905565178274297,0.9348478514890245,0.9527698404107077,0.9036839546268864,0.9354879311762409,0.9227227019514563,0.906834846607971,0.9218831125093853,0.9333372248283665,0.9484373889079689,0.9067726867876115,0.9128782736815769,0.8839144419087909,0.9046832582326014,0.8580884147951049,0.9225358965049528,0.931826626120403,0.9321397151850067,0.8634461438394173,0.9191074745007555,0.9006836723710779
859671,0.9185150934742009,0.9583695653824954,0.9097459064550614,0.9387878270099794,0.913289227634416,0.9277289281388899,0.9175766793641673,0.9320244391551505,0.9443150957316078,0.9214367291637924,0.9279662426772276,0.9438232135584579,0.9121756766612519,0.9384296939513089,0.8657556843444839,0.929692756019235,0.9398648922615137,0.9360645601566375,0.9588725720560519,0.9209784800431713,0.944021029838984,0.9462989332590597,0.9302728447662808,0.952916082769501,0.9432295375350623,0.9596195261783793,0.9192360057726727,0.9281619935774779,0.8308574895615183,0.9191442544275992,0.8656124422295094,0.9335375087218858,0.937205153794368,0.9396466075525708,0.8628818174349618,0.9331858935896834,0.9079583885205631
861456,0.9172543129958313,0.9554682019269944,0.918712245242805,0.9518327404006371,0.9281338939768575,0.9155625989600635,0.8980146760915779,0.9388196462579426,0.9422026184752726,0.9226613305282244,0.9240534932962333,0.9199645663939946,0.9439893152266282,0.9355144786733542,0.8646112499221581,0.9109657108053314,0.9465357585411517,0.952479872859783,0.9496083259568902,0.9258692458971022,0.9425141883640922,0.9418033720113895,0.9070529654578029,0.949566853040031,0.9484837721664157,0.9507393415380813,0.9260007474640166,0.9205017922365569,0.8861031896628034,0.9425538387078845,0.8912073340158644,0.9476538739481791,0.949802982614434,0.934404538431556,0.8758840047593478,0.9430087079550948,0.9200867096813604
865363,0.9070466390898999,0.9558941692187406,0.9073114406582342,0.9451296179107219,0.9204096575771491,0.9421694773919103,0.9135082735455159,0.9450300348512489,0.9361595835546559,0.9329692726584699,0.9386439119626808,0.936430764212877,0.9321000539574767,0.9498073998782461,0.8795486352208622,0.9396735997472222,0.9408521177239326,0.9520036508903192,0.9664121882015293,0.918182550889183,0.9356518743401953,0.9475439482288008,0.934534339172782,0.9431526942156345,0.944494934144637,0.9590454769036886,0.9224236871213037,0.9258432924000475,0.8852325909990012,0.9168952060023647,0.9105837054683753,0.9409927712697566,0.9545187183681284,0.9515654508631043,0.8322365066666118,0.9256537038878916,0.9159321286042765
867468,0.920708572927455,0.9571237370551693,0.9248826329493273,0.9523796902362343,0.9356854278305413,0.9233893378825511,0.9142629771434705,0.9437715797949008,0.9411271612711122,0.9315213018267208,0.9261615340304172,0.9233112993935946,0.9391571013091254,0.9212629309528461,0.8963659005926151,0.9262036635781459,0.9396857180042737,0.9411108137421236,0.9579586240747971,0.9339187284666317,0.9394275013822173,0.9395084270662292,0.9174557945509524,0.9451791086928066,0.938138818451655,0.958223714274722,0.9306799066536936,0.9359795243267645,0.8552589362841785,0.9159289886382004,0.8968544563265332,0.9398451176731436,0.9434761202070115,0.9445861817613982,0.8924872781478956,0.9251006104065986,0.928390239171581
869472,0.9026961128654659,0.9598479190967844,0.8859557500494666,0.9439170995463364,0.9210470329495535,0.9366784834751021,0.8935388427826437,0.9356224330899219,0.944788729869369,0.9029914497514963,0.909117752734689,0.9357824068504746,0.936048501740735,0.927364153771135,0.8829706938024059,0.9437396915513541,0.9473365522348327,0.9483824699012945,0.9558973491357154,0.9230223635921666,0.9443113235598561,0.947032729941706,0.9369222513161323,0.9533311948989494,0.9379645079580912,0.9504359600104823,0.9224085307056256,0.9304716395449686,0.9107253414351684,0.9342534690551128,0.9215119318045625,0.9420968385887917,0.9415238111117976,0.9408220041693977,0.8785450297724111,0.8668459315671538,0.9392579213641197
870861,0.876592719772214,0.9529778892367398,0.9053353000516396,0.9433872851546138,0.9154027762419931,0.9233540993787843,0.9082996350762877,0.9387956397894028,0.9387469676483267,0.9193695050060823,0.9242075376279567,0.9253644613144061,0.9440440531800073,0.9505389611891452,0.9099598309408568,0.9204159571574959,0.9508781986849136,0.949290470025017,0.9603280244609738,0.9261105993575294,0.9365307194803854,0.9405715863233836,0.9162666872049609,0.9513390622867124,0.9475955794312441,0.9596826340449455,0.933181524567915,0.9305100617803463,0.8654963852544552,0.919424863149566,0.9043491147567596,0.9362739744401791,0.9488785463718484,0.9324730703229426,0.8252749411298893,0.9273781805666542,0.9078910363251321
871762,0.9430874926157097,0.965771177507333,0.9248938327742936,0.9554859416570486,0.9458040420526469,0.9246177494284786,0.9166802422995287,0.9368932432401114,0.9564826236154109,0.9108250435947112,0.9174479493451835,0.9243327568694494,0.9656591924665731,0.9419494206626904,0.8618755363374901,0.932064730229539,0.9361615811612207,0.951892668022311,0.9562005672395654,0.8945787857514528,0.9590595747607854,0.9550866123551203,0.9322686624879911,0.9308301506243036,0.9509750412923204,0.963006726110562,0.9177728644815404,0.9424129282711526,0.8584498966282286,0.9448213241561757,0.8922000430252852,0.937700496906255,0.9367759892382652,0.937129427832869,0.8633799891360209,0.9374536276578828,0.9283296233360655
871964,0.9122174557939153,0.9567844897708654,0.9213633036125644,0.9540436900416716,0.9293829121532453,0.9237777728622134,0.9033110019286872,0.9388865324028572,0.9260287638377322,0.9260936319704219,0.9292662787811398,0.9239118875559337,0.9474757236913116,0.9192093054568221,0.8893661187401851,0.9331647700279706,0.9461434850745951,0.946050537753606,0.968479647487352,0.9244733073985067,0.9244474234803324,0.9408954961278508,0.9208632115606971,0.9473375174036304,0.9459845671786415,0.9643184643183567,0.9269473265989667,0.9135275627152678,0.9056939558308676,0.933883921581572,0.8986643219669319,0.9423181902667157,0.9338936629058076,0.9561547554450337,0.877779498138288,0.8973666988583787,0.9217199573063333
872158,0.9076151363983833,0.9602283023031992,0.8658608356908077,0.9430373332085282,0.9333926291334259,0.9398025447133613,0.8938266579291235,0.9388093566412287,0.9385402722613843,0.9199680877449359,0.9387700544644587,0.9310342090599293,0.9368616713763044,0.9466153985553974,0.8868097148966675,0.9407750046754775,0.9390327030985413,0.9505372805427063,0.9554196581873298,0.9148029562346749,0.9388346612723015,0.9367963236002252,0.9303642425528077,0.9439720594317097,0.9506123345961471,0.9594795904202774,0.9234404333895111,0.9310186497185644,0.8894301032957627,0.940075682936653,0.8927139645833031,0.9504269315883248,0.9423428539667924,0.9485233042280541,0.9054731157328442,0.9243201558414652,0.9211184304988372
872562,0.884970321748043,0.9488375182681018,0.9098661367477581,0.9414498857111042,0.9105853253157056,0.9107369071834707,0.9239945368379618,0.9358041616706316,0.9510389097682642,0.923619621450113,0.9266167872521872,0.9174318958325637,0.933335097921523,0.9331318465534721,0.8576187433101018,0.9078281360090706,0.941846639517041,0.9458043494101412,0.9516572653518512,0.9254035037253211,0.9524481487024457,0.9436746038613929,0.8828287009601621,0.9406918974529619,0.9446826114865976,0.9520169690460838,0.9267997706802104,0.9292596996547744,0.8147688458007191,0.8963147055976709,0.8590251666818053,0.9303990842871802,0.9149371806527251,0.9259191798484784,0.8756863698438738,0.9340200036248465,0.911966285218378
872764,0.8993430251348377,0.9574282694787543,0.8906602186251926,0.9504040710513613,0.9224998796945398,0.9320472816037038,0.895976370371243,0.9394996763278113,0.93673595919069,0.9138191163320395,0.9341931168394032,0.9221773294647841,0.9481616048498402,0.9547277376665614,0.8661053386374488,0.9312864514123075,0.9339188023287929,0.945891545880946,0.9586396893867922,0.9263155116858193,0.9355506184617132,0.9306116962742358,0.9161008919244795,0.9320145542814602,0.9470332367393777,0.9599544265891637,0.9316990055072383,0.9244472661372639,0.8009611295510874,0.9018622402392944,0.8288571402805797,0.9242557901724263,0.9380957707017951,0.9357736690639312,0.8524271719674077,0.9481964645155155,0.911195900524557
873968,0.9164534598924942,0.9627269737196288,0.9037216928832796,0.9512004788947102,0.9319618889547238,0.9346356747708316,0.9276363826743362,0.9469959536945826,0.9533074020887616,0.9206062984018476,0.9352893293275448,0.9172841078574026,0.9493107144094769,0.9289091751076324,0.865815643127083,0.941558574187733,0.9519005343615802,0.9511252799524555,0.9629434181018134,0.9268855842888544,0.9535646187564655,0.9414153619400097,0.92798657787225,0.9501977166147889,0.9533913855633667,0.9624983286265972,0.9264936175826479,0.9448907066891072,0.8440478522189444,0.9303611717119035,0.8817377504536048,0.9431438090057718,0.9592243407530447,0.9532858695580182,0.8838891205531374,0.929976232450391,0.9149894468347447
877269,0.9199052333264752,0.9643123903726887,0.8988067120760806,0.9507391514247668,0.9375313201244013,0.9408989038676131,0.8731438118377068,0.9417768856094474,0.9204480058243891,0.913246879978629,0.9234515667179402,0.936194184121885,0.9411512834980972,0.9494051786896262,0.8571142732614455,0.9438451953391275,0.9484121569661685,0.945739205799923,0.952665129756125,0.926558672186139,0.920707459318163,0.9222482770403747,0.9297163112260559,0.9534441777266791,0.9463003602550527,0.9535318141808227,0.9178369644630149,0.9119286683656289,0.8636673138619911,0.9144277301457214,0.872105146254035,0.9482395290501415,0.9563284038183684,0.9391251679597008,0.8557970776351541,0.918513738007864,0.9025793493934111
878776,0.9150205462550794,0.9429807886466551,0.8904626568058711,0.9559963638990355,0.9234675053680569,0.9344036075376421,0.8897785071773661,0.9121459302872642,0.9239796374618756,0.9291535483659483,0.9405204528252284,0.9428919127263455,0.9488466509456798,0.9536762923970775,0.8741134913740642,0.9205665303146576,0.9391949247297763,0.9535324732865136,0.9611539086251717,0.936483373749834,0.9175446798861686,0.940538014835919,0.9167401066351116,0.9366738928594034,0.9375007182095147,0.9559710705687732,0.9408590069603753,0.9000047119252559,0.857830003361225,0.9153216306165479,0.881394986492891,0.9261648527748029,0.9307849286629301,0.9199352427073147,0.8720913540906544,0.8639293245014361,0.9270037909854892
878877,0.8960583839129888,0.9581119809870599,0.8832115601476563,0.9352178119220177,0.924895762433592,0.9189326920869426,0.8923125426262025,0.932338014430694,0.9281462024043321,0.8830100484990069,0.9093869801669967,0.938494838984736,0.9448613963455769,0.9436995503841159,0.8696006018013267,0.9343689013096734,0.9574528671149679,0.9297474801986941,0.9531925583499843,0.8931413581343377,0.9271313376422738,0.8891035928081422,0.9226394522034482,0.9491598829134259,0.9419814840344984,0.9553850326489419,0.9087870344507518,0.9192431879553258,0.8282750080299929,0.9404571660289909,0.9267178889418909,0.9356089388609741,0.9311132923907465,0.9295021491363236,0.8656526356907961,0.9150209065751245,0.9289319123451544
880157,0.915990863257423,0.9569474654904676,0.9057310141968791,0.9471038806141013,0.919484480298395,0.9166395882432345,0.911489952481426,0.9404096742796243,0.9378273244750249,0.9222524583220579,0.9202985899531936,0.9136712269849822,0.9352315982681285,0.9422686353609174,0.864528305660437,0.9341513674394794,0.9319014980347514,0.9387742549919266,0.9584347604919602,0.9243145486952192,0.937427792693571,0.9455022605464968,0.9263840829022612,0.9281468481796533,0.9501056181202303,0.9625313400105804,0.9274334274311017,0.9337500252732024,0.883128066094671,0.9362576783829718,0.8655712472931888,0.9223089385711478,0.9410268603203934,0.9398452897333504,0.882590623843574,0.9267722673591877,0.9146149151968691
882161,0.9062106124780104,0.9578359600138515,0.9221182770564589,0.945849803654559,0.9251011465939895,0.9072664537817523,0.9153001023784426,0.9454695415310903,0.9398246826855104,0.9149607032029118,0.9068540012324704,0.8891443208945392,0.9205337769842692,0.9146225243706319,0.9143537629662573,0.9294201037450367,0.9401750532778871,0.9492294843235566,0.9478730871849071,0.9045143498563465,0.9416804782555471,0.9487103807006536,0.9240236692497671,0.9423943221574824,0.9531611486319601,0.9470410503471204,0.9039607455680484,0.9353349366267284,0.8809423741724338,0.9357426488546184,0.919873957252587,0.9346883118354565,0.9255824784847269,0.9217320544338881,0.8471648047052733,0.9307229406924041,0.9166254855441789
884064,0.9257041985492,0.9465458797342896,0.8876192222625002,0.9391626899673947,0.9384682759793226,0.9262511725250661,0.9032855368097743,0.9341412957914861,0.9342305580943588,0.932434293841305,0.9308183326734714,0.9143722155290992,0.9343685377939464,0.9497144005985436,0.8670542952087676,0.9276563860336721,0.9398026899200722,0.946378735372085,0.9566879854139612,0.9240463320557025,0.934580459508089,0.9320472161953349,0.9089469003256501,0.9398592264570298,0.9410941575866157,0.9531964342668195,0.9282240231160622,0.9236886270418233,0.836534144089565,0.8928616563887128,0.8751966736156568,0.9318338599029327,0.9440952947826827,0.9380797765998423,0.9079687106621015,0.9151566714126096,0.9211095804857136
885975,0.8832865003636249,0.9502005122665462,0.9223220898099428,0.9446422662053324,0.9212100798867635,0.9139998187350953,0.9154938070312049,0.9367473160439529,0.9269049921770972,0.927858615329945,0.9266114961196543,0.9231721242837452,0.9535814251478278,0.9367385631036845,0.8884679448816634,0.923457948323864,0.9449001968831026,0.9494374454253063,0.9639914785031194,0.9258674655392619,0.9293067722396889,0.9509520127251571,0.9051544874707191,0.9472501244607902,0.9536683533037519,0.9637953946495216,0.940048199049074,0.9277323884463629,0.8563360207240156,0.9445657670683429,0.9053717211228282,0.9251380780197169,0.9287486544821294,0.9232953844297062,0.89142030189356,0.9386877960647811,0.9058730049176743
886674,0.9061238419047732,0.9684406600990587,0.9158667830202132,0.9503485633945675,0.9329041214492856,0.9397845695987708,0.9271480105025064,0.9473293873500094,0.9417599547872931,0.9280337533036672,0.9243136055214285,0.9481301981041801,0.9487390047253229,0.9444662253240759,0.8733764419944412,0.9492965463584951,0.9545182318209753,0.952352695019439,0.9595221611095006,0.9344944394384008,0.9412385773406482,0.9330476173632389,0.9466774946328151,0.9560999259886627,0.9511363325142318,0.9586729080693588,0.9392925822763754,0.9404292234658814,0.8689374001425533,0.9419070880253553,0.8900087965218317,0.9386362192879087,0.9354269930571321,0.9425254770818768,0.8748582755978275,0.9432530750788728,0.9169419068097642
887373,0.9091819835123673,0.9528855174398085,0.9194012644779732,0.9374372803359515,0.9372595975579635,0.9334442691879687,0.8948229575891251,0.9249319670042632,0.9499192012577196,0.9006358338441536,0.9182408391424713,0.9197537916588215,0.9412968429654002,0.9270274998734174,0.8509195111730326,0.9298625917593407,0.9298765569553741,0.9414935936780741,0.9438318211115846,0.9082275190402146,0.9504455548986624,0.941523780788812,0.9236625154652964,0.9409352560274137,0.9469461755000531,0.9543345979595677,0.911275077324415,0.9268793969057312,0.8265679083067903,0.9193064694467893,0.8555032860660491,0.9385336686290457,0.9374322365522126,0.9211430092587911,0.8498107018630578,0.9396076081046382,0.9113353857733025
888678,0.8985803416940534,0.9503818203454261,0.9206652375575521,0.9475889149354036,0.9081836830780107,0.9430649865305564,0.9046669577739763,0.9186011089875452,0.9337224802873013,0.9085330351743822,0.9156684959008656,0.9203213413476287,0.9508085851793183,0.9479636928046543,0.8544802152724238,0.9262063709555468,0.9203185729431981,0.9521768946431788,0.9668282760560203,0.8994105130516342,0.9309550737556853,0.9355209626418196,0.9165080203018806,0.9278993217250888,0.9487885027279354,0.9664400654930854,0.9132843797053993,0.9129116500764957,0.8047981954207735,0.9438518271169128,0.8839059031760838,0.9131397335694911,0.9439871849258974,0.9339726308409102,0.8758070646121514,0.8986191863721066,0.9186939000220262
889579,0.9168649300295945,0.9638648405154142,0.8999984432524013,0.9405617242889919,0.9440442512453284,0.9292845185787374,0.9063819240830027,0.9310680765257019,0.9394851750110728,0.9232333913006067,0.9339570160341063,0.942196365309402,0.9550106655339284,0.9326509792772832,0.8429750527328472,0.9437946663202873,0.9417721400743285,0.9353728359612749,0.9588284734238562,0.9219291240046599,0.9395187700504894,0.9618205227967448,0.9381523694837408,0.9533060438035037,0.9410997115634436,0.9596784943700044,0.9307809429394619,0.9331510636910764,0.8145878810742865,0.9373351235481446,0.9300400124714051,0.9339095626293986,0.9498394825415798,0.9457489303617158,0.886590887287031,0.9314533381333436,0.9349231087778779
891667,0.899198372059895,0.9496445445001384,0.8986097851751306,0.9391114810026645,0.9277490374321009,0.9253940514744752,0.9095438252567313,0.9350683155424597,0.9372676377067398,0.9109344920691679,0.9238212290803898,0.9139399791490082,0.954983454187852,0.9537736243574676,0.913202012942406,0.9280199162555525,0.937285684868339,0.936453326882716,0.9549393520616296,0.9172653478831366,0.9392509383107968,0.9600642617577675,0.9176482927252904,0.9409426278220139,0.9433516687401872,0.9518945253313988,0.9123723528757083,0.9216680678873799,0.9138878413798585,0.9152310709281843,0.8804467610719078,0.9362220014967148,0.9451221762215881,0.9397283903998987,0.8474460373434816,0.9363805504874968,0.9149584754959542
894067,0.9275573351109749,0.9462357032036116,0.9140951666107289,0.9390083769367646,0.9381046194250995,0.9186603466258311,0.9059424636551477,0.9266865571758424,0.942602474357882,0.8979569455453017,0.9180735713916073,0.919539948867213,0.9395321001916708,0.9412693513831776,0.8695627594044104,0.922333920578605,0.9439651335091868,0.9378793880178619,0.9476478439010588,0.8938692544360579,0.9419790596612767,0.9268888071831133,0.9132209011222481,0.9418933220699242,0.9435478116609952,0.9514905449753615,0.9201825311617654,0.9186859876212182,0.843932452013059,0.9108499765298084,0.8714795726854174,0.9194631688242767,0.9253094942296074,0.9308606634099956,0.8733620797479246,0.9185400656553677,0.9206307532121859
894673,0.8978502745362412,0.9625357158686328,0.9297182161957546,0.9505660875914423,0.9301633721233161,0.9392430843920233,0.8924298977209336,0.9392650730578258,0.9507299010378238,0.9125850235706623,0.9284377559428885,0.9343447757014589,0.9422511684941784,0.9267631940209106,0.8682021221634747,0.9353130829898223,0.9492701433275046,0.9460919367448263,0.9616184269356745,0.9125772045144683,0.9531657148896462,0.9319213262934524,0.9103801756311761,0.9436713405758035,0.9456319209951947,0.9630752100382335,0.9256307170974688,0.9351916189813592,0.8302885125512176,0.9274228500720642,0.8952686464203181,0.9312081307397109,0.9481256690620752,0.9424615641066861,0.8590999755607812,0.9506090355182518,0.9189788027671453
894774,0.8938998702115127,0.9683901824238024,0.9232440500145772,0.9506025480365101,0.9252573723791333,0.9151367440965292,0.9263479007642054,0.939661373142466,0.9380515472626976,0.9195299339383244,0.9193437102972895,0.927954409410907,0.9588053268751137,0.9390712176155955,0.9049546901753369,0.9351139313873522,0.9247771733549355,0.9473531532838182,0.9604418233189028,0.9203905696047027,0.9377255524865256,0.9483584536297798,0.9231863487997175,0.928981911204269,0.9554445622380886,0.9650757599861559,0.9344419170047167,0.9363618806049122,0.8793002490940105,0.940414760314637,0.9219142603159426,0.9046664631943535,0.9351235405774362,0.9270459248289382,0.8735781549477778,0.9402531228294757,0.927060617310946
896778,0.9106539020382206,0.9507014657769237,0.9236214437290139,0.9336288291142638,0.9341903415560067,0.9171574887050895,0.919411369870659,0.9447759181049891,0.9409264451424824,0.9285389346694094,0.9175311250636803,0.9318730090356951,0.9382147328957675,0.9484512299409279,0.9137090690861306,0.9318489137295352,0.9431662394885182,0.9310711089751323,0.956690307449539,0.9169856347510839,0.9422061468183501,0.954296826896453,0.9320208741940887,0.9476038946626079,0.9370963210718527,0.9559407887834412,0.9245529092542665,0.9350989711771336,0.8695161068238901,0.9317392494381379,0.9245763984754604,0.9337016715083674,0.9213909248616347,0.9412072458711607,0.898758557001523,0.9474568406075301,0.9234825108461505
896879,0.9031838425025454,0.9612923154595616,0.9180684636893444,0.9579621429975417,0.9224460527358491,0.9342613037174513,0.9031980084849298,0.9393895221711199,0.9566986411925199,0.9092059519217898,0.8985699218695382,0.9236862732205242,0.9446971528779898,0.9450805369975706,0.8561100069529948,0.9424883125571893,0.9348615215334363,0.9506445011819074,0.9674678801507285,0.8990519177817189,0.9593854227124375,0.9336502990061213,0.9335489011076495,0.9399942122754669,0.9509425556543423,0.9679521787800099,0.9147594577036117,0.9386168314428557,0.8621866025779366,0.9141778275132741,0.907090219151834,0.9237372023446163,0.9452037084109158,0.9503745133198923,0.8861687460271586,0.9481912716756046,0.9226838381306823
898176,0.9041976529884262,0.9549074791869842,0.9141263046997307,0.9537989331856392,0.8979810623848395,0.9283581662929962,0.9191963348168429,0.9435004210680925,0.9402318792128458,0.9272913619759956,0.9149081132249401,0.9142205482944764,0.919386425981299,0.935984657826148,0.907869585317429,0.9305464425281509,0.9180963429604041,0.9453297240800639,0.9567604828576046,0.9053886044051828,0.9362700470535326,0.9494198471570391,0.9208534604282936,0.9302974486050106,0.9426600992439633,0.9564469680937013,0.916857924700031,0.9309948541575777,0.8697154400344318,0.943240509779125,0.8952651440501346,0.9225142657482299,0.9367750691770211,0.926118801919707,0.827007088725598,0.9353500465036677,0.9317717559037751
899885,0.9207835177218153,0.9592422613369825,0.8959702370409393,0.9552319873087315,0.9409312168111612,0.9277785373955623,0.9166311704707542,0.9454077107120527,0.9367405687356877,0.9209277050242672,0.91866504953165,0.9249449270599494,0.9425688466161853,0.9529282430523727,0.8788135581024278,0.9345571047873695,0.9268127425807519,0.952424244418521,0.9670966921985737,0.9232683816417407,0.9385972612697869,0.9403011359106497,0.9227205543860698,0.9246427059370262,0.9573080820658407,0.9686241771422319,0.9375854454479677,0.9258052320653138,0.8747827667945958,0.8971245443420304,0.7686009800137337,0.9248623719934131,0.9419542525359919,0.9402512266099129,0.8806608902957686,0.9316007345111135,0.900670908692656
901038,0.9003033031357409,0.9609588101815345,0.8922220756812327,0.9589400656105632,0.9228650751660327,0.9233173839982401,0.8927749164896555,0.9213885368149618,0.9373718489402522,0.9010931796055134,0.9262371075728789,0.9275470570890925,0.9284334548654746,0.9233281669359835,0.8622118662556282,0.9369717277243919,0.9514871407728096,0.9520820330658913,0.9604219288614738,0.9002497040060928,0.936118833215254,0.9229584091105156,0.9319447451080155,0.9481618145999006,0.9425798672751291,0.9546621623077175,0.9121964937373775,0.9182433360378568,0.8299106988016443,0.9115484362533103,0.9067033075326265,0.9375820813069499,0.9407309304744538,0.944379612995472,0.8800954026644169,0.883213944967938,0.9504380616288182
901139,0.9062936920893584,0.9528725062077833,0.897684874771942,0.9481617264523834,0.927272869844622,0.925306007835752,0.901403576676291,0.935104318666385,0.9437660605796143,0.9289845099200786,0.9305396676512515,0.9190169411402813,0.9490338623995688,0.9343912843059735,0.8790739934974728,0.9311765627672686,0.9270587419583727,0.9458360643807799,0.9646367642330772,0.9232445835296358,0.9443328682885213,0.9558279471699344,0.9261080150704786,0.9279459406583432,0.9479611170819313,0.9558703150327653,0.9246179690295434,0.937622548244707,0.8826038317166495,0.9494116798635945,0.8851877011195017,0.9262830744859579,0.9298473219368623,0.921945986940712,0.8766037302287861,0.9057750233506807,0.9219783540230043
901442,0.9257367518576227,0.9456100439179888,0.909441070969871,0.9489358944605302,0.916827624085126,0.9216377406903371,0.9337993479440221,0.9543024357305687,0.9428928216631423,0.9265308158257479,0.9198451627420732,0.9104595077924978,0.9409725834343917,0.9330367053824584,0.8971157685228724,0.9289349836539111,0.9302334886424537,0.947873538017386,0.9595929004221863,0.9220862252998571,0.944411394537259,0.9487792040534647,0.9224868663297502,0.9493396920422483,0.9542500415087185,0.961707207911079,0.9183658781245051,0.946345834411937,0.8715480394679658,0.9377120167818156,0.871228967065903,0.9407088740133098,0.9336867035972999,0.9345987771860482,0.8497232882891604,0.9368360827569219,0.906007862304408
902242,0.9210243482780761,0.9509146231576885,0.8925060054683958,0.9526564813371704,0.9316319564747098,0.9462449823488475,0.8972310223168367,0.9478498931362362,0.9558002104428943,0.9265831945519971,0.9302830446123903,0.9325599647929856,0.9513961566127893,0.9288121468467823,0.851749175274651,0.9436600633785586,0.947434702502572,0.9479261052318458,0.9655637302446182,0.93840961597475,0.9550764184677015,0.9119895037680347,0.9264095955935084,0.9484691514682295,0.9549748968178919,0.962974792663882,0.9345721304189698,0.9363592710242752,0.8362553879926753,0.9313016269093072,0.9074410214576275,0.94476533211484,0.9438571631995285,0.9300579522263152,0.8657059177101141,0.950119931951001,0.9176225842443204
904044,0.8972641557986608,0.9554078292652394,0.9261164282760338,0.9406679992568511,0.9244821323328642,0.9352583015426499,0.915867390149639,0.9479472172784986,0.9339454224420813,0.9234363962284947,0.9229558663167251,0.9334259398969224,0.9457051589193114,0.9381089992777385,0.8678501795720502,0.9416607579548278,0.9564044413936541,0.9421160599733104,0.9601774285040421,0.9303111512524683,0.9335816423501536,0.9369558026598518,0.9325329220401739,0.9577940870316001,0.9461035741045296,0.9583380544154273,0.9358621822771207,0.928548618027296,0.8699981027474364,0.9126534130609585,0.9141754927777284,0.9512855914517988,0.9448098609844736,0.9400407928425655,0.868680695023103,0.9507573861967122,0.9250801977684119
907656,0.9208854148388209,0.9695115008103738,0.9314461811621054,0.9448042300602097,0.9173660421523677,0.9412028443335008,0.9244225006934106,0.9458982364036911,0.9580487366757571,0.9291720938651873,0.9223913643264217,0.9356618588204224,0.9330908500767344,0.9233114603664687,0.8720032242285674,0.9474444696669566,0.9404726142123283,0.9472350429780474,0.9608132835991605,0.9177578996227418,0.9594937680095509,0.9655974566801331,0.9458653189801663,0.9527109104044215,0.9489552429120738,0.9601426704468368,0.9175065512598396,0.9496834841936542,0.8951691263427575,0.9559235798094948,0.9392115312655025,0.9346923562599224,0.9512585099496451,0.9302906580317014,0.8351948203378168,0.9423624436595669,0.9128752331598227
908860,0.913246317255082,0.9458177746687769,0.9063825233544972,0.9491865725074444,0.9322120973192045,0.9252627863129067,0.9125804744606809,0.9381287313325349,0.943159654882958,0.9134361710714906,0.9348593344977862,0.9440122759053232,0.9505010789367213,0.9533885174273755,0.8914689858562866,0.9281883015329484,0.94549163789801,0.9540497554749928,0.9522236201007248,0.9327071900892989,0.9431050540929046,0.939324804729294,0.9217735881024209,0.9483497305219939,0.9498324398224982,0.9534593852346722,0.9362453183222168,0.9317595117464447,0.8739035097980989,0.9419337727131268,0.8873250706873903,0.9297200490981423,0.9438870782479617,0.9324426662829033,0.8605484446059128,0.9366778461655988,0.9132137791338701
910241,0.9020248850141351,0.9534938995339565,0.912502960013482,0.9490658361754494,0.9246931366039007,0.9474067822929807,0.9112232693905085,0.9410713855884185,0.9372950722902825,0.8975836444808953,0.894304409265126,0.9235660064026209,0.9408022226107254,0.9427689610644527,0.8771154448338482,0.9473018702521431,0.9437023115702274,0.9513157222410374,0.9575879304904676,0.8998193478067176,0.9390486450942117,0.9550898621802129,0.9381634044467023,0.9373328091307944,0.9403034459958617,0.9538888852042997,0.9161821947437799,0.9334272059052966,0.8433817167287553,0.9425616730781532,0.9164942505116319,0.9322234429828257,0.932298875927906,0.9360007244979421,0.872648049098818,0.9383207884583449,0.9225419989533232
910443,0.9316342201258518,0.9553854128268224,0.9035032042250023,0.9390934887265663,0.9379892513266234,0.9105553312389506,0.9104426467636149,0.938853016810805,0.9417767852250878,0.9271208976745783,0.9289865832023562,0.9413159456166367,0.9379228409390288,0.9258646214448835,0.8698937147159745,0.9212065167124184,0.939214610000977,0.9393221979471742,0.963952885774336,0.9345378812944053,0.9420879578478963,0.9475764620618822,0.9148060179098256,0.9426046933230495,0.9418150964104013,0.9613154850073335,0.9370446295978015,0.9378577870809506,0.8406006231470843,0.9110302493038699,0.8884950325191197,0.9341822762244244,0.9506964891365085,0.9441101638598696,0.8410264271914869,0.9195151382780511,0.9217551117200541
911849,0.8966249778406363,0.9659392734677531,0.9257080856339835,0.9557668422030101,0.923650628434002,0.9183921570843084,0.9195922667059624,0.9402357766374184,0.9413922333367061,0.9023245534033455,0.9237205748640673,0.9299687685261188,0.9413524416847555,0.9238148093370869,0.8961341751669722,0.9322138436535335,0.9354528771175217,0.9538855530234653,0.9613449269623251,0.9105821342234506,0.9436518898191376,0.9476841465918772,0.9213861268478544,0.946927067424783,0.9500227493096619,0.9620026318867798,0.9183492620362106,0.9374470841140353,0.8987879172760622,0.9392029311557973,0.8650791894384539,0.9348103718276277,0.9497870676440777,0.9363280917807116,0.8752395714068961,0.9426693640217838,0.9139281099762173
912447,0.9308479159225495,0.9601133929294726,0.9018428246048801,0.953659141465254,0.9497220565776132,0.9394624142540688,0.9156532270438323,0.9405719676620623,0.9478920725794355,0.9167206234636472,0.9164884647553417,0.9329837370599214,0.9585909374175573,0.9456643671663293,0.8564298207093595,0.9453485624712755,0.951533992809872,0.9501170202484616,0.9608702412721045,0.9014688980368623,0.948641446507558,0.9290718999786507,0.9349182921119784,0.9487329590199314,0.9514021528652321,0.9598688596066345,0.9349679283010909,0.9403132110949574,0.8861215177198184,0.9381974474452527,0.9390553945945526,0.9376373037120352,0.9300365199511201,0.9402436957630457,0.9082771700769923,0.9062523964798059,0.9372270975979263
917255,0.8868171782186424,0.9587238123008892,0.9037463729473537,0.9482953367413659,0.9281556093064153,0.9184611180977355,0.9121003864166853,0.9423150254192576,0.9535642675201412,0.9079409377686521,0.9325194147242595,0.9303502793344709,0.9437798643574845,0.9346004971258339,0.8848919338586324,0.9246407234131984,0.9293336241513455,0.9482126598974262,0.9495757796775744,0.9137970522015856,0.9525487411133566,0.9429823206914626,0.9157622725601802,0.9223851884670298,0.9449435869165701,0.9627869868976766,0.9156897759740692,0.9463165477374388,0.8823570072199655,0.9511834260178488,0.7732211944614549,0.9258551555278991,0.9353833270637546,0.9474638732914847,0.8912465589764507,0.9265378843211546,0.9111190610434889
917558,0.9059297480373867,0.9548526962399194,0.8812205972435964,0.944826951425928,0.925537708053084,0.9299524826769829,0.8993063594959678,0.9321430121585333,0.9417714890175858,0.9170518501999773,0.914933207472056,0.9262722250940796,0.9398123057131573,0.9370932488185856,0.858710455206857,0.9394554456865225,0.9276577802448889,0.9510728389885155,0.9545622681406011,0.9257425391750304,0.941154971844794,0.93351207547874,0.9319634529447817,0.937865023350627,0.9474598008220613,0.9547599994239055,0.9285942750796565,0.9223730773198107,0.8576534313197963,0.8691976087354025,0.8583206516027477,0.9429708117163569,0.9486295588224716,0.932827907558409,0.8722079020182173,0.9232933584335937,0.9057706737214689
919966,0.9084060570254558,0.9536630536182186,0.8829139461819641,0.9461339396450102,0.918428854431252,0.9367370278376421,0.8896057852098689,0.9263428232778904,0.9450704672584586,0.9182193372585702,0.9139922704368839,0.9134151063233006,0.9235679090090639,0.9422050788265478,0.8925036648008697,0.9377324830558492,0.8969567153933267,0.9456905145883344,0.9670471572623244,0.9069217203457035,0.9431327878032427,0.940389575233846,0.9308122468917818,0.9225518614988644,0.9440982088497212,0.9614415979613048,0.9114757788905984,0.9343861051691442,0.879256130062395,0.9135923362129751,0.8819616117934106,0.92330253605883,0.9387493137628903,0.9293913833855189,0.885908258752341,0.9096122909392528,0.9398459346999813
922854,0.8971651402693286,0.9506536076568417,0.8724350518111667,0.9389313595346634,0.9027757177155673,0.9112467040433456,0.8965486843708224,0.9115933105269683,0.9416749383572611,0.9216984152155785,0.9260995438753119,0.9230447638938996,0.9247928571543044,0.9295582515290737,0.8511990216238254,0.9091785659377477,0.9491647601198953,0.9401851076641584,0.9620451301103551,0.9170482512941107,0.9435327488652367,0.9374331468020894,0.9027646352072056,0.9413163514927511,0.9369506819110336,0.9447926289494132,0.9175530407678895,0.9366710443193265,0.8176838172997191,0.8640637060279295,0.8777767839343487,0.9396279610175398,0.9262068635853502,0.9322751861197028,0.879960189543206,0.8863305446925145,0.9321463150054772
923755,0.8971742386701972,0.949258632932312,0.898205093867778,0.9400067985857403,0.9322067542324246,0.9294434001626791,0.9057056113870382,0.9441246148871665,0.926598136647867,0.9135060602007564,0.922083831266623,0.927201167281724,0.929973105083623,0.9251581791929333,0.8845174797741737,0.9148960156753535,0.936468179350804,0.9431708426647063,0.9495973423238684,0.9300534977481514,0.9230107559420041,0.9582227534950147,0.9162930090786583,0.9301920130947658,0.9435935997227007,0.9530497183985297,0.9313671083365878,0.9078121579820493,0.8614108034189862,0.9314920091728793,0.8527997740466082,0.9221450093458291,0.9451626111071257,0.9328868474429066,0.8423070935993842,0.9084218329510009,0.9042032219827105
926862,0.9025513063911846,0.9668195662286951,0.9345348698945958,0.9484617069395431,0.9266549150616826,0.9385973923923329,0.9229279012001631,0.9448446629901014,0.9376104570135724,0.913861582931371,0.9395934991688516,0.9427277244672121,0.9501747717563293,0.9398187812318951,0.8766564774742521,0.9414821620079703,0.9500130779063443,0.9484181836781403,0.9662075613392074,0.9296305385232437,0.9405914035143152,0.9401767641505001,0.9377590748538736,0.9561531093181678,0.9520164843685659,0.9654358791488629,0.9333400381786402,0.9387856032031849,0.8657395411036706,0.9202363688276314,0.9328339327733584,0.9437050973772493,0.9372531142308081,0.9479394126125534,0.8787466414662425,0.9333561128503243,0.9378375059076302
927359,0.9222298618054703,0.9596893108107364,0.9237842103421594,0.9435692660842808,0.9374823011588271,0.935019130180214,0.9042645161357888,0.9066142200947241,0.92801844194354,0.9341554196759644,0.9426643044788404,0.9173976412319166,0.9249829025722136,0.9446651986870906,0.8787270680428557,0.9325177607945929,0.9219362866557146,0.9383936861413849,0.9580581973128368,0.9346469890695385,0.9263291191997617,0.9593098209307248,0.9178538069524257,0.9350430197667537,0.9389610122881685,0.9557468760070694,0.9354005324471957,0.8993215846103383,0.8550030728842948,0.9210060336217094,0.8641019093992236,0.9246489218906134,0.9248442147557773,0.9407217190618283,0.8778566754820527,0.9167302406504028,0.9178538384337066
930449,0.8839456524329729,0.9564338657651344,0.9274330944534829,0.9563598618261611,0.9281032943697556,0.9386571819015042,0.911041388080756,0.9502649151710088,0.948199661366901,0.9164024412392012,0.9221586524842135,0.9413066113818859,0.9469833908517515,0.9554835022803554,0.8570841692555775,0.9374785864103923,0.95793354948203,0.9581915687703034,0.9725681431859647,0.9263220973996766,0.9496686701828699,0.9281974881346995,0.9313493781089817,0.9642293523951317,0.9550955139974628,0.9686307854550538,0.9320097072012267,0.9477856419956443,0.884898170659239,0.9213613645476852,0.922756545024419,0.9489632951526678,0.958418178496376,0.9486798531043169,0.8874045240102105,0.9434136185341649,0.9226137371504116
932554,0.9049362621537073,0.9557084876985626,0.9085647651143617,0.9477867390910132,0.929486781611626,0.9273607881796557,0.8882049709808698,0.9323070951531889,0.9302764924776139,0.9319483217633273,0.9317776690116663,0.936492894399219,0.948606277396765,0.9174624545158936,0.8988539959514179,0.9380644494286166,0.9433568722628506,0.9475258268079154,0.9623926285529422,0.9304890571508135,0.9258299119812456,0.9472547972665083,0.9288210154519345,0.9487910648291189,0.9502889633739046,0.9607641166535852,0.9321806126473988,0.9123197229032007,0.8528468916698597,0.9091857062400506,0.9174865893118719,0.939490770737234,0.9398662235537341,0.9431310736324958,0.8311289409018372,0.9297064787280861,0.9174506858055701
933253,0.9101278792024708,0.9621670157172604,0.9262742970355382,0.9476793660135983,0.9407456536655914,0.9444964491264574,0.9163439505532441,0.9365235292534221,0.9441956625686209,0.9226555692114579,0.9401783935517817,0.9391634007084632,0.9387447462583066,0.9457261393922208,0.8501707229429165,0.9423958236884108,0.9420589492210631,0.9536984143748464,0.9605773303854334,0.9285009798517511,0.9448637825057233,0.9262046161370363,0.9295004695220359,0.9474745089406685,0.9443396426701983,0.9593712688598908,0.9404801504472131,0.9424617288318745,0.8490897224351639,0.8908011223963505,0.9011212149334098,0.9429769750833411,0.9411161167162619,0.9346246254796999,0.8735122034115397,0.9277658051387248,0.921578433449109
937160,0.9003174995721824,0.961039768630935,0.9276634969659806,0.9527363400062806,0.9267717791131195,0.9167771060890616,0.907118131934663,0.9331320371099202,0.9449297213467392,0.9158392211567242,0.9228367086258712,0.931278382345144,0.9403078915055252,0.9321036565446363,0.885567243600685,0.9214760729266203,0.942719292864049,0.9487049027373141,0.9600826310906225,0.9154993135523934,0.9451517263534842,0.9443872536031991,0.9119523478633875,0.9404799792418588,0.9450255376631103,0.9522008861832503,0.9227024898568031,0.9315054213810308,0.8592918275317571,0.9310007419558843,0.8685760176604683,0.9513537734454465,0.9376588132052066,0.9320456223229092,0.8843099909309946,0.9114485037712298,0.9343054062416392
942658,0.8955463014385362,0.9549734694700596,0.9283263189046006,0.9507161173375996,0.92466554815277,0.918175232934763,0.923337965702992,0.9310434673722272,0.9461119450696273,0.9237720652685831,0.9221561702364597,0.9201805514605916,0.9402904544587779,0.9497654143753597,0.9133808330730924,0.9262967417872174,0.9495704847671176,0.942436205276631,0.9595798578328395,0.9209646568330571,0.9491514314551982,0.9336015499506624,0.923446537765422,0.950326340796296,0.9508350167173744,0.9628057053741406,0.9288891535656288,0.9388004837862799,0.8710591646340468,0.9394650845845012,0.8862434842390369,0.9367799165795548,0.9384618607053982,0.9264999942228104,0.8885111403642392,0.9521207045004246,0.905965278435526
943862,0.9201212395368188,0.9594335618968108,0.9134855238384348,0.9528188756869316,0.9366624473832964,0.9281673895367989,0.902017256680057,0.9335029580878506,0.9446148358096412,0.9292137204810568,0.9410610700335404,0.9385333897301051,0.9403137353383558,0.9324010694728139,0.8770806355894218,0.9385278649848113,0.9403771602157225,0.9461776051065157,0.9609829675753043,0.9287357523255283,0.9459035287756006,0.9322049278200585,0.9285425246023363,0.9342102221734839,0.9425684193547321,0.95988632484829,0.9332521764329317,0.920858382065472,0.8695872286439933,0.9342840405015084,0.9004935562749786,0.9235033458056768,0.9397943565013439,0.9293508376754333,0.8680171227431255,0.8917621977587723,0.9112961872510458
947668,0.8932050858425191,0.956777844003583,0.8912710471692904,0.9248725694095397,0.9133352409396699,0.9082237096671042,0.8708047396852236,0.9191088574513114,0.9257497396716027,0.9106485734828886,0.9240532494065468,0.9408607788610497,0.9356932891303714,0.9346164774656485,0.8578231090898404,0.9348407658111278,0.9408685727026651,0.9258080388832663,0.9494019807449898,0.9220370889882413,0.9267433140435005,0.9316206642307717,0.9315613837549802,0.9385635061009798,0.9376308642049065,0.9456619405214202,0.9313261050043096,0.9186302079367339,0.8420586836209012,0.9246166897892689,0.9068493648840926,0.9248262111038957,0.9304029032942663,0.9264170112164677,0.8409770583369618,0.836945656194963,0.9402119794484398
951457,0.892270312592691,0.9648293772918264,0.9258687591887933,0.9558896296428562,0.932297687304681,0.9298926241848966,0.9315079777241609,0.9549873922825038,0.9537768304153094,0.92959076443425,0.9340211049793181,0.912637099693514,0.9603925854610684,0.9527974695365122,0.8999898352632103,0.9376264572625924,0.9493263717959363,0.9542043982146104,0.9687030226102795,0.9255460541717967,0.9548726160374555,0.9422273522129374,0.9267435266081289,0.9495918050105087,0.960770869167783,0.9718094998350961,0.9331112634860972,0.9515507478819738,0.883477166011051,0.9241031571056768,0.9156588434497639,0.9293734557755071,0.9399812363112483,0.9432044819946374,0.8982411270998764,0.9526108138955335,0.9205002530810805
952863,0.9004898069705368,0.9652237582599654,0.9122781585607939,0.9517134269554779,0.9227316080708612,0.9416519761937562,0.9068734166570969,0.9527644735241566,0.9366694075267029,0.9229243432979203,0.9312281681400995,0.9210110482221475,0.9269747550557386,0.9429373133003399,0.8688994956684266,0.9385365475528219,0.9416752493819092,0.9500419319450992,0.9566073794103683,0.9209501471485141,0.9409503110410545,0.9372668387790676,0.9319403989580801,0.9504929087146078,0.9538933471594156,0.9529966569130923,0.9163187408743977,0.9318183248642625,0.900584889548366,0.9463704120315211,0.8945293301489363,0.9414971091839545,0.9586409147136916,0.9487769907928062,0.8666027045766038,0.9401487631528762,0.9153811150758253
955465,0.8897110436204307,0.9582578890003245,0.9023142920469195,0.9592572099850387,0.9107162045289268,0.9376576882992605,0.922424933567153,0.9438015518776972,0.950223503815013,0.9161333491887061,0.9378671384382017,0.9413703491913226,0.9457646151034218,0.9376435509504759,0.888085690666135,0.9454239977228446,0.9515061572918513,0.9537886685564196,0.9668149083712672,0.9282549238165694,0.9514765755287916,0.9441212953813359,0.936335952908124,0.9524261733201579,0.9534678884923925,0.9660483955771808,0.9346155509938725,0.9416576307616314,0.8475728657042101,0.9220094891252862,0.9127344909393177,0.9494248460604263,0.9493379062852393,0.9487680015905285,0.8512973769098442,0.9493466113290158,0.9329555152634069
957974,0.899129468214739,0.9541719135811462,0.9228928813301653,0.9575345048428464,0.9227248967290934,0.948111547279895,0.9162678697016094,0.9519280192079832,0.9524960628496583,0.9347855068112847,0.9287515949823304,0.9356230699415501,0.9345682067775091,0.9453083638083335,0.8785441630064484,0.9472645327747011,0.9490182900849385,0.9560643005379084,0.9630401363654905,0.9329312779425863,0.9502806190032197,0.9437803160657412,0.9315130025783973,0.9569013492793663,0.9511540436833826,0.959794304802802,0.9294491051687663,0.939139603997905,0.8948630061431054,0.9482597777313142,0.8956224480990814,0.95642794655971,0.9518366536369617,0.9318465111707459,0.8591323324757165,0.9224356510867199,0.9158353356344502
958976,0.9121636050082375,0.9580648800183328,0.9174001966839732,0.9252033327606092,0.9339511218859532,0.9234916065144896,0.9017588237924246,0.9246907334388708,0.9172258534661241,0.9294239112892081,0.940527320462986,0.9444356499965372,0.9431578728834896,0.9359681307079643,0.9002838490340115,0.9255135591093457,0.9360448042753149,0.9280439579378432,0.9516655588846467,0.9345138876609743,0.9148963795708573,0.9488801686985621,0.9243842953026004,0.9346705457017,0.9271565630667319,0.9524741379102641,0.9357395098480751,0.9170585089216682,0.8757759468160371,0.9285255318332774,0.8992901632116846,0.9198060038125206,0.9429652006308703,0.9428672988596906,0.7935548111965659,0.9065740327585035,0.9057090668142943
959574,0.888194740229969,0.9700869372948874,0.9157377035093318,0.9386743511376421,0.9003153314696776,0.9400013961537008,0.9082703734205334,0.9467243523723651,0.9254449024437272,0.9144239491088686,0.9150642137157394,0.9184017179367028,0.9414485046424916,0.9343767418855395,0.9043241274965833,0.9526330822551571,0.9395438327042249,0.9374251727313238,0.9635673501646698,0.9117122081412555,0.9277007162320983,0.9497993005513549,0.939450387893902,0.9429656047526638,0.9361533967454413,0.9589500300166922,0.9208832117495921,0.9202133546887948,0.8267165446461331,0.9212817749008957,0.9355834253840788,0.9321602124744806,0.9310066072535106,0.9127922006507064,0.8606510229814521,0.9366976663946949,0.9155356103608107
962058,0.9202481524354845,0.9565352622687578,0.9139749829514621,0.9472886978153926,0.9367021688906452,0.937383645029786,0.9235390612944666,0.9474279820977973,0.954159725416163,0.9089038027022704,0.9236947779792282,0.9239087165520868,0.9375765189175556,0.9519650188576377,0.8871785776342553,0.9391660295384219,0.9266880190572303,0.944977615668035,0.9451825663606178,0.9105691983924467,0.9505774040665577,0.9494946754721232,0.9260637131506114,0.9305539342189791,0.9445233582210939,0.9484839762910502,0.9209649105298657,0.9382938528864601,0.8828272459506099,0.9392995028013985,0.8930351470520503,0.9203136363140707,0.9416125200662179,0.91231944568523,0.8815367430093981,0.9113759235803464,0.9223579998674248
965367,0.8767038830787068,0.9463353523735337,0.9180421890395856,0.951283778087977,0.9193660817415877,0.929135514189724,0.8945261418604722,0.9374052239630448,0.9258498678509237,0.937676033403961,0.9435591126709056,0.9318967106829898,0.934837550931866,0.9507496130229124,0.844265490070653,0.9329745141014709,0.9374424873703125,0.9514114145560454,0.966815440496443,0.926997247694792,0.9248528789868502,0.9381460961840736,0.9213044941063349,0.9321663279506087,0.9393056252260439,0.9561745629006936,0.9253588912701342,0.9118298860531653,0.8301548110176953,0.9091737271955928,0.8892232319779534,0.9290542552399021,0.9395591940163736,0.9581848631786393,0.8811965610709455,0.9235922091185973,0.9191318530604824
965771,0.9092320173134667,0.9588544566796008,0.9194947470827733,0.9483985910087346,0.9389520185574076,0.9252582731565192,0.9099480169002524,0.9443659716333352,0.9446736568022873,0.9409758107242022,0.9348158987621535,0.9438268575583216,0.9550210011110138,0.9154102082360921,0.8834961611377738,0.9381637538645857,0.9367812681982602,0.9421543557234381,0.9665246232761835,0.9362662388533499,0.9456121984940955,0.9342258394865186,0.9328315040265668,0.9421268193862823,0.9512021519473062,0.9659459059509986,0.938766021961691,0.9464181904309753,0.894304171611377,0.9189855958276728,0.921869606396559,0.9350235023134197,0.9409574772390916,0.9540410433520047,0.8989092952567559,0.9253886132831116,0.939868128855728
966975,0.907515521338894,0.9546291960217318,0.9135769664998239,0.9563635245261758,0.9194587119290748,0.9257467942687108,0.9169931624487068,0.9475920762816153,0.945182796217637,0.9277875955739466,0.9153803901461872,0.9247607661522813,0.9507784663180636,0.9404485903637985,0.8660206187062311,0.9135661491356839,0.9399168587680029,0.9508259033725063,0.9664600267487976,0.9294976594609483,0.9446480089650594,0.9463326273767729,0.9067188971835124,0.9359539632686936,0.9468263683270358,0.9610396566072434,0.9255615291009064,0.9369629553858155,0.8858393541542553,0.9371909342027128,0.8940993894443897,0.9291264843637701,0.9459842312593808,0.9427658494060612,0.8860163185756373,0.9118733529800054,0.9185203052676658
969476,0.9132035261863463,0.9701581549643687,0.9260918845931461,0.948946851365364,0.9162229805761061,0.9327973180592898,0.8869746742721576,0.9386150472455774,0.9470966745291404,0.9190221609647508,0.9286300963484303,0.9236115896080898,0.9421710043404956,0.94537270346588,0.8693244357652662,0.9405562166357315,0.9392254177302052,0.9463481631008845,0.9551366612614458,0.9274163692007594,0.9471164543566946,0.955316178327454,0.92961372226601,0.9464341350160989,0.9503243554256297,0.9574620798527538,0.9305450809522804,0.9351523815432332,0.8422390789552844,0.902018559639227,0.8563534649610637,0.9393794244623234,0.9473675997884303,0.9390358333029536,0.8671983549476759,0.8896704032432053,0.922135577548912
970764,0.9152088650489068,0.9657223774025738,0.9086763249972252,0.946208129019103,0.9437483253115524,0.9227101249598082,0.9251484362462129,0.9430866113284445,0.9457687256449064,0.9361531354900618,0.9277654565219289,0.9354304887967007,0.9505322125374268,0.9330527257491185,0.8855141927130403,0.9270344544536974,0.9213128572032303,0.9452919735473777,0.962073271242575,0.9454190442564154,0.9465058579229367,0.9452926550401556,0.9188079690558582,0.935107517268353,0.9483276286702094,0.9598378290096673,0.9442404368190159,0.9426654900450328,0.8732473900262111,0.9292564352570977,0.8983200949376082,0.9084283366382507,0.9510948749844292,0.9415002881201144,0.869687559465141,0.9180521060081623,0.9226276110271421
971160,0.9026979432821226,0.9585067233916944,0.90641226944473,0.9384501152581688,0.9261107866011105,0.9252618479467015,0.9215834516000061,0.9510139788463942,0.9419898678986718,0.92044599118253,0.9398235899209709,0.9500987888214077,0.9416862438549807,0.9465365525037575,0.8952198928759864,0.9346791543603659,0.9353498963672369,0.9482114939749243,0.9631104540627979,0.9354672896419637,0.9422254704688973,0.9463166961722584,0.9285457980194664,0.944076706302765,0.9553906242913243,0.9644158015662063,0.9354614807100408,0.9328980226859123,0.8842639809173523,0.9009390099380231,0.9096738046488725,0.9241459478280184,0.9510671783251688,0.9526672082704011,0.8732145371865823,0.9362355979964713,0.9241914050086514
978578,0.9174790963501834,0.9633335872087778,0.9044320532154031,0.9516663544739684,0.929884350920573,0.9313819540717239,0.9149529364251238,0.946300047860791,0.952858014190617,0.897870684777486,0.9184561763559461,0.9371659517080071,0.9343551263974954,0.9357027049814957,0.8672861662429738,0.9380072570000959,0.9429824092338587,0.9515965498272151,0.9493117669090007,0.9149346087075314,0.9503722874472091,0.9508645315853838,0.927781356514884,0.9411054507688371,0.9553869432185901,0.9580649985713112,0.9280976270947146,0.9322131853218523,0.851866248158864,0.9154069411365096,0.8703510034154707,0.916808283832852,0.9468009045969685,0.9248560630232255,0.8755711801147564,0.919236358553669,0.9220893595226253
979984,0.8820436933507559,0.9573342080579699,0.8908749229935041,0.9455143902039346,0.9036022513748924,0.92874496536123,0.9120425266810568,0.9324212287076824,0.9454111246553344,0.919295166571334,0.9302182589204404,0.9285954361963371,0.9319906247512622,0.9534528254741508,0.8806871710308872,0.935327675671258,0.9411652721086216,0.957284087363499,0.9621351526570205,0.9311461739811802,0.9445723896079594,0.9376885968795495,0.9327721807158617,0.9424432191064854,0.9463111596053626,0.961142915553439,0.9337613195118779,0.9261817277471474,0.8333792396113386,0.9034131847017443,0.9118736753575298,0.919867507211262,0.9408130806758316,0.9391929949796798,0.8694950284940145,0.9195586951071784,0.9328072688256889
983773,0.9292445450160685,0.969274876995638,0.9029119958332993,0.9458148646127603,0.9451713710798927,0.9248242588147544,0.9036375535162521,0.9499593339133171,0.9474982500450848,0.9309045368491798,0.933481107691349,0.937330383691857,0.9493201040447876,0.929411939871599,0.8607044902634191,0.9454460307619063,0.9462444553697551,0.940800881146256,0.957407393194313,0.9327707386138945,0.9465937847044895,0.9259943496951671,0.9434788769772554,0.94266283239108,0.9392023460427015,0.9567594966588833,0.9367969602000568,0.9351861408772539,0.8858417304049202,0.9244436888801681,0.9227931677975733,0.9467369270934957,0.9314659090860805,0.9478045614071253,0.9042836076707359,0.9346859013765688,0.9311462129288082
984472,0.8913971163566798,0.9547412284826875,0.875727211330477,0.952402157567217,0.9152709226488214,0.9390653316509627,0.9009013030241431,0.9206466450447638,0.9353038079669905,0.9365115927282962,0.9397957633899068,0.9355449479259145,0.9401614061828416,0.9478401769464868,0.8799472297640665,0.9270689647606344,0.9271860985505904,0.9527466615025134,0.9588357570833922,0.9430284967361748,0.9369950306050093,0.9375031173011614,0.9160641125377036,0.9281968089204065,0.9451314665100301,0.9540061991589931,0.9347649775965955,0.9111019116049247,0.8535379168660785,0.9379739596348124,0.8602185263528235,0.9344221652209916,0.942310023323796,0.9215653570600055,0.9006780369593762,0.8961609743252283,0.9033981252658707
987074,0.8891174605556251,0.9625357776465144,0.8898105573433415,0.9403257868929493,0.9346179585104643,0.9259923944220165,0.9168702410560354,0.9314701115139513,0.955457957850279,0.9163988114148984,0.9276373916763468,0.9396741208495264,0.9508198597751771,0.9289936401084776,0.8488875581814923,0.9384542324548165,0.9213108744638712,0.9505127193143575,0.9471345354169366,0.9235637226425509,0.9515514394241192,0.9373177072876052,0.933670704274054,0.9288272264750507,0.9475027449199547,0.9541541553382575,0.9236307198702229,0.9312892312858232,0.8575782097523805,0.9213510349201718,0.873292562119179,0.9161468911643011,0.9421223320965958,0.9307217375053403,0.8482710456234833,0.8961588035982101,0.911934724298159
987983,0.8961179541898413,0.9487171553480477,0.8960569145211077,0.9599335234069591,0.9173736898295135,0.9157410750304394,0.888087234535146,0.9463250816444794,0.9320930017644674,0.9110871924036903,0.9388805349224838,0.9375775584586169,0.9455039201044291,0.9444541912030595,0.8575277690334207,0.9233301591280365,0.9322995849003395,0.9618214693507241,0.9623172283153995,0.8967234916192031,0.9324283721925708,0.9252031184452063,0.9074662845389425,0.9389957348779949,0.9565217436816815,0.9590353915961713,0.9051373950045098,0.9282139237281722,0.8968528233291906,0.9110936101984379,0.8640442295804831,0.9476081699010168,0.9602607241516598,0.947438569977873,0.8187320404032529,0.9342422868122314,0.884226962481021
989987,0.9038156027775923,0.9470011516765986,0.9121657467026156,0.9416409443501669,0.9270780470542711,0.9384098241952775,0.8972828357246966,0.9481653457222438,0.9410381410246583,0.9314382123829096,0.9314483301337104,0.9384326518591222,0.938809464491578,0.9477212199291017,0.8885100640843908,0.9362054663751119,0.9389865385556128,0.9492986397866681,0.9626650045259382,0.9376998585417238,0.9379359212167476,0.9146896694363903,0.9280056803311487,0.9495709632739959,0.9531033765041129,0.9623261862518921,0.9387793155061078,0.9324034638969375,0.8853529820611189,0.9117283620825091,0.9084805395817795,0.9401909766602605,0.9381287741987328,0.9341722867835924,0.8534252523915026,0.9506925999095451,0.9297220883408138
990366,0.931137115706571,0.9674630553666703,0.9284931615679101,0.9368245835245986,0.9404065601912388,0.9325395319756296,0.9160805404780183,0.9474209998081141,0.9307210311948453,0.9223999437573388,0.9396950184445039,0.9303018586901116,0.930300019281984,0.93850048008096,0.8977401516649764,0.9473603685970078,0.9426222967674281,0.9385305751207705,0.9467543384545423,0.9270510992374187,0.9290780908254122,0.9588940016279202,0.9432915664192715,0.9552947227870529,0.9469013040176341,0.9518143414918256,0.9331117266939406,0.9312013715681396,0.8614639125230298,0.9538738366744091,0.914286694628331,0.9494540464746394,0.9490096684027397,0.9303279845260277,0.8713280090767758,0.9311390047733066,0.9175845821949753
991267,0.9268184659934684,0.9567126760879094,0.912900935280555,0.9389496892456697,0.9395020131662375,0.9309375248499232,0.9116632240104653,0.9479668727131002,0.9304428394980895,0.9078608030481075,0.8935427395519315,0.946898831916936,0.9440086567543735,0.9387100073677656,0.862720995375366,0.9436975715180382,0.9494402693198354,0.929577727291342,0.9561215246098319,0.9151873592094038,0.9320476914022197,0.9535707187870942,0.9378027684680378,0.951656922707092,0.9373733356170945,0.9548945661162027,0.9226151679852228,0.931474308675799,0.8672031202017918,0.9246956830429199,0.9104133173284046,0.9578444091463401,0.9381147432098597,0.941456411725612,0.8567404274803889,0.9392238909495354,0.9250473228747668
992673,0.9028233114643059,0.955912173276986,0.9050192829501811,0.9216931433959783,0.9398065179739624,0.9237192552297301,0.8847400212498601,0.9342071608086691,0.9347887068590927,0.9115368437412191,0.9407421719410971,0.9345738350595965,0.9548857050630158,0.949559815752442,0.8536668481835772,0.9256184600434831,0.9420113145062629,0.9197509376424622,0.9511675518512674,0.9317329881752765,0.9340846546756946,0.9392508904016454,0.9114101346835108,0.9473740271293173,0.926406056904399,0.9549923772384261,0.9349081357769937,0.9223903994644038,0.8219175417273366,0.9215143366600694,0.8398975048936669,0.9386425522419669,0.9371696597442607,0.9425651486292859,0.8552273223045386,0.9324142136317907,0.9115417747243211
992774,0.9063353864035645,0.9560039233113937,0.9204452550751219,0.9547764485780303,0.9288943888666722,0.9326178678886231,0.9290561243249196,0.9337176156050379,0.9495564059837701,0.9243235315865289,0.9118065673356732,0.9250919540600807,0.9441223406301528,0.9240573357946578,0.8815205035642764,0.9365644477656424,0.9514559646437577,0.9488290576612559,0.9620071288920115,0.922467501107298,0.9500412592057604,0.9560584506760313,0.9284361114509107,0.951453243182542,0.9474589671015465,0.9608603627629896,0.9280595054876354,0.941527641912261,0.8438572728067298,0.9335867505086134,0.889993194449402,0.9473255491452393,0.9448416955212735,0.9420863744343712,0.8849629321514271,0.9338015763172256,0.9161866594390976
993675,0.9184700051971264,0.9590106808023002,0.9216324274858055,0.9411337300483864,0.9374375668478172,0.9336546274336097,0.9043602270642058,0.9428064627010594,0.9232553158627718,0.8964577269800867,0.9001846687075372,0.91831006937456,0.952105482892152,0.9378378507327907,0.873628427387563,0.9440308276546387,0.9534013075931862,0.9412170783135037,0.9448307348510493,0.9065917326635055,0.925993826270156,0.9500140237026177,0.9321639542678027,0.9510368214933165,0.9511964886791678,0.9516326141261254,0.9147282514235473,0.9222270410615934,0.8804468523647553,0.9665165492879517,0.9461244007891911,0.9369600148311598,0.9375180115774379,0.9365233932049106,0.8921338144320968,0.9318948505464537,0.9288225066686867
994273,0.9257855855109635,0.9575094930939169,0.8909166978988455,0.9595750821980185,0.9448969015726212,0.9378556090900404,0.920061081946201,0.9448817738861309,0.9467625384718454,0.8779245814648654,0.9405964053346041,0.9418745759859323,0.9398618782304666,0.9330637346461791,0.8954541407975105,0.9352484957548527,0.9301907623223427,0.9565139594725807,0.9658775483128909,0.9369702351209958,0.9460041123870175,0.9468626836131444,0.9198434538307688,0.9365939231486711,0.9514133972189118,0.9627695065111713,0.9438711610225801,0.9359548205595529,0.8626587770700609,0.9353654811371813,0.9157479117919811,0.9118771083152193,0.9434418460210964,0.9524218533013818,0.9013609229862517,0.9363234317885589,0.9294911203469673
996782,0.9019296496273727,0.9593238855825275,0.9011234125091018,0.9501427944580038,0.9315229663353781,0.9319656925818735,0.9048244031280178,0.9246342783379642,0.9162220464630343,0.9235649191043198,0.9292413171739088,0.952344118284469,0.9545501101863019,0.9406902404793722,0.8636041321527272,0.928496269758981,0.9612851635842116,0.9347974560146428,0.9585040619111244,0.9385287499747414,0.9171988770046982,0.9536577079545784,0.9220988057777497,0.9513737580138846,0.9414660815111999,0.9622041458859588,0.9415460072782466,0.9089387291237129,0.8158896240351208,0.9252229165187691,0.8913101389086812,0.9450281387940795,0.9425835046544947,0.9447181236077161,0.879708973613019,0.927098760459309,0.9119002929532072
