,varimax_satisf,varimax_cog,varimax_er,CAPE42,SDQ,ESPAD,AUDIT,ocdband,dcgena,depband,eatband,spphband,ptsdband
perm_id_1,-0.01516926459297696,-0.043001498604107485,-0.01718307078214565,0.06486966807665519,-0.07002529135740691,-0.0106904412471905,-0.024073863669927514,0.07443437021236252,0.04068501973874501,-0.042659179847253884,-0.0701013337582774,0.07685187703107503,0.009931440647352177
perm_id_2,-0.00857863441420462,0.022927164109330243,-0.015184104841756462,0.07622957204009333,0.05208644900276471,0.036623939584051766,0.03379600174344353,0.023050266864393907,0.02164461346937505,0.006196651756958979,0.014569485638362035,-0.007893323114530436,0.10605569275197935
perm_id_3,-0.06951646545313825,-0.04541822536407064,-0.04531425530328485,-0.012002711985299223,0.02210800918144576,0.09390458361590225,-0.002278061977699233,0.03839017277463874,-0.008922010387890051,0.0028855062024062193,0.009956232622541509,0.029598064878890416,-0.05351789463466421
perm_id_4,0.0026544750537096234,0.048059618126173126,0.07418120007913041,-0.03294809995491793,0.032578478963658335,0.029309440012169195,-0.012783593239589327,0.054210728239463456,0.04161852204315963,-0.009774207263529395,-0.02936775294200091,0.06413483600795108,-0.01822575328787271
perm_id_5,-0.021618898982329073,-0.10194167364446817,-0.04666671858787501,0.003839868996000973,0.012331475950698787,0.03825121039624816,0.028570823694737082,0.20640578330930615,0.006533992765366883,-0.00897516583953056,-0.026295424686117886,0.09485756546729598,0.030290625275005652
perm_id_6,0.00668068380160246,-0.014969683184792809,-0.04939682966510248,0.013535531889003385,0.028430593745409728,0.08204275919952697,-0.020400776652788995,-0.04351599633882599,0.026414103500866988,0.07828529115303934,0.019458154777222656,-0.0343364533279013,-0.03761816494052649
perm_id_7,-0.08386113346826991,-0.03424236353109378,-0.011950204650277563,0.05569053839747993,0.009461040863851494,-0.0026832608417890393,0.028524978240868765,0.06444341427874763,0.09607476366311105,0.0888795047836933,0.052288929193054896,0.09268442623137275,0.028670490236100004
perm_id_8,0.05897337146353024,-0.005367764365777732,0.008531601418492742,0.036230092067977636,-0.015020749203273702,0.08877347519376756,0.120907671909393,-0.010637072617153622,0.03556724802518573,0.0118023264697276,0.06655405191601593,-0.03709085962046365,0.0646312434681549
perm_id_9,-0.08245384297647378,-0.0729389062502618,-0.06270272474425287,0.11509484493966234,-0.02717504115442684,-0.03151376347887188,0.007268431174172674,0.007751344168520334,0.09085015779314237,-0.04773431975367367,0.17776930398833352,-0.007516772349326895,0.010713779428488404
perm_id_10,0.032175116463938426,-0.053572638540754156,-0.0031864429881941565,0.03180984594173874,-0.08533203508080653,0.03143789534975079,-0.022282099001959578,0.005059188574089116,0.0038651365155244408,-0.06789782249761442,-0.0268972972498831,0.007518512408227707,0.03026165655132502
perm_id_11,0.053918746735395665,-0.011552555456744409,-0.02766972622232525,-0.0032283875364817055,0.009770860789694913,0.05019174313358309,0.020250701890144968,-0.04408081329759204,-0.01801720024838777,0.12044007721328825,0.06788583075971251,0.014859294600522292,0.002870430367711874
perm_id_12,-0.013228711977841725,0.022832905007963727,0.02086021842348557,-0.05128649536391637,-0.004921238292118731,-0.03435647268154708,0.039547223070356095,-0.0017426543628055783,-0.011417010752385708,0.026415572447028215,0.12607135475257425,0.053078988765736745,0.08557646354302773
perm_id_13,0.014843280428083814,-0.014654373082290739,-0.049699311829576355,0.02886273591408948,-0.03066053317095815,0.11633621388239539,0.0009496251401843997,-0.012746650178474393,0.02215965034983684,0.03181381421971109,-0.001481537589184766,0.02606302229710824,0.030661357265188333
perm_id_14,0.08616381003103996,0.010047961195154106,-0.007056428399231511,-0.00018947162922486462,0.029783683547356877,-0.025532226570049766,-0.051576912260437535,0.046444862672543,0.05596455562369541,0.11873225092067048,0.003984773537026798,0.021931581027128118,0.047046548224353835
perm_id_15,0.03242668576624483,0.019298169007853958,-0.033970214371216875,-0.018737458878825407,-0.0008889249087609456,-0.0113047894009243,0.01059719897303281,-0.001193221169544469,-0.0064990403782321056,0.06161126501347056,0.029295844978668505,-0.009972768161944943,0.051279551117784504
perm_id_16,0.06760337523889519,-0.003313958305335977,0.05799193175661475,-0.006900921359827474,0.00801712512309946,-0.006736979611189083,0.025937687214129337,0.017616547130030167,0.04655328416890283,0.008206072090263123,0.008546794061583736,0.017867157680192435,-0.0034142475641611666
perm_id_17,0.03197657213974658,0.01183433369129307,-0.05739386033528647,-0.04979096213871942,0.07247386735540949,-0.03482950226158976,0.10142931488855096,0.047283977107874686,-0.010339445849700025,0.006745912607050024,0.025334077081274418,0.021972699325006857,-0.01667750510867047
perm_id_18,-0.03128519198054614,-0.012326396655784784,-0.05910202035187171,0.03053352759317195,0.05412560740324814,0.046300740103030154,0.09840325074306785,0.044655469979044064,0.027848868430398577,-0.043171386982557805,0.03426510144930657,-0.03137050472530599,0.04723100256059744
perm_id_19,0.022882569371720694,-0.030882989287711177,-0.05814424773324094,-0.008556717730003658,0.011623889068548906,-0.023028720696891727,-0.05455039783725626,-0.0002633850789139865,0.03183680030795075,0.00251115784032108,0.045680059620876554,0.004913470624287172,-0.024510549091347613
perm_id_20,-0.023862163016928038,-0.08341598292747589,-0.03527007969394949,-0.06433940748866758,0.03521311581490468,0.004105088294699745,-0.020845291623381845,-0.05487554177787636,0.12946328705951268,0.026044453422732827,0.0797627286137572,0.029096509314907912,-0.008118270427695176
perm_id_21,-0.06465999905010658,-0.016659576020326063,-0.03772192401751479,-0.029174600648882727,0.01891195782609904,0.014582227451495254,0.014304064129778627,0.0535683948682844,0.00745205165218531,-0.009246574659493266,0.10278792698536347,0.013475543184266744,0.00900709899585404
perm_id_22,0.04621703134521582,0.025288456349238774,0.03368295162228526,-0.009295060744919604,0.030236929530355134,0.033062504013660406,0.06788377798776413,-0.008674966643100215,-0.03377970041388759,0.07212278407571232,0.07350994835254636,0.05221208773579872,0.01638752532162222
perm_id_23,0.008133374059166839,-0.013028392952312187,-0.0685441222977516,0.008676615442611939,0.06440080723156648,0.11384367891183537,0.09512462778081322,0.03243907817162348,-0.03240260077838446,-0.01655745614429053,0.05962613953889705,0.03404862803624057,0.0021237676665960166
perm_id_24,-0.0683222239022242,-0.008109659094254696,-0.03403154632745214,-0.00653060966147315,0.05273423551438063,0.035120283756268335,0.013118281224445855,0.024838429866884185,0.09932327466865418,0.04504499133318025,0.022840912873139205,-0.00836404061996037,-0.01665263358311855
perm_id_25,0.047751848197594274,-0.014439606897362716,0.025223467228393855,0.07853835788619798,-0.02116755982125921,0.017670419235005216,0.028017954874647043,-0.0550084367533522,-0.018932399320360428,-0.042932890045393746,0.02400243458085918,0.022910264403732318,0.03485942406105455
perm_id_26,-0.014654512370930553,0.02557213710046459,-0.016213413407154022,0.0330854472570851,-0.027962120579781716,0.045729572651716614,-0.018146478000883093,0.03431927941237157,-0.006896754462006436,-0.016237679848276277,-0.06508800957477964,0.010573650015281221,-0.029478009074819827
perm_id_27,-0.03844935125885327,-0.015039552282793817,-0.06431758793600323,-0.00510621722522952,-0.018346819789455595,0.0517451055015867,-0.01563519875810946,-0.02952279378989716,0.11863128347770496,0.015652197090703302,0.012540409478460468,-0.003864286452468592,0.08973346754887897
perm_id_28,-0.01042842228038904,-0.048362204844623856,-0.0257694654645166,-0.056434143776159865,0.04436076387061583,0.013907131322335854,0.04382505800585747,0.12963717683857898,0.02051029455201933,0.0208498197497932,-0.06302115032256879,0.01061605563992121,-0.037101857984455366
perm_id_29,0.008491972200697227,-0.05913782232139001,-0.005273509189807529,0.10028072563737053,0.017901613406942362,0.021432972176557787,0.07771112381695304,0.12004615330728362,0.03245149348823309,0.057541443355132726,0.08199986377060554,0.10362093807774872,0.05873108980361853
perm_id_30,0.09089759890579796,0.006865722956948795,-0.046968707307762585,0.10927818450018649,0.10349455030630286,-0.025668675064977668,0.006120580707581732,0.0714395299420801,-0.01644323990655869,0.03601503384950744,0.0656336348676655,0.030624173407589928,0.031923571278527504
perm_id_31,-0.01848635926281224,-0.04526674846888507,0.010653538831497413,0.002831812650274981,0.013251158234803785,0.06901480559010138,-0.021857457325469596,0.05789923613142822,0.05526039644760038,0.015869099786212693,-0.0363002118022429,-0.04072882630533637,0.011563972105270435
perm_id_32,-0.019277172055528227,-0.030499317809394043,-0.007772545585486508,0.018325440376481913,0.05093367208849169,0.06950160930161983,0.049273543303189525,0.056369284521750294,0.0316721747666999,-0.0008099520958157813,0.01250184355940595,0.05045974831828837,0.021208086045493138
perm_id_33,-0.03073633880215891,-0.022044181502585136,-0.037654062866597796,-0.045526614406983364,0.003836483080677156,0.07049685438452775,0.09080355273412577,0.030263850544157943,0.07243757896430539,-0.000670191018103483,0.014030830476012232,0.025808893270992807,0.021265758826873385
perm_id_34,0.06769743070289685,-0.006764278761165616,-0.02824330383803124,-0.008628140025755498,0.031836716773839854,-0.030610627869059173,0.07776127251584579,0.030084278940085463,0.07332316631718451,-0.06268078241229234,-0.0350445977693941,0.010378008133847602,-0.016543506896687633
perm_id_35,0.019934508236311096,0.010632442392830208,0.024069429637811363,0.025959743074918426,-0.01812039022809224,0.07897803014277886,0.0022044862362123373,0.0660459719459147,0.08592873500830403,-0.07725786427918166,0.052200958655181755,0.04015198344679002,0.015069045410363647
perm_id_36,0.032987914688447806,-0.04751306441368605,-0.007324448870571006,0.061217677865897054,-0.013154880811484729,0.010596059288986385,0.01103936659741265,0.1317462756912542,-0.016855308133520278,0.008910591380443275,0.09606629672886052,-0.014751237927188703,0.027153445724142307
perm_id_37,-0.03060566723399261,-0.03319937730829953,-0.043186985561930215,0.009429458717410398,0.027754895391414024,0.05770682302978186,-0.03719341495302337,0.06775465259338773,0.013998996602623957,0.0440731317173942,0.03177449977287782,-0.017527333200312703,0.06252417471203117
perm_id_38,0.04087601852329751,-0.026246987889043585,0.006241158762913326,0.004499340616459168,-0.05671009428054057,0.06200525767396179,-0.027366826793014686,-0.02600151560153858,0.07619662611365736,0.039502289433625645,-0.0064548079317004806,0.02907655859941392,0.07492615224378792
perm_id_39,-0.013519621221393647,0.019659258164072463,-0.02209533542971791,0.04658993747629882,0.03023535707518486,0.07845728556917328,-0.042007334563315894,0.06443382772190268,0.07494441115856482,-0.006136455000344047,0.09790984777002569,-0.018151744697754758,0.15129180260134323
perm_id_40,-0.05410921157067735,-0.02733812172439422,-0.03304807211606201,0.05384623379061881,0.020361901276067847,-0.011727791449925305,0.0396400327770755,-0.011004276150575925,0.04661841972942641,0.010321720405490875,0.10206706391842411,0.011912877019318889,0.012969014137131061
perm_id_41,-0.02724784785155596,-0.02811673720089131,-0.03223423268123102,-0.028647092991887894,-0.05115324838560062,0.046745283484287414,0.01421144101784064,0.05452879653255779,-0.01578179616100148,0.16535996418133264,0.12111387349868544,0.08272412634013411,-0.0209230747543594
perm_id_42,-0.0005497139766241638,-0.03748748869622979,-0.07046722541472006,0.03310585842245368,-0.06998587989659322,0.03716192808857512,-0.06311557652753337,0.037782356348920826,0.04260226027479294,0.08347501898690447,0.059749906978993336,0.09813509535812852,-0.005259571389286952
perm_id_43,-0.0010642678610106816,-0.005119161449584931,-0.04060439962957411,0.052709593777859644,0.057144507717760744,-0.0077743303947563755,0.032245934996157355,-0.039304643405588174,0.1271297390927606,-0.00860021057657551,0.06651499155142401,0.06946331721052158,-0.00034090515172462116
perm_id_44,-0.049758596857225335,0.000846819036199677,-0.03419691033444795,0.0012453833274993584,0.00017314345346412295,0.13936084879889443,0.0021438271807939315,-0.004399638644201341,0.08873932894354868,0.12518432456216627,0.05028582229296259,0.012247966179980276,0.044695900927150055
perm_id_45,-0.0802314121353517,-0.0027735375765507455,-0.05517121431281895,-0.04406048294788013,-0.0030070993882003383,-0.07264278025833538,0.0027818994575037745,0.061849785829177016,0.04410976282485506,0.02423713925699089,0.06649157904167632,0.14490579218969038,-0.025921168835373046
perm_id_46,-0.004446747933879869,-0.018049102025499173,-0.04633335689226371,-0.04384327504815148,0.04286477086617773,0.055134737062278824,-0.01628277799062683,-0.0031127669674790906,-0.0065635315504482036,0.002980192119361656,0.0378847331361964,0.10406484946201905,0.05058522386328701
perm_id_47,-0.060199115604115415,-0.052972676599336195,-0.04329454163817162,0.007192067082032175,0.0901943222228074,-0.03528786451219552,0.05433020932057859,-0.007211849930818514,-0.00809327313449982,-0.03807583110496297,0.019679281336312773,-0.013665597159457822,0.030518984087237435
perm_id_48,-0.034156655704871565,-0.061199938055156465,0.02816559248152814,0.06278650109954684,0.049315897090556476,0.05601220556713564,-0.0001838805654021288,0.07703828176179027,0.0031746657293800504,0.018913294348944294,0.02901426845688486,0.035918928742229045,0.0032831300333735396
perm_id_49,0.02957481308142349,0.014389613688050844,0.02054373422662659,0.008488175839831287,0.04366172030833792,-0.013972758381627115,0.031633475968449495,-0.05796673329684308,-0.02036024687370003,-0.051733900899003774,-0.037089144509027824,-0.04473991308395789,0.05128168212440793
perm_id_50,0.029207301325957512,0.009149914665248263,0.004622976595502024,-0.0309830579192495,-0.0030770354073201057,0.09040188859045628,-0.000907009961503154,0.03724733516122717,-0.02143028439656955,-0.01571862277999207,-0.017896487216652424,-0.008536490579464475,0.10304168705655974
perm_id_51,-0.004430750368820576,-0.02948815714881301,-0.06318640997981269,0.015990417203064104,0.04890817603468127,0.09118605091340762,0.040686871283196806,0.10508551402568932,0.013419353974380635,0.030711849126114403,0.027290107500128453,0.07222698265968004,-0.012220652660678672
perm_id_52,0.0669755025994872,-0.09877348707192621,-0.0035675066883909313,0.038060108004467054,0.0659539497914262,0.030122244627614314,-0.050428129135035686,0.018899707707866715,0.10348402911995287,0.013413131491773325,0.02298901613180843,-0.016837002217972727,-0.01244675067135472
perm_id_53,-0.02558212330940596,0.009888153771534474,-0.02693712942742508,-0.03561597990464298,0.0341346043676154,0.05058694555484605,0.01923299772919429,-0.0281731447969987,-0.059542681850233155,0.045669348941765296,0.05116353865551527,0.01315232747764619,0.12984072670189056
perm_id_54,-0.06733099637218727,-0.020881530361962587,-0.10198117045644862,-0.023070099527943838,0.0026045040183102024,0.0557041456530792,-0.00038655781179631446,0.12622482402823687,0.11523337666186749,-0.015021832967623614,-0.03397751733091343,0.10501526202733978,0.1007540379758415
perm_id_55,0.0019322784551280888,0.035954244461176524,-0.06197908113902321,-0.08675967568405617,-0.039649218798701445,0.025416568937084695,-0.006642930064616168,0.10802072360340263,0.10306655964149823,-0.0032493496640267835,0.095301125873548,-0.01737677160418694,0.025238546163449917
perm_id_56,-0.01627953473020383,0.04205408548757072,-0.0071455234117737375,-0.0007280363628643481,0.04965492658162721,0.008127527712377567,0.061451707331253345,0.011768549133875502,-0.012186449092416526,0.04205079456179354,0.017794615935932213,-0.003684844481911417,0.03928756583635647
perm_id_57,-0.020336046381614882,0.048669858552390075,-0.007220854301980355,-0.0667511596246412,-0.008119637955860652,0.04240969151755817,0.027677106078795453,-0.022188192843163333,0.07344323996640474,0.024605650207843735,0.03573872299171751,0.07236905010090015,0.002347721822837393
perm_id_58,-0.07562764473839065,-0.06847207968999224,-0.02801933316980953,0.03418457618652753,-0.011800579681642599,-0.00271622321338349,0.001481646346553046,0.06292535587624294,0.050619996613553195,0.08241724018096962,-0.0017425444272541064,0.07649212011273458,0.021056046127716006
perm_id_59,0.01543776273586308,-0.016327500347204166,-0.014736098978250083,0.03576188248458842,0.06493769719396787,0.06640865663073801,-0.06672721316291332,-0.004786439509208952,0.10082343023099187,0.045562636079809385,0.10973154523170989,-0.012126422346452927,0.04567019415903759
perm_id_60,-0.025279183475187296,0.04973607622366735,-0.027874461700089507,0.08125125738160194,0.010806852063675312,0.023238506964487027,0.09533364864246954,-0.022752746721391867,0.0814960879642148,0.006579865842807515,0.012147364593989355,-0.03833576424030322,0.08383940751289161
perm_id_61,-0.010385927199619196,-0.026363532755718143,-0.012335005114078701,-0.03281707638071509,-0.007966055641386317,0.005998658670906324,-0.006829321432079105,-0.038854191495324174,-0.040377652599817244,0.012202826888029487,0.05007346374140358,-0.032384661501056275,0.09216558850023569
perm_id_62,-0.07015844973634024,-0.012106267758527415,-0.042093653337846704,0.020848635950325402,0.06315202131649446,0.020372672605790138,0.06170141006357511,0.04374867103006672,0.013192657743715098,-0.009642275141313583,0.020322104741118553,0.04874531758612209,0.09841938998986412
perm_id_63,-0.03522671218524809,-0.021040304353236398,-0.014047491786242663,0.02117635231927931,-0.003960070965886342,0.08168737780699943,0.07094780621732036,0.010136250241331442,0.011675318624353547,0.08226008011088724,-0.021943242682498563,-0.021305771791020344,0.020080423163101137
perm_id_64,-0.12636302937167274,-0.02916046810868686,-0.061939951234243444,0.04966963563687765,-0.040123650184829926,0.03725073049116206,0.04403182101328814,0.010748235098121957,0.11834150904807875,0.08258416321701645,0.020314716352474067,-0.02778295173529681,-0.028617712319961196
perm_id_65,-0.0783790423235216,0.00885327389963387,-0.005763678200940132,0.006355615918911898,0.02010788344111298,-0.02052103347135861,0.030557062848133868,0.04359820814081838,0.04844412955052545,0.09983865331650466,0.006290452735233314,0.028185994297257055,-0.03522439241541867
perm_id_66,0.006994057616525514,0.052795966902848046,0.04598549405719333,-0.028949521276179693,0.05478629316051771,0.007995563736884868,0.025067436973443987,0.1042847082971455,0.029117533785807337,1.9616680865741625e-05,0.030271742472564797,0.050030904089956946,0.06375017193215742
perm_id_67,-0.016409928020570282,-0.004024998169564258,0.004664144742140018,0.047702046795291386,0.06464550997844169,-0.0029227822357446084,0.07925315248731186,0.06057505682972734,0.005426201048490036,-0.03754629081596925,-0.0700422078123089,0.004662806981734332,0.08320780279098294
perm_id_68,0.10109744271063047,0.00834307429406092,0.005557339039154229,-0.0069917956849571625,-0.012465727747770964,0.10695912685818841,0.07822385881069298,-0.0035190736929073428,-0.02246106799371268,0.0212796177741052,-0.029653157608907573,0.026451845966657717,-0.0550625890087623
perm_id_69,0.020725667979363673,-0.0759326527884063,0.00864402129038478,-0.0253697809493077,0.0659112365086354,0.042342028155323216,-0.03490126039975658,0.04366582056264123,0.020201115793630542,-0.01540255753399113,-0.03525653042089301,0.0728584247100852,-0.013541238194869592
perm_id_70,0.06535253830549027,0.0138546068415189,-0.003965011934925684,-0.026046134575209615,0.020889227091003916,0.041582598481547293,0.07424452995233247,-0.04455372332179449,0.1202275824456594,0.03210136764896766,-0.051383524584011186,0.04933202153547186,0.045680045264400344
perm_id_71,0.04549056793605151,-0.014807893626420907,-0.05936806214325889,0.028762690054059174,0.05354787062470581,-0.016807249718014543,-0.014185379032830117,0.058930336562283046,-0.004192427094132461,0.0572608153647625,-0.010309510389157159,0.06375520140523559,-0.012446619540095155
perm_id_72,0.026519279464382223,-0.02839900378348566,-0.10773228641722812,-0.1028613157460735,0.02684867816401015,0.002912337541499011,-0.028357325443133574,0.0509046149305395,0.03512309533510638,-0.009441205753699262,0.09590145302646641,-0.040103780109129225,0.013642828688486151
perm_id_73,-0.013978676476989135,0.06903629407578026,-0.0076660164295282674,0.02339788720981176,0.0685946153811601,0.018907952285315555,-0.04020079913292287,0.1340288050639609,0.09034037776295485,0.07955088224677842,0.019004559736597898,0.010987840194178691,0.048799078075291484
perm_id_74,-0.10223932364052835,0.03413123055152561,0.08008988209486269,0.030617625643763913,0.03607802614704976,0.016712088788978688,0.025923127562307864,0.046294482380240254,-0.020721565571335362,0.021437837755277567,0.13440601878237138,-0.010389195123285181,0.03122679564904408
perm_id_75,0.06590700386714628,-0.049734538303036556,-0.008347760955729299,0.01169078361630039,0.05150958780766465,-0.024337759293657852,0.03648236932292113,-0.04920058873579219,-0.021174759932261922,0.02702667387219964,0.020418560152654336,-0.003175686061885558,0.06477690725560048
perm_id_76,0.007649534252961515,-0.08219210260014098,0.00958189119115429,0.021973354969670362,-0.00413782614600217,0.06003953368312537,-0.05760952725214316,0.016344733895112873,0.09477863932823966,0.03850902197475535,0.022415545498503206,0.030869993317119364,-0.009051637690814743
perm_id_77,0.030703276759569086,0.034078532987349856,-0.054563863628511615,0.0212828673253707,0.06113213023425567,0.04558731344406802,0.04834487482495539,-0.027373808488296483,-0.016648101553845267,-0.0002147593681742951,0.04470350792852768,0.01035613885706629,0.00841445633204564
perm_id_78,-0.006272656190938606,0.012263532793096839,0.030284276115960233,0.010120982108336618,0.03024686297025775,0.0003742453203106456,-0.04278414432539682,-0.023938792691151883,-0.018757578381025968,0.05169025847191611,-0.06163309285171013,0.015754666926128234,0.03591182318391099
perm_id_79,-0.04345601352037853,-0.08831408891055847,0.0058950205566500585,0.09918349031767026,-0.010745867530027006,0.06683703724654841,0.0680932209320956,0.17282982304458863,0.029394575352818874,-0.015952097315523266,0.004227741448293012,0.05958719887602619,0.057600656941967344
perm_id_80,-0.04210274895895936,0.007482844269284907,-0.025780221445466257,0.035352091729243,0.031378230576163686,0.005431920000208962,-0.03535911901246776,0.03782225786150896,-0.009980408424214457,0.03194594600573847,0.045720160690980685,0.021337012210012433,0.1089911732554908
perm_id_81,0.006421280371658514,-0.003999670438896248,-0.0029832506208262257,-0.028335278677786527,0.06244369844592866,0.08023788055884068,-0.0019010512447372543,-0.020258093354778604,-0.02064235030975451,-0.02205479114209846,0.06970583256240985,-0.0402789452476126,0.04151151087413948
perm_id_82,-0.03947963483563569,0.049833028575223384,0.07052061558791899,0.04163099566471047,0.009787215607715958,0.01019154705947979,0.03355419131326593,0.041797109810482604,0.0033591694574097216,-0.0536373026425638,0.010415894465547306,0.07192502069658702,-0.009488114427864913
perm_id_83,-0.06012546947391604,-0.04449577144238294,-0.027385227965880127,-0.0009525690062243188,-0.024606080218486922,0.09474750175184,0.036659912413905836,0.013216649823843737,0.03574705510907736,-0.01064408710295416,0.07906822015032254,0.01403314204832848,-0.008266196503959666
perm_id_84,0.013460848765156396,0.0233904766906242,0.04551481336751617,0.0014684360874554414,-0.004223341542687018,-0.0031261789223179627,0.049195049652508725,0.013468969721580078,0.10114433458925094,0.017798225786238873,0.09982413021246296,0.049912900457922904,0.09178187277042724
perm_id_85,-0.005775633910137909,-0.05956886166822242,-0.032662342965318544,-0.03423648883031844,0.04755514769196394,0.04022949215765701,0.04145700979666665,-0.004308149493983781,0.016649098548394015,0.11340238478844505,-0.0469208354519563,0.03519296159536711,-0.017342577155814175
perm_id_86,-0.001382620412832973,0.044854963148869824,-0.04117816204056814,-0.017303520153077723,0.0343334434377297,0.025505988232514896,0.06260873997004048,0.01803523021447058,-0.0030074524788186287,0.05924686832199045,0.0244982201194555,0.022074236232304863,0.017702047197415575
perm_id_87,0.0010000096689243721,-0.03138923999960675,-0.012150305290633875,0.04107140662123553,-0.005341057228383229,0.04386049715664491,-0.010568347738221915,-0.041651917006839505,0.056446847766945744,-0.008880125802045636,-0.05306593292008866,-0.012613269611495566,-0.04918759601639382
perm_id_88,0.0413170070270548,0.007181175426724086,-0.04880614645819634,0.07920800611356024,-0.0843560820449499,0.014837735987160565,0.046514344386539924,0.08853394650147256,0.06030478576387865,-0.0028179501071331743,-0.01374032420479594,0.002909708516731419,0.16220074568535597
perm_id_89,-0.008102023613097298,0.025917414417770384,-0.032516165318099616,0.07272990652329057,0.011760731562147212,0.008006614070291735,0.023074101192984312,-0.02336982549959154,-0.0023231976345770094,-0.01869979542491132,-0.008984530008519615,0.04941144221133421,0.06745097577754972
perm_id_90,0.03676877040942234,0.0013484423170699326,-0.03831436870232797,-0.09211114829442703,-0.016928195683513565,-0.0037795400998512224,-0.04827484049950819,0.004025132684191468,0.04707000108872868,0.003935211101512933,-0.05009833469026349,-0.06514565694156768,0.06586542890257917
perm_id_91,-0.04655530395196731,0.014501208610255813,-0.06561651166557476,-0.0031886786824308535,0.0530588231738259,0.012761351377819339,0.008215045854220442,0.08816828882234667,0.13041731286654962,0.020233082196513895,-0.00021496050591063542,0.12022546756679592,-0.014877811808579446
perm_id_92,-0.07326670945906205,-0.04382226349615513,0.039821194191318486,-0.05511948211015887,-0.04031873504909617,0.004412635742940824,-0.017851694559412337,0.001910126938250684,0.008735184607150946,-0.013473309286300323,0.02215270417804279,0.08924533927994639,-0.037411484833729504
perm_id_93,0.018444074207582317,-0.11265352003653613,-0.04306342885160901,-0.05535061549994546,-0.011618675947239964,0.08210741878809169,-0.025716352756997927,0.07226061649312694,0.06449489897134324,-0.013800207728443828,0.025861112542858104,0.007690901740018239,0.04897395845351498
perm_id_94,-0.020366548963926957,0.018208779993233677,-0.03212238054875533,0.02791061477501818,0.05958053600640037,0.07224217383271131,0.015600170711926353,0.04595269112999384,0.035474997584847213,0.02208255211184202,0.024037326627008512,-0.00945561350570819,-0.03040989232753958
perm_id_95,0.03546890018137971,0.06530014146125863,0.007412493679019663,0.009382386629773127,0.10038725134773366,0.05773557480323527,0.054433218445903604,0.0025161023164869453,0.08086538427490812,-0.03826135460851241,0.08413037861626896,0.09065086331266763,0.06120248830134115
perm_id_96,-0.030179231009382936,0.033841026259358996,-0.04088554873675145,0.0059459565681345295,0.05237079229773905,0.007451170053691568,0.008775609707978697,0.0030388472349010625,0.10648862084665969,-0.06660674587272884,-0.008011515429028424,0.014497124124127597,0.08662621196396218
perm_id_97,-0.00821334527402503,0.005021097718810308,0.014432182416566167,-0.015689136725604323,-0.018819602840335285,0.00287006040664095,0.04449633058463779,-0.017071486865624687,0.037677932615845525,0.04436799178911169,-0.0035847829850983136,0.01850142102033463,-0.06320921672684456
perm_id_98,0.03422467085435089,-0.04605108067464632,-0.0195736459651019,0.020512247912906865,0.0256979717777314,0.042253132578847434,-0.004209853328028481,0.07933724777356214,-0.01541422381106057,0.07684315504091026,0.012714939831385068,0.07779034601214448,0.05404459206980886
perm_id_99,-0.04338305764080459,0.0027034940939815277,-0.007376595942918101,-0.017828065187444248,0.02184600309017063,-0.01776993194981225,-0.028898248206196873,0.008015593120094465,-0.013951718793335503,-0.09045668737266288,0.044738205101581836,0.08362496084765551,0.03185189139837501
perm_id_100,0.018808918267752887,-0.05148964166477673,0.005107070632618512,-0.06894730462176626,0.03976004431120157,0.07323690813647603,0.03842425852639583,4.175748772412465e-05,0.05687327193997653,0.020570246879221734,0.04345085901322819,-0.020991259464292682,0.0837446378036414
perm_id_101,-0.05100153988701603,-0.008841682367069838,-0.026098882670115706,-0.04130069344952617,0.029667782537009156,0.0064346003639068885,0.025619448652570036,0.052806002338542206,-0.011312198279133602,0.029050098096095676,0.05640165903740181,0.058006175090314596,-0.01764431416157609
perm_id_102,-0.011908389600197274,0.00383737868189486,0.02156761603890554,0.00410773118920629,0.055701817548784054,-0.031375707107222546,-0.01662451585542839,-0.027941969896682375,0.001104783783287032,0.035273073645641216,0.00873032974211914,0.0020453463666262033,-0.05325373126575227
perm_id_103,0.07020175477229479,0.021383730800719182,-0.016869214389990717,0.00013023921423802908,0.03340045567963642,-0.006332499437139057,0.014275707068680485,0.08688388760563324,0.02058833516987082,-0.0030143758856541326,0.05860593675700767,0.026176427565268355,-0.004792636997732912
perm_id_104,0.06995954597730736,-0.03240702366682656,-1.97108227976623e-06,0.013207389621898062,-0.02363450955880735,0.03524366836463864,0.017055270682670494,0.08077188964956294,-0.03126506929174051,0.023825770015390057,0.040063061819834815,0.0019286169588007911,0.03921906629095942
perm_id_105,0.021676011440866533,0.05085944715061302,-0.034705570937390975,0.032854532729269,0.01342031616857831,0.018958531539631146,0.019481019849089204,0.0009898634085778216,0.03436931771800277,-0.0382703073694748,0.032108919559118314,0.022872412317038633,0.03055725824598775
perm_id_106,-0.06943651901403802,0.007510251637592623,-0.07387919744216641,0.0294755218519349,-0.02300991166717792,0.07445780311611884,0.0815369537281666,0.02510066791285526,-0.02070394837972248,0.018962726877785958,0.05324969951310744,-0.00951678162126116,0.010240745259762532
perm_id_107,0.02346829668887594,0.0807993092063446,-0.022798429423621626,-0.051725269258566034,-0.031004514186743264,0.08581070755722862,0.013468326799247947,0.02792663638583513,-0.007129833501857318,-0.007201593834752167,-0.02513290865448288,0.07782514638884945,0.06234914187599085
perm_id_108,-0.024741834911095578,-0.008764158263371355,-0.044855059500019924,0.039007488425779696,-0.008864603946276452,0.032420674904199254,0.0029934949106159353,0.12338301738918218,0.05539519124525607,0.07811095499310522,-0.02333980341112673,0.01716167113429893,0.10406533409031503
perm_id_109,-0.057356940840844264,-0.001991696171934471,-0.03275504823131889,0.005566593036356534,0.013533281117440957,0.015162961248994003,-0.012893200328205557,-0.015330725492162751,0.04327616019631189,0.05327595324674578,0.009794615110687025,0.12971529117464148,0.025218790273316288
perm_id_110,-0.0416851999137718,-0.015260215677782641,0.0008544181586127075,-0.03466225028996338,-0.03328458185798809,-0.02235863488506536,-0.033799315750229354,0.00926944020443826,0.05973464705187924,-0.05397533911183075,-0.016803877682002012,-0.0333976188450201,0.02214646276519675
perm_id_111,0.03212130171545405,0.03707743926284208,0.029405963116922198,-0.0004443422034373292,-0.008004337743632906,-0.03391263240882393,-0.016649510377255605,0.02457203008710886,-0.07434752562898789,0.02945785975801966,0.056353266176216936,0.05096744329934601,0.064338601007893
perm_id_112,0.010945793960947466,0.0064906949872713966,-0.022605649257234697,0.06288435309242887,0.07075976496498329,0.01787761697227728,0.022570846353692994,0.012554383860696464,0.09826204588520694,0.18955766227748808,0.07082818729640664,0.028607404187579843,0.02228408334193548
perm_id_113,0.024915413667896288,0.005239641097650216,0.033634090694731535,-0.04550885447890366,-0.04718475696167067,0.055607018696644944,0.004271568118266941,0.051340201112367756,0.06159184610893087,0.01452354379739538,0.05307244992292697,0.16465251534727257,0.03571899222659122
perm_id_114,0.052237728030390146,-0.024813794329887753,-0.009642496638397367,-0.02989736464314628,0.01667664823584065,0.018204226837808448,0.058645042080885806,-0.0038088486370936635,0.02488295858493452,0.03651599371475264,0.14948593086627587,0.0012145080459098705,0.06508745849090267
perm_id_115,0.01762125247694364,0.021436890218284942,-0.043680829573452616,-0.03788016433273719,-0.01939922796618058,0.03429044606716677,-0.0007658363840208158,0.01017099429578405,-0.04581284391188566,0.04666222443343048,-0.012032122103962442,-0.009604611102328185,0.10673392130141549
perm_id_116,0.06541915938651462,0.05633971081500448,-0.006965151350148518,0.0637787401703648,0.005750348553909272,0.01825884163028515,0.043806559435469294,0.08188909007946149,0.010613995051971492,-0.032382170193122076,-0.030963205970223527,0.0540210464941355,0.0436440234963099
perm_id_117,0.004922718426875859,0.03205351541298404,-0.012571346077370859,0.05009957265902016,-0.0652800723002059,0.04185220507171715,0.017274961904497708,0.07277034079559654,-0.016590636650650116,0.020530405077408637,0.10909845046351399,0.08488398914096389,-0.02440775408486745
perm_id_118,0.08241227576365878,0.014039562941470378,-0.06621397604496083,0.007505018365206165,0.07942163307832138,0.024316366403122895,0.020842746782022036,0.10131484529077625,0.012673600812944798,0.04634941244138894,-0.029717941368770515,-0.010385921902097296,0.060787097008904306
perm_id_119,-0.03782676873875327,-0.007318072170748128,-0.03325379636458429,0.04791211027106286,0.04291903853672732,0.030058197829137167,0.016787710157213007,0.020813597045856586,0.04613828914342152,-0.041467515230578254,0.020168178138079328,0.04411869573633423,0.04663735053046356
perm_id_120,-0.021469008809381903,0.053496692209301776,-0.024682684757523245,0.03020985230276578,0.022998687514851155,-0.04383097949916492,0.11061573302668715,0.038759648290186466,-0.009861526120610043,-0.018690175321041357,0.09431974948409623,-0.013435347791488179,0.02797803570607888
perm_id_121,0.06039813079103591,-0.011637731568741247,0.03183136426085159,0.016794498759015883,0.02965504621686329,0.07556080911958439,0.006115268998505029,0.0018392039781671631,0.045797534164230255,-0.025502157777974883,0.011021132982263291,0.0863002395122382,0.006357987250697027
perm_id_122,-0.009823264249455597,-0.024354830352677246,-0.0010512582077776347,-0.012954079768698157,0.025093532484969688,0.06575105714898681,0.032210267129821016,0.03368188448903327,0.022226630373966674,-0.025454629788375097,-0.009288930388069855,-0.0652195377296123,0.07039995309214642
perm_id_123,-0.050286807342454186,0.021159531074095017,-0.023980913848779425,2.4033963161498313e-05,0.12182305714957753,0.024942439367544474,0.06297704424772901,-0.04607772241135486,0.07758662459095693,-0.008429474676713063,0.005184821748940759,0.04760269286943943,-0.013276645807135405
perm_id_124,0.07254986976384226,0.026450898208739915,-0.04565692936842909,-0.013713593321331013,0.005765342751552125,0.05663411092529449,-0.011503242004438896,0.02140395316893707,0.05490662043345626,0.14376790811050735,-0.019052566388129452,0.014455520019813295,-0.02019738822004155
perm_id_125,0.08592978427516891,-0.0635678377421748,0.02966654873620569,-0.009476986653698003,0.05102543511815122,0.03075000595261531,0.0557915480831408,0.00648577286838816,0.05898418939233224,-0.008307125264927485,0.023016188543473218,0.03508709098665445,-0.03727086224379538
perm_id_126,-0.020420601378478596,-0.00380034501394636,0.008086269293855228,0.11673979619887553,-0.0030848156354617877,0.02320474419955941,0.041081603196238374,0.03653264204099512,-0.006606780283215118,0.042839123779467955,0.0707174835887436,-0.007866495675154765,-0.006295508657266649
perm_id_127,-0.027157406067449714,0.010179970047743651,-0.0019030410895797224,-0.020173643682432425,0.08243509198228537,0.022879213419684415,0.013410954406599363,-0.01464384680505763,-0.004672806290963178,0.034458653881794254,-0.009543428100100598,0.07969677638030905,0.078110094844846
perm_id_128,0.05156689933776611,-0.0071095605972527134,0.03728004316127546,-0.016563139719399024,0.05545714589522233,-0.010714310541574559,0.03840460523366532,-0.06403837889069168,0.12565797452056518,-0.007847007417736614,0.03077296888997493,0.058946580659344855,-0.045908746264388636
perm_id_129,-0.03597660392594332,0.05257784355377756,0.0021806947317595557,-0.040001763931012145,-0.06095845122401223,0.09032380332830929,-0.010039862842059096,-0.011871423539580943,0.09838658075058153,0.01691504338879972,0.0011802035542133815,0.00699795295898634,-0.016194333473411728
perm_id_130,-0.04882112519309883,0.06927051479081137,-0.0853416483146123,-0.023745567335694048,0.031206480523838263,0.0009542106987066273,0.04931851219485363,-0.027347535457647253,0.024019956117015785,0.03417875150895722,-0.005014278734500115,-0.01609512311580305,0.017353494710986798
perm_id_131,0.031671444330712346,0.01402717327950167,0.015093653046673029,0.031348685517789555,0.05617786328160415,0.0635357114826079,0.0274760694040591,-0.01903296403537408,0.03418324036601382,-0.02589643345671404,0.04232023451037499,0.02761937836302821,0.08615427965571357
perm_id_132,0.0005241615028660283,0.03915656152033001,-0.028718471138383016,-0.013285220804200314,-0.007135232015161901,0.03516733514755008,0.027227728527530234,0.03706856399498943,0.00967664634630875,0.04609963415489552,0.02893927379132619,0.005925003271308731,0.03298626835849568
perm_id_133,-0.004885283891679886,-0.022750877931534925,-0.0004269593392280054,-0.029059067054992744,-0.030625547376874267,-0.029085658996480333,0.029672195585836152,0.004214690676312932,-0.02025581670845165,0.03019031606203022,0.12314439321620063,0.031110939958283804,0.021371078482448395
perm_id_134,0.0015778360582629565,0.04603377198202619,-0.09133686843799824,0.007325056263170872,0.026041644530630924,0.03915742701156029,0.04815422813366006,0.055301738322035,0.05051212721952844,0.00837835040277897,0.02457939880685529,0.02881040870160633,0.0024217194019742526
perm_id_135,0.01954173046331617,0.03453842140281983,-0.06196889889961543,0.1267538974999456,0.016400835105538296,0.025596528090472526,-0.019003039054236802,0.012507677416447966,0.07865655464587445,-0.07029399623324056,-0.0037421718731978164,-0.03985010620358577,0.03898312184139035
perm_id_136,-0.001007888348880965,-0.07048659103396714,-0.060535129807508144,0.043382487952775904,0.02413907903236202,0.10762826493187941,-0.02961804657298441,0.055725106339473245,0.058005845785674186,-0.04273079791411868,-0.08819560233076523,0.003202568346318576,0.1698168371929715
perm_id_137,-0.05513781754662095,0.014161907147826829,-0.04324189835644206,0.06369287756122471,0.04677132117501262,-0.040516077261831714,0.013273481885579606,-0.0017409296904389402,0.021812715251688264,0.07925270951564614,0.042250313575198664,0.03250642053702721,0.006881669086562904
perm_id_138,-0.08946504243185942,0.013971209417852185,-0.03877754241964469,0.03462452303495445,-0.006130620351176016,0.07712549603734511,0.05288845351374743,-0.03557426016116356,0.06924349497845954,0.0029998247966513568,-0.014994724404719972,-0.05174831605854632,0.06329247084270974
perm_id_139,-0.08668754422158739,0.01906580762622,-0.0216168094877189,-0.006605097805920534,0.03287493348539363,0.044115092458924345,0.017965948943982298,-0.009928545667353485,0.056412337472089624,0.03504592863293661,0.059546945145461674,0.047209334041817874,0.06557127419500836
perm_id_140,0.01764358172782745,-0.08066627244409857,-0.022988109206668737,0.004062843903346594,-0.015324975263224775,0.0019284138233198033,0.006693531934233331,-0.005627965842499465,0.016528569316453846,0.029623442378417547,0.02716926094455109,-0.011328086126219418,-0.06255785241983372
perm_id_141,-0.062289636880063726,-0.0015088653739527029,0.00105723420295073,0.061710672304407174,0.0027973816940720752,0.058607566988090706,-0.009167821171916923,0.017207231794364418,-0.010984027250577575,0.20865002457421172,0.0015676741428899974,-0.04225893843519175,0.020279854515006204
perm_id_142,-0.10417303923916442,-0.004496170463864204,-0.04348922604970773,0.051281299627741854,0.04086360355958783,-0.013752063810335348,-0.04732821702635152,0.056250602147797577,0.04686294140468767,0.07620559059004854,0.01112261033696144,0.001866780116220983,0.04365261012604988
perm_id_143,-0.12116496351112885,0.04557953515941428,0.010727145729806365,-0.038064435057908484,-0.0462080433557136,0.034297758902077015,0.01903002261033954,0.038124264477166166,-0.003953879818028614,-0.08288375996720508,-0.0008367915574180738,-0.007828027445699527,-0.021778305081945143
perm_id_144,0.02534741856554592,-0.005157560169950922,-0.024225417049413576,0.033768674380031984,0.035898881788554035,-0.06448335351601192,-0.07456662398417616,0.10609698846638928,-0.002677784127241592,0.05146573039550916,0.014117763108869317,0.0881156102097989,-0.016091819788219632
perm_id_145,-0.015173191753770743,0.0019700158386146984,-0.04341684259602977,-0.03054269269742383,-0.01774575791822501,0.030561577112926577,0.001861902636476274,0.05145305135401124,0.09519334474470509,-0.07070592800148653,0.03753219100515049,-0.006937417020213832,0.04240750937841366
perm_id_146,-0.02339801403327697,0.03239964245520669,-0.041719360248192665,0.011576086270164012,-0.028014387756875554,0.002668114409044572,-0.006271606643048929,-0.018860600318855284,-0.006418119515444143,0.011280938813222568,0.04468017646345179,0.008390406376710508,-0.010678909394759337
perm_id_147,0.026375079801814843,-0.004990405009706271,-0.040615938118487994,0.06514777047185466,0.05171233712494552,-0.0028159336563866773,0.06345039007311024,0.04092280916920109,0.005817766443604011,0.03481667341802042,0.03675414810016535,0.038979593019577326,0.014836627440909082
perm_id_148,-0.0787703112883114,-0.06835649907513733,-0.0031563508378865263,0.05027293257164433,-0.05623462032643558,0.015933295680365472,0.04010513315143273,0.125529075653905,0.018621264041981014,-0.05197761789110196,0.08043754119708789,0.02087150852066425,0.07294224740240149
perm_id_149,0.03937605382356613,0.030961098492536754,-0.013250065862121737,0.02438619487666464,0.009603824302693681,0.015227388605127306,0.02926271418306992,-0.008268644910799549,-0.010281667065233892,-0.03826535141277386,-0.03232609858941913,-0.03757238926947192,0.02324060020854877
perm_id_150,0.067707315942864,-0.0749131849260333,0.025706606791242134,0.003543305008815276,0.0037881062213094177,0.04032673537224813,0.00186407476757269,-0.04518799751981831,-0.017529107537938453,-0.011823618437329642,0.026950442469709908,0.02163190440339096,-0.06866208792335475
perm_id_151,0.012867056549605679,0.004798897305015271,-0.03256289231122675,0.05500095909964955,-0.0035784124341925977,-0.0029404550915802592,-0.013401940188220628,-0.008262657456485743,0.027154163667654087,0.04272516922796993,-0.029612562561341968,-0.046264018641593914,0.03699760643587539
perm_id_152,-0.11344476538818465,0.03240593454581345,-0.013834332426481456,-0.035160537530764556,0.01275468137819237,-0.0057514007500493024,0.03283089125964837,-0.011084805749522673,0.06964644375469188,0.01884867270908577,-0.043086452352946475,0.03275874111735111,0.007354691456349039
perm_id_153,-0.09284106644254506,-0.041022401920065676,-0.014049101940631007,0.04811538275637631,-0.008120719547887666,-0.013756245550654253,0.0587975782403798,0.029385678745866704,-0.008168807236763198,-0.03444037019763618,-0.029328528811205377,-0.015893798764651215,0.04709555130570245
perm_id_154,-0.026974740992694334,0.017129318369903716,-0.010487339958535895,-8.116489326411281e-05,0.015072231505850745,0.03972486061825894,0.03607525993782571,-0.00875969724683288,0.07737033695243502,0.013340213890986542,-0.044254616302470934,0.0014378143129693771,0.10350043606565874
perm_id_155,0.01232334528274174,-0.14456133470923574,0.014605873701678786,0.04412752130650049,-0.0415955241631483,-0.027893069937756153,-0.00654694576709427,0.07734176875140167,0.0037187947618941503,-0.022717444106215783,-0.05203629542841747,-0.004917598171409575,0.05363538790535375
perm_id_156,-0.0011024566234890268,-0.00915869610224881,-0.009262444776378853,0.028716591859819045,-0.0005317180599585074,0.03076047928978097,0.0799443239004936,0.015206452441710646,0.07096474199533075,0.020554720441195003,0.05360347335859478,-0.008244138428042109,-0.028437150454689055
perm_id_157,-0.062340414011934644,0.011418966228236491,-0.0064080319793481545,0.008350642521037503,0.011772185454969202,0.02792748670392175,0.05686062074418081,0.09069662435632621,0.05427266571068962,0.009931666038074147,0.035428480834994384,0.05847994610907681,-0.037790809567957356
perm_id_158,-0.08437425473032537,0.022918951164771502,-0.024493054869155532,-0.03769660674591539,-0.020558906633753062,0.04051862667099228,0.04356688760822785,0.0747297987113975,0.000795101989303168,0.19287914321312108,-0.001481075857973379,0.004331828693620701,-0.008564783872606355
perm_id_159,-0.031716657375977855,0.06380895244543608,-0.04815346729068962,0.023858879064284286,0.005631811533750139,0.062066181521853205,0.11162645437638674,0.08735797418844067,0.019843979956401792,-0.041862495918244355,0.08071216194286061,-0.060467754102858484,0.057183047342410115
perm_id_160,-0.020470713376677083,-0.026688818526723796,0.019498749086669993,-0.03953979727720921,0.00956783182687546,0.015341062252002794,0.007564158468505751,-0.03781130140995245,0.018319970421498886,0.045303830859639765,0.056553142494322514,0.0009465122559387206,0.022619724206415188
perm_id_161,-0.0073431382029887525,-0.010466902884806888,0.031070560541313234,0.021176668336255887,0.08177351146853927,0.022201381053602004,0.0059475789032890245,0.022141799609174506,0.03772383388474151,0.04046897431657501,-0.02405492678584156,0.02613035082303536,0.030292457800931188
perm_id_162,-0.09018068219502372,0.012891307741696686,-0.0024854934958323705,-0.0008581580115983498,0.05069106557455791,0.058253410188876996,0.011598903201282275,0.048914248324753724,0.05084242224523239,0.0046794910926296505,0.02248226869653003,0.008428152785528237,0.0001383735976208598
perm_id_163,0.05210899791747487,-0.06415563735404155,-0.013046290909585737,0.01888135544077772,0.00022627494973021146,-0.001869512943974819,0.02142921405633265,0.1553319554642158,0.034362144578176934,0.04766854429572336,0.024428849793830608,0.026414889456773297,0.07383823400337171
perm_id_164,0.055241457051964774,-0.06733018891420905,-0.05862597176453626,0.035710301994181855,0.09032860676944739,0.061333320336913334,0.04220438019827665,-0.03392853877528648,0.02517940696333681,-0.04414890857586749,0.009848281612580598,0.03552857240397813,-0.03875948989491875
perm_id_165,0.015170403074952798,0.05741250848183288,-0.01597483129019538,-0.0076218594520916835,0.031286896993265666,-0.029299834643478018,0.03440891606796176,0.12624252867899208,0.055582570785088214,0.06805540239981964,0.072758608122356,0.08164559969075039,0.01713036985728548
perm_id_166,0.009684084855018758,0.0031477584332502795,-0.022964832012854784,-0.024249456907910208,-0.03429774015698315,0.014897542735317858,-0.04849031909235941,0.02042628985525857,0.03821783502627282,0.0867757036378669,0.04203335391212639,0.012927327004537883,-0.059173451402615415
perm_id_167,0.004171299668111642,-0.015833753030782872,-0.03846793203908958,0.03224632325686294,0.03415372521968182,0.032423594268144104,0.008596707939842992,0.05242968556676797,-0.014763117550447675,-0.0247833927189789,0.05927818114069492,0.049876340764263574,0.0056401274379792084
perm_id_168,0.07782378335353772,0.0028194663292594345,-0.020972332570999532,-0.043311115308108904,-0.022709537570923918,-0.0176780562322661,-0.04113716860357183,-0.008243341113805478,-0.007881125324396282,0.07487232344171632,0.01735900579513876,-0.04327097216744921,0.03777451830213815
perm_id_169,0.028422101336805394,-0.10860544902820138,-0.023807797980735262,0.017900826470827632,-0.015557209382026775,-0.017218368148211576,0.09414260733367288,-0.01362362112838252,-0.0015122361690585093,-0.012347381575290101,0.08178504141075517,-0.028866325258047987,0.12518621492054044
perm_id_170,0.006465202366929442,-0.09182315568147101,-0.018617937106743643,-0.0009967390762529752,-0.06435965739402333,0.06153742733146283,0.03538096637830365,0.059210978007305334,0.011213020438368628,0.019470356727590187,0.061538887103691556,0.04426955690292107,0.08438584703886069
perm_id_171,0.027634168683549815,-0.028693017879404686,-0.030942430507922704,0.03680941058334947,0.061845374434951174,0.0009041323781597915,0.051430988207940814,0.016651081553632843,-0.010632161711227828,-0.03980911045761283,-0.0004838273449739977,0.021877354471177862,-0.029114913885128116
perm_id_172,-0.009971840950196546,-0.03644190498192156,-0.03415418535060385,0.018703038621620805,0.03244436237420663,0.05836056562040326,-0.04550731633705585,0.020313989761946403,0.02632951717120075,0.017958269251117848,0.03646042555565268,0.04306491633796499,-0.010507949160845268
perm_id_173,0.05583895711691135,-0.0395619937667411,-0.006244179196505472,-0.038803008691236304,0.021012287876477295,-0.019280391824529,0.03228542724954793,0.026436216025048215,-0.0008006837775567516,-0.005466622676822217,0.0031516229746732694,0.007957583672581476,0.011716807606464659
perm_id_174,-0.00024235857072638342,-0.05832350169788071,0.009962289524340638,0.129214444361717,0.03605500385197104,0.00537372489228603,0.017795971329807682,0.057477658395865314,-0.04539558010538544,0.04429841658112324,0.04516875883442038,0.01974542098874962,-0.0070950268109493215
perm_id_175,0.005246238293157016,0.031978389882332196,-0.00014857973516066412,0.010432689770910584,0.010193369064739501,0.07815988147441885,-0.006734267990780651,-0.03839313827933144,0.03571040377257052,-0.031081678957705083,0.07510656665734841,-0.006540452486380406,0.10412344769164959
perm_id_176,0.010313371693122401,-0.01803913188112981,0.0002004139950534891,-0.024245269207151993,-0.10485200035328601,-0.03212359455487708,-0.01570257586445827,0.049872554378981714,0.007573070100850042,0.035321218783107435,0.0028012445969800496,-0.00014206994988166186,0.06624711153450752
perm_id_177,0.04019678146213929,0.004011319353930949,0.0021190364412708856,-0.025799608887018575,0.05788922793655486,0.05700104956674004,0.016630159372244383,0.028148952907928466,0.048070690588749236,-0.0665706450497711,0.08025294914922092,0.0452878278214383,0.11622563154448079
perm_id_178,-0.014740242839494055,-0.03668147726152908,0.007969802968992058,0.02371198413390516,0.018393335786261872,-0.03628780648852056,0.013564590673156707,0.008517517277579736,0.07472126798433038,-0.03228416719493664,0.10927988171428199,-0.0024200708926219784,0.005252903161746207
perm_id_179,0.019780097384428805,0.098970934497268,-0.015686521651256623,0.001108177622859512,0.002934721020945283,0.054637248696754286,0.032167722885335544,0.004630724654713528,0.0492771123408725,0.06271393803360006,-0.026342594272950423,0.023428844358227494,0.12823955706170156
perm_id_180,-0.09615040487150818,-0.009955721564600829,-0.09532033636786527,0.01725401115228022,-0.013543059972337481,0.05748704727377962,0.027064908398149165,0.06727649081945915,0.01792277144903676,-0.043098649298800806,0.0048209237780968235,0.05014599115589506,0.15976663378115738
perm_id_181,0.05770444388816315,-0.0005507239800328521,-0.05047162789765911,0.05154572372138899,0.04688405103729991,-0.0161808549788176,0.0025096605791367927,0.02851913025027196,-0.006787716259429649,0.05675005772574542,-0.022533095682543428,-0.0382215793145273,0.01598602160564381
perm_id_182,0.00888368263931322,-0.0642968773033122,-0.038402186558636864,0.029192985405242785,0.07350266659103388,-0.021188451396485515,0.08651857511857029,-0.019862364776054114,0.027961066462297565,0.04269077120461117,0.0738466002521366,0.11913224017909306,0.02782660173164483
perm_id_183,-0.03396832022112246,0.0053146993710534675,0.014346921695953713,0.01226854881049027,-0.001864297215820069,0.008199528175044548,-0.07408716864710747,-0.01116757350714536,-0.02279144843879774,0.03916477596536356,0.11596799367919465,0.015944132536928363,0.013257541045039513
perm_id_184,-0.07893371841877408,-0.0050233026705641046,-0.03895362138287016,0.06332163653857294,0.06192139426861963,0.028023430567593276,-0.03170975610215191,0.01795537534593535,0.08147775960792805,0.010110486794641172,-0.07614329139012467,-0.001391494925885198,0.06633825524154278
perm_id_185,-0.02566817591110732,-0.02954187937591817,-0.0015599038754364866,-0.00967424456923713,0.02811644448923919,0.07501223264239797,0.07936490620148265,-0.016360361991252126,0.09103481101037138,-0.015956961207155392,0.0389059455532661,0.0199329807575815,-0.05557221705892556
perm_id_186,-0.03345412572513229,-0.06048778114443174,-0.021776192873427636,-0.032798933235230567,-0.01721287106368861,-0.011288142104933233,-0.04051448819113888,0.009119270059982998,-0.01497564283922564,0.0028632876266168825,0.08059256276616267,-0.037170926513140634,-0.052364334666946316
perm_id_187,0.04120914285230288,-0.005143535724724148,0.01018359022810704,-0.014287688325717059,-0.02916803644195346,0.06448272534394422,-0.005793736929948023,0.052801517844993213,-0.02151230530523532,-0.015620448105207293,0.006746609942709613,0.012498537951386751,-0.011227821880099203
perm_id_188,-0.03875031761767534,-0.03697889035168844,-0.06335465438999967,0.013119949724266158,-0.06590621248003077,0.047648780607277334,-0.03997334097984377,0.02485111729633205,-0.07295533696214215,0.053134645296046876,-0.07874280133697316,0.04748937711796526,0.04088687536601208
perm_id_189,-0.034405175398010496,-0.059574818059437325,-0.03880393312968222,0.007571029114493604,0.005040541927819357,-0.0022193676789023105,0.08347836365272925,0.05000457256967552,0.12084800514538785,-0.0187827904760932,0.12087504845652523,0.08739891857575573,0.0700919417636144
perm_id_190,0.029401173157062453,0.03162736052422588,0.04465673261369553,-0.061982715766246047,0.03953643453265321,-0.056044207344426625,0.00343976330713452,0.030232516970591924,0.08306379352200118,-0.03128813303245871,0.025134795426751073,-0.03637413476286099,0.08289099661785507
perm_id_191,-0.06460702677118835,0.024819978535842117,-0.0518061365744667,-0.029354440654990113,-0.027413532050129513,-0.005152256231657653,0.07312359161729035,-0.019934148750947744,-0.014155110773990854,0.06118761952961567,-0.0040205604782469016,0.03298767355033072,0.05194028076066873
perm_id_192,0.05160420194498032,-0.015458533731143151,0.01407384415315158,0.052159131858996,-0.024439154249832565,0.07395186538500566,0.053362930399285316,0.03372284886140198,-0.023318086435843047,-0.07283203574509499,-0.022712449887320834,0.077416050306426,-0.039536425963277576
perm_id_193,0.019338719390517005,0.057815842219659554,-0.012927441520359007,-0.04455645999611858,0.07611820107124904,0.051952774747736054,-0.05345739331336224,0.03334324942496874,0.03219538614182938,0.1334473078717584,-0.028276472191903924,0.06358363098315539,-0.000473755769744153
perm_id_194,-0.03568793110807526,-0.03347688492802148,0.06278177726186566,0.031047229401849258,0.02910005955014701,0.049917417374176445,0.049924540742871,-0.01614303183421213,0.15672897908716213,-0.05243671313196518,-0.04698806453083918,-0.0019756371630860964,0.037107384425871
perm_id_195,0.01059743442903815,0.03860521429457499,0.019920413087299683,0.02672463924925931,-0.007863249598522228,0.05366158601154375,-0.011343821799122111,0.027239222051376917,0.019178194501278587,0.00920965313065348,0.030086448971991326,0.08604328765924588,-0.007144960651926092
perm_id_196,-0.08450647709945451,-0.01151007882288489,-0.00024856974935298095,0.020691254013724944,-0.0020953655104818977,0.10665298923260745,0.008016802246331545,-0.014890894363030963,0.012727869098771818,0.02949734513634096,0.02689062035808553,0.0841200236485322,0.09644590369841481
perm_id_197,-0.018545669910716805,-0.03065760404851757,-0.010043659626592464,-0.029240921539355296,0.06506439671971026,0.03202386423133375,-0.022894006454098604,-0.01496243697668113,0.023988525082172536,-0.03649251958488805,-0.058718655255710656,-0.014933403006372283,-0.05505653249690823
perm_id_198,-0.04612340635393165,0.012687243157091407,-0.03950171748421844,0.016437746226960467,0.03138103130465248,0.11135931075517552,0.03074951721395452,0.05205097911282759,0.05283448525643746,-0.06037477519452744,0.004881719124570908,0.07154879191478693,0.0380313479095495
perm_id_199,-0.07486037088889694,0.06408076308599976,0.012270954461444928,0.027022434192397526,-0.03187361797416869,-0.015694830563956017,-0.03358043532272921,0.10244350483262753,0.0379088977529657,-0.001640380870767727,-0.07215408633452233,0.011962082208420563,0.00652532620830983
perm_id_200,0.02019426355478239,-0.09918072295222095,0.01959413687109207,-0.012665386206885051,-0.02217650295929159,-0.009348381752351862,-0.01599897909931705,0.0038663972375784033,0.08083611215231246,0.1038789993355699,0.07180419720958395,0.07048983429224391,-0.01354768364855366
perm_id_201,-0.04835172307276559,0.032374486179539766,0.0037881944939081587,0.08359220662443703,0.035760884699475755,0.08461693379206828,0.018657226479409112,0.06579291786738103,0.08915514714348176,-0.01887005762713142,0.01857779017767295,0.040384515333793836,-0.014648874593885607
perm_id_202,0.01455338579053732,0.020898954028495977,-0.023740845834400753,-0.005377300445869758,0.007404513993191779,0.05225562180906534,0.009595861523258035,0.015061245399952815,-0.008500233009660385,0.012989189263016718,0.07645665066055045,0.0025977998047470078,0.019220724456937725
perm_id_203,-0.04727535540107852,-0.003801969167266975,-0.0598906850507812,-0.004278857665287048,-0.01545139023453086,-0.03929524303556674,0.00033925028564261317,-0.03275415634293278,-0.050836176305055325,0.004250935152834649,0.004518057276055672,0.05818008440072696,-0.036815698187346604
perm_id_204,-0.021731083384864843,0.04819296973580356,-0.025075156492326747,0.004820712902866643,0.009592293051246807,0.008257888402539567,0.0027457462140013295,-0.018893530355572202,-0.028963673525887912,0.007761970753129239,0.00985669394631404,0.03379256587837188,-0.025588034824663923
perm_id_205,-0.033402098360329514,0.023388217524729776,-0.011312216608630113,-0.019829553105943514,-0.014614161867418035,-0.008936122568216439,-0.06114223585990826,-0.0008282925095462422,-0.027666336440513153,-0.035150263779303276,0.0035955745154214835,0.02604005470413172,0.034732357933789176
perm_id_206,0.006835139446220967,0.08310256453108461,-0.016126106876782946,0.03172971862501885,-0.02474574038864392,0.0032032650969759735,0.018024861201983423,-0.03444430500217981,0.03195044440655533,0.14003349015417418,-0.03437791873292213,0.12692081078850262,-0.022483439869076027
perm_id_207,-0.03949299589694648,-0.005379368521221923,-0.02144373605879097,-0.0004452185798069912,0.007001642797016546,0.031187726496102307,0.04157790768935434,0.04192364954717894,0.09368595010897628,0.06081030316929505,0.05325217418976393,-0.003912181143751446,0.014398885502681522
perm_id_208,-0.02292511560433945,-0.061954181490416226,0.003596252088451753,-0.0028880526940975306,-0.00898634944418272,0.08636223521265021,0.030953937163898104,0.09887698282239533,-0.027711795002368932,-0.0003533096011516254,0.01828972495552685,0.022989941963913033,0.13939568019222814
perm_id_209,0.02321881695120617,0.03696163952237314,-0.0371988382044381,0.0035640117417418517,0.026933665739714063,0.042511623298951876,0.01631291606684768,-0.030980272520306842,0.043437399739868994,0.011309325042302554,-0.04444741806624124,-0.01776458231407722,0.07406338224251606
perm_id_210,-0.06964649190310568,0.0017115008909732985,-0.029646051900675967,-0.025988779225214767,0.045718845021430095,-0.024847114874361104,0.0033235423493113854,0.03272692579356785,0.10497733201786306,0.05851044955974987,-0.007064672091384091,0.03757007668918207,-0.02534152901420654
perm_id_211,0.012051289197851986,-0.06298060137638577,0.023126119840895763,-0.02411968278865386,0.08913773883702249,0.07121701019970487,0.11949924826208898,0.05986773997302012,0.030672552648032314,0.06843571947105614,0.06753343805615059,0.004722749586103457,0.05727980708465524
perm_id_212,0.015545033575148191,0.06530517494464141,-0.02968475891357477,0.02295449750861538,-0.017677040307750736,0.07046545686075727,0.004456514688540211,-0.002207494321384658,-0.016869990789286637,0.002268426965002248,-0.033820257749951926,0.05821267133560006,0.04591225962156264
perm_id_213,0.0568566308114224,-0.03189928283881985,-0.0028185430229801015,0.021796157474361158,0.016330570091402898,0.028791198684807444,0.026302490872463214,-0.008660075072556929,-0.011390786507938315,0.027885460220610607,-0.04163475164956606,0.032011325665647905,-0.019965404887419914
perm_id_214,-0.01624425586033804,0.07371022237426005,0.04681517169414436,-0.027472303475218892,-0.005354904964688944,0.0009541170599925776,-0.04200118728048197,0.06874315538730388,-0.00018063450917704625,0.07986891493398206,0.04563036981032373,0.013707638271275926,0.004087631520922403
perm_id_215,0.045468228273581504,0.017359296475696,0.019957969339602897,0.07915246825728198,0.11082047165038772,0.03508849764186586,0.048249503038502534,0.08191164138153152,0.013160144455936303,0.024378348512226908,0.030037917239079892,0.08394616267409966,0.0707201777679708
perm_id_216,-0.02170864337860485,0.021733490701984284,0.04051403456885117,0.0001615532160150324,-0.039843514522363385,-0.030098219968004724,-0.056095702364263714,0.012982393236656098,-0.03210103999777425,0.029685659931094417,-0.02151416333536701,0.02338615595230893,-0.022550718648670087
perm_id_217,0.001988096944088947,-0.08719155898256632,-0.014867251831167681,-0.009016965409660455,0.0011920905041579522,-0.028584884228228555,0.062475280420537835,0.009083224067655755,0.049566609178665136,-0.028187815709866164,-0.01729930705263339,0.07863566025542738,0.006247829966290435
perm_id_218,-0.0779827904268515,-0.05586268259060243,0.0024675544890937024,0.06078661549064085,0.050916432112044926,0.002613468249710994,0.08601571375801088,0.07655570700804937,0.05358632674342526,0.049685039714328603,0.10630186594655593,0.0154209928126348,0.017136279010336247
perm_id_219,0.03842036879540889,0.025557265566714994,-0.043576101492995796,0.03557092344678929,-0.017760610794938226,0.14931735069059549,-0.0066704491279466205,-0.004048835660048552,0.03974955132812727,-0.06862342956303358,0.056244329553410945,0.010325274558546958,0.02294195737424825
perm_id_220,-0.018102637928531225,-0.0048327764620425965,-0.0988595451066276,-0.008558166200873504,0.020767956241423573,-0.00912463690621356,-0.037093455523627285,0.09776914130026898,0.07668671627439491,0.14321451223525944,-0.005771301036038328,-0.05076023859371334,0.04541157815823992
perm_id_221,-0.02224015793811427,-0.05964576730326103,-0.0031064947443667904,-0.04690395313500859,0.02792645609776564,0.006000126853654625,-0.007603865112673591,0.03577932259545451,0.044515620379442844,0.012795985366877167,0.016884658138123648,0.029724320302622054,0.0685555291862091
perm_id_222,0.03230453563826923,0.024546199899946997,-0.0543805484898412,0.05802165182516666,-0.0017372555462081395,-0.003635137671655489,0.01448207158602791,0.06396154747956309,0.007720249827036553,0.08010994664065689,0.011084197619720026,0.02997092724131845,-0.03071687783852318
perm_id_223,-0.001141200794093355,0.12567639182620272,0.025503036787247666,-0.02444546445757677,0.03000581873512836,-0.004689893662657932,0.06684839435906277,0.07365777933354635,0.02084518792857161,0.04455054847801195,0.10342741189357972,0.012774161133055476,0.020476586325052455
perm_id_224,0.002481993704182609,-0.03599990312099428,-0.04374379938214366,0.019684406828194136,-0.018952993763545933,-0.01596483924752918,0.05834217307338758,0.12875052473865403,0.10684275458858228,-0.007757989022869742,-0.06573146180762661,0.015913977526228872,0.022991674501775753
perm_id_225,-0.01113855206834448,-0.0011920866062099403,-0.024340336529238362,-0.0451400271712266,0.0022973775462591783,-0.00950545738810964,-0.024484464767380802,0.07816327034022322,0.1313830957371564,0.0428346618265113,0.05995115576840265,-0.033718768102562885,0.0497057577265407
perm_id_226,-0.014372550976191943,-0.02096476264734871,-0.029801162522683416,0.023442573283745643,0.06039824582974357,0.0031061397453129884,0.020289302854319336,0.005926388961254188,0.034443345270243536,-0.07894209639417371,-0.004079329686643333,0.020232066242711285,0.06397236152825607
perm_id_227,0.025027050202524156,-0.07464073853316397,-0.04524973357333163,0.04863577517915185,-0.04953313955441197,0.11327408434633421,0.0027898621902368802,0.013044156466162195,0.0022627017385219586,-0.038758536373897756,0.15716134184604352,0.025542279232563407,0.048348700079860786
perm_id_228,-0.013330132941315886,-0.006721998812555241,0.02082450750492194,-0.03704365188848865,-0.021444136927623314,0.006863769702877328,-0.008951972095896668,0.03737195893528565,-0.025110412448700832,0.004761020391535013,0.05685845697073821,-0.027571279433857364,0.1097183849068646
perm_id_229,-0.009913710925341254,-0.020854980420262372,-0.038070040180500954,0.011807705158838748,-0.017536988791708633,0.023217692001631235,0.05468086315049696,0.04080011537444228,0.017179423807825275,0.06937030896690592,0.08614353409517275,0.039721354798387294,0.015763044674388937
perm_id_230,0.062429685297417103,0.045539418873369875,0.03551137428748536,0.03157414175390673,-0.006664763746344992,-0.0017650740163396884,0.06485514425333642,0.019706539962754323,0.02334867691138781,0.1393245265568057,-0.03295863625426964,0.0902877446480552,0.008194631249958648
perm_id_231,0.058323791705735435,-0.04583400587738838,-0.04927685557149965,0.007940953873859648,0.035009619237297944,0.0019152478688502224,0.020571855881655367,0.1421166842944641,0.01620156159718595,0.00981937513504926,0.1488466332279047,0.08502556345049693,0.019977096265583527
perm_id_232,0.027103248415084182,-0.03010752146470766,0.03381461665615978,0.05054921742955786,0.05603799173878985,0.05757840109537271,0.0365421761671194,0.1388589042053178,-0.009111644287424841,-0.040219553683167625,0.04988982022517363,0.06757148318960314,0.010137641000454752
perm_id_233,-0.023864693993769285,-0.01578772174724818,0.012381982824064825,-0.011420409882942628,0.08036609863215019,-0.03274245351754637,0.0878634375635842,0.028972815979411544,-0.023331043519556505,0.04295917723200796,-0.027211227420666916,0.0662602702874469,0.03720785695597772
perm_id_234,0.044134868174228015,-0.013019884530275564,-0.037495646298912395,0.04022493095817654,-0.06426307516132285,0.07816216820986156,-0.061203137115844,0.06465793686453915,0.04431697359043205,0.025457923686465295,0.108934590586145,0.029540712277845205,-0.008318234887073585
perm_id_235,0.028164337259292682,0.03429240533829217,-0.02536142583939871,-0.03274866807128132,-0.0407306329452583,0.151381111318218,0.03420480102051814,0.02897679104492897,0.06515599634395519,0.06978022873458424,-0.0022155330224701703,0.03922622612394567,0.051640068377587625
perm_id_236,-0.06062989148076,-0.08723584290378766,-0.03671137521155865,0.04789693161231261,0.036550788425216744,0.026173035648635677,0.00198850028368678,0.014583313691131788,0.0006020184850962283,0.02166963528654612,-0.04314456111228205,-0.003770002077133478,0.034605950551893486
perm_id_237,-0.000345695563744996,0.024287289759687188,0.056866791551087224,-0.014900943320324074,0.022978175320161956,0.014187699342036002,0.04394251168934619,-0.022061394983429614,0.035880849054281586,-0.04333336102163349,-0.061157282199614346,-0.009939889685100066,0.038655618516831296
perm_id_238,-0.03737002444288638,0.007898608743609176,-0.0519957140376823,0.062425576365132456,0.050374076927313244,-0.026176510666256595,0.1138012532250373,0.0175478173814516,0.0737751891950812,0.07490551292718936,-0.012934411076313646,-0.0206922385989427,-0.013853425317550584
perm_id_239,0.029466234201348883,-0.02149200085917187,-0.01993069956644592,0.04862915159146824,0.0384467617764519,0.0014895130251449983,-0.02438447142029337,0.011604519138938804,-0.013696672668358313,0.06222242145437287,-0.024747267481960242,0.008667663459337473,-0.004943134283805141
perm_id_240,-0.03371350074810042,-0.07697319125184869,-0.02019299807683132,0.06400627983680166,-0.015455402739888864,-0.01203374749748525,0.005514516061283849,-0.01341403407076756,0.0797927182549586,-0.04002195865901478,0.02092891252713779,0.03394841698252882,0.007408627058259271
perm_id_241,-0.03699881888515111,-0.03919296373357982,-0.018617907869292183,0.005637613498517158,0.015327748367919902,0.06507762729437369,0.01932572866852068,0.15870137008234136,-0.051673477778051854,-0.05043282897657802,0.06717121722472964,-0.04853608697068581,-0.016761102085576077
perm_id_242,0.02283167709952923,0.023063688566016285,-0.035502232503683055,-0.02104295472833612,-0.028899309765393396,0.028010931104061713,0.021305837361046055,-0.014823997457880449,0.05497033435346847,-0.007694881482499908,0.03761400438934005,-0.056260800544879856,0.020641173182509014
perm_id_243,-0.014055812348997205,0.0023183698511254425,0.050826795106158285,-0.00410777131328059,0.027845926642083203,0.06633776644475047,0.023198864879354523,0.026325427064245635,0.05261650124417265,0.03663368550699066,0.10518794719865984,-0.025799676967533085,0.047835899630175045
perm_id_244,-0.029831980818203555,0.029636139596204612,0.011715766648553541,0.016326314053770264,0.045895025655884554,0.009939854333704864,0.05956821705823917,0.025409837350707527,0.07482511137873891,-0.005999410190516799,0.005971391514303792,0.0018884135462002925,-0.04581369507325284
perm_id_245,0.0010382334090713139,0.030313709443314955,-0.03331771943022271,-0.030906780832968207,-0.029048186878388126,0.014397601665009157,0.03531019434015984,-0.010625959175644574,-0.03519447759876625,0.02070293904017831,0.047139611798215436,-0.003505836624546501,0.02232393622322745
perm_id_246,-0.0035045351115406023,0.019015769619694593,-0.04369723159576045,0.0573493537468521,0.0058277668235803635,-0.03617820163507972,0.08639617053752312,-0.02093478043846326,0.005963991705069059,0.1058620749978801,0.053130146771772364,0.06481347270136131,-0.020395535622360076
perm_id_247,0.06288504917545078,-0.055231772939277966,-0.056059694785554746,-0.030257616071385128,0.015095428892936807,0.039823201814735566,0.009414603207480504,0.04987018366295195,-0.033769586873416746,0.06211067801967172,0.02906080513647451,0.04310419026387965,0.0742179892158628
perm_id_248,0.051656705240438076,-0.06289925592885456,-0.03631846873748964,0.008116542848108515,-0.055368595415196065,0.007831610903938933,-0.039486193499428904,0.004937012883011948,0.012703482221920054,-0.03402502344165119,0.028617820627571244,0.041452250166272984,0.16977706473485743
perm_id_249,0.003987445856480339,-0.00044748585737750706,-0.028657919521389835,0.05354449457825168,-0.004692543966953342,-0.022430514860710085,-0.018287230669384726,0.005198971153722737,0.001122808475478016,-0.04777151488742166,0.041792042575905505,0.07645439655746475,0.05508303754671403
perm_id_250,-0.007593656465030847,-0.033583902935593504,-0.0015308147616003214,-0.027889440025562,0.02510397156373456,0.008222399325147211,-0.007713781920495539,-0.013390394561126376,-0.019685429452220148,-0.052258810467378264,0.026910772089295844,0.027037865330523915,-0.024891406062177174
perm_id_251,-0.0019325920163307257,-0.01463985601608278,0.07245397777141234,-0.01838805127243356,-0.010915286684092931,-0.014150305202221419,-0.01816058751098993,0.017566438146197502,-0.019448752421717896,-0.04346075532952367,0.058843533417277584,0.06593398832670992,-0.02829351455607253
perm_id_252,-0.02712342497440485,0.012392960004000766,-0.012392198888505058,0.033492723249473486,0.009833697623039782,0.06835101657878986,0.03734890327674899,0.003945540460255371,0.04723034534117812,-0.052887586016808305,0.09531486988116372,0.09749637003412726,0.014140116400281481
perm_id_253,-0.04991497014703423,0.04165056447923768,-0.01514835512110559,-0.03969813552474184,0.03467325295745204,0.056907503099832904,-0.0025320860962557874,0.04244471887349179,0.010157976693566455,-0.074666967716922,-0.0020059065579179866,-0.036875581673274656,-0.06572878532749422
perm_id_254,-0.050210774655668054,-0.053048275186447676,-0.01804467399642722,0.0470123477309745,0.044464480468637366,-0.02486325381438883,0.04236109420403082,-0.002275689964677978,0.01697806122804063,0.04660139167369107,-0.03093389787638308,0.053610032541157884,-0.03542190724018364
perm_id_255,-0.07312630739355237,0.013332240915286049,-0.006337407594128216,0.0016380523811268916,0.017915750261838333,0.011348295228592813,-0.01816188606155898,0.008941731535134823,0.07256130227041616,-0.0065390515306212645,0.04519402657087552,-0.05986293918237819,-0.0025412076714949224
perm_id_256,-0.042029196267525964,-0.0021697380972032724,-0.013073949810524151,-0.04934284265634129,0.021943877857230502,0.06029919161344344,0.05783479405701007,-0.022556552869966582,-0.03806998767579068,-0.01694949835249339,-0.043941827851088244,-0.012937351006707822,0.012069006529495658
perm_id_257,0.002497352444952332,-0.044021808593267535,-0.0551511634417916,0.03654680839551439,0.004416980573243347,0.013698101756046237,-0.031355366662522234,-0.008102751608510135,0.0033325408775318793,0.06851913158416069,-0.018001642505890383,0.10583270236269869,0.017097267756602353
perm_id_258,0.07026951380526665,-0.013082304867579166,-0.03278108171238467,-0.04571043078749942,0.06337941908522605,-0.002016273115256261,0.010548134987007544,0.02998185057665492,0.07472344433076283,0.06376189982690653,-0.01297512317558964,0.059882379237797954,0.002223879418435989
perm_id_259,-0.014322129472578708,0.03263518653831056,-0.06505071455785716,-0.018612630426015235,0.04280937861646532,0.05272848699980538,0.10951952595114443,-0.007053109067049479,-0.025164480250106334,-0.03816893513287604,0.017744601901483633,-0.008562804136198397,-0.010393666441388444
perm_id_260,-0.11054853508943666,-0.03234447692642376,0.0018369927638300753,-0.029820451515355895,-0.025242108588326786,-0.00823942682529892,0.05936807746685061,0.07002915095410563,0.05576393311943381,0.09423826769078465,-0.043931825616274164,0.04167986398907711,0.04754129750824512
perm_id_261,-0.05540369712328018,0.01620004910332782,-0.007581720240122057,0.005175305632511987,-0.10202789753248474,0.01886068642717132,-0.029897371271827355,-0.054175452505554784,0.1133354500431196,0.07148547038156351,0.004444951727901961,-0.03189995799971322,0.053422223194643584
perm_id_262,0.006774219670822734,-0.03621883443769836,-0.031012936052678287,0.045864287112534666,-0.05511281212830702,-0.025142635959260543,-0.03180975830842901,0.05370433835276745,0.043098685820989066,0.010551704465149182,-0.013816317016595242,0.06707263554755664,0.0394438123606707
perm_id_263,-0.08409448229229852,-0.01631945016667388,0.023845483761163733,0.023066814607176106,-0.025179187417442957,0.08931932567465561,0.027375398755134242,-0.04164062306694763,-0.0075859154985695966,0.08689000801076734,0.03309693144300926,0.007122048353547506,0.01657796508744893
perm_id_264,-0.0491345225996148,-0.009293240387252478,0.04039849406779417,-0.01573016339202088,-0.05373883233504267,0.02162649759846597,-0.082232045331524,0.0683836138319988,0.02762016931233501,0.08867040223651944,0.08370722933471622,0.006068059215993649,0.06799856753239776
perm_id_265,0.006224612748375064,-0.025528791519111544,-0.024921965859367897,0.07626766384329164,-0.009067746065697688,0.029694922954409533,0.00043087742368818857,-0.01652812642306865,0.06962409304122566,0.05436344262310928,0.023384882615900607,-0.036517283911945364,-0.016077394572360577
perm_id_266,0.03340183307335262,0.04749732599804383,0.005923740376993339,0.010002596673193025,0.011982956169996579,0.005181029259764204,0.027410489496516432,0.008014389735130781,0.11085581226370418,-0.03602784319182279,-0.07411036957950579,0.028016064713410692,0.06682901872764291
perm_id_267,0.033315437820498034,-0.015737495759667302,-0.06378940888183343,-0.0027074353475718994,-0.02391676161931105,0.036618572193151344,-0.026858450200990855,0.07268090517915565,-0.022473419808955678,0.08353449897475194,0.020696422835316485,0.17106916772023312,0.050119608360534605
perm_id_268,0.012408153422814495,-0.00906819274263277,0.014684959620076824,0.004927991537269234,-0.04277578973592818,0.03286216022476797,0.030572619896823795,0.0033344289436149396,0.03782503486974413,-0.030344483455821462,0.10089268822874103,0.03563925227960076,-0.005585764910912012
perm_id_269,0.07159028789830937,0.03203974592356229,-0.016741819611428236,-0.03834436917522017,-0.02635396846665655,0.07576325379125153,-0.017943751910041196,-0.005502420039591806,0.017256085958032186,0.034482127427802683,0.010084351148119048,0.0835785714138906,-0.003267799999702491
perm_id_270,-0.01672690562943652,0.03228099822714015,0.019585946030582984,0.06049569472650053,0.022100908077478425,0.10108564134734409,-0.0194768718288642,0.026773404889006425,0.03161850565767684,0.04855988239284401,0.038347013309877186,-0.016256279208117643,-0.022957178139303626
perm_id_271,0.06582444725867706,-0.07215313857696358,-0.015181845396033917,0.029220705276153083,0.03212988085165634,0.021800805356462814,-0.001815131294374018,0.008074951126895108,-0.024521009630335548,0.0002743962590765873,-0.04910219921417828,0.04278568782759276,-0.015045522221898045
perm_id_272,-0.04960449340644661,-0.04522979437463752,-0.08368126541270866,-0.07013844805617775,0.04596566139736621,0.06848851053084695,-0.04077173454544044,0.020847119610624135,-0.027816345492607284,0.08448211740859773,-0.07764582267691,-0.01244998562160938,0.010815490996232106
perm_id_273,-0.006881494531541994,-0.03498944844338191,-0.04819543430705597,0.01010440360506589,0.06513853268715046,0.003730883989103992,0.005179090808913212,0.05973952723189696,0.04570556142337485,-0.06499011163958045,0.03525423505235409,-0.07680939553527795,0.03661164344387095
perm_id_274,-0.05554878284480209,0.01813359595277619,0.003554958528528616,0.0037497421172073032,0.023997054310358912,-0.0024881158745330726,0.05495223425976724,0.07046392997343852,-0.014773087571928913,0.07244962096175514,0.07412500386725888,0.13136275174499434,0.07570361101072072
perm_id_275,0.04251365545170564,0.015838111142257222,0.034070364470354636,-0.06918010992037728,-0.024763092251776062,0.0654090656346434,-0.002443329553892386,0.009941501623799793,0.004780569240760354,0.0537508745778025,-0.00836772704347926,0.056560889005787034,0.044427732071986276
perm_id_276,-0.06221605231450425,-0.050451951568449956,-0.03577123747991438,0.048608440884830045,-0.025954114783882726,0.005643979350036551,0.005897864079686521,0.015859833546396373,0.008173722169546361,0.11324125906906184,-0.04000340525673471,0.028164016908702096,-0.042143181826019095
perm_id_277,-0.02420999096895667,-0.02278182657494335,-0.026884828888143322,0.013807681414268686,-0.01471404428118172,0.03589491596351401,0.003572826491421066,0.03238523242525342,0.06971294440852266,0.13740315964027364,0.037343932611209434,-0.004619251647793169,0.08608139358239623
perm_id_278,0.090678893122513,0.0027861566071134577,-0.0027646942212201917,0.00524980033557785,0.048821295555794154,0.033479799230466276,0.03000018622716989,0.014779065956023086,0.10763549665814717,0.0793845208957202,0.007789199169583838,0.09000154528263295,-0.0035995997530254946
perm_id_279,-0.04495314555685024,0.08499811563721173,-0.03517830422304455,0.0034557065263408505,0.04687294006445832,0.015667944915292113,-0.02481732498667629,0.02718439802877337,-0.0005632163046485067,0.04447183534590361,0.00824125514383357,-0.009230988088552204,0.060408190325815785
perm_id_280,-0.004098661493662808,0.049920057143677046,-0.07823751613666856,-0.00911110204680499,0.024148327943576634,0.06828270308484685,0.06326467665201266,0.03631802453760734,0.039992537887824156,-0.010638539410666182,0.027369779787005524,0.044735140413301386,0.008266682432684646
perm_id_281,-0.021528160232058426,-0.10725888104547228,0.07450702499396736,-0.0034593369741202766,-0.06592337500863654,0.012601860849216029,0.07411700768832442,0.10271540963545511,0.11616604271197073,-0.0028935382859822793,0.01997549849814563,0.08178891928420551,-0.01344567053118109
perm_id_282,0.0959318077484378,-0.0095219279179604,0.007061532414774762,-0.016892811903638293,0.01729620143445661,0.008240578138801958,-0.02650145669178601,0.011246381819177718,-0.028608304815456124,0.003791836271521627,-0.03611680483104168,-0.02092410066700699,0.11460414862818341
perm_id_283,0.03638628949868742,-0.0508872670848688,-0.02803864353633754,0.01293183461124452,0.04453255768464459,0.12312343080955393,0.022588095526346545,0.020042850652585972,0.030307341656437406,-0.017627760201250436,0.01631915748194125,0.044654644816994604,0.026384366084479634
perm_id_284,-0.0616100211049998,-0.04946595583765787,-0.03555963961989802,0.027409924009082886,-0.017330824099866807,0.028600435725490078,0.04225827218144106,-0.01105930020140412,0.011835847308709386,-0.025833828650785116,0.09103029621369363,0.0720540074893001,0.021816605343331266
perm_id_285,-0.03647626344943245,-0.047610785433175644,-0.0303284118043855,0.03972630453322073,0.023932890510084855,-0.041572393934197045,-0.0201874153934362,-0.01071935392097989,-0.01122127605320744,-0.010003608349124208,-0.02199316492236512,0.09759212888598189,0.16306915337980715
perm_id_286,-0.03329559161963141,-0.02994188668313259,0.02379957424843458,0.03475742981539686,0.016071373182097837,0.06603810876932341,0.02367361886525033,-0.04827711753470814,0.07177948929899888,-0.028292647448127775,0.06894801082784818,0.09936220703320936,0.029046846476550727
perm_id_287,-0.010566334225030173,0.0382850676476178,-0.048917287055451286,0.01936766461503934,0.05045338635738638,-0.019333847798332898,0.027697316175289855,-0.029934357682590996,0.049421131686729125,0.018503360447245185,0.01067722318973175,0.0077194044620052535,0.04957527504959657
perm_id_288,0.0903295459729468,0.0285244306987437,-0.06434773534820014,0.04440536363765317,-0.013177994125617801,0.026827444795018678,-0.06280046543650744,0.01438366198071117,0.23451706022234792,0.0456583045544636,0.0066116310130052,0.06518914572751557,0.005834901439255062
perm_id_289,-0.04665274489885399,-0.013640583891971475,0.00749042227630817,-0.030209455685491125,0.008626900899194339,0.02020812276857142,-0.020588996882037795,0.10122814407083253,-0.005560162861337664,0.12714681831676405,-0.040202949245013754,0.00821341256544623,0.0007097949525805096
perm_id_290,0.007279196385340232,-0.06460769253305193,0.02551076694122644,0.014014477392090134,0.007788525328878879,-0.009143678290101492,0.03132555695930982,-0.005190054050660592,0.09687201337077414,0.1158746762148957,0.01871730007981348,0.033234583799204846,-0.04483058205202434
perm_id_291,-0.04013865617933995,0.007409491928624278,-0.045785326465621765,-0.0017587119884085593,0.0002967510651309103,0.07474240911255002,-0.001113801385966431,0.09042579167547454,0.050287112740479326,0.12943541570868486,-0.04447088873008384,-0.0070374347217766935,-0.00758826661638555
perm_id_292,0.02161000242173665,0.04995653329013345,0.0008167984846801103,-0.007375215815256353,-0.01378933172584041,0.04102048424639838,0.0357146580700586,0.013502137223095649,0.08457032539679918,-0.07720988519861505,0.05271229707213632,0.08248584353482917,0.024902332447350916
perm_id_293,0.008008660535594549,-0.012178968066244989,0.02978683794079915,0.03352471445985328,-0.019916982706413223,0.03763485318049267,0.019083567583159076,0.11001522126234463,-0.00475114914639918,-0.034579581460100775,-0.04106169515025746,0.04920024536224051,-0.0018369292421435712
perm_id_294,0.02229914276832456,0.06008455679872593,-0.037692447101959875,0.09986772326608707,-0.03326417100010889,-0.02901908295227074,-0.015588727031735099,-0.010491657831334466,0.06334003205195338,0.07729311225526922,0.08374679307701588,0.03567335101361982,0.03891828335402577
perm_id_295,-0.10264661638628736,-0.01358719263598426,-0.024772067369409893,0.00441098765869159,-0.018204767079970693,-0.03512098955667575,-0.019711617301275432,0.02679560126475483,0.12630806017876284,-0.019785887702615527,-0.07970411015117823,0.000984271204511559,0.0739985693964387
perm_id_296,-0.010732857201038655,-0.048591447202480584,-0.05128506967583782,-0.0004699021749759676,0.0679779076894663,0.03629103461765851,0.05340604024060055,-0.029805855402157126,0.04331554308473846,0.10660514724890396,-0.03251061400972294,-0.009783184055307101,0.09128186207777994
perm_id_297,-0.035800145613587256,0.06458745163209759,-0.050224892890012994,0.011041475195745575,0.015083885183949965,0.040866002570617975,0.0634232545066841,0.03549493682178017,-0.020933666985214303,0.013924408226873292,-0.004181232786070791,0.00518959844171411,0.061160218542514654
perm_id_298,0.027114477011415467,-0.028606689709070585,0.031565862591313935,0.060438422462860464,0.05719719745540308,0.0008048028334877484,-0.05226665548490863,-0.00031901485029642263,0.08395507967979665,0.05213273810005461,-0.05323501612101831,0.016651503137377108,0.03733943156718878
perm_id_299,-0.07321658157500663,-0.08465219333772112,0.007176686304623049,-0.004229908093724792,0.012920277874970463,0.027623498897878167,0.0333983512403832,0.12618922767075033,-0.021339405631442047,0.05901008115393923,-0.0016270804832886582,0.03261363075150239,0.04183637714486884
perm_id_300,-0.0005510251824559359,-0.04647817506064006,-0.026300202007929298,-0.06566441174217788,-0.055733293539351254,0.026253016176628497,-0.024659070059695254,0.015131622071596067,0.10436731145321314,-0.04054526881977675,-0.0017955411099575913,-0.0153029599152628,0.07205070431580661
perm_id_301,-0.021792672467887853,0.06249347779512963,-6.382612389347712e-05,-0.030479048298360574,-0.03570540489289059,0.058495022686762696,-0.0003780374069899999,0.06070400440033502,0.008990430184949372,0.00978680079522836,0.06606425794156842,0.022453692745037186,0.06974239080091031
perm_id_302,0.007383334149217368,0.012152453214498296,-0.025322767823645655,0.09472216695926519,0.011014147389833015,0.029351090096268677,0.03640555794948595,0.08965668575140354,-0.013414172845791484,-0.005342639336654953,0.0019542570736910303,0.0060700725127373345,-0.003347891061346457
perm_id_303,-0.023801427866968396,-0.011536586577721771,0.01846343941103319,0.01829731065032613,0.10019887622814415,0.06757525298289731,0.04788323787524148,0.047116142987730016,0.04354265438577091,-0.04496761003512833,-0.006807258713608262,0.051257401030601085,0.03430106825043865
perm_id_304,-0.03608511990115232,-0.008907571210229873,-0.036966068990651364,-0.0003423908079225874,0.07405913872022957,0.05329517574506846,-0.01815881319051204,0.0033196495004173335,0.008941003844951336,0.07547023727538331,-0.01388911193628596,0.11390871051967318,0.05666900063060214
perm_id_305,0.02357395582264911,-0.02846772480891016,-0.05858056214233127,-0.01719753981604907,0.03460450513491899,-0.036937439186543755,-0.0356413663577061,-0.04551973278255995,0.07781442264302671,0.05282942259278089,0.06671235983339746,-0.029849297142903103,0.011719070285425284
perm_id_306,0.014122494295281798,-0.03732317704173648,-0.004546191764637664,0.022755035463855496,0.029006182366860124,0.16867959785983663,-0.02352436086636404,-0.04834052897356931,-0.009018603500201118,-0.015779166469058265,-0.008995200209314361,0.0634136762951171,0.011226862864438452
perm_id_307,0.00014017279367251309,0.012284432874639097,-0.05482231483843259,0.02676027614593646,-0.06591546240646542,0.004279719645116521,0.05406718056224891,-0.005026562647738772,0.08068642285587481,0.011758103164222196,0.053305840498744254,-0.021547539674398514,0.10217832550231665
perm_id_308,-0.042410827180206806,-0.007512653576771197,-0.005829604905446164,0.09927777076934721,0.012818185881719889,0.0448671962405378,0.0293074822421818,0.0621529959257394,0.0758183515588079,0.0018498539577707141,0.005089635249507767,0.08680844895354935,-0.03768563199369338
perm_id_309,-0.008024364160085715,0.04348245513890102,-0.04968290505030958,0.07813615162989736,0.0055106599354403,-0.016487063722604015,-0.002336335333096056,-0.026229716814711625,-0.023554759300775913,0.13891219231001659,0.09407865772683784,0.04498706974518077,0.028084800155662608
perm_id_310,0.08322082582080113,-0.09921175348269563,-0.00964869519631492,0.0068686877904327774,-0.02259219427694564,0.06844964531745944,0.05313335691983594,0.01072845625554333,0.010424854185009205,0.005646528772582107,0.11645897484649655,0.16798232700999072,-0.025360342743440335
perm_id_311,-0.06562175012974188,-0.0005671194356006755,0.0013721222535381854,0.0517640600970499,0.012663897967624954,0.012035138979171623,-0.03678716555283864,0.007074512469121922,0.0053503719500402995,0.056879833553994605,-0.05069005585176556,-0.0545712520729151,0.011896083673392833
perm_id_312,-0.06365728631438675,0.007193036363101219,-0.022077339929509464,-0.027523037182443477,-0.0033627393264730023,0.06457163273753862,0.012061015339577662,0.0021346029312735416,0.029806062152292808,0.10043125698316234,0.027382341110494788,0.03903380572082601,-0.011508001301502608
perm_id_313,0.0030696403722771676,-0.009131433225742051,-0.033601368285825474,0.08955394765064945,-0.018493026367947484,0.010521568034267206,0.053755198084480274,-0.003667613729841183,0.08822865060473764,0.033282473012593405,0.12217432229302624,0.05886851041776627,0.04070455374148088
perm_id_314,-0.009296380566190964,-0.029003865484865495,-0.020551921983975027,0.019323358402315877,0.014319286736853582,-0.01097986785654943,-0.01716301201049385,0.01606764614121141,0.0261887321216053,0.1796471582248754,0.05132497184554377,0.001053246207949497,-0.01672820197236396
perm_id_315,0.065423202750539,0.026602813548826185,0.030616957654742087,0.04583533259595403,-0.013537964144857667,0.05845466577772692,-0.04997617444100875,-0.02583726569836772,0.007182368486326458,-0.0002633306265285857,0.01718795179150705,-0.010704682502050733,0.0272399337616035
perm_id_316,-0.03203073869736725,0.03768895461488713,0.05909300018300569,-0.04465485773450701,0.05831239259367611,-0.03484802808200624,0.02281160177174186,0.041424262955152905,0.12908340238471605,0.07622989249342006,0.05645957079508165,0.08685957382573176,0.07444317329284078
perm_id_317,0.027534429139178435,-0.022071012899041186,0.018824379808930567,0.06340694543640063,0.019941687200311805,-0.003986561893487711,0.01496284555388822,-0.029459648382035804,-0.029021601165900128,0.12325212595108259,-0.0044726438365787595,0.07609890578561215,0.09960416286914928
perm_id_318,0.0433724434302736,-0.05395919136295559,-0.0030162961019301383,-0.004885554802538969,-0.027218854889199708,0.009220465357348126,0.0008002877151186412,0.04543943992890785,0.0011798565471802885,-0.00414395100012261,0.03521555057088253,0.004034143223036688,0.017380159783296534
perm_id_319,-0.03214907863440702,0.06652803127096395,-0.006570349172111296,-0.023144128059897583,0.006086721240062288,0.002084727737027901,0.017510715095184915,0.009537486335332962,-0.01835636938171726,0.04585869216447654,0.10098306410830503,0.07040385279768395,-0.007036732262934569
perm_id_320,-0.03890436510827842,-0.019769157681265435,-0.04359072771256838,-0.0037422016871066755,0.036237307304056894,0.0366998042647168,-0.048489444105531194,-0.04250171839243953,-0.003711512795757836,0.05883483965307588,-0.010119251427891945,-0.014256054312289863,-0.026174703202356542
perm_id_321,0.04021679208425157,-0.02304599102979417,0.004977992622833255,-0.027893988999157546,-0.004449251973512273,0.07174448445274179,-0.007089472030468084,-0.04114988411319702,0.033577003867128606,0.06022351786290683,0.035232650084946235,0.03176761110577473,0.05989397669785781
perm_id_322,-0.00037460506876427256,-0.07033761286251984,-0.000982996630111876,0.017060035632644546,0.021930299288850003,0.02342719899010089,0.013542026037634911,0.0067119804975503405,0.041518507351993736,-0.0329464083925,0.07650156166175061,0.0642761044806396,0.04869881394266858
perm_id_323,0.01834881268203632,-0.04411774753325725,-0.04732647873349794,0.019417778724159267,0.03711479705492485,0.005774699702370681,-0.03218566032320268,-0.0206830673570571,-0.0014700330218055267,0.1187766047985538,-0.029949104868216708,-0.02662884952948876,0.062130220538009345
perm_id_324,-0.019122736792529953,-0.00989833249977638,-0.034047628710104895,-0.006317808706665491,0.025097138612113115,0.06343258516741514,0.05483605821042748,-0.04378816281582806,0.0496119169747142,0.007596338333999212,0.043224926743771395,0.053974650047973534,-0.09016290660715852
perm_id_325,-0.00787238646611561,0.033570323084911646,0.013428044171248274,0.012587670340864405,-0.028482052633800742,0.03293956885411245,-0.019588279732538776,-0.002264428787538731,-0.016819971988065396,0.042284754105309,0.081034716150898,-0.012650630278272037,-0.01081417976990716
perm_id_326,-0.02886686935768095,0.05105993992755172,0.008010353321967277,-0.013313638898763993,-0.03869552049550487,0.026171162227112646,0.04203083345906554,0.04581904423102647,0.0945940460406257,0.010254071535243138,-0.011481412995016859,-0.011402776524339794,0.03311532145912573
perm_id_327,0.026507696117320827,0.041029698382648104,-0.050412647709728274,0.010597082500574215,0.025471652021790154,0.014382802837385128,0.06235244020934214,0.014501020085704485,0.030643033054624243,-0.00416542179856854,-0.016472900690456843,0.0008050080316070529,0.02158183155941581
perm_id_328,-0.03826433386259625,-0.051436585331994626,-0.01762125041060316,0.04421902540662851,0.02262837572051932,-0.030259060499217588,0.07399093479655272,0.05273219317069788,0.022955984590463357,-0.045790694747320636,0.09556405371932937,-0.0396989125019958,0.05801737032192027
perm_id_329,-0.02048677119089397,-0.06521074201153512,-0.026217375609617847,0.013692442566053361,0.01657576715790578,0.1008982954609705,0.0024364383294050314,0.0029004393919766776,-0.02453454252223346,0.009887362965380214,-0.06622946180669094,0.05379796233646192,0.022310312399075022
perm_id_330,-0.11375408204623617,0.005505021916835771,-0.02460727772664414,0.019222863353378035,-0.07742918707813694,0.07612933183672736,0.08170918704160461,0.006017120802990887,0.07703776430633182,0.12758611871632217,0.07259908448610383,0.020062938280078116,0.04235584237628851
perm_id_331,0.030145898773330987,0.022603357444904416,-0.03380504923084556,0.030229129390767835,-0.06253630197092942,-0.009230878871794378,-0.010145448471590459,-0.005201830873383948,0.0890148361123004,-0.03268190332357469,0.07884554377718658,0.05998344356331867,-0.0037910918724528234
perm_id_332,0.001059961683921145,-0.03698270026664928,0.04921106378133406,-0.011926730390615224,0.024850894682145058,-0.008864002551403644,0.08471240557128783,-0.053352146582531616,0.004824233368439588,0.02159670836483607,0.06286050972792369,0.04690673033336842,0.033285868023940936
perm_id_333,0.02247526084882057,0.02114607023971932,0.04850213856584617,0.07478547704592266,0.016173225490190055,-0.002463374499724174,-0.0057776060523290936,0.019281306237965676,-0.014657198614538352,0.009133114435711352,-0.05594786909883858,0.02323819724462521,0.049766709717660104
perm_id_334,-0.008983912791465752,-0.002787743053183173,0.012104454310139918,-0.02267086013574868,0.020237564554988298,-0.02820056063888177,-0.04085705400037281,0.030030632841078257,0.08464378950807107,0.004101882607286081,0.07472899729035958,-0.011963534634104711,-0.031027574303397722
perm_id_335,-0.08023888878295875,-0.04968232770493154,-0.025322848216772016,0.0011449845182760867,-0.007040283772983937,0.0027833913813132822,-0.054505508917473786,-0.02175040033838857,0.08189183044907182,0.01984593673500909,-0.005531092567097555,0.10610194735577522,-0.016923429062220996
perm_id_336,-0.05166425527870802,0.02889066256710425,0.014792087196462272,0.08898968064655498,0.03304393551691245,0.06617620453472454,0.09572841835580186,-0.05232261371408038,-0.012984008199224314,-0.022931880610374118,0.02057312369705906,0.04255160024495574,0.07442101162303316
perm_id_337,0.0403415918320136,0.014173574011583036,0.032573593399119874,0.03461806221930342,0.028114034589349635,0.025011776005226232,-0.09393314583063307,0.033582879633076504,0.03936666440786228,0.12155539767536387,0.07384654094868212,0.04080254255526551,-0.003676499020929469
perm_id_338,-0.02724007231155235,0.016157317619090634,-0.009188120173344595,0.036844257712819704,0.02715985505981502,0.047902772475830635,-0.01580265956779878,0.0861128024915164,-0.00036695220130985613,-0.022108406478182994,0.04367867306173571,0.0030621564345726386,0.07492476264413672
perm_id_339,0.04758792595764886,-0.05167086907890926,-0.021734284356090646,0.03333740714091355,0.03579271622420981,0.018712651857402497,0.017215589877345876,0.006514484775253252,0.020081625375056898,0.061896292466930146,0.09698859364046993,0.03647496616411769,-0.049133006475212154
perm_id_340,0.034925227976728236,-0.011141944831705943,-0.0650922554467788,-0.020768479161981684,0.02694148070553717,-0.031403056612313476,-0.02395277195100011,-0.004178878106884523,0.07322183729412961,0.06282381403733554,0.04481671006772684,0.01597475492108456,0.010384858239917968
perm_id_341,0.07933833156852574,0.020744626881394987,0.0035006929415483507,-0.01843694551154681,-0.0190474174940051,0.10019386848330106,0.01740843696956485,-0.027384749593200457,0.07308113409711514,0.05296488075866066,0.003498101972772876,0.15656334412100814,0.05660474258200215
perm_id_342,0.013384556556115201,-0.007132871971520206,0.042770309991013195,0.031790999873577655,0.03192906419138452,-0.025846531401875122,0.008432181751006997,-0.016935520892779134,0.10715198183226067,-0.054344242900972534,0.03990078487070498,-0.03628048445607675,0.0076818961832881725
perm_id_343,-0.04272726615926175,-0.03559477030803939,-0.03967919231763581,0.0066948955624002125,-0.050575782006815555,0.0036869238155483445,0.07814982346143687,-0.006907182075115247,-0.015966888964244027,-0.004502693685250981,0.04577720384709823,-0.07793956509078263,0.017691137246297915
perm_id_344,-0.0847752714640047,-0.03399455314126843,-0.021136817083041003,0.021729228035212086,0.0276958970590442,0.09345757770611447,-0.004826638550290906,0.12810352770295516,0.06525576131691303,0.016330080289016145,0.12530315885883636,-0.03725227543127627,0.0008858285895698574
perm_id_345,0.015145647580887081,-0.08878463711366219,-0.05657019346192737,0.0352671782184245,0.058465831269152856,0.02705584825672547,0.012867228205311651,-0.05269900909631164,-0.008151943681171659,0.022903186015194418,-0.013994018921200656,-0.022173964303419343,0.05926018737636599
perm_id_346,-0.070992980603291,0.0363908245487935,-0.08666828775950336,-0.06021178128566571,-0.021506721034410304,-0.015331415428257451,-0.02039112821910002,-0.026644559306474684,0.08868662159560006,0.03605782965942476,0.07658677697302088,0.032132857841881385,0.10255405074650581
perm_id_347,-0.021874149838120215,0.044620898566545046,-0.07985235954576704,-0.05946976644948257,0.0504644047084172,0.04434911778521671,0.016894130175904847,0.07219874624946696,0.08164011617865632,-0.0456252401571823,0.07855936244795585,0.012576569434327067,0.0334667887144239
perm_id_348,0.009171368648782244,0.03032867806535873,-0.057318614176544734,0.014196633488088974,0.011482056046777291,-0.002554271121317678,0.0678071168482626,0.01092054999027303,0.057802156834793464,0.024009885517502046,0.0928596424363703,0.023163301740669152,0.02495311600306301
perm_id_349,0.006609372482105225,-0.026213230587160994,-0.012646687021297945,-0.017653172229763092,0.01820668750457546,0.05523799930385679,0.06640252316298528,0.07802189865937485,0.07884653280023206,0.042589912585780355,0.09880784216723111,-0.000665027764494367,-0.004657130088062988
perm_id_350,-0.037961483945242395,-0.0551829507554782,-0.06098938448822187,-0.04939709847115439,0.0718520131718879,0.10748021427218425,0.02744375276816042,0.012937863474668156,0.009793994918354927,0.043752725406269774,0.025602002677017326,0.05585074801775904,-0.004751450891212312
perm_id_351,0.04542225994706785,0.025208856040953315,-0.02255239691873712,0.030579935031261322,0.03801460724325812,0.014555214554199851,0.06246642068554568,0.03835295466947887,0.056311252297763195,0.06167536336912231,-0.03305001346728743,-0.03492286016569982,0.02189714216865476
perm_id_352,0.01116306927763684,0.020971512613356495,-0.022116324781249953,0.007548510730915708,0.06492504553573435,0.007319862583285889,-0.004329988093671239,0.057120631281626616,0.02597035606222474,0.11268294442512054,0.10272550175194807,0.15341439191576758,0.02136516488800733
perm_id_353,-0.00013891266671012053,0.012124454510276501,-0.06604393399454346,0.05374311154468042,-0.042876926608757845,0.11672683133022482,0.03853165915381068,-0.005274184175360251,0.05142302217405475,-0.006639572763924497,0.0024474719578302874,0.05864173729903631,0.07763377488080325
perm_id_354,-0.02271303443614858,0.04570661076632081,-0.014160246497809387,-0.003021177857728156,0.1488073783670825,-0.04860969849557911,0.03796673251242704,-0.039621591917666635,0.15961984335839716,0.1363597056174517,-0.03410187152889528,0.05740359469232636,0.08878178336694521
perm_id_355,0.024775838754972877,0.010783958596382417,0.024082540705970195,0.0880045366004802,-0.02268450861935015,0.05394133166122557,-0.07271104473729618,-0.010920376106201161,-0.01436198718146675,-0.05683526155067376,0.03439871238344096,0.006922597442770753,0.09091099739345851
perm_id_356,0.08882141772640487,-0.02181750450497261,-0.023266692722187593,0.05695622979513887,0.024534199036360404,0.07556806985642837,0.01475018034619129,-0.0021208597781294585,-0.0058877426085409135,-0.056725977191530066,0.1030086435174558,0.05156920622475537,0.03097683282482214
perm_id_357,0.04972260118146191,0.05056679317219177,-0.06347027011355157,0.003745793073731291,0.07846512706370985,-0.007687828114450188,-0.012135275383625412,0.06071592959560379,-0.014840630043554551,0.04038575046513089,0.012767415504213134,0.030373644168393516,0.019450968924733185
perm_id_358,0.009804021101120173,0.001056920994190821,0.01040051340204288,0.04803605484465267,0.018323443447779687,0.08542439415010453,-0.0020768358886014645,0.0027869397743498442,0.023367201459271767,-0.022268218003800362,0.05054321673330748,0.1452260416252944,-0.0322094799290638
perm_id_359,-0.01771302170170314,-0.015158099104957658,0.008454868947555825,0.00906118075808462,0.02280938174172825,0.013708080069919708,0.04280618094077818,-0.060549766473379577,0.01629602291334676,0.057114770075908365,-0.0104610433883406,0.04517987581226384,-0.010160600904015271
perm_id_360,-0.013989247392630237,-0.021208892439274412,0.02816420471174147,-0.09385004985937317,-0.011789607125947376,0.0050100282812128106,-0.005254133059032115,0.028684406096538103,-0.007468328118291166,0.04991367883794826,-0.033347552820199376,-0.012231847708219314,0.005097563926710475
perm_id_361,-0.03220724390369798,-0.052960545576157425,-0.04445300059403664,-0.02661460596937924,-0.015398533440590334,-0.008756194679210703,-0.015112514951288769,0.04093772766283101,-0.010573762563365126,0.11950185618853928,0.0712259601363425,0.01731797357208327,0.034650639516742306
perm_id_362,-0.02886858658439796,0.04028010141416945,-0.03283834821835216,0.04829802201103089,0.027150262343297385,0.030189889018282873,-0.04405218047610542,0.01856200722624538,-0.019018064230757796,0.045795947065217085,0.09087325265549419,-0.042324645014557495,-0.028811720761773883
perm_id_363,0.017903366672516532,0.005249402179684614,0.05197571184656866,-0.017842937889161654,0.025384709496814862,0.09332020025385739,-0.009346810818887778,0.06262607000129886,-0.013896141998480393,0.04101813603863881,0.009801320374182501,0.007953121030117288,-0.04908863909396287
perm_id_364,0.005235983010257606,0.04440143715677431,-0.048625503629729665,0.023159826281708706,-0.0381752067927357,0.007177341152347505,-0.02134648449466797,-0.05576257110782344,0.10659221858527647,0.05339932994199555,0.11716418544019873,0.001236576016450139,-0.03668918630041914
perm_id_365,0.04510021859308777,0.0713422311868612,-0.021619662698074592,0.017408290951658363,-0.014094297320208907,0.03135204285496507,-0.027156735373677143,0.02764819957933469,0.0653512236583194,0.018394700654015574,-0.07905094510697583,0.07545091354044944,0.03440026169911899
perm_id_366,0.07666830292370592,-0.05318674663007644,-0.06333298397585743,0.007184785395554687,0.015700547251953658,-0.02422734063873835,0.016366363697946227,0.0650251664563612,-0.015793856277936485,0.07109774005565264,-0.01354036717861945,0.03067677636163989,0.01884533164758237
perm_id_367,-0.07091328303010766,-0.0022832804103256675,-0.010063129079272619,-0.010280770338251454,0.0584316410190409,0.020761780500559164,0.05430589237802258,0.0014369186255996883,0.06571557141034189,-0.038199990257294536,0.04355152348375447,0.05952780866336352,0.055700513129637176
perm_id_368,0.03990280639085516,-0.08687397683991685,0.006948000056435255,0.011415091554433284,0.03416791780134115,-0.010551700799985712,0.019155226624585235,0.05570579068547161,0.03230861472747782,-0.005335350484797768,0.040671246293105076,0.08780980293457126,0.04653480322065582
perm_id_369,-0.08599277671897337,-0.027553415328698583,0.00704927165052199,0.0908141268630471,-0.06434479519883562,-0.00434645577235997,0.13883497760370356,0.021005592799394193,-0.009679373916005138,0.06371545108747662,0.08186713467280035,0.08673035484791665,-0.02685961315685165
perm_id_370,0.005163110846596031,0.004213620941080781,-0.04900993079485315,-0.034542605552740455,0.020543162895011773,0.039473650775206294,0.016330367541633358,-0.016765307347673435,-0.014652038477631697,0.03870231551186818,-0.03225920973180406,0.031663777209714535,0.04981229559050884
perm_id_371,0.021299219057830054,0.06340317847726966,-0.038357974498341364,-0.03302048008817204,0.03146723691852933,-0.014142955813611661,-0.019015372497566577,0.023218850867009172,0.0685259965049951,0.07699771898556994,0.06006838296406742,0.0410021939246621,0.00937805852258314
perm_id_372,-0.02110150000923603,-0.013929053660111965,-0.010349508023237707,-0.05793646177217658,0.013106606293757992,0.025015179551530833,0.002764856635164961,-0.04664268095726796,0.05449818153003944,0.09051257297437608,0.001032471860186877,0.04937034298725983,0.004112762363821519
perm_id_373,-0.0800244486044126,-0.02944462018805164,-0.06101710077768419,-0.018870898705706463,0.014792642774653454,0.06699454206907197,0.017626350447703353,0.028642534874198627,0.004292424224866057,-0.000914342011935962,0.08286921312877406,-0.021883592032111206,0.09983202311607572
perm_id_374,-0.014122566730066623,-0.04908651404945221,0.010169747503836589,-0.06514407801630409,0.043955585721404906,0.0908865379295072,0.01727026664633794,0.02538354879332394,0.11300668362053161,0.03557052500797056,-0.04997680545144144,-0.03676838481441769,0.08716658003952026
perm_id_375,-0.03535807508861596,-0.0548178346737426,0.014375411921221043,-0.00450356130563349,-0.004690023225497205,0.0016228926149392455,0.03618604311808415,0.07298014101879118,0.08046304426420878,-0.03331973225460347,0.17679261865666693,-0.009932242651948562,0.09172330855172668
perm_id_376,0.012716252213120383,-0.04499831488800005,-0.025499298699064466,0.02467402616402492,-0.02080831657016793,0.07548441198673067,-0.017323953730393738,0.19376187867100061,0.0730668764601806,0.06611050275206248,0.08391189415957537,-0.00532821861968547,0.012976731670694767
perm_id_377,-0.010429909072000032,-0.05208397695868077,-0.036046535656427056,-0.04580990549342013,-0.00724195367082745,-0.001476394172087005,0.022111538238762656,0.07140951193682793,0.06813884964436953,0.014734086337130447,0.09800290846432266,0.1038139143879352,0.05097967507634392
perm_id_378,0.03907766325377085,0.014236117071185404,-0.08531083038378998,0.04611406378898421,0.0740320136565607,-0.021718892796759263,0.030358753986734464,0.02088658638273928,-0.030863844111873706,0.04922297291167152,0.012524792859056647,-0.04290348446293503,-0.004322089187526539
perm_id_379,0.003611296209743902,0.03653589321969876,-0.0015907520313038063,0.010631907228908468,0.09797303429189733,0.06397311536323431,0.02694781598330739,-0.00811122846374621,-0.05620506134955557,0.04562806958131469,-0.014587498872251121,-0.08517230036915091,0.015908333703545198
perm_id_380,0.039888723296302,-0.013751887589785728,-0.003617265981026592,-0.07987538038707816,0.08857446567116754,-0.0007607655872617834,0.06263924445232022,0.017546933476967518,0.06461685623072651,-0.011269841119636836,0.055624601653899694,-0.010954538555711761,-0.02498894051183231
perm_id_381,0.0020763648291079384,-0.08873112260142496,0.027043067201061703,-0.02625615438757353,-0.04508679603630899,-0.04972890058298801,-0.01733174673221877,0.02107101468500448,0.047575229017450704,0.1521797312356978,0.030134607812565273,-0.04660017744114453,0.0961226719605378
perm_id_382,0.0137572893011977,0.03708267351519285,-0.02928044375177927,0.047108938511715784,0.017253773726827872,0.06581502451439744,-0.07957782394302906,0.05209672842530346,-0.00011209487455194497,0.048047813237713115,0.03307807814443972,0.028996633569661888,0.02230730646075008
perm_id_383,-0.03023559801060234,0.010086398508147786,0.008060406379584498,-0.02565976709423463,0.009146990760139856,-0.010082101025952797,0.036811306949080205,0.10157819544773725,0.015375764465496206,0.0010969408764720371,0.10080648495480486,0.014589524841998625,0.029881227381030794
perm_id_384,0.007717655025165741,-0.005532123046102639,0.05404073062021467,-0.02676601521689084,0.08776461641795809,0.05455994805663113,0.011194985770692698,-0.02545076113321582,0.1079770412601709,-0.020820470352225576,-0.012519577863579287,0.013417278465900016,0.09295530599090464
perm_id_385,-0.06260361751537051,-0.004642516181870858,-0.014522937384371817,-0.0506521304218897,0.010167112163543999,0.01227985622502896,-0.0713585190605918,0.013081336108438623,-0.021073786188121457,0.006542011603597745,0.0068560995871390935,0.08094502980012637,0.07583621018030309
perm_id_386,-0.0051337276801722434,0.010056673497585251,0.013910277022448113,-0.039679911912196095,-0.029674430338605215,0.08507887962159255,0.04288957384044013,0.030214355136225144,0.08469920475925795,-0.025508525470958936,-0.031926461598177226,0.08367177205060762,0.04990021122342014
perm_id_387,0.005295193855401351,-0.012465606843742637,-0.04363100220231031,0.019318798149241062,0.015002167474839559,0.003866618433773107,-0.03125127541048636,-0.026558606193296586,-0.011023023454262,0.1123962818960064,0.01630943266483044,-0.03429987065807026,0.08838896462823764
perm_id_388,0.003235690065347893,3.2911969891916445e-05,-0.005760233018707477,-0.023974512275356283,0.08737347974931531,-0.013042582419487058,-0.07816344704063424,0.09108167223828133,-0.03279729195603317,0.054118557913649,-0.0666424076948854,-0.0008696293864512635,-0.01249217629347681
perm_id_389,-0.014278376582773178,0.00903410115011172,-0.033267892178032415,0.020786665650140344,-0.02364664078119755,0.015338070736347542,-0.00661379128217617,0.06223551587444603,0.04886009357461964,-0.0018224037534669737,-0.011853905561115166,-0.0072340439206170296,0.05103504936135463
perm_id_390,-0.003847273087420535,-0.018519863258121473,-0.05638881172280552,0.008425245495011583,0.046321842338501236,-0.02092233105960243,-0.00861611527053963,0.027387173993132057,-0.015158369640472777,0.0001995381934289347,0.033441809238228454,0.06768029130250414,-0.06382371767491994
perm_id_391,0.06316374593453764,0.006376480693461233,-0.05634400431658353,0.051586298680642996,0.012856227395803707,-0.03455038454597417,0.05970305438367184,0.03180536232094108,-0.006244034228370043,-0.05034836641899709,-0.021523550257765763,0.008377667422683931,-0.03536225186352985
perm_id_392,-0.0323543393798672,-0.037133463480007935,-0.006563903158033076,0.021909724548370174,0.003349302285199287,0.07260155259362835,0.007341857536209704,0.06060712635048398,0.053587350056362025,-0.08335546174849039,-0.002527085500944974,-0.06788336117940719,-0.03782017759457696
perm_id_393,-0.016284742775260683,-0.02744250481856423,0.0020883719551286596,0.009054030494475085,-0.014836791272851533,0.08708484137250355,0.037504031658574216,-0.020820373208602434,0.07317427694658717,0.040334512509998706,0.04634974007054111,-0.04576899752779235,0.0696583317408073
perm_id_394,-0.012407376235452119,0.008330083529745647,-0.007727897255944635,0.04567118575557929,0.00820227948489198,0.010157809848853385,-0.04930958218224943,0.018927999496964235,0.0864959142102635,0.02147168350468993,0.00953649712821013,0.004189873584664519,0.0454735113356827
perm_id_395,-0.011618530026345164,-0.01619837137120863,-0.10031426254694654,0.058674465582746735,-0.0932894833278595,0.010900198727549316,0.028060521892117066,0.0386758190806326,0.10001801476728595,-0.019535053103365965,0.06777871370963894,0.0323433741072716,0.0839397474060153
perm_id_396,0.013559964188075766,0.001410107987726375,0.024634440334371687,-0.07689247712110447,-0.02491987118881364,0.037667990899536596,0.008091600539084549,0.07357717525348437,-0.011324549232019145,0.03771966010241258,-0.042052415023481435,0.1290627461290767,0.032777510779340685
perm_id_397,-0.09734076845477815,-0.0016735558015218504,-0.07518927786018358,0.02041524714006009,0.017871787622510134,0.06062808483296378,-0.0050859147369960046,0.0019617874288827765,0.06010852550240031,-0.01186244459714739,-0.023765684128793492,0.044356474359694,-0.009174763776562457
perm_id_398,0.013234976937936583,-0.0056678823489760815,0.05782833049358467,-0.06110208284741253,-0.02258515677152997,-0.03436696487241363,-0.04037235241182329,0.166300383654827,0.024096405919562556,0.054438829519132946,0.07493191209454242,0.13345131225617496,-0.029369193027028687
perm_id_399,-0.1253244607626583,0.009492108458725265,0.04770713535465983,0.07328331755504652,0.050211010650320693,-0.007868778045017271,0.10037621943657975,0.04040379297537267,0.04775193862721587,0.0730768367933865,0.06197302084478881,0.03576458305408712,0.05868908095067349
perm_id_400,0.011371098308594233,-0.038427197423998444,-0.01344502007460289,-0.032959495294371415,-0.05721659472443885,0.03614413664537058,0.024654961801793385,-0.013931650007127438,-0.0015165237480279795,0.045609369032916625,0.06147921359193099,0.030011124709351328,0.05237584506115588
perm_id_401,0.006732428405322994,0.039341270995108577,-0.017693931936093473,-0.015129393208939731,0.039802682831619446,0.017960513371124167,-0.004827386428286567,-0.04657272634301534,0.004730416880622321,-0.0061317602604902335,-0.03680581235687745,0.10933664446807675,-0.002574534289266835
perm_id_402,-0.08630011606712021,0.031087831825787216,-0.001370463016313011,0.07883057133999029,0.015180215094093027,0.044916510336999366,-0.0022493659445248174,0.15730388959719074,0.0773956620026897,-0.07086787993917541,0.06463435222997195,-0.04508470057571186,-0.0008232026213843697
perm_id_403,0.05027599651811422,0.058818716098805304,-0.0404882709600356,-0.015147741157077439,0.1009742836396889,0.01798204460554955,0.04323755060498163,0.03301236999738909,-0.006539544013848729,-0.0012085216561188792,-0.044346877905118744,0.11360124603625885,-0.01956300578179311
perm_id_404,-0.05439212768603168,-0.046861390925485934,-0.02865367558474056,0.04034815790336285,-0.09581045689223276,-0.021164407706590272,0.07873804712333976,-0.021841299611883032,-0.039417821881945134,0.08438137036693515,0.059689010801313454,-0.041474535637633606,0.02503865607298741
perm_id_405,-0.08166122340757405,-0.019639281002296855,-0.016554889165690086,0.023219256150386006,-0.014447596354496111,-0.027471835071344337,0.0332744699648401,0.028300129589933085,0.012327334377671237,0.028898499760956722,0.027959127220453687,0.06465497582575143,-0.028269890122373128
perm_id_406,-0.07164227488050437,-0.024872301612297396,-0.06408774236158982,0.016896261137952347,-0.07974469204858324,-0.047354799747841014,0.002328932091219025,0.029843279765312546,0.026974461602595833,0.01233278910623371,-0.0622854246739845,-0.02588116004383275,0.03329251453734967
perm_id_407,-0.06317710193088046,-0.041777580797418716,0.026803724441835625,-0.0029300815398568573,0.03825902365979254,-0.03238159010947925,0.05285150256993494,0.043645241778308676,0.0036796133526792226,-0.011876133177985186,0.060399370074338814,0.03695918195796068,0.06462661767920758
perm_id_408,0.008358390146321264,-0.07562181949291788,-0.039834165745722974,0.02648821274769129,0.04961853071347727,-0.006313333998299863,-0.0629896280341648,-0.031058110685674656,0.015707467178102025,-0.005447750198810943,0.09752912412407161,-0.07089292880774876,0.0175143122047244
perm_id_409,-0.06961155231506799,-0.005597610813651952,0.0013978777540124318,-0.009713585180178005,0.006003174889211907,-0.020762685775743427,-0.03542342701092443,-0.012885215185118674,-0.02356700610982369,0.024548528837177362,0.020143025358110498,-0.04944589457583744,0.020652223238814924
perm_id_410,0.00162407715052164,0.01398619652746765,-0.01547421516440825,0.04400058685661476,0.0241554089548469,0.019342724502986366,-0.0005901847642123224,0.0043822186276469225,0.0907354244854489,0.061324184783349604,-0.014713555956893587,0.027752214538843134,0.05920466593160664
perm_id_411,-0.09673177278529602,0.020547207463628942,-0.014286044407972853,-0.028769030477302112,0.0110368100589121,-0.030519436317076876,-0.048461703179380575,0.04239770322832127,-0.01726074302125945,0.04192663965765857,0.0930666781356474,0.08546825319722694,-0.032902398408562836
perm_id_412,-0.08813186455756757,-0.00657395763168161,-0.10746168668485792,0.09071575756825302,-0.0006504639458870079,0.0713524486639138,0.031448651435159555,0.04410379825659758,0.09937636985019876,0.01644758105918767,0.06820486756810512,0.0011300221561826229,-0.007212881259678233
perm_id_413,-0.029041211100476937,0.0411038390345208,-0.11363249653472934,-0.019504606701980176,0.08789612417337335,-0.017273798677992634,0.021572925190304126,-0.0006974935702961119,0.01711919150777646,0.08917677256129891,0.0386940438113533,0.05712800984563227,-0.029805251411058574
perm_id_414,-0.04191812040816941,-0.061185877012782774,-0.011705913485592257,-0.01297749321683344,0.0836919198973378,-0.02716872244312863,0.04469648687009205,0.01293211766110179,0.07158659688167365,0.030127532032084167,-0.011794264552958903,0.012460957495604623,0.10375809420440306
perm_id_415,0.014024900405323113,0.02237084350995464,0.01738661139427714,0.0829731239101678,-0.028094937615251007,-0.009643690135705494,0.0330480350599308,0.029326487253657024,-0.018747919073092072,0.07880863422648236,0.06000598621795938,0.05164462267708758,-0.02900094518430009
perm_id_416,0.0960393796111456,0.019777586924872335,0.03847263829433203,-0.03828474342359215,-0.058088776315864676,0.029976405158210578,0.008168893608858047,0.05107888535310456,-0.024941107904431492,0.09166509684605928,-0.006027407610475636,0.06182475834070396,0.039388187907840815
perm_id_417,0.05437343093936033,0.001762403355112897,-0.014665061090682878,0.0627216448209956,-0.012101071956998893,0.012469814325400078,0.0340872015547024,-0.047598322616007556,-0.0006522945685345085,-0.028325981085982322,0.05307968258198529,0.065910766961596,0.059330074395839004
perm_id_418,0.0030013093109082538,-0.015172290467589365,-0.015781052622897765,-0.06791305378910091,0.008113378882793749,0.09412115990501833,0.0235281518942635,-0.01452629984019531,-0.01612328969014898,0.01487302943378368,0.10075999601376318,-0.004986299634632512,0.013248350905140153
perm_id_419,0.005615639171030352,-0.031388115018641735,0.03676007487381037,0.017963464003220332,0.04096349916514995,-0.021651374170437714,-0.03836767765568602,-0.017897540264848195,-0.005500265347926743,-0.022091381657218953,-0.052836832064362745,0.1414264577351932,0.03398726278617012
perm_id_420,0.035312661680487065,-0.05348245594868946,-0.04024093684778914,-0.00937943350407027,-0.004253055181385197,0.06747424928718108,0.006445559789497067,0.07370421757089805,0.09092699223253685,0.01337315865279534,-0.08676600400050208,-0.06824273191150282,0.04053425940839295
perm_id_421,0.050587726547643215,-0.052516674855383166,0.007082340346147588,0.06498780959559565,0.0014837667208190929,0.03426664459732893,-0.03226618836375021,-0.01428133826880657,0.08607570790559187,-0.005461987788151852,0.09661291384075985,0.05553179074139133,0.037381467452174716
perm_id_422,-0.028538668890193054,-0.05305001025471346,-0.07190250584392552,0.059632933092382774,0.03294188754863026,0.06065751900890083,0.03462609231277363,0.00841592176813771,-0.000421981838275779,0.06228948160420386,-0.06520672846727199,0.013089192918427368,0.03321652874140079
perm_id_423,-0.05483805686915075,-0.002492762237618303,0.0328533077365783,0.05567034238658102,-0.015528403452546583,0.09483852726101433,0.05074955262941354,-0.003506804006885177,0.012815202275687113,-0.009664875019256437,-0.012019839610921528,0.07033724474851369,-0.026443341969971685
perm_id_424,0.010799821303107845,0.004980674149988657,-0.014494186882636805,-0.05895814202326551,-0.005075459353847088,-0.01967713835387711,-0.0051440982100536435,-0.0048809641769451545,0.14708703510971802,0.02312823909358831,0.0812104883607829,-0.02280399068538814,-0.031081386478881777
perm_id_425,-0.07806871661472177,0.03243959935679125,-0.003664221671804457,0.01834788127667216,0.040847032329392026,0.07640363010419611,0.0005819089328198857,0.0465353441330852,0.01089281877693704,0.053615521240720776,0.020383250733962705,0.060337586564899064,0.015807182947975243
perm_id_426,0.026775319838783014,-0.030958918488703573,-0.02686515428950486,-0.04677999678044114,-0.013465651744231338,-0.03390464733487439,0.03949279633446514,0.03200613071057906,-0.01816820017723327,0.02313606211752164,0.017723951521242443,0.01299286342324035,-0.024387040617410673
perm_id_427,0.04985851218596443,-0.021961312683207494,-0.04059545770803292,0.006298910911204642,-0.02054287853753128,0.050038201430776565,-0.05726334004381342,0.023033255659195225,0.11762200910505755,0.042684813521176215,-0.014073926319967468,-0.048724463300201436,0.04678189415039454
perm_id_428,-0.015059689099832836,-0.03354171542809341,-0.05126091194456252,-0.08283677176457581,0.009018424340063697,0.021969812994631306,0.05800819615494269,0.07581436116231988,0.07788218440459652,0.09676970473682568,0.010628457802229289,0.055848898762049994,0.014425194037477107
perm_id_429,0.02491472688515114,0.043558547868322174,0.006773035689866771,0.021779619614082306,0.009526415383203788,-0.036239603929,0.05736578203168951,-0.027408708455916402,-0.0136889164610322,0.014129707004005135,-0.009936215893574522,-0.02997352774807574,0.07454488401893876
perm_id_430,0.03172326299029576,-0.03649868104365543,-0.013894341368064732,-0.059455763725130055,-0.02881102344475397,-0.009723819883650706,0.02947280474966703,0.10377184803612341,0.014778323598857418,-0.00810567414295988,0.06971552778733378,0.029006430979428382,0.029848195209329863
perm_id_431,-0.07339189772800218,-0.06480781310243632,-0.0637902974960909,-0.00020408800009797846,-0.06634184168121951,0.12618648986046146,0.021604632549533688,6.674783383845009e-05,-0.020064964365689792,-0.0061811527650147665,0.025588855345309792,-0.01844134552585143,0.028478892986279557
perm_id_432,0.06493110259904342,0.06230932763442477,-0.010354218210286115,-0.003033290749555015,-0.010336214982429792,0.03405708061590622,0.027172169810547188,0.04673676522885668,0.02655139770216666,0.0143338155660495,-0.00033819370925547703,0.0475563953981891,0.10499937947221857
perm_id_433,0.026522302992148413,0.04317744307519032,0.004891727017103003,0.02912874553341003,-0.05543857139197584,-0.0077735299394555485,-0.04168539413821673,0.0256219916572541,-0.024629194710767355,0.044396918105335505,0.03405561666211528,0.08211218376933843,-0.05915812285683803
perm_id_434,0.005082843468339105,0.025938675086486222,0.016049960510828108,0.01931441211808866,0.01089706380229594,-0.024379880540389386,0.0557226219684614,0.001102575086337001,0.056395611909305234,0.0007295035342545626,0.031741771596474684,0.04944208278780519,-0.008386218603056446
perm_id_435,-0.021496463340273247,-0.027018340009631884,-0.01620128300241669,0.01078123098976214,0.02065142420964923,-0.03877724964355977,-0.016851616629261205,0.03652233386369537,0.006709211311712866,0.04680897515767968,0.04956432396133546,0.034375303843712623,0.03288940961413409
perm_id_436,-0.05682184644793109,0.0016361927119518341,-0.07023982731540115,-0.026030133873544418,-0.007979690257566128,0.07097917632805598,-0.041746477349824916,-0.006683456682013932,0.05281299171505451,-0.020739440910241384,0.058122137435422085,0.006242771637194924,0.07882439469424632
perm_id_437,-0.03657621111234203,0.05742675340863943,-0.028944631178002955,0.09232441876068842,0.04048754066768337,-0.03944651134174907,0.05811287783404045,-0.004069462762140657,0.10464901457637975,0.021205353356940602,0.11692488932865332,0.09250319078177505,-0.011234043844405038
perm_id_438,-0.03353042889997099,0.04561324364421527,-0.014537881235066545,-0.0648799935754932,-0.05590101880469686,0.017940386123648976,0.008393227467150433,0.05439788859822021,0.05718263712802983,-0.000769422434032559,0.017213749649558706,0.06581468109259511,0.05357616727578182
perm_id_439,0.026407358862352612,-0.00047528319783068224,-0.011193549778238799,0.13270624141561554,-0.009488373278613278,-0.03511024233031909,-0.03290348229256089,-0.02755899457024306,-0.049927586782428174,0.04919276289762247,0.0607688520054049,0.08655672921612409,-0.05943654056897996
perm_id_440,-0.12024287226262234,0.05135840837249624,-0.06215333241403959,-0.02639376582449165,0.02007832637461119,0.08820966184149279,0.0737687718949073,0.03797664125592512,0.07474564730926876,0.03872679466246896,-0.06118577336951746,-0.008658967141424431,0.03253969921386359
perm_id_441,0.03075819050352571,-0.04060402368028854,-0.025129030203727545,0.01837545227567554,-0.025460343067342055,-0.013053902588437395,0.015723621215102134,0.10970128783073577,0.09253090737775926,0.014664924822576206,0.022700082076557007,0.004095765159674351,-0.02823497004118263
perm_id_442,-0.0271280272938893,-0.05900999198386844,-0.05869084212028669,0.08424602617445465,0.02028330939454551,-0.006737447556740933,0.057652467923746016,0.05054679100419429,-0.023577027350120787,0.08502179910332712,0.12045561885194576,0.1366875225054789,-0.04009576950459248
perm_id_443,0.019334704006620917,0.008971148952583469,-0.07118560841917065,0.03512117459069817,-0.06183820928230478,-0.015404244385541228,0.035917599735617915,0.04687105285781437,0.01514386289031116,0.08420228210403884,-0.016206604049816144,0.01155921526542408,0.020412080279557675
perm_id_444,0.044599283424679656,0.01733756581869075,-0.03231386802147687,0.041073973735135334,-0.10006668041714577,0.0003648424845041307,0.018370545205775884,-0.010955334786988702,0.04300947159566625,-0.04516224270526125,0.040228007966183914,0.04175046203747277,0.06344976021974993
perm_id_445,-0.08150380525753123,-0.04173067977251528,-0.041656902609944646,-0.0006894801459850629,0.03755774228650495,-0.006105808710119354,0.00443287684304745,-0.0015175595617667249,0.14997687385741176,0.023510946276533246,0.062320318130517645,0.036324333208733725,0.01447169915666387
perm_id_446,-0.061608489165003145,0.005205850565469218,0.002691793810753755,0.016663830991610475,0.06391316683749203,0.0609733440979171,0.0015149121696501823,-0.027736513651615207,-0.05423829976849856,0.05353030783835169,-0.01915169485861989,0.034784205465969505,0.04834607480905912
perm_id_447,0.046590704763378225,-0.041563959408678706,0.018630869776277818,0.07749278016037632,-0.03596820584755452,0.034566705911499344,0.004900888084241695,0.0018984248302324508,0.03084073500652676,0.037435924378565126,0.01864934376401273,0.009720379343066054,-0.058890929301018594
perm_id_448,0.07338958578427542,-0.0015418091371453304,-0.05964875456558715,-0.05891570824889869,-0.0181900682697198,0.10289265556223254,-0.04269817075087618,0.06071268636231282,0.13993532313482485,0.08839784597438814,-0.06571596433268796,-0.0046091834258716125,-0.03331210898817784
perm_id_449,-0.004866656240597227,-0.011495809355175622,0.007862403821415835,0.019170533060394464,-0.026488527000055502,0.030169109196904506,-0.02589974828037797,-0.005412413863964204,-0.00915911220224871,0.039099844082424645,-0.043197549923461705,0.04482893116226174,0.030933327123410025
perm_id_450,0.04511916157687479,-0.04750426750867591,-0.05322110111473681,-0.021700561503690406,0.029840666498434677,0.0250598342442135,0.03827545127780691,0.009785179782731754,0.0018033983028094152,-0.019715666789660306,0.04645682925693348,-0.029385722785852712,0.015652000144118265
perm_id_451,-0.03763503985488234,-0.048208000005961524,0.013252346154268131,0.013861725681874076,0.03103646165774923,0.0030565674034069845,-0.05747688116743692,-0.03688304863087046,-0.014718139391116675,0.0424916157827578,0.02736040886219469,0.023651904802071865,0.007573597934219444
perm_id_452,-0.013813946181028885,0.01774641823417779,-0.01610422541224078,-0.09066893966037157,-0.0012569872568652884,0.030949357782565395,0.008962604196535356,0.00713858172213755,0.1060346947197913,0.05623823925920998,-0.05127048099164005,0.027400251430752816,0.16989309678239803
perm_id_453,-0.06892910726290569,0.023672728944217382,-0.0012570573158974167,0.020109415187806113,0.0700910926109105,-0.06357940619860288,-0.027296323511524778,0.01902169028277287,0.04469925249739131,-0.03399248651961033,0.008224341982018648,-0.04714872998806421,0.019152687648869328
perm_id_454,0.03372800819013805,-0.03907961283558985,-0.017616556290727316,-0.02212514505700396,-0.049076893212957794,-0.009106103521680948,-0.01714082718462015,0.0010029057713125582,-0.021921923630382423,0.08444240945901589,0.05708148029621223,-0.040419468203706434,-0.051756115904717674
perm_id_455,0.0741345859244069,0.0163915285895292,-0.01678649031388018,-0.03820429684464056,0.05943249991585073,-0.04278365721543257,0.01842868246614924,0.0013468481485407464,6.280608430577377e-05,0.010436058699772325,0.05237169031257262,0.02785614701300817,0.0462082181281349
perm_id_456,-0.019063494787944512,-0.018736084921183453,-0.03588821575042631,-0.015322471129710913,0.0037388284609722257,0.02566521382259815,0.016166875397541,-0.007986299137441472,0.04452944360617279,0.11434155289103985,-0.038786060238818636,0.030704734072528786,0.04336346146899952
perm_id_457,0.07247911203469404,0.023888370872767573,-0.010653581044669168,0.014097462886173836,0.013182963566911426,0.015626876757283432,0.0613478328383869,0.00011083694940038267,0.1400479913266498,0.04643277562552659,-0.05747257264281016,-0.02460114826958565,-0.0009450503196977272
perm_id_458,0.028292825066303314,-0.07063786063116559,-0.0001023481654573572,-0.0025824013191644963,0.054450351981857964,0.05338288975254173,0.0570629806562698,0.06016874986091217,0.047238824759827276,0.032626367745074505,0.005899927282804893,0.020782998245894798,0.019505099102325646
perm_id_459,-0.031351843899899014,-0.0866211191837398,-0.018297442674434252,0.02382162219208535,-0.05791563370415456,0.12340953145325902,0.018411587937984114,-0.013084810761057858,0.03550759576071771,0.06483472496389223,-0.023874529860850813,0.0447823151501216,-0.005964113748397618
perm_id_460,-0.10444377739427708,0.051241353205019824,-0.051196598035650756,-0.09155897450438251,-0.0017460262312367105,0.02917843539586657,0.01621241677831112,0.01864599971284958,-0.009376532689002497,0.150766255198036,-0.09267790263815073,-0.019982153053938845,0.04379667898094915
perm_id_461,0.030845171504666903,-0.04580656310802475,0.013186941302481724,-0.023432566907986264,-0.0022004585426896556,0.06527802234111496,-0.05911263898914232,0.04326736424396397,-0.009100606888061349,0.001347814011761823,0.0036971292519391704,0.0031189999872862544,0.03838668922688616
perm_id_462,-0.011676240181923122,0.041468076804335695,0.014645353878621136,-0.018082915927465835,0.06838500520103405,0.024568477003043467,0.012403213013378682,0.06796263570907277,-0.020238784543930285,0.05945274610672811,0.05505262026418092,0.012075978060471932,-0.0064572665194959885
perm_id_463,-0.018832542411902794,0.059246591205949446,0.018355574349072826,-0.002256393801141385,0.035135406974052014,0.056339813276235697,-0.01874208109975632,0.01667954775547422,0.01765012719101772,-0.023419492253936736,-0.030301828896771375,0.06211739561743162,0.07176112539039951
perm_id_464,0.08364369345181344,0.020197484995391993,0.02620966459423989,0.09610822032097188,-0.0377373605522563,0.059842232553007836,0.03487250048238315,-0.027071363575443017,0.07188159541882831,0.1239979798908635,-0.030911726061453045,-0.03619913647677431,0.06193862982759877
perm_id_465,0.08951515380284772,-0.044810617625552426,0.01716307873053546,-0.029963280594888477,0.054392163778101056,-0.010938695985030496,0.003876959727534007,0.0870378537978744,-0.002457547284440173,-0.03396843263827514,0.04677276216253582,-0.011718160303187298,-0.012870543844688812
perm_id_466,-0.048548629831293585,-0.06511114869094924,-0.036156537658645266,0.05195901254215107,0.03487621191522038,0.09371608798003715,0.03148734637263783,0.05809465977256401,-0.0030220098695602875,0.014346098277847013,-0.03347985835344056,0.008253531489743445,0.019477389697778315
perm_id_467,-0.015621693443787641,-0.027000035063631515,0.013311390992800277,0.038179775713861594,0.09553154852163244,-0.04553537747887977,-0.02880396154672852,0.013124476405624813,-0.005071578143376664,0.1118504684702023,0.07490140165464523,-0.016454321411676905,0.04496187767105704
perm_id_468,0.06547311550156336,-0.006961862979519382,-0.03948237061378679,-0.0752562219377553,0.0212876152837252,0.05785514706080294,-0.026614889989775365,-0.0044651549299151265,0.013648003162340515,0.017266470340223532,0.04534726761633431,0.01528586135689377,-0.03815465133526928
perm_id_469,0.006662287731645134,-0.043441997382928046,0.0009791812197167918,-0.05360444824438546,-0.0028925128274453673,0.02443030658479373,0.005872360697887409,0.053941520391899964,-0.037425290841611336,-0.0037957165276465733,0.01994965634910734,0.04913543337665352,0.054632151975449586
perm_id_470,-0.03051722510246238,0.03738468880467697,-0.06528842932596217,-0.03915089194295756,-0.07191599266684817,0.03153343080971431,0.061497925198936765,0.03878796791623829,-0.0039663124180840705,-0.04957223734627111,0.13553530670074154,0.036283388719547414,0.04442268387803457
perm_id_471,-0.04497450572916571,0.006454378529759306,-0.03808426159101638,0.027853729924054153,0.026057094373790217,0.008407789286756208,0.039066802727010304,0.06360088549799182,-0.023396690262837076,-0.012966251317345755,0.014719845279730883,-0.0737588738953974,0.05189382051139303
perm_id_472,0.009081967933152794,0.011670184785295353,-0.02714562763041225,-0.008219672818960508,0.11968548476475817,0.03197829596450128,0.016082089047835917,0.02515039044879229,0.10673844825102445,-0.04326518988516328,0.06309124029912867,-0.021504335852928762,-0.04411365406635081
perm_id_473,0.01782648821334919,0.06294917985452161,-0.029039456649170303,0.05205373763151067,0.04152165492010816,-0.044610454870705335,0.037848584979557245,0.004427383860309155,0.10391069100076722,-0.005472254581678428,0.06832715318061704,0.003994004685076644,0.025542173675427896
perm_id_474,0.018146534904567913,-0.008116550464590129,0.0196471269499452,0.018626670271656678,0.08079579896896161,0.08716749204706156,0.07534532213500861,0.004347059511185765,0.030507520970899142,0.03218075530570677,-0.0389975411746847,-0.0021259895261404177,0.03163720683523599
perm_id_475,-0.06268284857974653,-0.0197569517293004,-0.007946359336553584,-0.012224660539717942,0.01613166775383883,-0.0067302824753532175,0.06620178459088935,0.06474799942703689,-0.00823021763079873,-0.04016271661283991,0.12060423159893283,0.02033535326681463,0.021576901172665943
perm_id_476,-0.054006862135190147,0.02559829870739248,0.0011702670336452862,0.014780232908466376,-0.018986409079537296,0.019877927723222177,0.025991973205958637,-0.00933164170540882,0.027413528324283204,0.04453135707075743,0.038957162081275816,-0.03226484500873498,-0.035612216958012595
perm_id_477,-0.009953304662198062,0.02599879993633417,-0.07712791298204104,-0.004303978814650473,0.05392164156350121,0.005695767239583553,0.021835083462737884,0.08006071150573851,0.015181367976573355,0.09079387505412585,0.1208666324016451,0.03229546028899435,-0.029784855288442966
perm_id_478,-0.025222827585832157,0.0019120380918900089,0.01611835077345559,-0.03306749210892253,0.023469918268521545,0.06027741719227938,0.06631755062210296,0.12396694617087213,-0.019306862066853184,0.08495832635838502,-0.0516217006325356,0.03317709503353032,0.03520262767600065
perm_id_479,-0.03240499007766661,-0.01937721292349027,-0.02212611319286532,-0.002569410750937608,0.029150474494570384,0.02779270758882875,0.04240190659321709,0.08472505688771864,0.07616552484503554,-0.00963419332345416,-0.0036023884139836696,-0.01666234577829075,0.012009498795545796
perm_id_480,0.004716382134975674,-0.056958443592634675,-0.06551314394475617,-0.03557356885479928,0.003188535590550096,0.04053719927119651,-0.0016863789057514735,0.05159652678526291,0.012424010198146124,0.054613385684217856,-0.003970813380953372,0.028593699229596103,0.037447041283472864
perm_id_481,-0.06080285552200776,0.022365778849036053,-0.05207176617238089,-0.07294698507520772,0.03201050504156434,0.05588200201907548,0.05505339116985144,0.022225185529176815,0.029127587710821416,-0.038812993867666665,-0.00917348446436216,0.0019253625539870252,0.015715547197800866
perm_id_482,0.014224608735912154,0.01945406654908178,-0.03567310451090397,-0.019366593092971958,0.02411204726787382,0.09825798724808184,-0.05396922947905804,-0.027649989733241308,0.04943537055104659,0.007006427194042824,-0.017011446034655067,-0.009342373749303867,0.01446071955242037
perm_id_483,0.010632491336550446,-0.04920377479395743,-0.07683823925648561,0.009391767252673345,-0.03639055689839179,-0.057371398625993816,0.0032955701367707955,0.00315210142595127,-0.004216753143930594,-0.05223767759709055,0.026834679904851985,0.019830408794417585,-0.027978714024464578
perm_id_484,-0.07622143625931092,-0.0014989325478969567,0.012816255880206913,-0.01701112396187129,0.022655384410769027,0.06259556330959745,-0.029247527710855103,-0.02115552362902276,0.017304949713626748,0.12960081010832544,0.03087176035681875,-0.004950448007937117,0.027255196468396123
perm_id_485,-0.02146457407607035,-0.07889339018113523,0.027036601267187287,-0.03612652114818976,-0.036428307217610915,-0.01953565320754906,0.049356160085401786,0.06415989486413207,0.06066820742237962,0.05502454856754576,0.059787627832204454,0.07967404117778175,-0.005724178122686033
perm_id_486,-0.04527357974997053,-0.0027909276086139894,-0.033599556741793685,-0.055996354730455396,-0.04550155378928096,-0.0025772372635060113,0.10567083718857002,-0.017305521161166314,0.04397450972986051,-0.004682559257678089,-0.0112256266754003,-0.027696675963943533,-0.0030048597337331995
perm_id_487,-0.028183076531080292,-0.006626622184662495,-0.023560137943816888,0.01906254298066701,0.06462798263398921,0.04103911782259344,0.057920648541711216,-0.04346069340433778,-0.004618675372977513,0.0988239710668116,0.007048107027679476,0.040983250950851514,0.050970425627503424
perm_id_488,0.049088103092317516,-0.03498854436559468,-0.05917176328330776,0.018204956090915794,-0.018483781721850917,0.04872471098611054,0.019015450228834743,-0.010885318755748058,0.03939082579491573,0.07467786890919682,-0.002797271425518081,0.0611344076614259,-0.0434466304889865
perm_id_489,0.03374516620158519,0.045740185946288155,-0.03302270832072534,0.06859724735152155,0.09413933197557267,0.04445733464813523,0.00882121031111919,0.01346649015078904,-0.03158805146908922,-0.0042334445396122,0.18538577637748663,0.05022129335811973,-0.04685535310194995
perm_id_490,-0.04195172464262431,-0.005251379341787333,-0.04001085861790726,-0.022088102339335454,-0.021304914209740802,-0.019062296964500316,0.0016776967840483913,-0.01573117450059354,0.059605841100179885,-0.006225830471447928,-0.036446757367718165,-0.04779511506241924,0.029060987028424586
perm_id_491,0.045063249338145255,-0.04456991891206845,-0.05733853853225636,0.022184287497700694,0.0864270773872775,0.05580864268720989,-0.0010477496441815776,0.05131367079468667,0.17139934600321022,-0.033620134532180296,0.0011775712552548555,0.009613475625576802,-0.016443015797732673
perm_id_492,-0.0265822805108841,-0.003047702912791805,-0.007244399746646961,0.07754344145210049,0.04625411835506991,-0.011163514682133297,-0.07905980853580942,-0.048799346628087305,0.06081791248249785,0.030254439583316483,0.049571169326212805,-0.03668895609599386,-0.029397100689988905
perm_id_493,0.08676416694911071,-0.022151967181040257,-0.03597098311422544,-0.03529442151355519,-0.0173660591053513,0.005035119893319686,-0.011977609102466258,0.09835701053056994,0.04870526776837162,0.024678336288946865,0.081177165477742,0.09972784382086894,0.03442257201241353
perm_id_494,0.07467061215653385,0.05236433773381087,0.0010014510515756647,-0.044849383482196414,-0.04992288638391551,0.13135058900674162,0.08286588721176111,0.10192126139405634,-0.010224430784888458,0.12354095227482285,-0.006133483398613365,0.027364677070270193,-0.057019861691665015
perm_id_495,0.03564818082125738,0.1231152563794818,-0.003089323910377318,0.08844141091504519,-0.0031965726917474384,0.009153195957845191,-0.0018533040253568454,0.048955930539603065,-0.011174852101527206,-0.061948107643871535,0.02069957797139114,0.076637162607414,-0.0031486277319242037
perm_id_496,-0.031500899832149744,0.018177715781349628,-0.0468370790455106,-0.018492765205386265,0.0012466661087473852,0.06875991541687838,-0.0272868128980526,-0.0407757781386629,0.03821250827900151,-0.03774465056618141,0.06649772792483591,0.028510574676071977,-0.03991390067570656
perm_id_497,0.03535965867264942,-0.021000530751708612,-0.05278563180163695,0.036081480578706165,0.03755709619507563,0.08129901164160157,-0.047284224889130894,0.07198360430309052,0.0657091492399124,0.03166577779568639,0.011822164826811957,0.007222345001745247,0.0019237532810318359
perm_id_498,0.09437111400592946,0.020121692731236065,-0.04468098669092587,0.05309064542814479,0.02410291075768334,-0.04863485799308451,0.052840140759963475,0.07644078432084424,-0.01268769406391686,0.0325024114749595,0.007564134275924951,0.05756345279870426,-0.001324297734410154
perm_id_499,-0.03375104715722411,-0.04076162917240352,-0.07938007807915823,0.040784045890117915,-0.010509827097023026,-0.009556180104717902,0.010695745958981274,0.07208293241715988,0.03173340538298047,0.0005385396431363467,0.026595101320519957,0.026927294841021642,0.017503486167135537
perm_id_500,0.018238186705336,-0.05508764734224958,-0.042808345645435224,0.03299927526783,-0.02368377337094647,0.07981687233440833,0.012050557394158756,0.0014321952822515555,0.012489817467442722,-0.008592451479022553,0.032879363628338605,0.06476106529566031,0.025047840191080813
perm_id_501,0.022705462620967298,-0.009429643177623062,-0.04355802966461086,0.053437046266675635,0.01600565766070543,-0.0071854389394421184,-0.06465873652338962,0.015026022866481152,0.046478568696814784,0.01626502518956684,0.009192060577739762,-0.003742860707973079,0.03569925153444621
perm_id_502,-0.0015561461332240494,-0.09424982529277201,0.022536019843004036,-0.006849511232294143,-0.004945089205257797,0.026695921323365658,-0.008654785983228379,0.017960061636311236,0.010523302738484907,0.06396412166931456,0.025031472943747097,0.0844427232788958,-0.010228926398967813
perm_id_503,0.0010003132344300059,-0.0879204045263916,-0.004958656536117454,0.06512970138083023,-0.0018829825008822992,0.024611013447228998,-0.05172923041933508,0.007491394339879374,0.1307017865824999,0.029026517647315366,0.014557091514870883,-0.015307457289452018,-0.02298262379080603
perm_id_504,0.011053976327559825,0.05550534643879624,-0.08399797921166852,0.00810042093128777,0.004122857914967163,0.08084152312757123,-0.03657449299289496,0.052572023130934266,-0.009310581905524876,0.023069039617688525,0.048414325721017434,-0.011593169093255603,0.08602347099344121
perm_id_505,-0.07661533017293846,0.059286040363155275,-0.03231960155422972,0.038893710126484925,-0.03085842166659588,0.010057286558014876,0.054442765823147485,-0.01405316960819161,-0.05312480076112165,0.061245820137332485,-0.06341456998151938,0.004770575804181639,0.03700869618276081
perm_id_506,0.0073012003127836435,-0.08478118808843853,-0.007236052935745407,0.05405845408436502,-0.02125054923556458,-0.028557520880438062,-0.00530301451627624,-0.047183075524823495,0.044157286408265904,0.0228550490977616,0.05913036638614643,0.0034652121396859157,0.07138605517181268
perm_id_507,-0.09862370596980911,-0.028281314009944443,-0.05129096629957292,-0.0012993948805921625,0.03101035131029614,0.036065417791864535,-0.011728205700619351,0.07416745815655683,-0.0036272382706545436,-0.04053549184452978,0.07994282315801865,-0.0135378394245401,-0.06742701377163685
perm_id_508,0.048525885568607006,-0.06271521253780979,-0.03167578818810122,0.001568030388837017,0.007853966886194164,0.059292627504776145,0.01910484916008888,0.08912700315397999,0.0673044151079488,0.0022106126691385955,0.0442196285605063,0.028526979905441847,0.03153547933277391
perm_id_509,-0.05155315687282597,-0.05491759147395257,-0.08059629380375036,0.032213066000380854,-0.037581475897521074,-0.02561643967822883,0.0222447317790482,0.021359126041307918,-0.026196365983844103,-0.004429484484290268,0.03107097679333006,0.03280830965126795,0.011363577430585338
perm_id_510,0.08424927769059601,0.045791579565226115,0.007508805903398579,0.014009339472049381,0.03710831231644756,0.021583404511264177,-0.05037407519848604,0.03252542403401897,0.006101637699166361,0.005556190487854518,0.07552499751739063,-0.025607363037068617,0.025946256187364725
perm_id_511,0.0431753797593498,-0.04878830660285354,0.033183874261784686,0.03380281544004236,0.0071015524148956,0.04209437099601262,-0.0362044848898893,-0.044895028869670825,0.04797437575312339,0.09178943443994247,0.08706141290236259,-0.04560459740503419,0.04800440884629044
perm_id_512,0.024970336395515384,-0.09518958213183885,-0.009660737947907163,-0.03765228434550505,0.02247412154320785,-0.010569030955628321,0.059178965748435765,0.04931346049625524,0.1440883361206672,-0.024934520689256796,-0.04407493803005282,0.023077688546095626,0.11388368568818506
perm_id_513,-0.03934042979529151,-0.07680102419848038,-0.011558357159712804,0.02460953213522888,-0.01069743115246835,-0.003309804161146739,0.0285661630710079,-0.036638255413032825,0.02108255731063,0.06362080768710332,0.06777049008627668,0.011629862274841838,0.13161106515890064
perm_id_514,-0.013625985545138658,0.03721701232251308,0.00858760470309637,0.0475680719028319,0.04615039865544609,0.035667759187286686,-0.0013323586973243058,-0.0013755986348821015,0.029579255797738496,0.09573032192871844,0.02405664635811438,0.01736660801094638,0.005943181499708381
perm_id_515,-0.03978412676162204,0.05084348401991434,0.01818219399847652,-0.06254987527608413,0.024575858109184705,-0.0014472431492624743,0.029615329398706224,0.08768960671061193,0.033240028757593854,-0.00872604404362672,-0.009687027475000687,-0.011695418362122421,-0.04139072000893296
perm_id_516,-0.04283992766441504,-0.005011965697698849,-0.09618862240983117,0.029902156827913987,0.01153809963245658,-0.004390534642956615,0.10659107356971606,-0.005485581259093828,-0.00507975372036501,-0.009218641171491754,0.03532321283124666,0.02584677106183698,0.024941821997576687
perm_id_517,-0.04084344967086598,-0.03709514400503136,-0.04326287744225012,-0.0035306483106244484,-0.02044102206507414,-0.01602244399230044,0.04181261797220115,0.06234192299854157,-0.022685462108902633,-0.0498294518722777,-0.06814312875059826,0.03262376554816681,-0.002609228473661996
perm_id_518,-0.12050491803924376,0.025101319294538137,-0.06352787582483,-0.025570865965678757,0.017679606205514693,-0.02171706996078496,-0.06797637759648005,-0.053553953534724204,-0.018337895527111812,0.006667361192152605,0.07641831088458877,0.035458465027776026,-0.030521143633529476
perm_id_519,-0.03223508345905777,-0.011896209157332116,-0.04198573939807022,0.004197207833607332,0.06305948124027434,0.016042322845825588,0.060328829753114314,0.09192322973873414,0.03593315769660791,0.01091857963424605,-0.01817872476670081,0.0168399843447249,-0.010511446669054906
perm_id_520,0.007245488335811764,-0.018554471808429975,-0.00373657458020763,0.08265909562802208,-0.0047954061731178554,-0.01702269041489359,0.009003620519097436,0.05501795089796805,0.0019241793038167207,0.05822914475648885,0.026652037152840594,-0.003719230742447909,-0.005316640961930238
perm_id_521,-0.00214109100262303,0.04957299672801695,-0.04721205166191095,-0.047705627079686924,0.07317038553928,0.03801148097617253,-0.017929482217380784,0.05771126907402335,0.06002962645726313,-0.025481022859324104,0.03655800682816292,0.1508323819167749,0.05726376054195954
perm_id_522,0.014983716743456664,0.007539597297842093,-0.027809163838775137,0.06087569789826715,-0.08140837103607994,0.015539541102480662,-0.026418975389301158,-0.05258639242391268,-0.026135330588962644,-0.019907038434446748,0.04423703033075463,0.025781609679189736,0.05440482894864544
perm_id_523,-0.056167977582439195,0.0034033747093260144,-0.041728229102151786,-0.00972586129997041,0.000676071824962032,0.0018837633665836392,0.11661814711210627,0.04412358823636868,0.10916570633783008,0.04939070598821191,-0.041183147006565474,0.033637103421492044,0.029609575781011935
perm_id_524,-0.004892823393728267,0.015778219211695556,-0.026477382458534218,0.0037128396056482697,0.02976677764666375,-0.019991226795211366,-0.020406974315747305,0.012691922191375066,0.020939217219799463,-0.010987148955610085,0.011122484645361147,0.13052906206866646,-0.0003829396104640814
perm_id_525,0.03729385042778881,0.035614376656784505,-0.007863881112531036,0.044296687151400935,0.06214184104159469,-0.03489257482272638,0.04161268380827004,0.029572762126326858,-0.005300280037639422,-0.016571263851902957,0.009905171983561858,-0.025292248895443972,0.06735981155830391
perm_id_526,0.025016966851244347,-0.02856081709979197,-0.08939212903485586,0.07630561453849156,-0.005243997009244974,0.02391925140475415,0.00274476775347375,0.02372669222006106,0.12127082032441874,0.11799420827770378,0.05013741840156764,-0.004462875507253303,0.08218416487141188
perm_id_527,-0.009309045852960043,0.07758881563481648,-0.017959469060439177,-0.06371448044033075,-0.03605716984217342,0.031551205147197614,0.03602865422438572,0.05227084801128325,-0.019650919367178575,0.00754136503016286,-0.02265169871392287,0.04932292791941976,0.09080635146353447
perm_id_528,-0.007167230896433755,0.03887883941394758,-0.037986152715718764,-0.06650975483338412,0.04586933044093453,-0.04974103800466741,0.055907546388435765,0.10511759157040274,-0.0005497440728881569,-0.06051370398201926,0.041000459893695246,0.12923133842582885,0.018769402755074143
perm_id_529,0.01718063468074327,-0.06831685057343284,-0.07340644590681956,-0.005707602946068081,-0.0409337242668144,-0.030623749685856766,-0.010228021326377706,-0.03222981315701918,-0.013520478041275607,0.08265164594017844,0.03383525063073301,0.07148659605305047,0.04325340803494426
perm_id_530,-0.06564763987335868,-0.027531672994120307,-0.06182456210265233,0.009576042080512678,0.01061124017193996,0.023085679970291775,-0.008149641451254396,0.09110905179893669,0.016700352315123988,-0.0492382351314185,-0.0203798135806312,0.018790295525956468,0.0069287154514649524
perm_id_531,0.04500093182255498,-0.05260341115565368,-0.03606027678427004,0.0384820963996708,0.07796650442621259,0.0001233469697981619,0.0842674733582295,0.008480350904538367,-0.03624020090484648,0.05237743737072361,-0.02148315909348197,0.15424276468777554,0.0842114561140946
perm_id_532,-0.02712544523254745,0.03667838106951049,-0.04158350494088717,0.019615686763975262,0.03011077467641756,0.05320465292261346,-0.0022711699838106007,0.00662247443275695,0.004173754660010219,0.03467159628336732,-0.012237802678577969,-0.019157143799195534,0.02637521411033851
perm_id_533,0.00080160529390347,0.08515582470676895,-0.023859133866769487,0.006536099211045082,0.010518847540505579,-0.04608369916032229,0.018304550796711498,0.03877455344732125,0.08226696710628083,0.03076977714551185,-0.022660388307252317,-0.025000703086466704,0.04559961512040192
perm_id_534,0.022827108663009816,0.025654651167147133,-0.003994493874559801,0.031626641174731004,0.01658133744375668,-0.02031506831515774,-0.02057018126271911,-0.007555709936968612,0.07457612573358455,0.0636447962818511,0.003192849479773049,0.08331522085308014,-0.025511697553267078
perm_id_535,0.019977262558832688,0.009527970675282806,-0.014909757623744396,-0.019127652608787002,0.052020297557411985,-0.0201359594153742,0.04294079433687507,-0.012364674867184696,0.05538066846623448,0.0564021607651467,-0.07321753452856103,0.016274765284984446,0.01535848787545129
perm_id_536,0.010741367685858661,-0.05183172092873687,0.010311627993064933,0.029774531535609446,0.027410780052470808,0.027176748112020845,0.013713241616832458,0.044140303042576455,0.02304327004504177,-0.033822580010702825,0.012244437810966133,0.04192123324395739,0.11101211283166769
perm_id_537,-0.017734275909712584,-0.02815286427372028,0.02717485151644904,-0.005154625183688086,-0.017839656989502017,0.018960127297260664,0.04319550519181111,0.12984454877926482,0.013156404550812696,-0.03383902988264596,0.07746897213474746,-0.03529481587421332,0.057172053477595165
perm_id_538,-0.07173274360822468,-0.044211956911793665,-0.06828761364126865,0.04163385646286186,0.02502124471493317,0.0509263865730135,-0.012839407192060753,-0.03350995247784596,0.10445435646627899,-0.05921516262723553,0.08191986493192013,0.04679749100764395,0.030009385144522935
perm_id_539,-0.014326571927074242,0.009198339086394218,-0.016457465719110782,0.005048856799081593,-0.015463777448451878,-0.0007591846698749915,-0.0025064540293329653,0.00911290406480265,-0.003506513873535333,0.10673601707614738,-0.04761630194783207,0.0802526203732725,0.02625012753608654
perm_id_540,0.019819467987468777,0.020655691903422233,-0.052630770215973725,-0.06127092260805167,-0.0034578450719975236,-0.045806224462438025,0.030691415509177866,-0.0581973271694408,0.061934069499267476,0.09920996200571888,0.016524984835361363,0.10821909358963602,0.0728394370027681
perm_id_541,0.00374631115715213,0.005335027013450524,-0.0030269025803332465,-0.0011303505921536293,0.05465984395992888,0.007675068469802706,0.0004034420252331154,0.08451640689597772,-0.0023079038354336706,-0.03922795959587576,0.043663217781291105,0.00851416215644987,-0.015826304365060887
perm_id_542,-0.02031524111558246,-0.04165384066203361,-0.0755167309430849,0.015170203558538792,0.02988356416920782,0.016627158352593114,0.08055095963249925,0.09452554004521703,0.014941931434601196,-0.060680886601712766,-0.0007887581059917812,0.09234629921237837,0.0105239311975908
perm_id_543,0.012170515071088728,0.10182042392110488,-0.0911370480347783,0.039905954541902634,-0.056809491785343266,-0.032196995493789224,0.02557529867829677,0.019496923653945657,0.00035846394403268064,-0.005395038123090597,-0.0038402855391926416,-0.04960612714788031,0.022880424144926432
perm_id_544,0.0208778376791534,0.03030817098343914,0.040707472160667654,0.006157221812714331,-0.05272170798121975,0.0996594532603975,-0.035233808004577455,0.033183232540179325,0.020055297511062053,-0.015253515197212544,0.04227006216903046,0.05400405512750878,0.008527612563597771
perm_id_545,0.06334749802925968,-0.05613255480672252,-0.01871216323584545,0.0015369190365488391,-0.05229883381646754,-0.01423661139856745,0.01909029432966723,0.040218935171092006,-0.0015804693258288278,0.07318128102720209,0.06587433416790671,-0.017000491246803473,0.02641233970653513
perm_id_546,-0.08575900553885912,0.005987876097842711,-0.027089114755297163,0.00015138481471990752,-0.0013066926748105322,0.054179731835808695,-0.00728249977553361,-0.031196747666191033,0.06330822507352464,0.07505749514383658,0.02296220228488485,0.03027733205378647,-0.06490575091534184
perm_id_547,0.08111233567812101,-0.07371275974129593,-0.00027376816030066307,0.008164120599034265,0.013932689264109496,0.030668383669487643,-0.03217507530669067,0.007683716592474998,0.08823479665098372,0.0816062559708229,0.06625411223060296,0.0005226654608941977,0.007807525599672075
perm_id_548,-0.06925556332953603,-0.09079938277285036,0.03298700431557725,-0.014489589528461248,0.04387449719960212,-0.023178769921714103,-0.053643303152362924,0.07305698465739002,-0.033171046876655765,-0.008879447000653951,0.0036116996742268873,-0.011483269018732761,0.011207310284195448
perm_id_549,0.04623145325604407,0.015806867296676075,-0.00318964215028995,-0.017172419201256776,0.048344996380377245,0.07179042933499774,-0.02484837296725664,0.041212513281852325,-0.009532560193192995,-0.08236311157203628,0.09609007066292412,0.09073450165803246,-0.016344177194614937
perm_id_550,-0.06986836861913746,0.033559114447098574,-0.0380432404144362,0.060546090540185796,0.04385176155240328,0.027758490983493568,0.011187294964214051,0.16633034757614773,0.030449054439254858,0.025750245776383858,0.01141804957290363,0.051001234469773504,0.004556235618977432
perm_id_551,0.012411269689728142,-0.011538880144972239,0.03736701102248532,0.021196441024361707,-0.054846117473770106,0.05898518001478896,0.00509200227749988,0.01771872494634619,0.1627559778607053,0.04494566615580764,-0.0225179973718979,-0.03590988588249221,0.009249302766883193
perm_id_552,-0.02732305555626303,0.009677247498078573,-0.010491676792000642,-0.030265290582018777,0.006487569172568377,-0.016265246540755868,0.0012985514585608098,-0.01414889914491146,0.047049187802242834,0.01680881488347674,0.05553468186138382,0.10373748153328709,0.08430178693030031
perm_id_553,0.03864670563666924,0.009576768336971247,0.02663507762815649,0.036968043958182394,0.0008024363542776565,0.0076621493081936365,-0.01254602283001325,0.027085033859843843,0.06281938215739788,0.007795526172750018,0.025313985358694394,0.02722013608113184,-0.0506781550660378
perm_id_554,-0.047780101640334464,0.09541529371399252,0.022610616997094112,-0.06712237531493598,0.04071486901263809,0.05381747337940104,0.06747935965567547,-0.017241502062907876,0.01607868347230956,-0.03285991813729796,-0.017190279502803812,0.01166705001343505,0.023032730706445327
perm_id_555,0.02950321089150327,-0.0022446324735779294,-0.06512267702761258,0.008879048033237637,-0.02283501331837116,0.017302886841122626,0.003807955685855201,0.061050107851682814,-0.018424187433800455,0.11535464964882781,0.09980996972281511,0.08914714152355703,0.04955371022830866
perm_id_556,0.015631971088796163,0.03346703028023717,-0.06534175799970698,0.011645623605137254,0.05323696558822531,0.00309726075893268,-0.04055395285280835,0.0031850807600444075,0.02323963484232446,0.037658853218725766,0.009113575773965134,-0.011664762979956628,-0.015511357156105582
perm_id_557,-0.03248182523074843,-0.052759200854180816,0.02313703313965195,0.06371767554390914,0.045587494471359194,0.07180678565403723,0.0474100653622502,0.07038611681947354,0.05125556077434595,0.011067803690072556,0.09072812811063427,-0.010010163136819121,0.12623540951484877
perm_id_558,-0.0006376257241032636,-0.011102589407461847,-0.029489556026649523,-0.02535146728655038,0.04064897769748645,-0.023920595387770624,-0.002725647739566803,0.04057183146870948,0.05137279211276602,-0.004992066696191296,-0.024414942361095725,0.04210826079515781,0.028855779026969845
perm_id_559,-0.011583505853492862,-0.013427832576804773,-0.016214021491479037,-0.002769330644767457,-0.008777246298450435,0.04127486418240447,0.04782281009013781,0.18384968298617838,-0.020810659805596907,0.01007056606411093,0.012577975409700856,0.03079483979103502,0.012872954021247811
perm_id_560,-0.042459353948153054,-0.010622876463274209,-0.08353922886115722,0.028597708446109923,0.002027273491929531,0.030373806399885996,0.031772990646700784,0.04996649187016493,0.05046897032849397,0.07146286810732208,0.023203424029032797,0.031199697004491843,0.023005279400093618
perm_id_561,-0.0764359370731365,-0.017548598759261076,-0.017710067496615245,-0.0009509163971992454,-0.012404738889270366,0.07372960571356485,0.04591296278047973,0.08894966620255394,0.029946561111358277,-0.016818512539342727,-0.023704247896823887,0.013727303558302607,0.03029040742430572
perm_id_562,0.0705203781274455,-0.05504732220010251,-0.018899272175466362,0.0011708594722815166,0.0410740174812601,-0.01142405790800638,-0.005287338881065601,-0.02677027702866868,-0.0008852386541882404,0.03121390043394277,0.06350832334244214,0.017536327793554365,0.07257951680353342
perm_id_563,-0.05010862970191388,-0.05381941096183245,-0.001076144499374453,0.013708619597087296,0.016604611468671614,0.043056524294665485,0.022566810379057046,0.013240048437218902,-0.0069399497915278155,0.03404813868533312,0.05332168329815371,-0.030773926494115575,0.024594443210644714
perm_id_564,0.03461720622212058,-0.03768470570027575,0.04953338034301275,0.02409617272086906,-0.08560331917787609,0.03536441564853664,0.14773419295938278,-0.026597762503817214,-0.0013169024004231755,0.07878605359376827,-0.04820703196573969,0.02902361566812004,0.01146491679017409
perm_id_565,0.025145521598896922,0.046102119519310716,5.635629280732921e-05,0.0584526125986674,0.03304444300574773,0.07620654731417598,-0.07646517476385398,-0.038084632471696286,0.0855058257181614,0.02437605498216435,0.052458066309373996,0.012572594699235776,-0.021771847949376557
perm_id_566,-0.042956973071197564,-0.07249458896544535,0.0004191546212166093,0.027454897122771684,0.10097979836249003,-0.01982726922356375,0.023547079008386356,-0.010198756390869795,0.04978014930944585,0.015026413539595117,0.0037475197121325902,0.09679577219497594,0.009634141585217925
perm_id_567,0.016842512412787735,-0.04677587478851387,-0.039397700532266176,0.04306892804598551,-0.010138502370833465,0.08576246345524971,0.01897374132132856,0.0833879482483177,-0.0037999758102462743,0.035059489324747686,0.02677158608686411,0.03800088011696098,-0.015743725798978574
perm_id_568,0.05830820009084621,-0.07851195952352806,-0.04404843909651697,-0.04247597286170029,-0.007763357080759069,0.012359989329391568,0.02251598652127309,0.062279926294492756,-0.013093454739385408,0.04946707990817562,0.03185772520771377,0.004678724170316832,0.022327528164724133
perm_id_569,-0.09722226799910745,-0.0020837263589027206,-0.05221068455768956,-0.07984723517553614,0.05733778114767838,-0.009567993145024493,0.057889307900717744,-0.010835023124948487,0.008312586707070652,0.005833033412425543,0.004451031004493996,0.049479814776383725,0.01440769556377244
perm_id_570,0.043668484232799294,0.008392426182633335,0.017195073621504346,-0.04336999404040214,-0.038072832378293946,0.05587510534999787,0.0392928008027535,-0.034404829951937436,0.029924419926814404,-0.0303067425074931,0.13920039800003797,0.06253004268679807,0.05665716536721377
perm_id_571,0.08015971790798007,-0.031312789709384795,-0.04482474198816572,-0.036414340279021545,0.05017713397824334,-0.010709676197473348,-0.009559149846817468,-0.006070882886036165,0.07808850200316343,0.0018820506730095957,0.0300934579969142,-0.02604277988650552,0.16532986041579925
perm_id_572,0.007998557941845353,-0.03008320811819745,-0.05822931949349014,0.00716682198827308,-0.009175833181379092,0.039916721257590736,0.05964711511063686,0.017284316296393442,0.0700959677048308,0.08082210943580173,0.10843613156562877,0.025254338378746674,0.0010109336744888384
perm_id_573,-0.02165617246224285,-0.035417527253544204,-0.03771639071300534,0.020592536539682776,-0.0024339180836371334,0.02295822447564761,0.03326723765752261,0.07003535218725546,0.04639326973070429,-0.016253452442475863,0.05573374628027404,0.013300203801139929,-0.004103453467137506
perm_id_574,-0.10018266058782078,0.007193539670799795,-0.07030213959071341,0.0707202354747291,0.07672683647173867,-0.06177625714623486,0.02227318993769025,-0.021765070179094823,0.09895510469044559,0.01487048000177559,0.027606163078965365,-0.0011865927458920519,-0.09445807387831585
perm_id_575,-0.012358723770497047,-0.04316228731201764,0.019108552782760548,0.018766854165934033,-0.05169149251994227,0.08722942552523852,0.017735402636259598,0.015381074409342638,0.05319651427063528,0.015483250629819595,0.0755129829915323,0.09066836655564724,0.11280979690379962
perm_id_576,0.02132294937005396,-0.0014952459154520376,-0.04328761202884206,-0.08480136186781008,-0.0330374865149766,0.025919963333653425,-0.02200799846941373,0.049315255545770965,0.05359006314562803,-0.0410785576387995,0.060124977769801066,-0.01830733468610625,-0.0008705647200478872
perm_id_577,0.03838659038394653,-0.0004978308982573195,-0.07747266169858229,0.0038990308722495234,0.011607758477545495,0.027601730774352674,0.012290306741408715,0.07854413052579204,0.00502819227511939,-0.022806014154947065,0.05273865648330667,-0.019991813085460833,-0.013321333054092693
perm_id_578,0.008553586212965028,-0.0938034118072116,-0.006347987862648493,-0.010036699976459996,-0.02763135426178732,-0.023291111101217968,0.07451779477059631,-0.008898754072996125,0.03839526845709919,-0.001766464148800909,0.08299012357853178,0.08211952975688797,0.023581146120484245
perm_id_579,0.002744714245592104,-0.025963144873950985,0.05928347588364188,-0.019725800439900954,-0.0038802176276959304,0.07745094068302691,-0.054578988949584455,-0.04686824739582968,0.07523365324913721,-0.04249744949383525,0.06493951653349969,0.046977826199420286,0.04431552496252834
perm_id_580,-0.05360827138905137,-0.008061840233733896,-0.03940062239440047,-0.011140069791661114,0.13489672083471452,-0.0031356850808311157,0.021501912530867015,0.038159947766125725,-0.011619302548506997,0.0206013286818137,0.11887026892863845,0.006994100023048741,-0.04317203044520209
perm_id_581,-0.0028075265351215025,0.027636777059813697,-0.06499221423003888,0.0015416269016608041,0.0012451491370381758,0.020459457228309833,0.015382515286490423,0.12350037497716435,0.049869142208782254,0.05817883621481759,0.06960102019173824,-0.03146543765262586,0.06842685787947231
perm_id_582,0.061610192709380805,0.025908603313566127,-0.02164971498867448,-0.024743209902659918,0.0022798250854323804,0.03779261743498244,0.10815757210693479,0.09410332851485141,0.1063687256988707,0.012284669855462246,-0.04323820933193072,0.04524709596300367,0.053548403787525636
perm_id_583,0.026693237880153153,-0.008853734151590392,-0.021296198707681867,0.010275159058994522,0.06119367189828715,0.0592399389990387,-0.0041395668687799845,0.16618178506739595,0.019854099789463606,0.07551197756749041,0.0286468711400697,-0.002225168564516969,0.02517272767920688
perm_id_584,-0.02061417655124708,0.02723456575101632,0.018232153107179454,-0.002098470613955566,0.015735266367986903,-0.015979215754927098,0.028748160400066263,0.11393481254716233,0.04378157590754021,-0.007614788090168093,-0.05215804590983174,-0.013914888516059494,0.052719682712311644
perm_id_585,-0.06327923885309698,0.0015431307823714827,-0.013729183708776082,-0.059584857372569196,0.020432450031211573,0.009384801632830701,-0.016155954855450457,-0.07745429909372659,0.0557985066111127,0.05148343193944586,0.007989799613063063,0.008880565322009927,0.045049006700985224
perm_id_586,0.04081530562839908,-0.02837050406892619,0.018266651776080726,0.016318823414972063,0.011920012842285346,0.009466220306663704,0.021004895357942033,-0.00775978839175639,0.01238885244647205,0.13597179428420958,-0.03584623324364624,0.09683170772319098,0.04586744940516271
perm_id_587,-0.09340275422064304,-0.007988683091816818,-0.007301751611113624,0.013124200931885686,-0.0036759521463726502,0.04917746948023104,-0.005649011900011551,-0.010557315381847173,-0.015263159681995077,0.0372317218825008,0.006569028291289022,-0.050913410629493935,0.09050852393609965
perm_id_588,0.02234929670856395,0.044058940132124795,-0.05953649456053947,-0.01267830629062287,-0.021348211488093804,0.08224774743104217,-0.003136686850267495,0.07719126004704613,0.017777990034294262,0.026533595102765546,0.008003407833347305,0.01594280709465916,-0.008401980414278126
perm_id_589,-0.00766894951790851,0.06554767641933061,0.030501862210557076,0.10034485130261317,-0.037386670181256555,0.13848722901690583,0.02980131743714649,0.0486520543846834,-0.013003619982042474,0.06749167164442658,-0.03205727556464853,0.049975497097766663,-0.016045567125575498
perm_id_590,0.0529629433804857,-0.1085060588879159,0.04230169584718895,0.013145670573958889,-0.011183861316143705,0.01202483278025748,0.034531120106565796,-0.02367969385126131,-0.011876292343207882,0.012926882032427964,0.048033119156794674,0.06340756398697177,0.04066798363463175
perm_id_591,0.024865767603985196,-0.024836198141918907,0.003188352617357493,0.013020368432481081,0.017521338725548015,0.09768953133239627,-0.0855287008435244,-0.01630779433641159,0.07214824631632406,-0.03122368853008514,0.04471727829567978,0.1106742830232013,-0.014133693647931782
perm_id_592,-0.005563486358435707,-0.04370284850051031,-0.03600925734407033,-0.061536666335917034,-0.052976170055921035,0.001651775842171617,0.03531686748239229,0.030133531700429168,0.0867453191136947,-0.07400102564147455,-0.04564785975714582,0.03813887931915957,0.013605401245414787
perm_id_593,-0.02959752840740318,0.05513186566671559,-0.005707328832602064,0.011873332380253702,0.014663745592593657,-0.005279728457367677,-0.0865137325631937,0.0060638062303489055,-0.02285752935998237,0.06367544724720367,0.031563773887408206,0.03037864296196628,0.029533895306857842
perm_id_594,0.062254053180057514,0.010428436670417249,-0.03996664144191143,0.003513988163816898,0.007499467540432878,0.10983636493061864,0.02730848719388164,0.09891701578452816,-0.029634900260418158,0.046554782991913665,0.020808109507637198,0.008484225591622117,-0.005172134165426073
perm_id_595,0.015810971180080197,0.0032168036365875525,-0.04908680417577211,0.03454542669549868,0.05634458309105962,-0.03938372545869648,0.025299053146711648,0.043996720498257355,-0.030243437144156105,0.12602898327077722,-0.0150784830037495,-0.013462454504468218,-0.06717855044231656
perm_id_596,0.0802795369690061,-0.06130453248864717,-0.025035053996749608,-0.01536526058790328,0.028591442684834784,0.08631268421240713,0.07811654006549416,-0.008211215596876814,0.06068248844555047,0.008884786688926644,-0.030272061250314317,0.028963073672248537,0.04182818695848239
perm_id_597,-0.00465402775958167,-0.010983269672242748,-0.03089347094418902,0.06813545959707352,0.04004165973954634,0.07091701094418457,-0.014067937170844407,-0.00376888756152672,0.02807272764406322,0.11208728008692653,0.024158880402724604,0.017165781772756624,-0.049030955148372225
perm_id_598,0.004272265122678526,0.009847921466068816,-0.04787004474667201,-0.04918634564265329,0.03391610769964484,-0.0031790024355545943,-0.04379045924109533,0.08019858848800861,-0.011624895125966974,0.03385142757527773,0.08023059892782758,0.18541601446487604,-0.023021056008819422
perm_id_599,-0.037711986174834886,0.0006906741251068985,0.003368480826611769,-0.03575467630860565,-0.003830942169512643,-0.02610488255450293,0.06599867644794567,0.08813122929994403,-0.018769137351217737,0.08482777371687611,0.021454658021498898,0.04051248886729439,0.1173421823144258
perm_id_600,-0.06674598945641487,0.014764616152618898,-0.02076923596598851,-0.07399921528860239,0.034284001216892665,0.027906281376929652,0.05567656721999655,0.002326829419644662,0.14776101919174164,-0.0024953419963963217,0.03073724773295223,-0.015227222110342926,-0.02539669923724166
perm_id_601,0.004255538459394933,-0.0390168974465656,-0.013253609593467018,-0.011326687415709672,-0.04326437370338441,-0.030255611015372955,0.06321489389364048,0.022893420670566537,0.03447045025306457,0.12926266238676798,-0.030422393757838662,-0.026911632647560822,-0.03155385874621844
perm_id_602,-0.013286110655218886,-0.04681102450688449,0.0035127911222344803,0.01342414627150273,0.01698691617187247,0.08043468866919477,0.03555195914875506,0.14550753418450815,0.1281789689493048,-0.021106920741668686,0.05468071935720464,0.042915815371644336,0.012977951830835499
perm_id_603,-0.030884157707332775,-0.013213120124156744,0.018704076522877908,0.024076315085977105,-0.007021065089614637,0.015973765703934453,0.0626383712776207,0.0318821645686476,-0.016159524837244588,-0.021514171172235107,-0.0585086906024784,0.03222508656884827,-0.047362547409834366
perm_id_604,-0.044643171567204744,-0.018190944595743316,0.03623621323813396,0.036629972788538426,0.04200960857416113,-0.00504838978140497,0.02467714124284149,0.06539039013121724,-0.009625491446728912,-0.01689110579398468,0.024325002351624988,-0.03238097313019906,0.024913286636308034
perm_id_605,-0.05664155694547557,-0.046275064776244,-0.009970982019276854,0.09550034129382362,0.02648441919447839,0.004771831049582509,0.023948193835654982,-0.038163426914894015,-0.04725753271119463,0.010670114108180032,0.0712720690047362,-0.017971647331386283,0.03113143095404042
perm_id_606,0.0233367354676332,-0.043492538435615284,0.014458861128985664,0.04968310875573406,0.0066344445161984015,-0.010044893777261062,0.05012208425607655,-0.06005040892797921,0.028470203160007146,-0.0028185740679452648,0.02141408143491239,0.024608236148184654,0.029678088257797747
perm_id_607,-0.007946576650293065,-0.015475613808175092,-0.0009294496823788105,-0.042482303580498294,0.022657449082806286,0.025003414906377686,-0.02055308822218747,0.07517053805860863,0.018273171676257926,0.08003712626409995,0.10306865682548247,-0.03652769122396802,0.05068573871878946
perm_id_608,0.04892419544387171,-0.07947280810093797,0.050915581206591315,-0.03401342315789785,-0.02063221660584637,0.08205493234261926,0.03109274911916892,-0.0019316011785324556,0.07723356855298692,0.000999189735441495,-0.00012093115518057118,0.021370920555313234,0.030603523620339995
perm_id_609,-0.0040058330074723945,-0.06459954551025486,0.004047298666525829,0.06798817573972678,-0.01591380114667817,0.0557718678844877,-0.024032274540506934,-0.010328239407557378,0.07971053671518606,0.04142469656706868,0.0876519189140061,0.07972786770449003,0.03262579403497188
perm_id_610,0.029514305890912095,-0.005823626632572912,-0.03679397430270824,0.00585631097960262,0.005654524787306256,-0.00414166107291203,0.02091702017747791,-0.0008815144798770816,0.014144342592242811,0.025129957047708085,0.07716608960449428,0.015173069837767492,0.03483933741511624
perm_id_611,0.007720965928738201,-0.027032057096142696,-0.040422794682167904,0.018058290362843586,0.034376181156230395,-0.030043453239818822,0.054489442387433834,0.10881543637419558,-0.008763381101912745,0.07955884487313096,-0.008014025680566441,-0.026017368537422727,0.058767064957615925
perm_id_612,-0.025982942810924767,-0.05454451918265109,0.0030346057458439904,0.07398928666801868,0.010854110709517492,0.0806395088666472,0.04283257590802134,-0.01621780635366575,-0.03292574718899005,0.061216494996963085,0.04085688402004123,0.03917455494916523,0.043064543004938755
perm_id_613,0.025969865460750696,-0.042120371788131876,0.0022326311286452725,0.0492652076836185,-0.029752094534515272,0.052494716483579715,-0.005892881295858749,0.042855231241749774,-0.030972295623575972,-0.014039078041385109,0.08038667568344571,0.03791013973223174,0.07337380223214757
perm_id_614,0.03438944853124125,0.024691207618716546,-0.07328044617558487,0.006549805975899331,0.016930169283955857,-0.0659385552916543,0.012784907153368061,0.003074664364582127,0.04832569247142428,0.05445042269289283,0.015310310645641312,-0.004144608186623814,-0.015927087358141682
perm_id_615,0.008731907883378846,0.07060132266186545,-0.025967834625976623,-0.02863956431338332,-0.012261486003925296,0.01832825946306577,-0.014536788612827622,0.012713142867411362,0.04242777734633945,0.0655170144623041,0.043742725035094146,0.19642042412565924,0.08128524009377223
perm_id_616,-0.07108117524927585,-0.01078446651529839,-0.06540947359772366,-0.01916696793607527,0.0413503175883477,0.0038424158270730343,-0.054057621190537766,-0.03466458582361864,-0.007331648409811036,0.008282966203636125,-0.05358898885816426,0.011549751761721206,0.022487685180045083
perm_id_617,-0.027382966674584345,0.02699415520363435,-0.029795502293182355,-0.010163314081712426,-0.07391796364214846,0.07185302614163057,0.031433543901579965,0.1135589788732887,0.0625302836727968,0.07360898693520641,0.0673704765948339,0.0019340212822648978,-0.05130823712034569
perm_id_618,-0.05458289950502458,-0.05035519229614154,-0.026685908900079196,-0.013160630083431667,0.0010658627839709351,0.012168968896584819,-0.06077460201916037,0.02373749433496911,0.12549140168398776,0.0788081981106373,-0.006451430125657318,-0.006005501083782668,0.03354260052344556
perm_id_619,0.03160402466662763,-0.08700964114260587,-0.051218654334231735,-0.06607270249086564,-0.011695191538548078,0.04224786870687278,0.06627911208255295,-0.01264879501295766,-0.02762357680565835,-0.0418657333436086,0.010211330905707767,-0.015730109716678427,0.01100987215222617
perm_id_620,-0.07520066873144354,-0.004134550548151008,-0.008010662462548154,0.00319081202371508,0.06623102907041384,0.04711159229825365,0.05133802783298832,0.046388892951255,-0.01665206953660315,-0.01916513480684647,0.000547194853426549,0.029096884045289532,0.04079101937981622
perm_id_621,0.00256337366794231,-0.03830506910834686,0.024919114267189135,-0.02275008087605535,0.0544449026054901,0.08630983684786887,0.0032683491442840715,0.1096307753758793,0.017813730626028035,0.04730155404957268,0.03198801750401809,0.012432479689083273,0.05623607713904614
perm_id_622,0.025241740031996425,-0.01613855080504085,-0.03039562517382392,0.0035770207978118086,0.02162283248385349,0.009052343401630454,0.030982910638210424,-0.032400369168120925,-0.024352083947501654,-0.0561305760212893,-0.033814892065096414,0.059407743683501865,0.0038938587330153663
perm_id_623,0.00035472693275977326,0.04639242448409718,0.03938085584315454,0.02258773818856613,0.07279087309146004,0.13505363919221047,-0.06253442008199489,0.04991690281897907,0.02743895736012777,0.1399349776667444,0.03822482428875528,0.02057797862506276,0.041910298913272935
perm_id_624,-0.04897811718001147,0.009919806440610232,-0.0345949544571207,-0.013923849220624951,0.07527552697002625,0.023965384345157274,0.09811567611474956,-0.005274037182897259,0.02878470856137677,0.039198355412958207,-0.04474695136222118,0.025959615494263476,0.019800000778739217
perm_id_625,0.0035141819063300287,0.011284575931770582,-0.02956641603518095,-0.039165405917767356,-0.004244720026772044,-0.031304049469576684,-0.056717958402074206,0.05550329777584986,-0.018891530288305782,0.007449821513401456,0.05164527362350463,-0.018295328051402552,0.06569568303434353
perm_id_626,-0.0249269436329362,-0.058299034647487966,-0.04129171092291388,0.023063700946501054,0.011380008272267775,0.006967933621618352,-0.0010114640273130072,-0.010549374950999769,-0.0068660576483361435,-0.07269921515824253,-0.013570569039392884,0.027460197776619996,-0.007006238463735736
perm_id_627,0.006788422793584564,-0.06043843167760887,-0.06204394903384271,0.05266632237744096,0.06983454648198213,0.0033882331320400656,-0.0007122214590491947,0.005447852814800358,0.029899792415258693,0.011581913618837945,0.06457360855298179,0.11541028646975295,0.12269601420272618
perm_id_628,-0.040572010222077105,0.00019632371161869391,-0.03340620188025305,-0.008683709939806215,-0.017648813669410065,0.05144971126112306,-0.03475559548067868,0.023295758278494172,0.07473525326236435,0.0513586965973123,-0.011363608350848937,-0.06278620553173404,0.04361223500461507
perm_id_629,0.01162930269046184,-0.007208577035002224,0.0017536710064950192,-0.06092709790939141,-0.033298487950005534,-0.0020009643834398867,0.025664181745850004,0.015443240124241477,0.03997375993885852,-0.06072621701907239,-0.023067290201120184,0.04405182532066796,0.09902548639436655
perm_id_630,-0.013560800306321522,0.01890816970375013,-0.00926137072465625,-0.03624072016622069,0.02347635962125149,0.09611595530615462,-0.01517735004145838,0.03143589779494485,-0.013715624584080245,0.009962339837235807,0.04304565390915437,0.04149002595859126,-0.028509993615805647
perm_id_631,0.028971091834045268,0.04036579338105108,0.004786462647666161,-0.023155926870957882,-0.001119400231421988,0.058597322206250024,0.07154520199800193,0.04581184175384692,-0.038597110171665255,0.04565881518161042,-0.00850800410672715,0.06185823299733626,0.006469823258648195
perm_id_632,-0.020213206788606643,-0.001197619184538661,-0.04199852686547047,-0.01675869130826131,-0.016141176911429987,0.07246305079767737,-0.03534306377533116,-0.025120424843969844,0.005857829034373569,0.044888933825932564,-0.02314455531385939,0.020199542682390742,0.041460840488214766
perm_id_633,-0.027735652651168324,0.07196165488321878,-0.028920468886746934,-0.06388443414530613,-0.015184527045830794,0.02626374347970524,-0.0531840168892285,-0.0024084402158473742,0.07449542053222323,0.05798218355087177,0.027107857165727573,0.13768658872500936,0.0745149347122589
perm_id_634,0.052961251331011316,-0.0042491094476722726,0.03357384634140936,-0.023145066978979743,0.027387093430109515,0.06049943472333353,-0.01905837106383583,0.04571102348909144,-0.015053084676425604,0.06804791822426742,-0.02439674950490927,0.028621108148096357,0.002678623879358345
perm_id_635,-0.023262328638223907,0.012382870206127473,0.0555513616684951,0.030128845307464177,0.0629722948839067,-0.03326242393564024,-0.02899897872999331,0.0063528546542155565,-0.042865394933410815,0.02186618293780399,0.008074548975302834,-0.051792752753584775,0.08445138741168123
perm_id_636,0.014773665434946202,0.04903865714260287,0.025141184715558193,0.0044030889330807545,-0.019260234229691392,-0.02522366811815784,0.03417642172694632,-0.04774316092991537,-0.02468350519472024,0.06409071732636648,0.07776432721138116,0.047271688631001604,-0.0071245295385082424
perm_id_637,0.009794603759221756,-0.033677001446842644,-0.02763503145534767,0.03651690560673094,0.1319956356833235,0.0014317515313831135,-0.049159841827052075,0.01597271830077918,0.03607658029023936,-0.027276050835004124,0.04409400305011402,-0.04275537333596881,0.12595762361569673
perm_id_638,-0.0036840118866346572,-0.07150836442118415,0.04240044432535253,0.08144996472534553,-0.031164681022124042,0.0021888182860100125,0.04157455235050355,-0.01412624689430597,0.13036947019285053,-0.061480052787578544,-0.03204936292150265,0.12653472461570298,0.03310396157915391
perm_id_639,-0.010571449374350334,-0.07271198154584171,-0.04338796980921488,-0.0068398030102374595,0.07387917592192407,0.053014113621822935,0.005778080812093611,-0.029017952505262394,-0.016216006943851877,0.10720663787707374,0.06876484068320456,0.015844801423276805,0.0498085134074478
perm_id_640,0.09375257210271921,0.04338640365273958,-0.03524689400001108,0.007174355825158273,-0.025532782760392652,0.004749233200673963,-0.07121783361168177,0.006980522098925521,-0.011493135465912558,0.013823803110412406,0.11655766221061817,-0.022166102906084065,-0.04476894514029789
perm_id_641,0.09045226330881388,-0.001870492877112732,-0.09344746576696543,0.02146305103458248,0.0013360559478939591,-0.008167975144794238,-0.029016194108117226,0.05554046114299408,-0.008548031574394307,-0.04695247244614696,0.05512803095441355,0.0022101144929695176,0.02031741086539132
perm_id_642,0.0031506151345477833,-0.04350130409105271,-0.01183369834941187,0.05917955396512638,-0.0424344454307662,-0.01748777904622285,-0.016792646325434625,0.011763794638454443,-0.009930164503444585,0.02607594509164303,0.04725965391867836,0.06590778717206863,-0.03113638738147314
perm_id_643,0.0054272163813109476,0.001523300067311614,0.0276626378796387,-0.0005414921808746705,0.0663953112130806,-0.00593950657235886,0.07855274733498677,-0.048136752795551296,0.04970643650207517,-0.026875448336729058,0.03674940336427843,0.027273625173804713,0.05637097293919376
perm_id_644,0.04952030951013135,-0.006107223554272548,0.029213713573175475,-0.03177174857682002,-0.006264072909121194,-0.0034161260011459867,-0.0021888078221039536,0.08342814846477711,0.011708890377807908,0.10842490432445336,-0.029446026641981298,-0.015469861642441214,0.04026206863483829
perm_id_645,0.03072542231651601,-0.030582389905616666,-0.06498319932326059,-0.018250257839901057,-0.010851120145967256,0.033875160315640744,-0.01066029594719209,0.06045364031607045,-0.06418573894378567,0.08840298288884217,-0.03885832433611905,-0.04546383279517895,0.185203357903463
perm_id_646,-0.045801305999669424,-0.065591493767401,0.03519953528180253,-0.055070287128587546,0.0012564034743239808,0.01655002672073772,0.10215674086806047,0.026515645612390965,0.006950090943779617,0.01985565856643237,-0.01139750399904608,0.009876770032082323,0.07458124293555736
perm_id_647,-0.04013451298786908,0.03724321480914122,-0.06847185215593204,0.016840359984586,-0.03848056685877497,-0.04423581329703791,0.002695687933955988,-0.04189636313082471,-0.011344592788695086,0.07431492929680202,0.07652878593690891,0.05619004848990741,0.10280769761823746
perm_id_648,-0.022859573155240124,-0.07801627917446839,0.019133036844765167,0.0001531623746328776,0.01510287367685158,0.002338665863986164,0.02671509238542622,0.029747356174811838,0.025160308906117864,0.12505739153456827,0.12042303427440905,-0.03549689290728841,0.038977819567518786
perm_id_649,0.007270689442136541,-0.05345261166191896,0.032327454142337265,0.05991493013000097,0.008629679446464318,-0.015765705509059133,0.022024500124875418,-0.02065131304731685,0.02223042927079851,-0.009942032524074412,0.027285483317669668,0.013463924793414649,-0.007080188036126042
perm_id_650,-0.03185261370548927,0.026467816451468968,-0.07623546820569563,0.017891342418102082,-0.028809856296340176,-0.0023644804929977407,-0.018734327201082902,0.022305235190617043,-0.027534474619069247,0.06557144635353714,-0.03728162343141562,-0.024364363664188267,-0.034337956561115546
perm_id_651,0.018465515376969523,0.029484426605861973,-0.080525329503395,0.002019819169336132,0.10369261153593097,0.01981504716736798,-0.015931671116891737,-0.004838556738466576,0.06760392809790221,0.03733874622903792,0.006193607076987722,-0.030068124211225216,0.0584079217980446
perm_id_652,-0.017094391489598706,-0.052657885982132245,0.0038755968446765603,0.06096513203545151,0.028497658074712356,0.04165905996491494,0.045569432090912305,-0.020891008114680105,0.06130004945769157,-0.012406497891184315,0.07055849149724999,0.10441263104921768,-0.05033543748912843
perm_id_653,-0.13131806893046186,0.005613265779213605,-0.08850812397088373,0.0412426097780735,0.0237724275977731,-0.04639992636930078,-0.0014662260531676538,0.002809823829303229,0.05439598866971317,0.010538637195114438,-0.03139895445989811,0.04604932244462919,0.08479662464220494
perm_id_654,0.040313806158012215,-0.03698959923089648,-0.013310483257800236,-0.05680326691302367,-0.04980188525339734,0.007681998468845205,-0.03281638601393794,0.014761911787916158,0.025180196190155338,0.08895157348769757,0.05214466447321806,0.01568148163385024,-0.026382012028343713
perm_id_655,-0.0108053747899502,-0.031382611102015914,-0.08680466382145142,0.01066133637306187,0.020251361074004968,-0.0014889020006941312,0.02709620976860974,0.02464574411908086,0.03866452728256904,-0.05458190845406593,-0.007019294000331089,-0.007843418942439293,0.008643638338316656
perm_id_656,0.06392525236132422,0.04273372697543314,-0.01972930982859349,0.09117876157284616,-0.01169549207427422,-0.040288566265499016,0.15988412585910508,0.00960381471890487,-0.032374440040378295,0.013506137392330284,0.019932722346586215,0.031053806153035882,0.007238372616862127
perm_id_657,-0.04253055529744314,-0.037245347937392294,0.014190383525963232,-0.03245623335056575,0.05216196285709019,0.015190592736932133,0.050361973839274335,0.03973159670144568,0.0961039991096773,0.01293881798128972,0.007997105320123979,-0.00829081812078109,0.050838085268285656
perm_id_658,-0.024212728101553605,0.05861385952558855,0.021865683720598467,0.02834229885262908,0.04419492049830297,0.033854436717482214,0.04763178198401014,0.06166307045223482,-0.015144331039512477,0.0789995229889199,-0.06950472380578104,0.07841292768385852,0.03470306121539532
perm_id_659,-0.12317046313938186,0.03811878218041882,-0.012995728016864813,0.044634070479689064,-0.03719213644166977,-0.013407088942944744,0.005097187018589568,0.001202588581991501,-0.0023612699073555367,0.017644059698935358,0.014668510084135255,-0.028089154292002847,-0.01191409531976742
perm_id_660,-0.0026457826860532357,0.004363401591542935,-0.010046132728081698,0.07383238123370754,0.02206393587656048,0.08464644761900673,0.04770317254289599,0.05297509490099498,-0.008268917884015747,0.04421807341677371,0.0012950764788299887,-0.03327423603309937,-0.0023256540883547765
perm_id_661,-0.030407584725214258,0.019611581079692342,-0.007270257683436302,-0.006017291069908384,0.037143009303364956,-0.031425529739423544,0.02749322716986444,-0.05573968648003658,0.09665626209226111,0.034345094105127906,-0.04078790729942064,0.06996915370756013,0.10433544353259465
perm_id_662,0.06861752439806841,-0.03280926189839231,-0.019398806916824662,-0.003702128816418785,0.03911581600720091,0.053059949119793524,-0.052891728095980896,0.061919647070819706,0.0055284626682919405,0.053197732021188104,-0.006668194616113834,-0.014056438024760679,0.026523460682969804
perm_id_663,-0.0002896588477797947,0.05177927239090856,0.020183741104665535,0.0342186378668714,0.006398801966003329,0.10171855438539666,0.046903762449877644,0.019725174014695823,-0.024210850088139904,-0.04855509771912454,0.02617263605566766,-0.0005832414826865782,-0.017567926317547448
perm_id_664,-0.0722083157040106,0.010157857898453044,0.04688821866633079,-0.013270466676209737,0.029414227858242607,0.07058692426066818,0.03344533181966628,0.050903931488086446,0.08566287293956987,0.10062255854977914,0.003938200139221059,-0.022409723544614173,0.02347555319391737
perm_id_665,0.03928241048501771,-0.021252855553267933,-0.019761563571660572,-0.009502263702408767,-0.01841167396666376,0.041483816890272376,-0.05455809632426796,0.02726948409401916,-0.006933940153161403,0.22755399021151404,-0.012325934079538038,0.006209526542160723,0.10688840705210495
perm_id_666,-0.020016840083563966,-0.035548672242140415,0.013178575622731285,0.02084533440811981,0.06173030402624104,0.017350713665011244,0.07529543972398714,0.18515761867717676,0.002183804882365135,0.005215989447532682,0.12125171468884266,0.06279545042012363,-0.01280594572596794
perm_id_667,-0.031150752094020028,-0.08170326732133736,-0.04008284036530275,0.0059419139291295355,-0.03108403088465903,-0.01961026043738992,0.04246421876942219,-0.02271682908854671,-0.01965432086328666,0.06742478494520451,0.002756475560725263,0.0003336350837208059,0.026638132432909082
perm_id_668,-0.0049571932240965,-0.054441155033915924,0.0008319512693095846,-0.013995607838531075,0.019643496669910478,-0.03892509801666834,0.08857128936314815,-0.033381165851580505,0.038912927273514177,-0.028435366534143077,0.07681913101546829,0.04167938949741901,0.02702480588369036
perm_id_669,-0.0775102793091046,0.024863155751044013,-0.013626988031672343,0.010356208108523515,0.004637352664143609,-0.0005564680794228762,0.011840920135478305,0.1154130281459269,0.017770649087026625,-0.07232313789109515,0.023971478240154758,0.041140149325257246,-0.030163803410025062
perm_id_670,0.06924116619976839,-0.005549615408944124,-0.07291760713342278,-0.015949607865911004,-0.010810304951772038,0.01890267635699155,-0.0031137301717424426,0.05023099054911412,0.11876280186707593,0.13119881990652693,0.05152355018609246,-0.022018794398367184,-0.016707665872039635
perm_id_671,0.06827281329576083,0.02015753828608529,-0.07742548672606407,-0.05782625157968623,0.03964839475004588,-0.0004160859733645772,0.014333451359360452,-0.06785674363402158,-0.0008717436887293225,0.023845985924056467,0.02347422013570432,0.06046422254621771,0.03860266146005684
perm_id_672,0.007346792364025019,0.010547265367588238,-0.05067207064259227,-0.02471203622114645,-0.017668513770065817,0.09609849737840166,-0.020462870984684058,-0.03573618163707695,-0.02830087873250703,0.08730476108689156,-0.03729549921348648,0.023973020949658887,0.1049933778950939
perm_id_673,0.027391841535671153,0.0559465506176932,-0.03887619790675069,0.02473581057123686,0.04071044686823911,0.0300682423438164,0.015797069148057317,-0.007734937667050169,0.07490724076265204,-0.04035490600906714,0.03791958036298878,0.03705497822172582,0.02409410847730875
perm_id_674,0.05110368826191326,0.03727500773152472,0.01995142732940185,-0.03370598862130006,0.05210402984959016,0.031757732236152365,0.10944984413014047,-0.010557911963938883,0.04335832358225739,0.020919043575290668,0.022784980488455772,0.020199141102584073,-0.0034587483017384946
perm_id_675,0.04081874620601856,-0.03499901224228517,-0.06017562254215449,-0.008815365838946279,0.021819198272731915,0.1822850914784075,-0.06385346324365572,-0.026031952538112524,0.009389199513156253,0.022163998119655068,0.007775451085948157,-0.044743503292161535,0.10599169868490858
perm_id_676,-0.03016409384430352,0.027325414992103298,-0.029891914697425716,-0.06661263958421325,0.026993673253054327,-0.003877983697900095,-0.03290892405052203,-0.05366135167307467,-0.018661582224926997,0.07184222359709681,0.010827931792869248,0.050910516722027614,0.07114401123739081
perm_id_677,-0.013551974686629066,-0.01298136474570556,-0.026330242064025167,-0.005470475844991318,0.019693140907622045,0.10440122360361781,0.068276359004109,0.04638071949746979,-0.022865505335171076,0.08033621854631828,-0.053085707491536814,0.002075365400104859,-0.026078166118102847
perm_id_678,-0.03048653683433054,0.014127405034455778,-0.016870582272899583,0.008241001638864652,0.031024445121030763,-0.031754659225956536,0.039321330457524374,0.10364631539058244,0.04928360562664973,0.058937189745020345,0.016543453540242656,0.04405926786615202,-0.04862298440579379
perm_id_679,-0.028574094098036497,-0.032109412147413904,-0.07485101648127297,0.00040192884630048186,-0.0036153568858714774,0.004696291288872851,-0.027873156254226237,0.041015689370716306,0.05387749700405525,0.051318581913123405,0.057506881263161246,-0.01577421724309826,0.04716711276551324
perm_id_680,0.030247588132777413,-0.03821652759844629,-0.09071621876808315,-0.017970934957260522,-0.020002958430969765,0.023457365061503265,-0.008830931485162717,0.1048457675166252,0.036048377614026274,0.03483342487148842,0.06317456671219475,0.06410858508791484,0.10795138589657706
perm_id_681,-0.05015444788092123,-0.012861681833169549,-0.054049703031548824,-0.010334523707357714,0.0065888372895793875,-0.0023777719526659456,-0.05438727229451541,0.010379959728125011,0.029979525015514954,-0.025623031319261774,0.04016599405280395,0.050634508942667966,0.04159008956870887
perm_id_682,0.04307084603378036,-0.06338659328224408,-0.007123915445216873,-0.02523494205277388,-0.010782585204574237,-0.010556765410491024,-0.013194295612139688,0.012553362215979273,-0.003082009760989348,0.0747183719167851,0.055974952100202285,-0.00895962350542466,0.01194947193946853
perm_id_683,-0.029179885239504644,-0.04681996554250706,-0.029340764077766618,0.010457373831682599,0.07250211610922694,0.03212435805691664,-0.004097108516706117,0.06818967735692187,0.1284140188759238,0.07430582722878264,0.019373911915992713,0.051288766595287465,0.045084022763267714
perm_id_684,0.012238647230789266,-0.04887892433442221,-0.03742081010502992,0.06869914401123776,0.029687855401308576,-0.009489588652956805,0.01209502304463718,0.00541977405237497,0.05716509548488102,0.021609213809300743,0.043031972790260865,0.050953985220887954,-0.025704798050682553
perm_id_685,0.0920631548672394,-0.06619215111240835,0.06215311030032057,-0.07460088795871632,0.013306772530988283,0.08910536213997047,0.020190203382697957,-0.05504875026711489,0.06573934578191105,0.029713567081731472,0.10710697836239357,-0.05476521719949514,0.06619685478583705
perm_id_686,-0.021801399550005804,0.012820792402777455,-0.014002945997454455,0.036640122646946535,-0.03541546150354749,0.003568211690773487,0.015116909097322639,0.0240737126613479,-0.017776761154758562,-0.06428159942190655,0.056545410583499295,0.08715818230418419,0.025608770421287303
perm_id_687,-0.04248244014492668,0.007896885011341172,-0.006564684149605538,0.022704018912282596,0.03692409803638488,-0.015925045691312846,-0.03828414763734049,-0.007546970477362966,-0.017061316531107283,0.015277630000507515,0.044839063446919916,0.05622089467270443,0.003223099540954945
perm_id_688,-0.02129247194397544,0.03837880191527668,-0.03407378248500792,0.031091071167555998,0.024247375813816533,0.1108909830761778,0.01706117569752238,-0.006286465639452431,-0.016781251248434926,0.013198078544526823,0.014971818627829774,-0.03634195822690762,0.04881702247657003
perm_id_689,-0.017739647919845634,-0.08717096767609701,-0.056004899896533816,0.013289940015718454,0.02928882202895769,-0.040525417720774635,0.0342358481496409,0.11502467801669203,-0.03131412878931623,0.06020600470039589,0.0015906842686602518,-0.0008393042276061242,-0.038635027320731305
perm_id_690,0.040897885632292984,-0.1536469575036394,0.02310251895484028,0.03224229140747148,0.01232576822693367,0.015346399497670395,0.02863167830360305,0.028017913748015103,-0.005761092983138399,0.00420367109045257,0.09655160222865308,0.02462053405101366,-0.010840155058117763
perm_id_691,0.034260949723242375,0.005874919214243003,-0.017932656322951344,-0.00815724970858392,-0.011946076949915741,0.009766684327476717,-0.04964885876653518,0.032850222222831675,0.013623531603002953,-0.0031808330918278198,0.09600019548378164,-0.010603757858456794,0.05450667444402433
perm_id_692,0.0037968386647350733,-0.05605592428433899,-0.04701366356571148,-0.004219575109998647,-0.0007076301763099862,0.030381093689328835,-0.019598924999902335,0.0434469748331609,0.007313577211716393,-0.07583469539382437,0.042899878411147584,0.0042214591508068725,0.031876297550896646
perm_id_693,-0.1342948679339677,0.054942557822226956,0.041214683803489235,0.016592738185632946,0.029277129081180225,-0.01823449867251349,-0.014097147240886834,-0.05245045377947054,0.11155235667354592,0.06505463835936087,-0.01134439583318638,0.01719777369467591,0.037844588497147724
perm_id_694,-0.008961506548979935,0.05673836391489179,0.009486520572882129,0.017127783818789453,0.0059778231493038195,0.0245582842980118,0.014314579700853597,-0.04835415817003011,0.038455145734292005,0.021434192736312665,-0.0008080867627674003,0.04430000616726741,0.1330094969711874
perm_id_695,0.017876151990894585,-0.08500676411734687,-0.019177503580714714,0.04997418652309324,-0.0107609095211575,-0.008351148711291848,0.009308026329509469,0.011971316613303081,0.04201397822825642,0.06781068182546306,-0.02470784667657014,0.02535786011617521,0.012964723234348266
perm_id_696,0.06450327384929629,-0.002775469901401618,-0.07049133170109417,0.05552551792636011,0.0450307205440593,0.04968205055555938,0.01774025473401432,0.0024094318923798897,-0.011619336665288029,0.11224323471180808,0.055661274489471724,0.0281683340237874,-0.04419902195133882
perm_id_697,-0.04441696706285569,-0.028845795209838702,-0.09874642732352586,0.027072965205561808,-0.00014772130908790262,-0.009865678475423776,0.07001615529990567,0.020529402386931645,0.033689453267451715,-0.027048730029528956,0.0030396295661809314,0.08584109167662025,0.10688248850660946
perm_id_698,-0.04192675471605066,0.03790979096392854,-0.006271653731193422,-0.003581888499716216,-0.003257529983232825,0.024566460177682433,0.03742800923386893,0.02179404686746758,-0.02861564988139976,0.13489943071705096,0.01019751568069409,0.010860200547291246,0.07753675168559214
perm_id_699,0.017664783004045097,-0.0034949659936697455,0.015367913060881295,0.025627984805263918,-0.04239226756875289,0.08843821344082975,-0.015175451802653443,0.03560985343642976,0.03996257291907138,0.03008724881101706,0.028704999456898965,-0.024348282714589033,0.0031496876651990477
perm_id_700,-0.004032769345466015,-0.05190743627423218,0.048248106820915626,0.009702326361751057,-0.02041226085340069,0.08363100258941857,0.01474581636763467,0.06939737267557726,0.002814572967181022,-0.0459485492470237,0.021870936849327574,0.07490661196185812,0.057020615590178444
perm_id_701,-0.09376557008855134,-0.04002968342411421,-0.04335829427793259,-0.015221935691999472,0.06911867395682396,-0.030760547605731377,-0.028204736235459882,0.03404848260608088,0.06124834123698678,-0.024183824929006774,0.000966800621949014,0.0410863706209263,-0.038120896933668526
perm_id_702,0.03379928599772238,-0.05415089957858063,-0.0309646643537466,-0.05272126326104451,0.008437662675328724,-0.03674783160687281,-0.009345125071265196,0.03706387699805815,0.006704068029814176,-0.027458105060606405,0.023268181269324586,0.024141757906641727,0.12878864618118122
perm_id_703,0.018020901010806337,-0.008427739532058174,-0.05219478598866079,-0.01878004315384839,-0.016066223423516924,-0.03971740305511416,0.03459090885811369,0.08059088844211774,0.077027662860318,-0.017774185400473794,-0.00817844545760502,0.03235954651647117,0.04816507590265428
perm_id_704,0.012613162679662742,-0.03201916721854447,-0.04513463038148401,0.025731607470451303,0.08800927212471236,0.10768960619843962,-0.030184739506906658,-0.03762085857119216,0.08606765174783383,0.074456054661331,-0.041617248996679256,0.04813876732971605,0.04229630050425576
perm_id_705,-0.016210561970604092,0.05052677124878423,-0.03483478509852015,0.010733816823764356,-0.05090316539351068,0.043045148380264006,-0.0675115750492473,-0.014610363540263373,0.07423974205351322,-0.030026861172514543,0.027696736389604414,0.004281788486984257,0.050146825970448526
perm_id_706,0.012289193749286281,-0.11631581563843765,-0.034844358686132906,-0.0007189620772732428,0.003884139933524133,0.0996355408195916,0.004906534542377366,-0.031244697404673876,0.12587944006099666,0.08937963098521624,0.06408125692119032,0.10140939672712679,-0.007367384900403947
perm_id_707,-0.014991175756597365,0.03222288714305734,-0.042859919060412144,0.0399784902041491,-0.027202762154532947,-0.01608232020006015,0.016302050947014143,-0.04204252848766065,-0.06522150089960138,-0.006254982041703555,0.07598054912858415,0.03513980230968121,-0.0008114852602401821
perm_id_708,0.04187038056529315,-0.06517307962279528,0.009779610270204655,0.08304552939912781,-0.053319551635219335,-0.020584096999847652,0.059124531600970726,-0.001957280039119007,-0.03271658989908913,-0.030146687157267274,0.006563638020565808,0.027335363001805783,0.15485905832666808
perm_id_709,-0.00617686884855064,-0.03669301229753431,0.006231905682095967,0.0257705468669834,-0.032210056266937966,0.13594240638098729,-0.0008082059465927334,0.0036421410933436867,-0.007997554560106205,-0.012904638183477627,0.046885084534393995,-0.02156328650850665,-0.007254701711437744
perm_id_710,-0.0011446638410774319,0.006947599492079353,0.0036584483803175295,0.02846646061437942,-0.02247103109943517,0.021613425181861563,0.033393084882658436,-0.014312523392400994,0.039807669075965155,0.00655960865906589,0.07648594941901146,0.05398825870860473,0.055207578309020275
perm_id_711,0.0796711616384364,0.016339150565671243,-0.002914479535279376,0.0749865350384945,-0.04145855337442013,-0.05015025830954931,0.02988007937233437,0.0686742910169586,0.056630077154019916,0.06965368611551687,-0.019956672652070736,0.0401453321472102,-0.03219432951940133
perm_id_712,0.020355450598704604,-0.05753446450819254,-0.03634743557997345,0.04508075562002817,0.03612961531545276,-0.0369176660733178,-2.7141998049452406e-05,0.08457772424171596,0.029522599447887026,0.006861901149054267,0.028560666405350304,-0.0022080320831636495,0.07096050419008643
perm_id_713,0.011424487471136011,0.002636534267998547,-0.07030140160576076,0.009347757016997126,0.10118441500095442,-0.011362875111676385,-0.007138715251473534,-0.040447149474575596,0.03783757425318682,0.057164734714490406,-0.038687264860697235,0.025638683486307854,0.012740038505053335
perm_id_714,0.042733336147776545,0.06837351455974394,-0.0027802021795989007,0.06475125402945486,0.04631175717893311,0.054285345482060376,0.06497185560843802,0.005390744733457235,-0.012913596965131516,0.018829334347549683,0.012872614810839513,0.0011166991606526722,-0.021489253954331215
perm_id_715,-0.054241735833713736,0.07244146204021301,0.009464115983085072,-0.015103088964162088,-0.0011845768253308008,0.08255208438644297,0.02091708933558784,0.012368925244976984,-0.014065840813539874,0.05150427474023776,0.04839306965848524,0.05418971566357132,0.021936042133096058
perm_id_716,-0.00538590142880237,0.013476305845371487,-0.0024787678969234402,-0.024966303988753012,0.00045509801629845973,-0.010732477138719996,-0.006959136635053568,0.027710530379479615,-0.004103573866991178,-0.016999079261646843,-0.046056169931094564,0.033722916655889064,-0.0432654087140957
perm_id_717,0.0037663341797593277,-0.015958934301538066,0.06407313381883228,0.033860178237535794,0.043922997014535656,0.053465578699288495,0.08236953260467361,-0.03227367993520549,-0.0385402205009927,0.03271725499794876,0.04674828287449934,0.12822304781873595,-0.004037297023110894
perm_id_718,0.0005111751889912209,0.045474353278342414,-0.06355433951241576,0.029764559089781577,0.03665839421915148,-0.020620131626666333,0.005751515861848552,0.0055605851652367685,0.01285029416467383,-0.045911375115702056,0.02892412308554894,0.03220714311115861,-0.01372389688949961
perm_id_719,0.008317781546286651,0.02772247211738286,0.05895829019835864,-0.0006724947825218536,-0.03365282902316847,0.05707748021586536,0.020527075724718048,0.06393241266636987,-0.011639067968668036,-0.022686858610275196,-0.006262017723977073,0.06487568501954194,-0.006895584322486092
perm_id_720,-0.05804764603174051,-0.07046876472873116,-0.04265956032412799,-0.06093482048162069,0.02792942913013978,0.03564816672152855,0.005535889511816552,0.12896230267730524,0.14755014718176301,0.021378193700009072,-0.05135411423998439,0.06337666287876333,0.005728770870321461
perm_id_721,-0.008394008876504013,-0.018109491719547465,-0.03261040080269906,-0.027625992029212777,0.03605894982233983,0.007311734498255695,0.07262994903237854,0.060316359193380846,0.11749605969661625,-0.022680893376401418,0.004594014889974458,0.06625158090055595,0.06247334735490102
perm_id_722,-0.07257080328432532,0.06627470859468687,-0.0161684754530034,0.047317902884224224,0.006013845573880499,0.11844727212864559,0.016688222327543623,-0.00018170535599859684,0.04162029094693095,0.02566976076809358,0.03692210418590057,-0.024522360190732367,0.014632413843303037
perm_id_723,-0.006783659910543672,0.008383100843102757,-0.025944297613981128,0.01173622744338445,0.07059427361919159,0.051856670943925987,0.016889310497129252,-0.012149158886685297,0.1518711854943253,0.0525390327865268,0.03481250963300161,0.07036990210569061,5.725552193088517e-05
perm_id_724,0.03709906813693832,0.015415657667227925,0.06576784078806118,0.012827212931409461,0.0019246698959044662,0.017588186959087936,0.0020203207989664923,-0.00545055523882778,0.0007716394197823223,0.042789405305229726,-0.018099607780249227,-0.018711538714992728,-0.07976553218045312
perm_id_725,-0.06760927922606381,0.004339090752278589,0.0007788375000110437,0.02703430838523623,-0.01935099973571742,-0.00596366185835209,0.04410946657201121,0.06921585592508961,0.0744149525731356,0.02449618658758302,-0.026685010868639673,-0.054089585632812694,0.04458821942878671
perm_id_726,0.0026784117051459294,0.007500303858120381,-0.07550130468945802,0.0032994117266645384,-0.04620356441034849,0.007108627532714478,0.002787183778975463,0.02659703324207231,-0.02607919612348631,-0.04028848703020384,0.10752294200833719,-0.0002007417273530279,0.00782617366510793
perm_id_727,-0.006043068849212027,0.03200152010986364,-0.05294010713432516,-0.015538473510437342,0.013973377354558834,-0.0035781935082864623,-0.032366625599515704,0.013267460588727504,-0.0057988357486692425,-0.03666731846881572,0.08627215116123249,-0.022752705614548216,0.12063812609346115
perm_id_728,-0.04884474758012201,0.02005942077644922,-0.012973593009188843,-0.020757023915067067,0.01794299970516189,-0.02413756730604341,-0.020090278763333722,0.05069274573932591,0.0720089548044473,0.08940760403163432,0.046737398576572484,-0.015225066814497295,-0.0076624341584469405
perm_id_729,-0.023960961965239724,0.03492246308758632,-0.05815391552217937,0.0465277151788322,0.0627159693768399,0.04586193805475653,0.014516213264226098,0.008903329444825634,0.046500910348998545,0.05457823638204937,0.11655099760798338,-0.010897796671565473,0.09503000411185122
perm_id_730,0.0001501483688251271,-0.01927301174992456,-0.019830662477009892,0.1496261349189797,0.035822077228281984,0.031833697803355744,0.008303940093361427,0.0838312274210923,0.03378835944986246,0.03711983964311243,0.020031709592975715,-0.026212566111573896,-0.02064813691125751
perm_id_731,-0.031837721430909696,0.007631885469005711,0.04754670659439547,0.02797360994775835,0.03248072596749276,-0.000832989307586993,0.13192055176895862,0.08982279628081154,-0.021410373041154326,0.01525533399057264,0.02683415778551965,0.09245910084783668,0.0664087485812133
perm_id_732,-0.00549616128710347,-0.050781129309226056,-0.0012529206609059778,0.027735799015208534,-0.044321423667639956,0.08909658578883328,-0.06763632371704392,0.015623884899448862,0.08949422081560415,0.09891286476957548,-0.0037909760372488045,0.1480518018190949,0.09997856110140758
perm_id_733,-0.021273149129683238,-0.03188329895938634,-0.0815259337247402,-0.003093728808440557,0.047750767523371325,0.128107896826275,0.008199276885507619,0.013649831942359981,0.04353884442150588,-0.04880870743269076,-0.06545349102419806,0.061307294009314214,0.06947480662672653
perm_id_734,-0.030547355103625187,0.0810249340661084,-0.017341159736573724,0.0695747289199622,0.03803722489674497,0.060346486310771906,-0.02610902286256388,0.016301941043174503,-0.01723626858606107,0.08858861942280764,0.09882470997244032,0.02902859920476386,0.05210691040028208
perm_id_735,0.01601355897789816,0.028041343784559702,-0.061598949923592425,-0.0010220441612651624,-0.0312568978153763,-0.02470203621203338,0.06737132912296812,0.042465801644483395,0.007315912012541503,0.1752328304691995,-0.02264856866884152,-0.03015302306565931,0.06726905897142771
perm_id_736,-0.04225478426982023,0.0006798373715434395,-0.0549106838534981,0.13267885280691455,0.04053265355660433,-0.046849908848959995,-0.0210289276124288,0.22261288706644386,-0.018136489004074653,0.026196206763992366,0.020233819373508724,0.08580044530856933,0.17815391963022376
perm_id_737,-0.11197226558570274,-0.025723977882857536,-0.0381020486879168,-0.05486298230531779,0.0006951962076212414,0.060816806709362875,0.05463571250250036,0.008564508631579126,-0.003704038127046515,0.007886009681020297,-0.0312311437035785,0.02107346321864802,0.016513440224068077
perm_id_738,-0.04684010898153679,-0.012218645036188611,0.015390095185013521,-0.061686725539297785,0.04615958194583653,0.11156701442680007,0.054696851437813256,0.12465051545010712,0.05745172484613321,0.143155439100264,-0.022200709806192223,-0.026972053666908493,-0.027574881425408232
perm_id_739,-0.09411792998774933,-0.0388703425261919,-0.0699184710636812,0.012783028224001953,-0.02338399467496551,0.015651125735880785,-0.046095877185869945,-0.033478215285435146,0.13249802171145347,0.10306917646531834,0.02741270727458873,0.031248064720796376,-0.01205982941629726
perm_id_740,0.004158568006384847,-0.008350250698927694,-0.016834524438738566,-0.020436548461367367,0.01836944265499415,0.047341032161071495,0.025771127447529386,-0.056658634024822484,0.02721936191205136,0.00035489646799698735,-0.013006170641519611,0.12913485695414406,0.042825913197900176
perm_id_741,0.016882753884694332,-0.008009588595917076,-0.04075612309403956,0.08113745500716714,-0.02195302132578605,0.04748973217035908,-0.012886547595163271,-0.013556896489346408,-0.01256522328388153,0.028313681358199404,0.06410085727746273,0.04096456912975561,0.11182131676714716
perm_id_742,-0.01720339168628861,-0.028113693321949598,-0.05598199137733185,-0.0643904626390691,-0.04544258734174611,0.03199764270013047,0.05349122101973504,-0.013313042690172168,0.02696541311552707,0.07218010929643774,-0.02145792743086732,0.0057559346588149695,0.04328221198088293
perm_id_743,-0.037034632163472324,-0.025664671389789867,-0.03740771424691834,0.0029313376113560383,0.011776381970028142,-0.0005881969282951489,0.029948103699951722,-0.0001498339374377527,0.06128454093215113,0.04777957744121291,0.04758521629296409,0.13170036029658716,-0.03604833011038237
perm_id_744,-0.07109479008595773,-0.009725895092889071,-0.002607135861055431,-0.009627817399414346,0.020751794899015154,0.052683903631160114,0.024356744502809533,0.06715481998378017,0.03328158913357035,-0.004233430259788362,0.022942715998357167,-0.017207492026640934,-0.04105433056281818
perm_id_745,0.06311061370471999,-0.03574859547150905,-0.022076137635505807,0.11419933136705118,0.05381386238702861,0.0019696299980345956,-0.004593162015993809,-0.0017785455444478888,0.10042783595791452,0.0008482143383597257,-0.00334903624646619,0.08194639155058188,-0.009756145844076393
perm_id_746,0.034954364238230104,-0.014299808497893243,-0.051888729933091356,0.0038084381599917364,0.017188302600091732,0.005077978399652435,-0.03567058381078007,0.013272659002394875,-0.004823845860187189,0.07269763307985312,-0.02781312516773798,0.030473523333428853,0.03561777043852208
perm_id_747,0.03640069509642152,0.0365957540449956,-0.024809300861376834,0.0742536028847257,0.07116532948443742,0.010028822261389651,0.03386191131241933,0.07956322241382904,-0.015265535727623314,0.09754269104816705,0.020963633307220002,0.023394559561478262,0.08522698082690433
perm_id_748,-0.05298265236841322,0.03161863180162324,-0.016921386392813726,-0.0187094376232773,0.034152814395812324,0.04244583886526762,0.06499285855927923,0.051963211912710104,0.04734196142954211,-0.01569571578624746,-0.047706809304310774,0.03394689155493029,-0.024980304834433066
perm_id_749,0.021961177161564004,0.009582460815256943,0.005683820455806131,0.025210636622403845,-0.07549647802924464,0.012316452686043712,0.009811698388179302,0.022100538080712353,0.03133147108600716,0.008029344946712865,-0.01900907283210296,0.06131940189634038,-0.006678828465989017
perm_id_750,0.014782322557182547,-0.0036512491912528947,-0.011310241155154615,0.06937102549858122,0.05331178758247045,-0.039960383175384175,0.05756405051920702,-0.04960070428794371,-0.019739279783185633,-0.013810589263886607,0.0809542313933391,-0.03819148246445974,0.016686169200696013
perm_id_751,0.005166903110875814,-0.0659271099486696,-0.05520636242323249,0.007930237777436703,0.03389179978069276,-0.021786512392713536,0.010649498706618367,0.034502265155284095,-0.007031072415180968,-0.013016868937297227,-0.02102608253747638,-0.03510304774624088,-0.06571479009841416
perm_id_752,0.027084790181062426,-0.004706557938422663,-0.037976281809044256,0.05922925236244043,-0.034336310554810144,-0.026514770353681976,-0.03387077339881172,-0.002034737587676628,0.07510846697846252,0.01250557615398331,0.017972315811086964,-0.028107029526606042,-0.03029911715985758
perm_id_753,-0.058733432918240465,-0.0848691534209981,-0.020337980864797302,-0.0039612923838174725,0.023277043143308196,0.02536984000610528,0.039643593826196366,-0.03893485601114002,0.11826047787461492,0.11238509775152136,-0.019472911121142022,-0.015296475741173298,0.09000616728166243
perm_id_754,-0.035154365687226824,0.020737731990111034,0.027469975825429135,0.11022119987687604,-0.02940286680221714,-0.00971801997106398,-0.033260846547996256,0.1677815423887556,0.07216296497585976,0.050513407650860986,0.06728885016605503,-0.0011627775257947296,0.07414118134442271
perm_id_755,-0.051495382729453275,-4.566495774053142e-05,0.008248726811365518,0.032202441024925726,0.050800742601346885,0.0514130371646829,-0.00860929443156473,-0.0005966733606995436,-0.015190101099182233,-0.07397282518733929,0.04892169290730294,-0.02144630730329501,0.09439467219192238
perm_id_756,-0.025598441018811303,0.004252822216277366,0.028476593612109927,-0.0012505260117181734,-0.020622010998072093,-0.02124212555019314,0.03549269571291625,0.02409472560579535,0.05856231111535411,0.05720689731200948,0.0331306646425339,0.024505297581512583,0.06969078446962616
perm_id_757,0.005339862307421627,0.036559105699119306,-0.005659915021820785,-0.007449141975306512,-0.0900864900184243,0.020909869282404923,0.023907695956264848,-0.025906706771254288,0.08671280533309858,0.029992307355499986,0.03969040179605751,0.04538788118957989,0.011414164919856985
perm_id_758,-0.04303367644545827,0.03723346524729017,0.07123478255693089,0.0021475232500130074,-0.018454615361364137,-0.013806282829618176,-0.011490952955943478,0.07954819236113199,-0.0023722865156678365,-0.042231606081952124,0.01799103069874509,-0.04822890413910047,0.1220136472166604
perm_id_759,-0.03436288133345062,0.027610047300152773,-0.05245984226422844,-0.04969936487129499,0.04990030729401132,0.009461057515886946,0.028937810809423713,0.08444687061139279,0.08703456325364622,0.0911385983554213,-0.0369941288000206,0.08569400593264939,0.0483366965581436
perm_id_760,0.036653606833498796,-0.07590014618551799,-0.01047364472651461,-0.03856850422098401,0.035369148535823174,0.015404380243610509,0.007736824904291486,0.011318386012069425,-0.006900832619161131,6.208566865320519e-05,0.10143149299199901,0.13407667918488905,0.13189112735145014
perm_id_761,0.059418021817672424,-0.031248081047559998,-0.050473139525260294,-0.007339734453888807,0.04171907854595603,0.020888026797084864,0.033644624518543595,0.08571863758091292,0.09690368658780668,0.13515229567254747,0.07117251593361235,0.022684586737803988,-0.049848962585666394
perm_id_762,0.009785811960637433,0.04848965972697228,-0.019945030652664435,0.03055342793531464,0.09951730670575185,0.03117468764516913,0.043753144381082514,-0.058222231823873836,-0.010430169403044419,0.028227535282280978,0.010468315499548152,0.08137794146045686,-0.028657442668704892
perm_id_763,-0.049564247957570175,0.06314096440184926,0.002181373700479826,-0.016278564165940312,0.016052647348550438,0.02432130196130432,0.0027939527826408937,0.09934129733012076,0.07145944879193723,-0.010306999797661285,-0.002042932698219946,-0.002541666498653567,0.06540488511316084
perm_id_764,-0.05438791987159212,-0.03682811449180111,-0.027931254319227668,0.029776103764400378,0.046677097308016474,-0.050423720231294475,0.008541208109104255,-0.04243523464635449,0.02652413793403468,-0.02002443369175906,0.02169031370534625,0.09152528916652936,0.0749332867160782
perm_id_765,-0.04480089946858208,0.03928032451194774,0.04529053256014709,-0.004641505440662859,-0.004954187758286579,0.008733489452627453,-0.0024905661434568675,-0.017970119997990853,0.011189601788815636,-0.024995122439908913,-0.043540912976958265,0.030175594482391793,-0.04179425617225651
perm_id_766,0.025257023433823654,-0.015942885613812453,0.002856932389037052,-0.03523959428325066,-0.01921515888349729,-0.018240882012715492,0.07380673889301667,-0.01766034669053004,0.008250315429495707,-0.0011289330707585014,0.09250177635757664,-0.026918126371347273,0.10145216570980577
perm_id_767,-0.017584163394906094,0.06193752656510203,-0.02268109983830153,0.04068375769705645,0.0013824135039141822,-0.017619735666841392,-0.018646761061838064,0.01795160471647105,-0.01135232014423659,0.015839083078389653,0.06879345244811723,0.08541381830017611,-0.039967383911596495
perm_id_768,0.029709001409982092,-0.01083517305842206,0.0228450937557152,-0.02843413504414884,-0.03055011358804856,0.004137251866930831,0.02251863083162923,0.14018672786645436,0.0021216154453358267,0.0128940081781783,0.02616991813714815,0.03587698799526813,0.004217981479407591
perm_id_769,0.019421964464351574,-0.0037314912398609405,-0.021788896296328,0.00900716816205029,-0.06508874216407785,0.013105633465009744,0.05820505179564116,-0.015390423545202307,0.002165468250190983,-0.0015522478844518287,-0.04374349052309242,0.13453063335155685,-0.03861998735267771
perm_id_770,-0.012060386547146725,-0.012531300570554047,-0.015887467530050804,-0.016802929526821837,0.004298644302956833,0.0118266656447399,0.003199308798547395,0.09465858499389299,0.05759844278403002,0.00941082017217426,0.05499012684916425,0.06453205775641477,0.1189312945149014
perm_id_771,-0.0214982457347116,0.022672082017774448,-0.007141463975580336,0.016538590006146582,0.002605204202501322,-0.04175444268595175,-0.007581466208905908,-0.012697752514479917,0.08316659937420114,0.014399713693655987,0.06261698175161508,-0.008865478125031358,0.03427200901929258
perm_id_772,-0.0009734547223625617,-0.0023854912297164837,-0.04358197421450914,-0.012216718528845564,0.0012107604968658388,0.015272543269994866,0.11561641802871284,-0.03694918385802024,-0.026147184592363797,0.11088652893601335,0.010901634949864573,-0.01964022919648588,0.025220009212019286
perm_id_773,-0.017683758178274625,-0.006270984816663168,-0.024754401275521674,0.040576721704260334,-0.0013645746102978762,0.06869450199268824,0.02129992017376226,0.11456832919902493,-0.0023691780200746325,0.041179655504506245,-0.03735629383458886,0.026551588279867686,0.04536925487118331
perm_id_774,0.04178521765653093,-0.00900778228262976,-0.07204488968199597,0.07291951612904155,-0.08256680972033989,0.0004413844191173569,-0.06890629272569246,0.08476382391750148,0.16602208084206416,-0.03327609863233738,0.06287586612268087,-0.03967022594095413,0.0027318578434763385
perm_id_775,-0.01994124975531865,-0.03952049671314415,0.03606253231486654,0.03901885642312358,1.9224347508278427e-05,0.00033601331508140874,0.013267219393489064,0.09024137547294912,0.022702604267025587,0.04375966928072524,0.013868142014834666,0.017681753173159634,0.04451103168695178
perm_id_776,0.018984109656605054,-0.04412691416944943,-0.0396322663782736,0.022437308266274675,-0.0319717155990501,-0.02791433601457947,0.0196911033612319,0.04774568376221806,0.028981603716517177,0.009436873193763377,-0.012258260533992453,0.14541232526304793,0.044353375089440095
perm_id_777,0.025581615983879518,0.034189186416672644,0.030119692480843552,-0.02327312569858106,0.03266043560742146,-0.007469562061815084,-0.0018521280826527757,0.0009784577916454626,0.08828674827617075,0.07407556406540138,0.017118829691814736,0.15408957439419105,0.06799384328121541
perm_id_778,-0.04562605691382687,0.0001292910297501863,-0.0008392474406475371,-0.004320152747519509,0.016312704995058495,0.02459546693859394,0.03640569793814296,0.08050071134936505,0.05829753456707205,0.0284905178061683,-0.03355740400869898,0.04999621795495688,-0.01945812896280152
perm_id_779,-0.022163870900362627,-0.008467610182769097,-0.01611914071961582,-0.03673809711109266,-0.03144950495543286,-0.0471404228482923,0.013265769860811679,0.03413074790700834,-0.0802952205614071,0.04959573998077289,0.0138912886879908,0.20232287153190642,0.02442632916001226
perm_id_780,-0.07392888534035273,0.03769667150860643,0.012805438450204118,0.05106005927680283,-0.021752021546827684,-0.05648000673336793,-0.013321401766573128,0.022470356654950032,0.011998905274647193,-0.0005616059886866284,-0.0033778096245613374,-0.00902972579967344,-0.0036777003016549735
perm_id_781,-0.03561750799543454,0.021149716011916155,-0.06387713720451917,0.007371434831338551,-0.011003759783918847,0.0387530562774968,0.06841736676703186,-0.008810723597716714,-0.004576781230828982,0.09089596360179189,-8.470937395059407e-06,0.1073406460776021,-0.01928484532989017
perm_id_782,0.05344607984192951,-0.016276026925633836,-0.02149739394831454,-0.010767714310492942,0.05358066088946859,0.07917299234213575,0.021094570891166904,-0.008983150798849069,-0.06274913934468906,-0.02822775898449125,0.05864547240497521,-0.053002569907723326,0.01486876110427115
perm_id_783,0.012294544546784124,-0.002333106515267982,-0.012118463542463159,0.029589469486180003,0.058337381392007344,0.10098177131512852,0.020304787355151552,0.03446825576458048,-0.004053460800474488,0.028161042202559935,-0.06260814114288257,0.06540542692904844,0.03314583142694572
perm_id_784,-0.0031818179822584182,-0.015308792685982248,-0.016164656828699567,-0.011856419016837415,-0.02906661033421444,0.03370468556838401,0.056076253291633,0.059044173197163055,0.06926229190226454,0.03268122314571574,-0.02970151012224749,0.01476382864231175,-0.004757517478669801
perm_id_785,-0.06356133197437767,0.053820561882953304,0.011025531975328224,0.019287380152245414,-0.018207381510345646,-0.0003264421791821107,0.03230280161101551,0.058908845039294715,0.01808677525474472,0.0362671135204572,-0.02665746258463074,-0.0023022106455591333,0.05755084182149392
perm_id_786,0.057066791554211856,-0.030310976122451358,0.013944860115455853,0.04618179905795759,-0.03625505574679761,0.00265881378903716,0.06878635283025553,0.001015536857341299,-0.03687139477160974,0.025550719945976786,-0.022964614731295654,0.07087249347358855,0.04587954169465193
perm_id_787,0.026781650168720975,0.020574731588225193,-0.036467619932799136,-0.008511057443340846,0.06169959669468526,-0.016234279598871124,-0.002179710230882782,0.16963636898971998,-0.02561063530214962,0.03916287654635358,0.10875250750763711,0.01744895835070428,0.023079484202715085
perm_id_788,0.002925117853638001,-0.040916909497096476,-0.056384574579289394,0.007836023612238598,-0.00465243190419699,0.07845622318902278,0.0028542817683263944,0.03704697216007018,-0.00016969228592592753,0.037992808397223264,0.01657254413810791,0.014460202215242695,0.00850799069834447
perm_id_789,0.0447550477879617,-0.016752980201632878,-0.056917066903175745,0.03622852361078537,-0.05153250161042066,-0.03647324264624747,0.013671077639396678,0.08475751517382783,0.0228719490908744,0.05368532940596407,-0.01760384999789647,-0.01588600342109552,0.020016838859797603
perm_id_790,0.019410410135389744,0.03561362567206315,0.009815111665323575,0.015972321649701346,0.044682846093572516,0.033401457630474515,0.005033919291421084,0.0441501058860002,0.014762633788719202,-0.04300950159030659,0.06822549314853363,0.0009777616176560992,-0.00025574160682966077
perm_id_791,0.018258969997061218,-0.039786713513269734,0.029687313066970797,-0.023322462480615883,-0.04834162745407295,-0.027485294884381953,0.009210936786972771,0.03853532428707244,-0.0157557990610703,-0.008404242461671428,0.009256137764734234,0.041061770261195916,0.053323334099253696
perm_id_792,-0.013093145224585717,-0.05148152124752424,0.020222542230213487,0.015580318602511101,0.08089919595181815,0.06787635398652477,0.04355791612277134,0.04125725266635139,0.011307670366108667,0.0431405636932548,0.02705799551982282,-0.02613681676489325,0.02655971553016835
perm_id_793,-0.009401269756341311,0.005358573332757738,-0.001572000518928956,0.0342754964912149,-0.050841670752309484,0.01881506416368903,0.020501622168374235,0.007621925527650092,0.07916823768925056,-0.06269219837834399,0.07973128107612001,0.08031533721164308,0.06452260566891811
perm_id_794,-0.10282697878738895,-0.03626123178761262,-0.017942172151325556,0.0019098665495309002,-0.05138193016942365,-0.05737411192338706,0.04215015993921855,0.009787126695962062,0.00021666335179108627,0.06755187091284781,-0.015251340397080274,0.01659281694860642,0.027366758883990722
perm_id_795,-0.005370783864204877,0.01029523640178817,0.021541655804204172,-0.03659812961697071,-0.004892518818727305,0.022178730716285656,-0.01695531462496033,-0.006868093427816524,0.021415583681834986,0.04707776233766383,-0.017293007850918845,0.052078188252726615,-0.01951940934291108
perm_id_796,0.028775053122997375,0.01902259398025598,-0.04343805143658313,-0.0018184645969177439,0.009521306081563121,0.0317517442484059,-0.026490394723243688,0.001799770433504218,0.02414884053946999,0.022019403089460206,-0.0023040476926694644,0.11504917484779628,-0.02167473247867502
perm_id_797,-0.0003119980012716453,0.006050830337842548,-0.050517901948904834,-0.06176260097348207,-0.049364744692607446,0.03304047080634356,-0.016991805352476665,0.022091507325179484,0.08082437726174245,0.11398357085195596,0.07259903483961176,0.10353506883989327,0.009195868218347138
perm_id_798,-0.06625362955642498,-0.07247891610507694,-0.023387284461259348,-0.03814415936517434,-0.005321649073262308,0.034456883642825925,0.06297687008587112,0.018843758509900492,0.01526092663776048,0.08524052535651733,0.0210230471752431,0.1572895064983349,0.0010398080369777793
perm_id_799,-0.09766065782531719,-0.022991634700259802,0.004648214593443905,0.06893478645466895,-0.0681399047299276,0.08519395962629694,-0.011093925973680911,0.12719828543814515,0.12521842552289658,0.025388214739341764,0.05692250892973795,0.0713083486491388,0.034769428591325535
perm_id_800,0.01733634376250259,0.04269733383077365,0.013885121139401749,0.011881572351490077,0.06158624268306496,0.012373318229983669,-0.025604073285309357,0.04216540893229285,0.029364518175554386,0.05738125320690312,0.04093067881714249,0.0333647299685184,0.12118416320644008
perm_id_801,-0.02236493316037233,0.0011438441797237448,-0.08382443860385215,0.06168783795793166,-0.05172003022446578,0.06104007840732808,0.0179482898184175,0.08852700626628164,-0.018455034976679534,0.08601786193728707,0.039045654394109286,0.011049244707553146,0.0945652909741596
perm_id_802,-0.02736681867259259,-0.02777071140742718,-0.07806743842145546,0.018534366221156826,0.008645600529295347,0.059518344551361346,0.02401126059706769,0.07321993671340793,-0.024796704968822372,0.04825340746847707,-0.02461023902690409,0.03706161069254328,0.07250095436930361
perm_id_803,0.09579246799257027,-0.02493270270947009,-0.021594029013203613,-0.05084912583141568,-0.014602276923512878,-0.013326379397188762,0.02149159731926074,0.10024497747335039,0.061472853842795626,-0.02386734304844734,0.061193127878399575,0.020772037351456482,0.05045382510734165
perm_id_804,0.06352793354850701,0.013882748746797922,0.005803995432526867,0.07400515857131372,-0.028900638200297122,0.05641839973273996,0.01142048503872965,-0.014615110694536658,0.04248343761221854,-0.016810576591238618,0.06001923821203542,-0.047989724528471334,0.03197714944070071
perm_id_805,0.06228900882559061,0.006906744488004383,-0.008964881796677808,-0.013108090101614494,-0.03031639184670896,0.03221392811555221,0.04046284178703723,0.06722553100960545,0.04713504112360017,0.01260686877725128,0.009533945155690976,0.02707323018915194,0.12038463929514115
perm_id_806,0.024063332545420518,-0.09049264180713609,0.0031594465022459516,0.049426320984540605,-0.0014109237887100392,-0.011360032234440914,-0.0655987833243763,0.11773251145897783,-0.002605579547608801,-0.06255892409570987,-0.0011242477463053566,-0.06887374561710233,-0.01949884564491016
perm_id_807,-0.018995409195599826,-0.019980917204909625,-0.030012353221966825,0.005663338556311555,-0.05909075684177442,0.07452591237509595,0.05087641776520821,0.01879395467033403,-0.01715454241038298,0.030979875449082,0.04339725267811236,0.027830784843792245,0.10071022513210365
perm_id_808,-0.04182386607927848,0.01982550463262799,0.05953592541467526,-0.0004195561820544072,-0.020964643658138046,0.02713061514601832,0.018801895962006543,-0.0034064951588251295,0.01120974238452219,0.08087135139614876,-0.029391810541238475,-0.052282257948772635,-0.005215274814695883
perm_id_809,-0.060681555585895545,-0.04346095698569686,-0.028406834969659112,0.009176814851070183,0.033043020267021196,0.019041507790588476,0.023251220246091595,0.029587525184875393,-0.02126812891238606,-0.04799476890270974,0.05134684739026851,-0.003206894552191279,-0.036675903676439026
perm_id_810,0.04430974806729095,-0.003926838139713529,-0.06030020338834547,-0.010146651525152754,0.002867931347214907,0.05611158222757033,0.02605435068377478,-0.004522947247716653,0.04404560678734451,-0.01972030646743731,0.007424877859092964,-0.013760943178588971,0.021427239319641533
perm_id_811,-0.004536109249823869,0.0355092267537115,-0.09453050039071899,-0.014909608271293132,0.0020316229207863524,0.1264296551588949,0.05355522588375253,0.006069370115025695,-0.027851374408997053,0.08248146789179508,-0.03748223646609047,-0.059063980540552896,0.08106988721001503
perm_id_812,-0.07320681390407294,0.03541322506403479,-0.03530482948054921,0.04650760423162379,-0.025940145569448878,-0.02772742653064554,0.04365846892449632,-0.005398794720440336,0.007269450186187888,-0.01209688696394252,0.07595781032583486,0.02483701966274565,0.04297347650609359
perm_id_813,0.021000492985224436,-0.006597650960497205,-0.05917152894630865,0.02130721436849509,0.05607437756851135,0.040077219322466336,0.053846313710986006,0.05242043083511748,-0.0030942665348123745,0.05441994257409865,0.05844072539698487,0.017170578563151923,-0.04636477476655718
perm_id_814,-0.05868649510765008,-0.006825935966100894,-0.001962574199205906,0.06263987883928816,0.0520638132843637,0.058652233406637555,0.05351996572882171,-0.0034578279848932903,0.05847764595389973,0.050275936782693396,-0.010490797283380253,-0.007911552167574895,0.06510077099175311
perm_id_815,-0.03608618054600812,0.031757122198972566,0.023784939298018747,0.047235992567276223,0.14498983840024046,-0.0003673399028181099,-0.051160683945635374,0.008623409866406362,0.056662277939842756,0.01410029368731139,-0.00668666956857679,0.14468360889123377,0.0029051034077646402
perm_id_816,0.033435778046423024,-0.010658430282534334,-0.004634591491032909,0.05495508971380148,0.0002320917073785857,-0.02080055906688996,0.029859762030467158,0.08456133345389544,0.16125304417566214,0.02865871455028405,0.03510856879467384,0.07403614403331434,0.03627490203279172
perm_id_817,-0.007608497622648717,-0.04188836399179702,0.039765888432799615,-0.011446750595318486,0.020659987858265092,0.044812159273922944,0.019605523546145996,0.045894036336877546,-0.017909596737359323,0.05475480279756786,-0.01332045782858341,0.040969068381688255,0.025324414063759633
perm_id_818,0.04653496354167105,0.06825289551959782,-0.03803716253480166,0.03635816938603995,-0.024802291299718022,0.007195730326543518,0.041947447351375636,-0.0121708210187024,0.04164476301849761,-0.08123724085625957,0.05030613559200321,0.036878869895742704,0.032568812735789626
perm_id_819,-0.0243995539927032,-0.039393774767442234,-0.08522545479323902,0.10597012290864068,0.030784771704266124,-0.0022733520743424152,0.1168463858626029,0.013367877113253724,-0.049737847022680234,-0.0020381788482299835,0.031790995334597755,0.08406138718468749,0.026628216029570686
perm_id_820,-0.04863637770153117,-0.030276050565090792,-0.08049008054502511,-0.002656427057275173,0.036940627170383496,0.07269711172092735,0.08654070130365761,0.08647587949102138,0.051443850610259814,0.03230871569418907,-0.015025593020886706,0.02696589178402367,0.0018710810361582148
perm_id_821,-0.08965592818291347,-0.01591234929908129,-0.06081556564056157,0.015705467780134225,0.04406238919858861,0.027133113792441023,-0.048936052430000175,-0.04940030530899732,0.01597220735991455,-0.0109570925145913,0.061139359726446706,0.00570459163039172,0.00887194353118406
perm_id_822,-0.001439069969646823,0.0013411856194629169,-0.04851860936406437,-0.008348760678223224,-0.0022533852240420003,0.11977749299574625,-0.013266673643783401,0.0440237789435601,0.13568611758165125,-0.028775981332586714,0.1194698729977278,0.02580775347947943,0.0020292719053000693
perm_id_823,0.023865333296767523,-0.0006064220497648723,-0.05239371202703252,0.01275111365274637,0.02458080441322106,0.06670477324410762,0.0017330710308887402,0.019439989749006955,0.05484269069298877,-0.008719523737013079,-0.006747693292369539,-0.0032501077998287145,-0.01342468124387811
perm_id_824,-0.10463858563696411,0.05289239497329018,-0.03382534367374551,-0.019303477515929198,-0.022206477288658617,0.03361095465287062,0.007559724391947065,0.0022243669880338606,0.05594090917269358,0.0410273535057251,-0.017666797492384437,0.007921136805053465,-0.041351135083230864
perm_id_825,-0.025434574344548388,-0.009853128730224663,-0.05338551589638921,-0.013830773011302052,-0.041399893137415524,0.12130307879719637,0.03317770271028747,-0.0042767609770977865,0.0448351614887591,0.06585222724542844,0.014997020503121348,0.012569482729007372,0.10101926946962676
perm_id_826,-0.07539417049871731,-0.03642041920359139,-0.037680483182877894,0.03643790050095436,0.014805626359461994,0.0527681170953456,0.07172348857456425,0.09065787704445663,-0.014783367093508833,0.011571937788611552,-0.07962126504810797,0.05538778504416562,0.045155948804476716
perm_id_827,0.0063959919896738595,0.03776051198888368,-0.09016908078295155,-0.00564801865561153,-0.04865397777991454,0.054404222253351814,0.0766393080932841,0.013901516378306358,-0.0281659738560877,-0.02988657372841779,0.08298987533069882,-0.01671736072837178,0.057295677216651304
perm_id_828,-0.0565753325325376,-0.06121342838772511,-0.04047491107237832,0.05156284452512683,-0.0008329779965742356,0.0146527452782686,-0.009132858124332236,0.019688112120765,0.02944077508058776,0.08922131011755978,0.014817554902655692,0.01514209945250526,0.06297684839715312
perm_id_829,0.02382297579338472,-0.037880222628709,-0.014999673667523646,0.034316686913685106,0.0369097482973168,-0.0397526398321865,0.0026613105080802134,0.04279400965442604,0.005041626821311419,-0.024038513761997705,0.01453663587283387,0.054125553261521554,-0.011196566949896578
perm_id_830,-0.08953366833414114,-0.0335398718622074,-0.011936117643618004,0.0544377926917215,-0.04236730635760561,0.05519089438080036,0.03828628028276642,-0.016335359579266823,0.00702694252276684,-0.009068100507816737,0.050504777813234474,-0.05748567944500815,-0.0048668536755481885
perm_id_831,-0.054223247629440516,-0.03227322057033866,0.0014562387800752439,0.01943724169227124,-0.037574508700749125,0.06443736267499749,0.1391683669203112,0.14118053032115938,0.1282760467574038,0.10738839227340259,0.08555552595177363,-0.049448897424516386,-0.01697508585917398
perm_id_832,-0.06744763769625949,0.007899807191824107,-0.02650666782916267,0.024244179871180944,0.02037930323021012,0.05655406904423437,-0.07852376872430401,0.05829939266333415,0.08167109072171695,0.03711472825149638,-0.06791704594417258,0.03478671129874273,0.025503752794144095
perm_id_833,-0.007206449124652902,-0.03255177804510461,-0.06730174582286805,-0.015577199590103974,-0.020229775593621904,0.03467659364027326,-0.05044774420573979,0.028029275736932036,-0.027162076002751834,-0.02534110588434398,-0.02881250756185044,-0.005898714352454443,0.010402013323404395
perm_id_834,-0.03460398043719587,0.035685856303042836,0.003285865923497858,-0.031063533739103102,0.02323964672748947,0.007949134122567212,0.01286821424698661,0.10362375004077287,-0.025055423281671253,0.05815537004858059,0.026013090599413962,0.06822169852058874,0.028143166448840302
perm_id_835,-0.026585699629989933,-0.007548490854543177,0.013200996578250825,-0.05992117895203363,0.035729191521803136,0.060172738116367565,0.13862173637351005,0.13053503998828128,0.025449695022090463,0.027740965118475944,-0.02019704156625231,0.0035489642704547974,0.12482889845349467
perm_id_836,0.005466141036280077,-0.011519494576707562,0.0029335317270252114,-0.0262406550979988,-0.0639898805018244,0.03937405378079313,0.04623204143755635,-0.023781657823407607,-0.0571290900947252,0.0897241713744566,0.02746250847647143,0.08395631759961719,0.06268132016018096
perm_id_837,0.03443729336945638,-0.02888679562712775,-0.014458703946314398,0.02444276404304858,-0.025924468396789076,-0.014631854738843262,0.011871511070369621,0.0100018007565751,0.04655794544058636,-0.018685048818787527,-0.009333090337870033,-0.08840751568952225,0.019011492376277864
perm_id_838,-0.010049897826644337,0.06506060761084691,0.0068230754112689395,0.009335866112497817,0.05414517813239886,-0.005654302795730741,-0.06695158624999886,0.01229143679106318,-0.004884230432268237,0.04488599015030116,-0.05020616353765843,0.028688265936636235,-0.010585292820364729
perm_id_839,-0.13891932420900638,0.006435212133223032,-0.03193094927066529,0.04952738877072497,0.04630351727929392,-0.004148299583798759,0.07504877201610896,-0.038969887064003686,0.012886114004673611,0.11960056538903287,0.015598320914616793,-0.052510598827076836,-0.011850951847978465
perm_id_840,0.04047222248812876,0.03822369667083621,-0.004517513135456576,-0.006160159630775623,-0.00589902755319289,0.031009838819538754,-0.04131803147167552,0.01842350743985699,0.13036982698875396,0.04356423451793803,0.10644535742430172,-0.013401389528729525,0.0719809310749841
perm_id_841,-0.05649706461849218,0.018881658599001715,-0.06608495496494841,0.06610532789312074,0.04221597787857096,-0.011005967885053963,0.03851899785114335,0.04599994765290264,0.055803058416365535,-0.051079722642804366,-0.05993307690547753,-0.01501998261624524,0.06858220760166216
perm_id_842,-0.12185621572969729,-0.013889780602833813,-0.03879476291029079,-0.07476958913719627,0.04982751270450968,-0.0025713254929599855,0.0021940956181513947,-0.04432285490370658,0.12683416772904504,0.04952838804796126,0.05539119773605379,0.047354727228862054,0.040166271327994656
perm_id_843,-0.07691670583886177,-0.025805953345185803,-0.00821534160074603,0.023296238091515223,0.04174083666997594,0.012906474335636596,0.03006992490756674,0.09583303742440363,-0.004301964089627418,-0.04958826807268922,-0.05316059496266444,0.03990389535716286,-0.024055733059843633
perm_id_844,0.035373872996094576,0.03386231863714051,0.006926903759347594,0.004611416527042611,-0.0444145348838761,0.02337703897955955,-0.03829219932591853,-0.019759674714299326,0.02050224880213622,0.008990928340463599,0.006159493343071372,-0.03865756866303284,-0.05809474782670517
perm_id_845,-0.05474318294292818,0.012199571319213977,0.010009009550688404,0.0005337483623074362,-0.031250062128314014,0.06168829882218998,0.0646604772753367,-0.017329154202939873,0.006334636821058717,-0.0025413730771217495,-0.026209362732183793,0.10297269767450366,0.006043170091190174
perm_id_846,0.005878086041417669,-0.026813310422465892,-0.0433933507829188,-0.03765604806709553,-0.016452283902662044,0.07070248808111067,-0.043042673940159135,-0.006176797561835335,0.030507350378622858,0.174293281433007,0.023568900512320815,-0.014343811996116597,0.0646714176476242
perm_id_847,-0.09449404647666584,0.019705565351147862,-0.030613953409811864,-0.045958137815210715,0.009717616897077385,0.02175184657045884,0.08222870117514655,0.03938037667503448,0.06142673621768036,-0.019262288539489754,0.07055645302381769,0.022538453316299042,-0.044246086364376956
perm_id_848,-0.009345840813287825,-0.06981345852477847,-0.008285760350717807,0.06663528970928269,0.019324202847522474,0.048122079574769244,0.07884359135776428,0.008808617833313085,-0.016028534892045736,-0.0368337370781383,0.0581465417939757,-0.0562735893877,0.01133532357744
perm_id_849,-0.026672178052059577,0.042867821927991566,0.018153962738264112,0.0286766022223157,0.023068421500050028,0.01713191372010324,-0.03973138036235226,-0.018253572426154354,0.0552310938987988,-0.03508412702670317,-0.020951247936500463,-0.07001321155262193,0.04134960143703665
perm_id_850,-0.002264455410472904,0.029708307964989203,0.005115943311155676,0.057623170713163446,-0.01812861784995896,0.016353171663794252,0.04325534998904643,0.042642339841146105,0.06349671797075752,0.03164851273006874,0.05437151517817231,0.09725073434305781,0.025244055349279974
perm_id_851,-0.0344850887676599,0.08322801496996919,-0.010416215720391789,0.033021911352249834,-0.020785988850392876,0.04412237281050412,-0.013032588568931244,0.10266342015236447,0.018297867687894296,-0.03345644687975454,0.01222519793844932,0.017745124244631393,0.07799185600425862
perm_id_852,-0.10095042372650505,-0.06857906381002828,-0.02224583845366988,0.002355191688687714,0.022016996561841144,0.049520363559324994,-0.08663632302753897,0.011854602870028352,0.05271731234345282,0.016922924077937492,0.015641272182250084,0.03819991104310004,0.028852362359505206
perm_id_853,-0.005176445954524863,0.0157085029025961,-0.02196298088372737,-0.014127747158723829,0.08231488725021181,0.029355191372183426,0.01656767884477256,-0.01203599740263407,-0.01078668238851353,-0.0602790691944513,0.05193159098250531,-0.009547171150957124,0.05089838012904023
perm_id_854,0.0715993062725201,-0.03901751045516584,0.045068680764416884,0.049401754701627894,-0.010986967695847848,-0.015026708800886834,-0.0646819972358015,-0.026990495208873255,0.028481423547278523,-0.014159503633763908,-0.014932605031774373,0.03137378390151524,0.016977975960264652
perm_id_855,0.05156592151624206,-0.043982265232305126,-0.046548361892433034,0.034147152633094806,0.006762472954663159,-0.0021872663316347403,-0.03620751247135847,0.10570634854849276,-0.005650060867508144,-0.044981593304547506,0.054411507614448795,-0.034579905976889404,-0.026814836015993833
perm_id_856,-0.015361735954551092,-0.1087346274612759,-0.026246985549864967,0.012114405878063427,-0.028983337674093806,0.12673156452904027,-6.239032310721574e-05,0.11774192176109577,0.06050157719482208,0.10030888129527694,0.011867272953660623,0.02485242816623917,0.037850451019918484
perm_id_857,-0.048003612372592146,-0.03934005739745922,-0.015203132597701093,-0.015224940945109487,0.0618834196680951,-0.01408607641020135,-0.01900446284151518,-0.048109755072951864,0.04774202498602167,0.059843134293104276,-0.0475737498027334,0.0171864416509467,0.03687204259585826
perm_id_858,-0.0015192563240432606,0.00023920224276355892,-0.0281687678013537,-0.00704995233823298,-0.061714148065029374,-0.01922754206550046,-0.003362252865798562,-0.032778432822545604,0.0587235360494405,0.05463991153738845,0.02320847885172277,0.027753087806866066,0.035251885014816846
perm_id_859,-0.07357114204415098,0.038206438892057715,-0.05319458013103509,-0.04978919517400711,0.009222667636388477,-0.0009725310842425001,-0.062422933180159505,-0.00911126237987344,-0.018557718023962604,0.05693944191381153,0.0760785980667494,0.06727415422731561,-0.03037629376730109
perm_id_860,0.014803182992699343,-0.024918050830628705,-0.06863134998787125,0.019510016067298436,0.09479385379139145,0.016583113961454853,0.05185741110526621,0.028083819645291094,0.011492567635306043,-0.04006537660764813,-0.007819740951277498,0.01166687421712869,-0.02601694199171752
perm_id_861,0.04051525676745759,-0.10004449339815927,-0.032743469483447155,-0.013710323379624675,0.025812315420752574,0.032366487180290934,0.024514613438749038,0.02630699590329928,0.017516418720799624,0.030576607604209566,-0.008646655859145884,0.03852801143315573,0.05477496473323486
perm_id_862,0.01356407823395693,0.028363223870354202,0.04402301294426357,0.01862100352572681,0.022178955836824606,0.056451140806413676,0.006702203551284804,0.004781698587426376,0.010432857417183283,-0.0646195887085212,-0.011098798314151384,0.05262792469275846,0.02895091122473855
perm_id_863,0.02552309408902937,-0.028071353460604846,-0.08330791113367525,-0.034732989840018845,-0.00849921353486777,-0.023291304241825246,-0.012426694057770344,-0.004409226681103345,0.10861420599606487,0.09073635925261986,0.08831387673388173,-0.02784081164690822,0.02890700622247279
perm_id_864,0.03086076900745222,-0.06545339279346797,-0.02864987494264041,0.0946672856954362,0.023846627030790386,0.014161651123564423,-0.0202279942716023,-0.033883593110312804,0.04035546463097279,0.02943896881698356,0.08401002624572376,0.07954104924980276,0.10497423532121718
perm_id_865,0.00044881374864820615,0.008549146399639123,0.007425848074584233,0.01155516978568844,0.007622523919514294,-0.011164920228031986,-0.02768894914424923,0.01718521336908465,0.01992781140397641,0.01586304704863122,0.044831544379629384,-0.005352960551445767,0.044301937942883673
perm_id_866,-0.04494622889353016,-0.011683927294317178,-0.04160403293196947,0.009677363057257624,0.02811683132952697,0.0033027355775165036,0.0010908592650823018,0.028288067138323356,0.06641679264017526,-0.030646438228770213,-0.04297979329423971,0.004878205756882239,0.011658249489252735
perm_id_867,0.04657640562723599,-0.07607321747362618,-0.05099634760322494,0.001475784268878106,-0.03375769904907685,0.01778389391049005,0.010933402054496163,0.007899507150887388,-0.007597452591628074,0.03302393290351117,0.0573676598188795,-0.007225746480974184,-0.02780169008097994
perm_id_868,-0.020453558391290653,0.05934002242222664,-0.0031884279919271205,-0.03517078706463074,-0.016342030827211432,-0.05111990653243667,0.02844309071936694,5.982783214134958e-05,0.11818435788513612,0.04060604656811425,0.06881116127600566,0.023446535600934033,0.0663112953367847
perm_id_869,-0.05545608478794411,0.0038729931605901552,-0.01685948448654361,-0.055252554348977856,0.032028451791997814,0.008938575823274888,-0.007623533129639231,0.01202657021160687,0.0862526448345625,0.008748485452732426,0.009237134779336466,-0.04906535219824098,-0.032765624495436046
perm_id_870,0.062433649372693585,0.05052923179581714,-0.040092409250325166,0.07332954267854828,-0.006545064992447153,0.03447020017345079,0.01921261868815258,-0.012313921931322198,0.06422178449869254,0.03779055596844537,0.1586823089818959,0.08063725740095186,0.1525032245336555
perm_id_871,-0.04692011181760464,0.018910549700495015,0.003641016875971489,-0.036754159374749164,0.08480489766842253,0.00595629129197639,0.022075446619265394,0.030331631986861018,0.01671769021362524,0.01149883229426223,-0.019443996260254302,0.14463109913817918,0.011954854894170754
perm_id_872,0.01524641246942805,-0.08171392011204673,-0.027046428643735052,-0.0019014755532842584,0.056522609754424025,0.03784727991832569,0.006978639731339578,0.010797481797851416,0.05469783981259372,-0.05567143698317376,0.00672884594105307,-0.0408006306424328,0.005700981925419439
perm_id_873,0.026014777869433313,-0.05400775914193986,0.0029743343996774707,0.10475301240590143,-0.04430950990841161,0.037947092510975486,0.013498804803091801,-0.021233729980791764,0.04543264171726781,0.021178664194538826,-0.006492886100633252,-0.06679275743635409,0.04176416071408969
perm_id_874,-0.031575026263237126,-0.016478751911818655,0.030871825768184702,0.07877099225610222,0.024105560613721606,-0.019156318986008773,-0.0033576377340736392,0.036931601943956005,0.0377319156907278,0.03374220877067454,-0.01414789934190741,-0.09564377923949693,-0.011549430354733768
perm_id_875,-0.010437172885283674,0.008833118061465639,0.0026255504035694404,0.019806211240101717,-0.009715909810748817,0.026311851439341963,0.07930161714134651,0.0005361175484367609,0.014364048901520102,0.0883058197854805,0.06653122505777732,0.08372043898108605,-0.012095978342483701
perm_id_876,-0.042613026991808654,-0.007736590485411459,-0.050704479362191,-0.056456844840321624,0.08038981461356146,-0.016637560133645018,-0.015285826823587964,0.012817422146175294,-0.03010354991851937,-0.02392384564221469,-0.007527362699986702,0.0325107801520203,-0.01489985479072573
perm_id_877,-0.035364570627817046,0.024027901843360615,-0.0708241623042795,0.02916522298913236,0.006312010384528931,0.04090796133082331,-0.024764873204004244,-0.0033276076564380725,0.05645557510643758,0.039642508077284554,0.00949973730268609,0.07614502044062757,-0.019324738809265753
perm_id_878,-0.053436205951390175,0.026931137907549682,-0.019438578822616227,0.03781081390922262,-0.001266967605447196,0.027861175502348696,-0.0050654734304378495,0.07282393113253006,0.04648742524072839,0.0681331670122758,0.05110778126855691,0.007095080403428173,0.13234245539897624
perm_id_879,0.0072549957634948335,-0.08251812003968634,0.0021978424570896524,0.04490939426676717,-0.017908239736525066,0.027955737776249552,0.010622168208480918,0.004779541730952267,0.03018953062906527,0.012701387394423471,0.010492034457313861,0.05374544794157127,0.04398799811762792
perm_id_880,-0.042187537248254026,-0.1166064976115413,-0.0017379622505808321,0.09474667464088773,0.04436459142722345,0.058486447802799886,0.05841195596867519,0.07178238718989584,0.06628870990777674,-0.017380013157616184,0.016891208740733982,-0.018013325988456143,-0.017712564107261432
perm_id_881,-0.016183317256659554,0.025897106387175194,-0.03540333546940174,0.012087631264224694,0.007652086183316604,0.006548319092141027,0.0018670512776569495,0.0785277110565959,0.054295361449775516,0.007729958531275421,0.09270424280043126,-0.01721772912791125,0.04164094017334217
perm_id_882,0.0014710099745469417,-0.07073527217478903,-0.04397812042000635,0.03483831291447296,-0.04730114071945451,0.013238752038020683,0.0732477825085686,0.0023778154096020863,0.01381610846274426,0.005568654183024247,-0.03289262046515883,0.025597077447339894,0.038240027615034373
perm_id_883,-0.026944722082648094,-0.06792504587447319,-0.05962224235542677,0.03048827605388901,0.028811019728289717,-0.010313041911671773,-0.005505397280178094,-0.030996616268592618,0.12542901656426672,0.08089953698950939,-0.0457603716365126,0.15289018389977568,0.12406756739922534
perm_id_884,0.025501986806563084,0.02024929477320409,0.04217713082233858,0.024134345893258146,0.018192058886926498,0.11933506016470363,0.012731574313174492,0.05850580079366241,0.013778035937565053,-0.007014253442212269,0.013590518132501766,0.1686641901105294,-0.0051753978381614725
perm_id_885,-0.030485543284743993,-0.013391856926646198,-0.07599534875686646,0.07212370710588799,0.01115290102598809,0.04457876628046749,-0.05869620809358206,0.003314382920858782,0.029218958792621035,-0.0060032871515194,0.026163953138545235,0.06654337759297294,0.014771191741705608
perm_id_886,0.0009134854987434346,-0.04555288998073714,-0.050070097129714254,0.03464146558277974,-0.04377643230581111,0.0387891742964861,-0.019191889003270683,0.07107463644655784,0.02323633225777496,0.021334909322599863,0.04396958587937612,-0.030892944683745927,0.05818581908943574
perm_id_887,-0.030768326272599067,0.04377728979029837,-0.10553452913375584,-0.004480181740554464,0.07671361347253264,0.03656105879206625,-0.01323464736137074,0.07768930260184388,0.08269361054621885,0.06335688289427296,0.03608299955269415,0.034133019784683145,0.040900467407966046
perm_id_888,-0.023319943816778085,-0.04318661932579643,0.003288296541772862,0.013715064524320263,0.027260285139826333,0.09553918554470765,0.02170377494362264,0.06152654400502077,0.0891912509450189,-0.016011022956071302,0.06171188488734366,-0.04635724163677685,0.058435109885582474
perm_id_889,0.01423258926708181,0.0429434665386271,0.022362428552643268,0.03625945062402062,0.010527172515826178,0.003186383823511288,0.03137503927910524,0.13076836823146487,0.07227838670212075,0.05936883441113147,0.02434323100935671,-0.03010872052132278,-0.06168237746044094
perm_id_890,0.07010727725786031,0.016618395216107983,0.00038063271797809603,0.03807216379164909,-0.0103394258392158,0.0029871749624428958,-0.05833533465635767,0.09617082236762067,0.05975451636380137,0.05160305218491082,0.0970097989788995,-0.07982369829797173,-0.01332298535105149
perm_id_891,0.04619201735976663,0.07950346320430886,-0.029564204044537645,0.0385557817357031,-0.030558870885112638,0.06232292042850819,0.04465874754427088,0.0924257508941024,0.007612287928494148,0.027189067135452386,0.014059875046733087,0.03371654712710002,-0.008319375469157972
perm_id_892,-0.03540409967044172,-0.026687558740682425,0.020410108405889322,-0.043168765448137615,0.03424314440471207,-0.0008714696053037438,-0.02469720898987459,-0.02316437179048432,0.07340743916088781,0.037384025200876435,0.12034009977027027,-0.009835658694722776,-0.011200964228804103
perm_id_893,-0.00846926376637298,0.12824147372685823,0.008480419032107575,0.028474643062483707,0.0019266525760742595,0.07581495918780433,-0.04960635174116726,0.1281270448774085,-0.0292771561447944,0.03836395968427183,0.07384622372019622,0.05774040382004393,0.10279055797680438
perm_id_894,0.013104185451940352,-0.0035458202773468216,-0.03804823223792047,0.026088472982447927,-0.025154472575344484,0.03273655575431258,0.033021446179216346,0.03836414881042744,-0.021248832972988747,0.05680693231125348,0.035424855999293695,-0.0054449275892690515,0.0414950937499319
perm_id_895,-0.014285544680731064,-0.04899198220940182,-0.0464307651390427,-0.02446541082427965,0.07026747448127224,-0.009764509193015344,0.0812876972535639,0.02928319441791573,-0.005137938325408663,0.03586356699992954,0.019975326028677094,0.1631303594002272,0.12762976912959523
perm_id_896,-0.007132705179572649,-0.04417553530857145,-0.0634351860995275,-0.015823030200430306,0.061175664929534884,-0.015944028572975902,-0.036457298429734754,-0.003050085731582281,0.0015879945315331655,-0.03098189984709974,0.007896073263167597,-0.0073548401096103656,0.04438799097463183
perm_id_897,-0.004312601255836465,-0.025364363177959388,0.02602384428359182,-0.008702470297787495,-0.024093370227786313,0.04364785575408821,0.0356239271478965,0.11105252470648365,0.05179156651864041,0.07516452579312863,-0.05704698179416425,0.07248831259458152,0.0011024763459135329
perm_id_898,-0.008160584976918852,-0.004436468165742055,0.008862211397649951,0.02431710526606684,-0.009785400246675919,0.028676478284291144,0.03981881717270055,0.01108311838003363,0.030593206637652866,0.06353585413081886,-0.06048625014242262,0.05091272874163627,-0.03166686658890297
perm_id_899,-0.00406640019516957,-0.006125304372412031,-0.005560811885742278,-0.034744423159816476,0.0412281578275232,0.007615308703597408,0.0015299779752983398,-0.06780717283333357,0.03928922403393,0.021546968567087883,-0.01998959426144154,4.0465743498408524e-05,0.04147880337567957
perm_id_900,0.03558242844177202,-0.021570971229394397,-0.0027326896356495,0.035625718780874484,0.01467798835866024,0.02399780641391227,0.07041202217735781,0.003448979053969718,0.0017348297988662882,-0.026612613073874733,-0.034824265375997206,-0.005564340894716391,0.15610252537579214
perm_id_901,0.013866474581024808,-0.0569473831445846,-0.02969849647020461,-0.04954991209238816,-0.019513515667335057,0.08564159913896448,0.03864706601606248,0.05614900071560699,0.02396851757873622,0.04930245302296142,-0.017547433346805162,0.03074222788591454,-0.0029812889272245132
perm_id_902,0.05994752438494935,0.018021661701540702,-0.08606720140753162,0.0717679137902976,-0.006524829234694283,-0.0036984434549748196,0.041398103932810015,-0.0011171702177559288,0.18121075205892964,0.08595676164256967,0.13944554329628733,0.009311419194020534,0.022837596934539343
perm_id_903,0.011876921350573198,0.017311661365078643,-0.04567295977558308,-0.023023467997610306,0.012746976671285172,0.04270085204270782,-0.06289194268492455,0.042735074011005014,-0.011809367342554503,0.09859166654421185,0.05498875793963476,0.024061858003828797,0.055167899384246655
perm_id_904,-0.06524886061445336,-0.05238321785706967,-0.03426381462900252,0.057555972667799805,-0.06890458382253184,-0.021586608364466967,-0.019800574823154872,0.0657656605919125,-0.024904643653785245,0.09950253810019598,0.09624566609702308,0.04074348771373921,-0.017113002512369663
perm_id_905,0.06380492092394949,0.00694919800070683,0.02155505588987845,-0.001783082293560771,-0.04871083375430317,-0.00346301888683974,-0.028919869878445147,0.0016918756723738426,0.04866622701987796,0.02023601962801145,-0.03771081177823212,0.071126913021768,0.07942723528343232
perm_id_906,-0.06837517282934376,0.09685188088151118,-0.011315434456875256,-0.02913651071684096,-0.009071479343495514,0.09643165468684477,0.03709992680524457,-0.030994468870078406,-0.001043385756353937,0.09488095708327939,0.046038297461500864,0.11151213407476467,0.02479789647799572
perm_id_907,-0.06421614908685201,0.03392527921182411,-0.06603316919080202,-0.027259534029355704,-0.021495973502331227,0.07538919851478659,0.028252264690993047,0.06362119091002093,0.09444388668948314,0.04509991622295024,-0.04733743513646317,0.10891115076226482,-0.030655427267577102
perm_id_908,0.04392289424619586,0.08539935591244824,0.018480149926735374,0.0073654461565497865,0.11194082648853394,-0.02616968983963977,-0.05973477696367133,0.026188064587077464,0.11067675623421394,0.08664808591517781,-0.0178217885145384,0.1047744379398775,-0.030251872569734717
perm_id_909,-0.042769817487217796,-0.04735140399765423,0.011372245170057894,0.010001190042627998,0.0343211113486198,0.11974977469273193,-0.04347756431472905,0.009314984165295685,0.06564432662232485,-0.018480349230354756,0.12165097209318816,0.00383992759281193,0.008922770770001844
perm_id_910,0.04444350422041485,0.08626961442288647,-0.06547284218025268,-0.024351017363332256,0.0984087068806959,0.03591412036216777,0.012180234190557606,0.017377046808722547,0.03255763141223335,0.003060594032474959,0.03326245980449448,0.007434418831257656,0.03722121610671701
perm_id_911,0.018384765742065507,0.020236600210488467,0.007601406663690204,-0.0334972464687368,0.0232406017525703,-0.018207590920003573,-0.01742640510617494,0.06902711710895285,0.01695397980646325,0.07300200724909543,-0.018741226220679693,0.012493143697200094,0.09668205555879655
perm_id_912,0.014814824487970278,-0.037827302016976413,-0.03917252191066994,-0.031652360035054276,-0.06156810558736324,0.07065267112769345,0.03736681316848009,0.11792982344499595,-0.017229409486009154,0.07938370852600528,0.03532034923853859,0.0569755830822721,0.06694415050494108
perm_id_913,0.014111573927915082,-0.02591994396567804,0.002586303061607154,0.025764634547951977,-0.011931505680399765,0.016090965337676146,0.04320488301801013,0.06729002593132594,0.015051430238659793,-0.005695993919112005,0.08809903794549183,-0.0018689378104651787,-0.021205024410769983
perm_id_914,-0.027241584093487394,-0.01787741035736287,0.0016214600146634657,-0.007797934654479154,-0.012042080322958134,0.04038305803427992,0.03686295032351202,0.06951453359708847,0.06687104634006395,0.019784269734235926,0.0507313033369002,-0.021264232884330644,-0.00620331531135979
perm_id_915,-0.09949742576501533,-0.028286349775467585,-0.017951540298055547,0.016345417082565695,-0.001625004343385647,0.028072280738121166,-0.012994476885007258,0.11100118160581654,0.006736657019814114,0.08207642896192267,-0.014429535250572237,0.07117943869675117,0.08426960081770112
perm_id_916,0.002017384303755374,0.01128785933681436,0.017602666895300604,-0.005820391598112289,-0.06201917341313232,0.13852241258248577,0.019836181419237323,-0.01727927715273031,0.047991534156466294,0.09774837376548162,0.0030376168813325915,0.09539990642138946,0.051901551398428114
perm_id_917,-0.032966252482626385,-0.02076797469485978,-0.054242487130107174,0.03893466771656988,0.05255512739956934,0.03526955580544027,-0.027007348368506677,-0.04367651910973506,0.07453199797881244,-0.02306057764175633,0.058157043958743174,0.04413701824560979,0.07285963174329654
perm_id_918,-0.0071584821315234205,0.030236535604702824,0.03495921683216054,-0.0961676491288493,0.06653886812945278,-0.007045838421934524,0.04791685442207268,0.09075759895747831,-0.01379559605598283,0.07349052542542889,0.06317845266525164,-0.027266373068858832,0.08658869855362494
perm_id_919,-0.03338775526956662,-0.05786214188890144,-0.012907308658639073,-0.029296866457463107,0.03307060366982837,-0.008079422486531353,0.00891252895370655,0.00046103051953647896,0.013994839130382172,-0.034665540664182946,-0.006526468065112118,0.019273421591361285,0.014835019176579221
perm_id_920,0.01752365192683141,-0.09444512568422561,-0.02939657647627979,-0.03819277906870681,0.07311474931848813,0.02059071834657809,0.011039114846990331,-0.0005913899150172774,0.02199013579058549,-0.031026130472799594,0.11597536599360501,-0.015657514384832354,-0.011196912968315665
perm_id_921,-0.06388332638112344,0.01064367153131704,-0.020631389519655572,0.029450944811815264,-0.0304347795050673,0.06280325425840555,-0.024047735492200385,0.0029843165792253373,-0.0029941665786143825,-0.0041474822604367955,-0.022900303769951662,-0.00013418957507771223,-0.01357015467076565
perm_id_922,0.021626771087559032,-0.06984341228232349,-0.05002238204942233,0.01950882379927838,-0.03484481123001663,0.05637724231310398,-1.3698240363849442e-06,0.07688927310617125,0.06505586151032443,0.1250833937655956,0.1199828861963028,0.00047700101479165505,0.08271962403957701
perm_id_923,0.024066560271694504,0.0015831609895866734,0.021136345733558146,-0.008059870196821268,-0.012098181487839709,0.07835523049027192,-0.0730278389815988,0.02039569128515157,0.014976376916139462,-0.02627643565008893,-0.02468496886253102,0.06790350130204144,-0.004909012082282889
perm_id_924,0.0038930819975834343,0.007222575458852811,-0.0030144618936492474,-0.020605611833954252,-0.06330430640681449,0.005774391593163388,-0.008523664844648775,0.012085249593550966,-0.01979512674653637,0.0522525738535976,0.030466954368249446,0.08515535340927333,0.07216468801294482
perm_id_925,-0.012236969879490134,0.006141066426914849,-0.061037611712404086,-0.009010722078684716,-0.018359581400458534,0.009391335367192338,0.046377731849820795,0.0053469278534927465,0.06983096504299002,0.09345031721036226,-0.007259367391283958,-0.0323012573819044,-0.006769829794230742
perm_id_926,-0.0077073485229879,0.009116997641080567,-0.021024648347887847,0.014944791782358371,0.008299247049603694,0.006503410566829633,0.002996515030548815,-0.022582352693290595,0.12724705456892946,0.10031928754766033,0.052900974611054044,0.01645513136499292,0.07995245834256538
perm_id_927,0.06358741793294426,0.03235043664849167,-0.03733586917398671,0.027772851014456347,-0.022637076193897324,0.03889838428099461,-0.0025711523622144713,-0.0352539266834613,0.12595222895098845,-0.008875124933678246,0.11516908430230259,0.00786338191486801,-0.018382480613825126
perm_id_928,-0.006648909409917874,-0.017027016661403955,-0.01470128893105988,0.011635582315142869,-0.044008801319889455,0.04451921999389729,0.05365138977082155,0.03947257657344872,0.0597610965147902,0.04120634578380372,0.0545842924292564,0.013266595973256579,-0.024268408623540825
perm_id_929,0.03268389729183532,-0.004314708786301343,-0.06360640868061625,0.00984471827971514,0.01441584875603667,-0.03837744638307451,-0.00491205762422429,0.03366697436937284,0.003149315721686333,0.008945711034711125,-0.026253240841795686,-0.0030098278134957465,-0.03426987196195748
perm_id_930,0.028341997740074492,0.0364029372432785,0.005653105852988461,0.04581548895813689,-0.0663094361278819,0.03827179790007355,-0.035177989359709054,0.04616482798686783,-0.005751497861857647,0.08507812039852844,0.05519090863635037,-0.02073734215513194,0.08671015554626142
perm_id_931,-0.02069802315072368,-0.019298297180768986,0.031019575923130892,-0.06169347750310254,-0.019156008619603416,-0.04141418302196354,0.045853636484022534,-0.016999528324788328,0.07535678072421083,0.08417345132340437,0.002756433585423111,-0.0071416108913874045,-0.04582987356392275
perm_id_932,0.009538401227457714,0.039554679745514944,-0.03780139441960103,0.021392348336461267,0.042622107674503466,-0.023003719819548508,0.011537936946421065,0.022365349330848303,-0.003958354119727252,0.018230396089591625,-0.006366876797898237,0.06962852966214789,0.00026270566414546325
perm_id_933,0.07104325797634999,-0.010883286967818906,-0.024061647683903162,0.03110289344725622,-0.013037217202580461,-0.0032210347213913644,-0.04008966924228625,0.07888106315577399,0.020047736673311032,0.0047881801105203415,-0.05642299677989001,0.04276457082328039,-0.029324183196163544
perm_id_934,-0.07634170697407495,0.01805454223436201,-0.02748051163003368,-0.03030696251396069,0.004028850316772365,0.07691826242705585,0.03378740426051991,-0.04303110854790603,0.026625191174719395,0.026309491940971114,0.033449909517350586,0.0656336046768606,-0.014695903526073946
perm_id_935,-0.009145328078496684,-0.0661456923639713,0.014725651143306593,-0.03263514024123663,-0.012233422845849405,-0.015811908314584143,0.05799928022272013,-0.011012904482405784,0.02225514995821649,0.00941688748719079,0.02513014941610531,0.01991493810405743,-0.014268292355108235
perm_id_936,-0.11355729554632243,0.042227167732822035,0.00972454910106238,0.07122886756400158,-0.012613171805900809,0.04198501613490389,0.040533392490174555,0.11143026283743881,0.0093358600089828,0.010430931305248295,-0.015581175934036687,0.03413584680635163,0.10338480108818959
perm_id_937,-0.03337125750403852,0.024673937551131186,0.002685323667912548,-0.0017578850477662732,0.024382849862473202,-0.005931418662984206,0.02856401979253794,0.04221572023281944,0.07963189883022719,0.011185916302940219,0.07042166230585398,0.12364455637537486,0.0297910672439895
perm_id_938,-0.0908678332272368,-0.036226320535085524,-0.023498561491892795,-0.04056787331258623,0.015374737233385088,0.018701053417518324,0.04767143617907677,-0.03621725299169515,0.0793061681765791,-0.02571220945379533,0.026220648105380853,-0.04875033134142556,0.05826291684941031
perm_id_939,0.014660967735156396,0.010325552389556002,-0.00806269606386438,0.06362787653347318,0.05397651572390147,-0.03493826130722515,0.12896542074537812,0.19408960187385527,-0.05867231235629769,0.019134082124792867,0.038214261565224325,0.010092280401803114,0.05088351146276354
perm_id_940,-0.010005742451970454,0.03202545524982294,-0.007937577266221579,0.022647195642578208,0.00048557403740531985,0.028994297855220934,0.06409159366040151,0.016899149648147014,0.036382541683606745,0.037242107508269034,0.07725688608357766,0.03479842286970784,-0.01745171898651876
perm_id_941,-0.023546785411186356,0.010787424584484367,0.0008212802244448576,-0.0029012317005224822,0.04849609513155647,0.05021410750228593,0.04262631748705681,-0.02495296686867367,0.0034687658288773235,0.02735745168925293,-0.022726234987563293,0.02149757616089858,0.025279344535626788
perm_id_942,-0.006871882869408918,-0.021378223539692712,0.01917529309207011,0.0023419058422468404,-0.006443077147195144,0.022990691001102088,0.021091268201756764,0.03626470024754758,0.11255653328928467,0.03203806187421356,0.06996960689079007,0.0006020828785797715,0.03165543668830984
perm_id_943,-0.08211338366930401,0.05071118221191332,0.0023615737726583944,-0.005208677183841526,0.08919325619832451,-0.03188803258478664,0.026606090541868552,-0.04290255563042699,-0.004187387798186454,-0.008704904842243523,-0.00865174901939105,-0.04817006220624421,0.06433432727104327
perm_id_944,0.022186218280949615,-0.06878625196913006,-0.0494638991543538,-0.03235868256633988,-0.02452184446018877,0.012972260642684344,0.08205480652086655,0.05662796810567032,-0.07347170079707033,0.006258720550974962,-0.012484704880118462,0.049265373235711035,-0.01781266040881803
perm_id_945,-0.04830166601824428,0.08297349828933767,0.01032954706772032,0.039071451271239364,0.0566697463556224,0.11390024438048535,-0.05716313220233317,0.05217003956011025,-0.02049532823145789,-0.02242580239227362,-0.0853813016920086,-0.03218019531780041,0.019877789216614775
perm_id_946,0.04096429373689055,-0.0103415902659559,0.004252732181400708,0.0035944568041873072,-0.00584851803810243,0.07241023792484655,0.01452400962206007,0.07110272516281668,-0.009495826869348276,-0.0553518353140383,0.11379790326729237,0.0016937235831578081,0.026107660951394242
perm_id_947,-0.02480630097813591,-0.04403880455724223,0.005037907676215726,-0.0043667658489959455,0.03754631141608083,-0.0018186106402377756,0.08299916282889397,0.0847450826889347,0.017917624300413146,-0.07755249186990967,0.026918552151307777,0.12016579731124466,0.043063780324191975
perm_id_948,-0.009362709370380631,-0.028338132823483245,-0.03982855166557169,0.06054020758866613,0.020570954975834114,0.01510775347154616,-0.01039252649936639,0.06943913574549229,-0.018265085169229325,0.14657629486228055,-0.009979023332559688,0.029837908767173446,0.015094362931450082
perm_id_949,0.021267784009826873,0.07353083283549122,-0.04361631708876513,0.003114636306756225,0.014825084915613265,0.04764783113328743,0.11191720979502814,0.00949384966907536,0.1040861480198558,0.0705286391474928,0.016661451600733106,0.04553785028261198,0.06021573222383863
perm_id_950,-0.046974486634851695,0.02655390093522034,0.007828808053261922,0.03091246616347806,-0.04339684186182125,0.07314245841554623,0.006980130447221992,-0.003297382358837771,0.07437160817332418,0.07729561979305759,-0.039308574444362095,0.004028074610571642,0.003377147606268694
perm_id_951,-0.010105226238837191,0.02765499548392841,-0.009171140468657463,-0.012016384977043264,-0.02475360583976315,0.01063452146227155,0.05887182473414409,0.05849539616888474,0.05680763944587016,0.038355092390014396,0.07310350150914037,0.004032628472669976,0.0015437991702825337
perm_id_952,-0.09780162775475891,0.055432837421312685,-0.06558140524320553,0.025807242135907033,0.06606807725000269,0.06286378821885749,-0.07402570467910018,0.03649993831583411,0.08437665929765964,-0.0029716666696382376,0.020593710894708076,0.011210718479738755,0.06307759988504048
perm_id_953,0.055616821834658894,-0.024079150326117574,0.01878215023880942,-0.030216166255114536,0.00729119144234023,0.022204905325865276,0.007403191440338652,-0.0210063970374607,0.02593381628724377,0.0192684042949682,0.021644648064391064,-0.026381507782398207,0.09553689342184003
perm_id_954,-0.009861280783181806,0.0066823246615225484,-0.02927848052678893,0.07835273080327622,0.06357803229246604,0.020478637019558307,0.03182658335097148,0.050559451862423256,0.05749007102308061,0.13215039689978364,-0.025300997384268248,0.0017846922446967555,0.03425385927162526
perm_id_955,0.001909624876254945,0.036185142745877724,-0.011187617587852637,0.05900621947799826,0.00931994756238647,-0.006419950317987653,0.05139678257308694,-0.03774719088997394,0.0023496839904074396,-0.008534123882039819,0.05539228506992426,0.004771060218168195,0.016230708464064183
perm_id_956,0.0202540444754813,0.011515305359977168,-0.06831712236727851,0.08540045692378924,-0.0213998044924411,0.04040836691325528,0.02072836746576317,-0.028705545549228606,-0.04418446208546411,-0.04086305415764104,-0.0025310685466498764,-0.07687950325006543,-0.005112885430457088
perm_id_957,-0.07460749470722945,-0.08787537951918177,0.04278105177244818,0.0011683624601783623,-0.017104502138836925,0.031168591945208796,0.08094687821686854,-0.007730619282616053,-0.010165981220133314,0.005288545910789482,0.05502095550763513,-0.04989562196233176,-0.04251314703345099
perm_id_958,-0.0019333784256860538,-0.05454011301046149,-0.018667071979033164,0.0779483744365224,-0.011041766656010017,-0.011831814171861512,0.05876134470066886,0.0032443306535449882,-0.020997072428156606,-0.02733863659926971,0.06396443635053159,0.00520279263042631,0.024129296073334694
perm_id_959,0.02553885729117397,-0.04571815038343009,0.02773090726252154,-0.0553314062040072,0.05917127946283218,0.09746979691128947,0.01639706932861404,0.010397683961577179,0.0022314358209340242,0.013571459139381155,0.1010395938196352,0.09195085214260872,0.04948063833014285
perm_id_960,-0.0017518266681992665,0.0009147218383528131,-0.030233870765912507,0.008730917364086321,0.008121010213041773,-0.035963048885492156,0.06449853747266292,-0.06423325507380112,0.03722714112093701,0.03588481501856295,0.10029675409311767,-0.039866180445699874,0.04144587462378933
perm_id_961,0.02120911727976143,-0.016738331677047146,-0.040130065236318714,-0.03141319688882269,-0.005574110186765043,0.0511545382977039,0.007680084577658831,0.030322048757531753,-0.017226387029577402,0.0023556080026188547,-0.027307127910342024,-0.015465298350368382,0.04552743519400628
perm_id_962,-0.025092698824961807,-0.014163978619682343,-0.01777651036977384,0.06964105063045427,-0.039542963602152065,0.02329097036843919,-0.0518646592797459,0.22381912964191006,0.027969301686754933,0.10316495309484183,-0.030432235145268032,0.010130513269010644,0.027490794521499728
perm_id_963,-0.04789985195620519,-0.06441795439979457,-0.010821618513036903,0.08359318615654535,0.020457309666308876,0.08412363920628774,0.022561853133474304,0.062228440942752275,0.1111484698526177,0.013364086314705023,0.007364020167927812,0.09086581616265088,0.020782165382250844
perm_id_964,0.02942088483390048,0.022116463603289487,-0.050048026279453685,0.017158149464431782,0.0012899410288119881,-0.01695898743586256,0.0011883413858418462,-0.002275756923965949,-0.001695700109357998,0.055785194210092,0.029842722806082127,0.07952469652128678,0.04678527613708
perm_id_965,0.007101183184058084,-0.009548751286308905,-0.05840599561430203,-0.04430293570519077,0.006794831517079318,0.06650308743689293,0.05272400147757494,0.048090007355250944,0.04557951650315107,0.04789687454267638,0.023168331333828514,-0.01047556593093941,-0.039798263436381126
perm_id_966,-0.029320972077347598,0.03346183270331433,-0.079897967299711,0.019682376579681735,0.00981362943783684,0.049515906762359146,-0.018065792622834247,-0.004859116974833701,0.14180494709275465,-0.022977591253335403,0.10231725124799061,-0.011752703842248113,0.15969329539874746
perm_id_967,0.015727793061780487,-0.050886896241412904,0.021328996139244,0.057773377021889685,0.021892745289916186,0.028257743720107333,0.019526724852479978,0.0041549273919761764,0.14485975205909368,0.046587235127881675,-0.04031180087849504,0.014187227074103838,0.006129742727509618
perm_id_968,0.023210398551092044,-0.03530161864617667,-0.0019250989711503941,-0.07740346744628715,-0.021101136951666034,0.047099853340748746,0.034733500849560964,0.04622956335539261,0.05056434368439512,-0.00832511436354234,0.007615312571606832,0.07409761483821267,0.005449919994877176
perm_id_969,-0.006567870718930754,-0.020095948184681488,-0.0007862166061613487,-0.06035136226370329,-0.044528267655943435,-0.061788312957610815,-0.02878164729931036,-0.004728523470697698,-0.021650188071683594,0.10912066022542634,-0.0038269652183580837,0.03130763993254444,0.03873332247729545
perm_id_970,-0.05723979132420672,-0.056250922570649814,-0.08309690501165576,0.04461027972744373,-0.01693263880217207,0.04897077253713796,0.012182733349508822,0.03710264595517465,0.0067500613916792,0.010678873613248433,0.009990190299392514,0.03420562405113274,0.02527914994622266
perm_id_971,-0.0039471430094758005,0.020695577453174855,0.050602723137239077,0.00216506112232474,0.015553222726892767,0.01677086425541577,-0.04360521506840721,-0.024843740973298264,-0.01054950628693604,-0.05604887956082916,0.041932969758281764,0.07110981119064241,-0.05258623812031944
perm_id_972,0.03380511008632693,-0.011620526543473236,-0.07728762255018067,0.029781498890914943,0.1156804622483198,0.0378571158291748,-0.019178103378017012,0.13303463767720658,-0.006091174483159054,0.012658137166588625,0.03213944875585808,-0.09216349241018147,-0.028311821792651213
perm_id_973,0.011419403182804006,-0.007778754399723628,0.027235262413607023,0.057995500427268136,-0.009293645791100312,-0.0024204432239490273,0.0178734969137755,0.1579133384279073,0.09178880992926475,0.02872952313589355,-0.05708564552085667,-0.09621170364075242,0.05052775734298434
perm_id_974,-0.08641034434657921,0.06368865298947597,0.005001809528558602,-0.014580389228284963,0.0010078253118628955,0.02333018403519576,0.018589135930854764,-0.009169242596392438,0.00845094775422346,-0.041337092794353256,0.0016500900209954143,0.06980496030003686,0.009078662306371391
perm_id_975,0.029942001687266864,0.003703656878927509,-0.04749535409035606,0.012958153420794538,-0.03240878627716457,0.039809956645594904,0.020199591067497805,-0.016922218776202723,0.03400981169355719,-0.0007214601869176281,-0.045308782040565536,-0.021056837337860627,0.015421462375102961
perm_id_976,-0.022629163831997534,0.04445301969566241,0.0025661483220156154,0.017835877015693585,-5.7136811595841324e-05,-0.006225955852775476,-0.018262346067774368,0.009382896207702584,0.04946352217241028,0.07379962196886326,0.037207136758873334,-0.005814028817393129,0.1193287455675734
perm_id_977,7.227446113080416e-05,0.02834169308954384,0.00392089963331388,-0.0021446263184464664,-0.031307495660308444,0.08265169284102154,-0.03850491388783648,0.047958063214239115,-0.026951772507435145,0.0647201324919742,-0.01282125991401762,0.05391748001198683,0.031807600489709285
perm_id_978,0.04045216466129729,-0.04820287515336389,0.012517481749633885,0.11266486570861997,0.027685449154035237,0.10708480683821921,-0.03457102888829691,0.10052245270759617,0.07016867748023069,0.03573777797838232,-0.016197023078440703,0.0893523046953486,0.07284979765776642
perm_id_979,-0.05680188907915755,0.040032829024534665,-0.016912295373086764,-0.0885855032670986,0.019438870792027628,0.01268660710560204,0.054341171002062594,-0.021133049881799086,-0.036225958748133356,0.13524913131338304,-0.0479854852789611,0.020875356843269705,0.06659543220348571
perm_id_980,-0.05504773448216464,-0.018003575597343748,-0.0045874330976822435,-0.00820148071865199,0.03526092389953896,-0.018732217671188035,0.021869063611464547,0.26944820149463833,-0.019787238897346834,0.013830012216918642,0.07892574404148807,0.02261156955165671,-0.005424809678024837
perm_id_981,-0.06978871601758782,-0.05668603441776518,0.058243138384661296,-0.010802512208896232,0.001936045017124538,0.09729961124165377,0.04712349104533129,0.041209298102840505,-0.05957665212958226,0.019473251867583505,0.017937776315156684,-0.02099540127642261,0.08344151796512358
perm_id_982,0.002994284239067097,0.12112903354541814,0.03379433218279942,-0.06348773310353663,-0.03684633932482373,0.054443559120376794,0.050795727570409066,0.08535465830846778,-0.03691705961049006,0.02039676351075148,-0.04260685379757859,0.042003652416927696,-0.018108538158967274
perm_id_983,-0.016150433425303475,-0.01295490009529691,0.011426015816652403,-0.013813528356093568,-0.031083682251801678,-0.0034530554777046888,0.021323299752008768,0.10318198340534351,0.0400291708515294,0.02665408245584293,0.09956101448268996,0.09291304736635993,0.008750805995253047
perm_id_984,-0.02214138265936687,-0.08468471922885625,-0.025574782157194064,0.03482228137510217,0.027784793606102875,0.005313892875667792,0.0592122816665379,-0.01583188604818805,0.005535644487136562,-0.005118546748851307,0.09078853926123244,0.014240358251915303,0.05995992398240741
perm_id_985,-0.02224443675624,-0.034082154607895106,-0.03270317456596632,0.006584936485454741,0.0650359278234954,0.04555033572718579,0.06994674955486928,0.08034419391413412,0.09884787343933059,0.08944976460896005,0.06651975862011858,0.015942995249105453,0.006705460867901368
perm_id_986,0.034865060259262254,0.0355703417679699,-0.00024726802404898826,-0.00010649837123126576,-0.022858824166657674,0.09465492266257475,-0.03538108154264056,-0.04648799817767828,0.02829753533627907,0.0639571485449519,0.039413769140899536,0.01407144226190221,0.14225342125491452
perm_id_987,0.05564487861335042,0.0068396356172046036,-0.010272344183667443,0.017943718630483354,0.02567643388311355,-0.040129302685318995,0.06118877506131892,-0.03196151034906973,0.007733107923597308,-0.019714296514181943,0.03588728895376067,-0.0183493984748267,-0.07248701971911096
perm_id_988,-0.038051916625668813,-0.01278237565652282,-0.06318260553620003,-0.05173264905685366,0.03129769709537734,0.0001842821522908461,0.046790876557186716,-0.012773455865742392,-0.008876750127694889,0.03436481606558743,-0.012130488918469493,0.03448108533772193,0.052061186579741785
perm_id_989,-0.050263150206548264,0.08782340969492577,-0.023190085041128402,0.01422259177947618,0.0061316159595353765,0.034581637142214516,0.09368642591846371,0.029394057469706608,0.02918255877972932,0.03995637017397838,0.0509921007854215,0.029931978125729123,0.04070072851502428
perm_id_990,-0.045743973105447484,0.00020368405834917224,-0.054595140580410983,0.02260993934537417,-0.004676140249620186,0.0029306058401545264,-0.0070692385986966515,0.01853832074141243,-0.07444825618813074,0.02791854053282938,0.11418739863143072,0.010195023550770463,0.06463470538245815
perm_id_991,-0.08755964124440697,0.007567626308274579,-0.026179677992248452,0.018954294986290685,0.021798904611291657,0.03264517220157775,0.0004972206479746384,0.05170562851841199,-0.011071697634055896,-0.006547807598222866,0.01744370539928735,-0.01747759828833451,-0.04977562967312634
perm_id_992,0.015706260336798093,0.020583300335952664,0.006371203108503884,0.03567503690519857,0.011011892128634017,0.007813864708376334,0.013085239806525832,0.06270338451873507,0.06759299453196722,0.003263296329342671,0.05172295980920687,-0.021948030421108627,0.03768022998852283
perm_id_993,0.01209477500791948,0.02774912129300013,-0.0107332980498821,0.0016526893737900236,0.01164680962667882,0.016043057137867578,0.11969695540459009,-0.0437874016840694,-0.025859515370250347,0.013052488018740196,-0.0033884638758592276,0.008122887418340477,0.04720289409547119
perm_id_994,-0.053919958648354076,-0.058679567308585694,-0.0012228732759130693,0.007874509716041554,0.03219158295384992,0.05629590636741974,-0.012425199917835016,0.09118059555111037,-0.004736217696601108,0.09638290373078463,0.04794100024055243,0.1144700030293904,-0.04590680924209503
perm_id_995,-0.10177605754522769,-0.012709439086373186,-0.03949926726170485,-0.03477074520501718,-0.04546401906601505,0.054475424313379234,0.05312594898305869,-0.0341975802089734,0.019350542825694164,0.03683732792307339,0.04184941406693213,0.03450784308391287,0.02902741645500585
perm_id_996,-0.006318586379527217,-0.02515951047031775,0.0001289149281391195,0.03916389103655516,0.05279792360900869,-0.029655506222827775,0.001496748892782503,-0.00012973879721796144,0.18646837998301868,0.018655042163485503,-0.03195527176879859,-0.04548216335145591,-0.05420418049849381
perm_id_997,-0.03890576480039866,0.014189221296826055,0.056031607481503265,-0.03608150765764502,0.0005090584951219302,0.08717896903986708,0.08988385603883886,0.057053125546890626,-0.006633619219608103,-0.006576910155261343,0.10181532879432907,0.03518409766939162,0.05374452104716984
perm_id_998,0.03334768653270021,-0.04424296826061366,-0.05091881095048387,-0.11995380991099659,-0.043376155038397694,-0.016080135327689926,0.06543638054545597,0.01800413512697407,0.23107860256027773,0.021947405295620146,-0.04526766898426292,0.051154988946698884,0.01031568335808298
perm_id_999,-0.06022936038719317,0.01992189997234768,-0.03819049145435125,-0.0413890119337254,0.05657553461082563,0.09676117303233862,-0.050399564744154524,0.08199561894830917,-0.00229813347046004,0.0268363411127152,0.028599141455757014,-0.014607305938004054,0.03573004106374266
perm_id_1000,0.0054976472821610545,0.08867348182320371,-0.012675259315975369,0.07088979186506805,0.07847614433507884,-0.012180138866941638,0.05861498456163367,0.00986397788744627,-0.014073181152281816,0.08886873612531365,0.08115786199400105,-0.014006206254625658,0.0013339477751514084
